split,timestamp,actual,predicted,previous,target_index
validation,2015-12-31 00:00:00+00:00,33.794498,34.453499,34.453499,4687
validation,2016-01-04 00:00:00+00:00,31.849501,33.794498,33.794498,4688
validation,2016-01-05 00:00:00+00:00,31.689501,31.849501,31.849501,4689
validation,2016-01-06 00:00:00+00:00,31.6325,31.689501,31.689501,4690
validation,2016-01-07 00:00:00+00:00,30.396999,31.6325,31.6325,4691
validation,2016-01-08 00:00:00+00:00,30.352501,30.396999,30.396999,4692
validation,2016-01-11 00:00:00+00:00,30.886999,30.352501,30.352501,4693
validation,2016-01-12 00:00:00+00:00,30.894501,30.886999,30.886999,4694
validation,2016-01-13 00:00:00+00:00,29.0905,30.894501,30.894501,4695
validation,2016-01-14 00:00:00+00:00,29.65,29.0905,29.0905,4696
validation,2016-01-15 00:00:00+00:00,28.509001,29.65,29.65,4697
validation,2016-01-19 00:00:00+00:00,28.724001,28.509001,28.509001,4698
validation,2016-01-20 00:00:00+00:00,28.588499,28.724001,28.724001,4699
validation,2016-01-21 00:00:00+00:00,28.750999,28.588499,28.588499,4700
validation,2016-01-22 00:00:00+00:00,29.819,28.750999,28.750999,4701
validation,2016-01-25 00:00:00+00:00,29.8265,29.819,29.819,4702
validation,2016-01-26 00:00:00+00:00,30.0625,29.8265,29.8265,4703
validation,2016-01-27 00:00:00+00:00,29.1675,30.0625,30.0625,4704
validation,2016-01-28 00:00:00+00:00,31.7675,29.1675,29.1675,4705
validation,2016-01-29 00:00:00+00:00,29.35,31.7675,31.7675,4706
validation,2016-02-01 00:00:00+00:00,28.740499,29.35,29.35,4707
validation,2016-02-02 00:00:00+00:00,27.605,28.740499,28.740499,4708
validation,2016-02-03 00:00:00+00:00,26.553499,27.605,27.605,4709
validation,2016-02-04 00:00:00+00:00,26.813,26.553499,26.553499,4710
validation,2016-02-05 00:00:00+00:00,25.106501,26.813,26.813,4711
validation,2016-02-08 00:00:00+00:00,24.405001,25.106501,25.106501,4712
validation,2016-02-09 00:00:00+00:00,24.1035,24.405001,24.405001,4713
validation,2016-02-10 00:00:00+00:00,24.524,24.1035,24.1035,4714
validation,2016-02-11 00:00:00+00:00,25.191,24.524,24.524,4715
validation,2016-02-12 00:00:00+00:00,25.354,25.191,25.191,4716
validation,2016-02-16 00:00:00+00:00,26.055,25.354,25.354,4717
validation,2016-02-17 00:00:00+00:00,26.705,26.055,26.055,4718
validation,2016-02-18 00:00:00+00:00,26.25,26.705,26.705,4719
validation,2016-02-19 00:00:00+00:00,26.745001,26.25,26.25,4720
validation,2016-02-22 00:00:00+00:00,27.975,26.745001,26.745001,4721
validation,2016-02-23 00:00:00+00:00,27.646999,27.975,27.975,4722
validation,2016-02-24 00:00:00+00:00,27.702,27.646999,27.646999,4723
validation,2016-02-25 00:00:00+00:00,27.7575,27.702,27.702,4724
validation,2016-02-26 00:00:00+00:00,27.761499,27.7575,27.7575,4725
validation,2016-02-29 00:00:00+00:00,27.625999,27.761499,27.761499,4726
validation,2016-03-01 00:00:00+00:00,28.952,27.625999,27.625999,4727
validation,2016-03-02 00:00:00+00:00,29.0105,28.952,28.952,4728
validation,2016-03-03 00:00:00+00:00,28.8745,29.0105,29.0105,4729
validation,2016-03-04 00:00:00+00:00,28.757,28.8745,28.8745,4730
validation,2016-03-07 00:00:00+00:00,28.139999,28.757,28.757,4731
validation,2016-03-08 00:00:00+00:00,28.013,28.139999,28.139999,4732
validation,2016-03-09 00:00:00+00:00,27.973499,28.013,28.013,4733
validation,2016-03-10 00:00:00+00:00,27.946501,27.973499,27.973499,4734
validation,2016-03-11 00:00:00+00:00,28.480499,27.946501,27.946501,4735
validation,2016-03-14 00:00:00+00:00,28.668501,28.480499,28.480499,4736
validation,2016-03-15 00:00:00+00:00,28.851,28.668501,28.668501,4737
validation,2016-03-16 00:00:00+00:00,28.713499,28.851,28.851,4738
validation,2016-03-17 00:00:00+00:00,27.972,28.713499,28.713499,4739
validation,2016-03-18 00:00:00+00:00,27.604,27.972,27.972,4740
validation,2016-03-21 00:00:00+00:00,27.698999,27.604,27.604,4741
validation,2016-03-22 00:00:00+00:00,28.024,27.698999,27.698999,4742
validation,2016-03-23 00:00:00+00:00,28.481501,28.024,28.024,4743
validation,2016-03-24 00:00:00+00:00,29.147499,28.481501,28.481501,4744
validation,2016-03-28 00:00:00+00:00,28.9935,29.147499,29.147499,4745
validation,2016-03-29 00:00:00+00:00,29.693001,28.9935,28.9935,4746
validation,2016-03-30 00:00:00+00:00,29.9345,29.693001,29.693001,4747
validation,2016-03-31 00:00:00+00:00,29.681999,29.9345,29.9345,4748
validation,2016-04-01 00:00:00+00:00,29.924999,29.681999,29.681999,4749
validation,2016-04-04 00:00:00+00:00,29.6595,29.924999,29.924999,4750
validation,2016-04-05 00:00:00+00:00,29.306999,29.6595,29.6595,4751
validation,2016-04-06 00:00:00+00:00,30.104,29.306999,29.306999,4752
validation,2016-04-07 00:00:00+00:00,29.571501,30.104,30.104,4753
validation,2016-04-08 00:00:00+00:00,29.73,29.571501,29.571501,4754
validation,2016-04-11 00:00:00+00:00,29.796499,29.73,29.73,4755
validation,2016-04-12 00:00:00+00:00,30.158501,29.796499,29.796499,4756
validation,2016-04-13 00:00:00+00:00,30.740999,30.158501,30.158501,4757
validation,2016-04-14 00:00:00+00:00,31.0375,30.740999,30.740999,4758
validation,2016-04-15 00:00:00+00:00,31.2945,31.0375,31.0375,4759
validation,2016-04-18 00:00:00+00:00,31.7675,31.2945,31.2945,4760
validation,2016-04-19 00:00:00+00:00,31.395,31.7675,31.7675,4761
validation,2016-04-20 00:00:00+00:00,31.6495,31.395,31.395,4762
validation,2016-04-21 00:00:00+00:00,31.549999,31.6495,31.6495,4763
validation,2016-04-22 00:00:00+00:00,31.025,31.549999,31.549999,4764
validation,2016-04-25 00:00:00+00:00,31.309999,31.025,31.025,4765
validation,2016-04-26 00:00:00+00:00,30.844,31.309999,31.309999,4766
validation,2016-04-27 00:00:00+00:00,30.328501,30.844,30.844,4767
validation,2016-04-28 00:00:00+00:00,30.1,30.328501,30.328501,4768
validation,2016-04-29 00:00:00+00:00,32.9795,30.1,30.1,4769
validation,2016-05-02 00:00:00+00:00,34.192501,32.9795,32.9795,4770
validation,2016-05-03 00:00:00+00:00,33.566002,34.192501,34.192501,4771
validation,2016-05-04 00:00:00+00:00,33.544998,33.566002,33.566002,4772
validation,2016-05-05 00:00:00+00:00,32.954498,33.544998,33.544998,4773
validation,2016-05-06 00:00:00+00:00,33.697498,32.954498,32.954498,4774
validation,2016-05-09 00:00:00+00:00,33.987499,33.697498,33.697498,4775
validation,2016-05-10 00:00:00+00:00,35.1535,33.987499,33.987499,4776
validation,2016-05-11 00:00:00+00:00,35.661499,35.1535,35.1535,4777
validation,2016-05-12 00:00:00+00:00,35.8965,35.661499,35.661499,4778
validation,2016-05-13 00:00:00+00:00,35.495998,35.8965,35.8965,4779
validation,2016-05-16 00:00:00+00:00,35.533001,35.495998,35.495998,4780
validation,2016-05-17 00:00:00+00:00,34.7635,35.533001,35.533001,4781
validation,2016-05-18 00:00:00+00:00,34.872501,34.7635,34.7635,4782
validation,2016-05-19 00:00:00+00:00,34.925999,34.872501,34.872501,4783
validation,2016-05-20 00:00:00+00:00,35.139999,34.925999,34.925999,4784
validation,2016-05-23 00:00:00+00:00,34.837502,35.139999,35.139999,4785
validation,2016-05-24 00:00:00+00:00,35.209999,34.837502,34.837502,4786
validation,2016-05-25 00:00:00+00:00,35.4175,35.209999,35.209999,4787
validation,2016-05-26 00:00:00+00:00,35.745499,35.4175,35.4175,4788
validation,2016-05-27 00:00:00+00:00,35.612,35.745499,35.745499,4789
validation,2016-05-31 00:00:00+00:00,36.1395,35.612,35.612,4790
validation,2016-06-01 00:00:00+00:00,35.972,36.1395,36.1395,4791
validation,2016-06-02 00:00:00+00:00,36.411999,35.972,35.972,4792
validation,2016-06-03 00:00:00+00:00,36.277,36.411999,36.411999,4793
validation,2016-06-06 00:00:00+00:00,36.336498,36.277,36.277,4794
validation,2016-06-07 00:00:00+00:00,36.187,36.336498,36.336498,4795
validation,2016-06-08 00:00:00+00:00,36.332001,36.187,36.187,4796
validation,2016-06-09 00:00:00+00:00,36.3825,36.332001,36.332001,4797
validation,2016-06-10 00:00:00+00:00,35.8955,36.3825,36.3825,4798
validation,2016-06-13 00:00:00+00:00,35.762001,35.8955,35.8955,4799
validation,2016-06-14 00:00:00+00:00,35.965,35.762001,35.762001,4800
validation,2016-06-15 00:00:00+00:00,35.713001,35.965,35.965,4801
validation,2016-06-16 00:00:00+00:00,35.8755,35.713001,35.713001,4802
validation,2016-06-17 00:00:00+00:00,35.3195,35.8755,35.8755,4803
validation,2016-06-20 00:00:00+00:00,35.7005,35.3195,35.3195,4804
validation,2016-06-21 00:00:00+00:00,35.791,35.7005,35.7005,4805
validation,2016-06-22 00:00:00+00:00,35.529999,35.791,35.791,4806
validation,2016-06-23 00:00:00+00:00,36.104,35.529999,35.529999,4807
validation,2016-06-24 00:00:00+00:00,34.948002,36.104,36.104,4808
validation,2016-06-27 00:00:00+00:00,34.568001,34.948002,34.948002,4809
validation,2016-06-28 00:00:00+00:00,35.397499,34.568001,34.568001,4810
validation,2016-06-29 00:00:00+00:00,35.779999,35.397499,35.397499,4811
validation,2016-06-30 00:00:00+00:00,35.780998,35.779999,35.779999,4812
validation,2016-07-01 00:00:00+00:00,36.284,35.780998,35.780998,4813
validation,2016-07-05 00:00:00+00:00,36.404999,36.284,36.284,4814
validation,2016-07-06 00:00:00+00:00,36.880501,36.404999,36.404999,4815
validation,2016-07-07 00:00:00+00:00,36.828499,36.880501,36.880501,4816
validation,2016-07-08 00:00:00+00:00,37.290501,36.828499,36.828499,4817
validation,2016-07-11 00:00:00+00:00,37.688999,37.290501,37.290501,4818
validation,2016-07-12 00:00:00+00:00,37.4105,37.688999,37.688999,4819
validation,2016-07-13 00:00:00+00:00,37.1315,37.4105,37.4105,4820
validation,2016-07-14 00:00:00+00:00,37.060001,37.1315,37.1315,4821
validation,2016-07-15 00:00:00+00:00,36.771999,37.060001,37.060001,4822
validation,2016-07-18 00:00:00+00:00,36.803501,36.771999,36.771999,4823
validation,2016-07-19 00:00:00+00:00,36.997501,36.803501,36.803501,4824
validation,2016-07-20 00:00:00+00:00,37.285999,36.997501,36.997501,4825
validation,2016-07-21 00:00:00+00:00,37.2215,37.285999,37.285999,4826
validation,2016-07-22 00:00:00+00:00,37.243,37.2215,37.2215,4827
validation,2016-07-25 00:00:00+00:00,36.980499,37.243,37.243,4828
validation,2016-07-26 00:00:00+00:00,36.779499,36.980499,36.980499,4829
validation,2016-07-27 00:00:00+00:00,36.8335,36.779499,36.779499,4830
validation,2016-07-28 00:00:00+00:00,37.630501,36.8335,36.8335,4831
validation,2016-07-29 00:00:00+00:00,37.940498,37.630501,37.630501,4832
validation,2016-08-01 00:00:00+00:00,38.387001,37.940498,37.940498,4833
validation,2016-08-02 00:00:00+00:00,38.028999,38.387001,38.387001,4834
validation,2016-08-03 00:00:00+00:00,37.731998,38.028999,38.028999,4835
validation,2016-08-04 00:00:00+00:00,38.038502,37.731998,37.731998,4836
validation,2016-08-05 00:00:00+00:00,38.299,38.038502,38.038502,4837
validation,2016-08-08 00:00:00+00:00,38.327999,38.299,38.299,4838
validation,2016-08-09 00:00:00+00:00,38.415501,38.327999,38.327999,4839
validation,2016-08-10 00:00:00+00:00,38.428001,38.415501,38.415501,4840
validation,2016-08-11 00:00:00+00:00,38.562,38.428001,38.428001,4841
validation,2016-08-12 00:00:00+00:00,38.627998,38.562,38.562,4842
validation,2016-08-15 00:00:00+00:00,38.4245,38.627998,38.627998,4843
validation,2016-08-16 00:00:00+00:00,38.202,38.4245,38.4245,4844
validation,2016-08-17 00:00:00+00:00,38.231499,38.202,38.202,4845
validation,2016-08-18 00:00:00+00:00,38.223,38.231499,38.231499,4846
validation,2016-08-19 00:00:00+00:00,37.865501,38.223,38.223,4847
validation,2016-08-22 00:00:00+00:00,37.973999,37.865501,37.865501,4848
validation,2016-08-23 00:00:00+00:00,38.122501,37.973999,37.973999,4849
validation,2016-08-24 00:00:00+00:00,37.862499,38.122501,38.122501,4850
validation,2016-08-25 00:00:00+00:00,37.960999,37.862499,37.862499,4851
validation,2016-08-26 00:00:00+00:00,38.450001,37.960999,37.960999,4852
validation,2016-08-29 00:00:00+00:00,38.564499,38.450001,38.450001,4853
validation,2016-08-30 00:00:00+00:00,38.379002,38.564499,38.564499,4854
validation,2016-08-31 00:00:00+00:00,38.458,38.379002,38.379002,4855
validation,2016-09-01 00:00:00+00:00,38.530998,38.458,38.458,4856
validation,2016-09-02 00:00:00+00:00,38.622002,38.530998,38.530998,4857
validation,2016-09-06 00:00:00+00:00,39.443501,38.622002,38.622002,4858
validation,2016-09-07 00:00:00+00:00,39.223999,39.443501,39.443501,4859
validation,2016-09-08 00:00:00+00:00,39.202999,39.223999,39.223999,4860
validation,2016-09-09 00:00:00+00:00,38.007,39.202999,39.202999,4861
validation,2016-09-12 00:00:00+00:00,38.574501,38.007,38.007,4862
validation,2016-09-13 00:00:00+00:00,38.050499,38.574501,38.574501,4863
validation,2016-09-14 00:00:00+00:00,38.054501,38.050499,38.050499,4864
validation,2016-09-15 00:00:00+00:00,38.484501,38.054501,38.054501,4865
validation,2016-09-16 00:00:00+00:00,38.925999,38.484501,38.484501,4866
validation,2016-09-19 00:00:00+00:00,38.755001,38.925999,38.925999,4867
validation,2016-09-20 00:00:00+00:00,39.011002,38.755001,38.755001,4868
validation,2016-09-21 00:00:00+00:00,39.487,39.011002,39.011002,4869
validation,2016-09-22 00:00:00+00:00,40.235001,39.487,39.487,4870
validation,2016-09-23 00:00:00+00:00,40.287498,40.235001,40.235001,4871
validation,2016-09-26 00:00:00+00:00,39.958,40.287498,40.287498,4872
validation,2016-09-27 00:00:00+00:00,40.8055,39.958,39.958,4873
validation,2016-09-28 00:00:00+00:00,41.436001,40.8055,40.8055,4874
validation,2016-09-29 00:00:00+00:00,41.452499,41.436001,41.436001,4875
validation,2016-09-30 00:00:00+00:00,41.865501,41.452499,41.452499,4876
validation,2016-10-03 00:00:00+00:00,41.837002,41.865501,41.865501,4877
validation,2016-10-04 00:00:00+00:00,41.7015,41.837002,41.837002,4878
validation,2016-10-05 00:00:00+00:00,42.217999,41.7015,41.7015,4879
validation,2016-10-06 00:00:00+00:00,42.083,42.217999,42.217999,4880
validation,2016-10-07 00:00:00+00:00,41.9715,42.083,42.083,4881
validation,2016-10-10 00:00:00+00:00,42.085499,41.9715,41.9715,4882
validation,2016-10-11 00:00:00+00:00,41.549999,42.085499,42.085499,4883
validation,2016-10-12 00:00:00+00:00,41.704498,41.549999,41.549999,4884
validation,2016-10-13 00:00:00+00:00,41.464001,41.704498,41.704498,4885
validation,2016-10-14 00:00:00+00:00,41.147999,41.464001,41.464001,4886
validation,2016-10-17 00:00:00+00:00,40.647499,41.147999,41.147999,4887
validation,2016-10-18 00:00:00+00:00,40.8825,40.647499,40.647499,4888
validation,2016-10-19 00:00:00+00:00,40.884499,40.8825,40.8825,4889
validation,2016-10-20 00:00:00+00:00,40.515999,40.884499,40.884499,4890
validation,2016-10-21 00:00:00+00:00,40.949501,40.515999,40.515999,4891
validation,2016-10-24 00:00:00+00:00,41.904499,40.949501,40.949501,4892
validation,2016-10-25 00:00:00+00:00,41.758999,41.904499,41.904499,4893
validation,2016-10-26 00:00:00+00:00,41.129501,41.758999,41.758999,4894
validation,2016-10-27 00:00:00+00:00,40.917999,41.129501,41.129501,4895
validation,2016-10-28 00:00:00+00:00,38.816002,40.917999,40.917999,4896
validation,2016-10-31 00:00:00+00:00,39.491001,38.816002,38.816002,4897
validation,2016-11-01 00:00:00+00:00,39.2705,39.491001,39.491001,4898
validation,2016-11-02 00:00:00+00:00,38.278,39.2705,39.2705,4899
validation,2016-11-03 00:00:00+00:00,38.351501,38.278,38.278,4900
validation,2016-11-04 00:00:00+00:00,37.752499,38.351501,38.351501,4901
validation,2016-11-07 00:00:00+00:00,39.246498,37.752499,37.752499,4902
validation,2016-11-08 00:00:00+00:00,39.387501,39.246498,39.246498,4903
validation,2016-11-09 00:00:00+00:00,38.594002,39.387501,39.387501,4904
validation,2016-11-10 00:00:00+00:00,37.118999,38.594002,38.594002,4905
validation,2016-11-11 00:00:00+00:00,36.9505,37.118999,37.118999,4906
validation,2016-11-14 00:00:00+00:00,35.953499,36.9505,36.9505,4907
validation,2016-11-15 00:00:00+00:00,37.161999,35.953499,35.953499,4908
validation,2016-11-16 00:00:00+00:00,37.324501,37.161999,37.161999,4909
validation,2016-11-17 00:00:00+00:00,37.82,37.324501,37.324501,4910
validation,2016-11-18 00:00:00+00:00,38.007999,37.82,37.82,4911
validation,2016-11-21 00:00:00+00:00,39.0,38.007999,38.007999,4912
validation,2016-11-22 00:00:00+00:00,39.266499,39.0,39.0,4913
validation,2016-11-23 00:00:00+00:00,39.006001,39.266499,39.266499,4914
validation,2016-11-25 00:00:00+00:00,39.018501,39.006001,39.006001,4915
validation,2016-11-28 00:00:00+00:00,38.338501,39.018501,39.018501,4916
validation,2016-11-29 00:00:00+00:00,38.125999,38.338501,38.338501,4917
validation,2016-11-30 00:00:00+00:00,37.5285,38.125999,38.125999,4918
validation,2016-12-01 00:00:00+00:00,37.182499,37.5285,37.5285,4919
validation,2016-12-02 00:00:00+00:00,37.016998,37.182499,37.182499,4920
validation,2016-12-05 00:00:00+00:00,37.967999,37.016998,37.016998,4921
validation,2016-12-06 00:00:00+00:00,38.236,37.967999,37.967999,4922
validation,2016-12-07 00:00:00+00:00,38.521,38.236,38.236,4923
validation,2016-12-08 00:00:00+00:00,38.366501,38.521,38.521,4924
validation,2016-12-09 00:00:00+00:00,38.432999,38.366501,38.366501,4925
validation,2016-12-12 00:00:00+00:00,38.006001,38.432999,38.432999,4926
validation,2016-12-13 00:00:00+00:00,38.716999,38.006001,38.006001,4927
validation,2016-12-14 00:00:00+00:00,38.441002,38.716999,38.716999,4928
validation,2016-12-15 00:00:00+00:00,38.049999,38.441002,38.441002,4929
validation,2016-12-16 00:00:00+00:00,37.8885,38.049999,38.049999,4930
validation,2016-12-19 00:00:00+00:00,38.299999,37.8885,37.8885,4931
validation,2016-12-20 00:00:00+00:00,38.561001,38.299999,38.299999,4932
validation,2016-12-21 00:00:00+00:00,38.529999,38.561001,38.561001,4933
validation,2016-12-22 00:00:00+00:00,38.317001,38.529999,38.529999,4934
validation,2016-12-23 00:00:00+00:00,38.029499,38.317001,38.317001,4935
validation,2016-12-27 00:00:00+00:00,38.57,38.029499,38.029499,4936
validation,2016-12-28 00:00:00+00:00,38.606499,38.57,38.57,4937
validation,2016-12-29 00:00:00+00:00,38.2575,38.606499,38.606499,4938
validation,2016-12-30 00:00:00+00:00,37.4935,38.2575,38.2575,4939
validation,2017-01-03 00:00:00+00:00,37.683498,37.4935,37.4935,4940
validation,2017-01-04 00:00:00+00:00,37.859001,37.683498,37.683498,4941
validation,2017-01-05 00:00:00+00:00,39.022499,37.859001,37.859001,4942
validation,2017-01-06 00:00:00+00:00,39.7995,39.022499,39.022499,4943
validation,2017-01-09 00:00:00+00:00,39.846001,39.7995,39.7995,4944
validation,2017-01-10 00:00:00+00:00,39.794998,39.846001,39.846001,4945
validation,2017-01-11 00:00:00+00:00,39.951,39.794998,39.794998,4946
validation,2017-01-12 00:00:00+00:00,40.681999,39.951,39.951,4947
validation,2017-01-13 00:00:00+00:00,40.856998,40.681999,40.681999,4948
validation,2017-01-17 00:00:00+00:00,40.486,40.856998,40.856998,4949
validation,2017-01-18 00:00:00+00:00,40.374001,40.486,40.486,4950
validation,2017-01-19 00:00:00+00:00,40.452,40.374001,40.374001,4951
validation,2017-01-20 00:00:00+00:00,40.4165,40.452,40.452,4952
validation,2017-01-23 00:00:00+00:00,40.894001,40.4165,40.4165,4953
validation,2017-01-24 00:00:00+00:00,41.122002,40.894001,40.894001,4954
validation,2017-01-25 00:00:00+00:00,41.826,41.122002,41.122002,4955
validation,2017-01-26 00:00:00+00:00,41.9575,41.826,41.826,4956
validation,2017-01-27 00:00:00+00:00,41.788502,41.9575,41.9575,4957
validation,2017-01-30 00:00:00+00:00,41.519001,41.788502,41.788502,4958
validation,2017-01-31 00:00:00+00:00,41.174,41.519001,41.519001,4959
validation,2017-02-01 00:00:00+00:00,41.6175,41.174,41.174,4960
validation,2017-02-02 00:00:00+00:00,41.997501,41.6175,41.6175,4961
validation,2017-02-03 00:00:00+00:00,40.509998,41.997501,41.997501,4962
validation,2017-02-06 00:00:00+00:00,40.382,40.509998,40.509998,4963
validation,2017-02-07 00:00:00+00:00,40.625,40.382,40.382,4964
validation,2017-02-08 00:00:00+00:00,40.9855,40.625,40.625,4965
validation,2017-02-09 00:00:00+00:00,41.068001,40.9855,40.9855,4966
validation,2017-02-10 00:00:00+00:00,41.373001,41.068001,41.068001,4967
validation,2017-02-13 00:00:00+00:00,41.8265,41.373001,41.373001,4968
validation,2017-02-14 00:00:00+00:00,41.8195,41.8265,41.8265,4969
validation,2017-02-15 00:00:00+00:00,42.134998,41.8195,41.8195,4970
validation,2017-02-16 00:00:00+00:00,42.207001,42.134998,42.134998,4971
validation,2017-02-17 00:00:00+00:00,42.253502,42.207001,42.207001,4972
validation,2017-02-21 00:00:00+00:00,42.821999,42.253502,42.253502,4973
validation,2017-02-22 00:00:00+00:00,42.780499,42.821999,42.821999,4974
validation,2017-02-23 00:00:00+00:00,42.609501,42.780499,42.780499,4975
validation,2017-02-24 00:00:00+00:00,42.262001,42.609501,42.609501,4976
validation,2017-02-27 00:00:00+00:00,42.431999,42.262001,42.262001,4977
validation,2017-02-28 00:00:00+00:00,42.251999,42.431999,42.431999,4978
validation,2017-03-01 00:00:00+00:00,42.653999,42.251999,42.251999,4979
validation,2017-03-02 00:00:00+00:00,42.445499,42.653999,42.653999,4980
validation,2017-03-03 00:00:00+00:00,42.493999,42.445499,42.445499,4981
validation,2017-03-06 00:00:00+00:00,42.330502,42.493999,42.493999,4982
validation,2017-03-07 00:00:00+00:00,42.300999,42.330502,42.330502,4983
validation,2017-03-08 00:00:00+00:00,42.525002,42.300999,42.300999,4984
validation,2017-03-09 00:00:00+00:00,42.650002,42.525002,42.525002,4985
validation,2017-03-10 00:00:00+00:00,42.623001,42.650002,42.650002,4986
validation,2017-03-13 00:00:00+00:00,42.7295,42.623001,42.623001,4987
validation,2017-03-14 00:00:00+00:00,42.626499,42.7295,42.7295,4988
validation,2017-03-15 00:00:00+00:00,42.648499,42.626499,42.626499,4989
validation,2017-03-16 00:00:00+00:00,42.671001,42.648499,42.648499,4990
validation,2017-03-17 00:00:00+00:00,42.615501,42.671001,42.671001,4991
validation,2017-03-20 00:00:00+00:00,42.848499,42.615501,42.615501,4992
validation,2017-03-21 00:00:00+00:00,42.16,42.848499,42.848499,4993
validation,2017-03-22 00:00:00+00:00,42.403,42.16,42.16,4994
validation,2017-03-23 00:00:00+00:00,42.368999,42.403,42.403,4995
validation,2017-03-24 00:00:00+00:00,42.280499,42.368999,42.368999,4996
validation,2017-03-27 00:00:00+00:00,42.341,42.280499,42.280499,4997
validation,2017-03-28 00:00:00+00:00,42.799999,42.341,42.341,4998
validation,2017-03-29 00:00:00+00:00,43.716,42.799999,42.799999,4999
validation,2017-03-30 00:00:00+00:00,43.817001,43.716,43.716,5000
validation,2017-03-31 00:00:00+00:00,44.327,43.817001,43.817001,5001
validation,2017-04-03 00:00:00+00:00,44.5755,44.327,44.327,5002
validation,2017-04-04 00:00:00+00:00,45.341499,44.5755,44.5755,5003
validation,2017-04-05 00:00:00+00:00,45.464001,45.341499,45.341499,5004
validation,2017-04-06 00:00:00+00:00,44.914001,45.464001,45.464001,5005
validation,2017-04-07 00:00:00+00:00,44.743999,44.914001,44.914001,5006
validation,2017-04-10 00:00:00+00:00,45.352001,44.743999,44.743999,5007
validation,2017-04-11 00:00:00+00:00,45.118,45.352001,45.352001,5008
validation,2017-04-12 00:00:00+00:00,44.811501,45.118,45.118,5009
validation,2017-04-13 00:00:00+00:00,44.233501,44.811501,44.811501,5010
validation,2017-04-17 00:00:00+00:00,45.099499,44.233501,44.233501,5011
validation,2017-04-18 00:00:00+00:00,45.188999,45.099499,45.099499,5012
validation,2017-04-19 00:00:00+00:00,44.959999,45.188999,45.188999,5013
validation,2017-04-20 00:00:00+00:00,45.103001,44.959999,44.959999,5014
validation,2017-04-21 00:00:00+00:00,44.926498,45.103001,45.103001,5015
validation,2017-04-24 00:00:00+00:00,45.370499,44.926498,44.926498,5016
validation,2017-04-25 00:00:00+00:00,45.381001,45.370499,45.370499,5017
validation,2017-04-26 00:00:00+00:00,45.4645,45.381001,45.381001,5018
validation,2017-04-27 00:00:00+00:00,45.918999,45.4645,45.4645,5019
validation,2017-04-28 00:00:00+00:00,46.2495,45.918999,45.918999,5020
validation,2017-05-01 00:00:00+00:00,47.411499,46.2495,46.2495,5021
validation,2017-05-02 00:00:00+00:00,47.347,47.411499,47.411499,5022
validation,2017-05-03 00:00:00+00:00,47.051498,47.347,47.347,5023
validation,2017-05-04 00:00:00+00:00,46.876499,47.051498,47.051498,5024
validation,2017-05-05 00:00:00+00:00,46.7075,46.876499,46.876499,5025
validation,2017-05-08 00:00:00+00:00,47.452,46.7075,46.7075,5026
validation,2017-05-09 00:00:00+00:00,47.640999,47.452,47.452,5027
validation,2017-05-10 00:00:00+00:00,47.447498,47.640999,47.640999,5028
validation,2017-05-11 00:00:00+00:00,47.381001,47.447498,47.447498,5029
validation,2017-05-12 00:00:00+00:00,48.067501,47.381001,47.381001,5030
validation,2017-05-15 00:00:00+00:00,47.898499,48.067501,48.067501,5031
validation,2017-05-16 00:00:00+00:00,48.303501,47.898499,47.898499,5032
validation,2017-05-17 00:00:00+00:00,47.237999,48.303501,48.303501,5033
validation,2017-05-18 00:00:00+00:00,47.9245,47.237999,47.237999,5034
validation,2017-05-19 00:00:00+00:00,47.992001,47.9245,47.9245,5035
validation,2017-05-22 00:00:00+00:00,48.533501,47.992001,47.992001,5036
validation,2017-05-23 00:00:00+00:00,48.577,48.533501,48.533501,5037
validation,2017-05-24 00:00:00+00:00,49.017502,48.577,48.577,5038
validation,2017-05-25 00:00:00+00:00,49.668999,49.017502,49.017502,5039
validation,2017-05-26 00:00:00+00:00,49.789001,49.668999,49.668999,5040
validation,2017-05-30 00:00:00+00:00,49.834999,49.789001,49.789001,5041
validation,2017-05-31 00:00:00+00:00,49.730999,49.834999,49.834999,5042
validation,2017-06-01 00:00:00+00:00,49.797501,49.730999,49.730999,5043
validation,2017-06-02 00:00:00+00:00,50.336498,49.797501,49.797501,5044
validation,2017-06-05 00:00:00+00:00,50.567001,50.336498,50.336498,5045
validation,2017-06-06 00:00:00+00:00,50.150002,50.567001,50.567001,5046
validation,2017-06-07 00:00:00+00:00,50.503502,50.150002,50.150002,5047
validation,2017-06-08 00:00:00+00:00,50.5135,50.503502,50.503502,5048
validation,2017-06-09 00:00:00+00:00,48.915501,50.5135,50.5135,5049
validation,2017-06-12 00:00:00+00:00,48.245499,48.915501,48.915501,5050
validation,2017-06-13 00:00:00+00:00,49.039501,48.245499,48.245499,5051
validation,2017-06-14 00:00:00+00:00,48.823502,49.039501,49.039501,5052
validation,2017-06-15 00:00:00+00:00,48.2085,48.823502,48.823502,5053
validation,2017-06-16 00:00:00+00:00,49.385502,48.2085,48.2085,5054
validation,2017-06-19 00:00:00+00:00,49.758499,49.385502,49.385502,5055
validation,2017-06-20 00:00:00+00:00,49.629501,49.758499,49.758499,5056
validation,2017-06-21 00:00:00+00:00,50.1115,49.629501,49.629501,5057
validation,2017-06-22 00:00:00+00:00,50.064999,50.1115,50.1115,5058
validation,2017-06-23 00:00:00+00:00,50.187,50.064999,50.064999,5059
validation,2017-06-26 00:00:00+00:00,49.699001,50.187,50.187,5060
validation,2017-06-27 00:00:00+00:00,48.839001,49.699001,49.699001,5061
validation,2017-06-28 00:00:00+00:00,49.516499,48.839001,48.839001,5062
validation,2017-06-29 00:00:00+00:00,48.796501,49.516499,49.516499,5063
validation,2017-06-30 00:00:00+00:00,48.400002,48.796501,48.796501,5064
validation,2017-07-03 00:00:00+00:00,47.682999,48.400002,48.400002,5065
validation,2017-07-05 00:00:00+00:00,48.57,47.682999,47.682999,5066
validation,2017-07-06 00:00:00+00:00,48.257,48.57,48.57,5067
validation,2017-07-07 00:00:00+00:00,48.938,48.257,48.257,5068
validation,2017-07-10 00:00:00+00:00,49.823502,48.938,48.938,5069
validation,2017-07-11 00:00:00+00:00,49.706501,49.823502,49.823502,5070
validation,2017-07-12 00:00:00+00:00,50.3255,49.706501,49.706501,5071
validation,2017-07-13 00:00:00+00:00,50.031502,50.3255,50.3255,5072
validation,2017-07-14 00:00:00+00:00,50.0905,50.031502,50.031502,5073
validation,2017-07-17 00:00:00+00:00,50.501999,50.0905,50.0905,5074
validation,2017-07-18 00:00:00+00:00,51.2225,50.501999,50.501999,5075
validation,2017-07-19 00:00:00+00:00,51.343498,51.2225,51.2225,5076
validation,2017-07-20 00:00:00+00:00,51.435001,51.343498,51.343498,5077
validation,2017-07-21 00:00:00+00:00,51.283501,51.435001,51.435001,5078
validation,2017-07-24 00:00:00+00:00,51.947498,51.283501,51.283501,5079
validation,2017-07-25 00:00:00+00:00,51.9935,51.947498,51.947498,5080
validation,2017-07-26 00:00:00+00:00,52.639999,51.9935,51.9935,5081
validation,2017-07-27 00:00:00+00:00,52.299999,52.639999,52.639999,5082
validation,2017-07-28 00:00:00+00:00,51.001999,52.299999,52.299999,5083
validation,2017-07-31 00:00:00+00:00,49.389,51.001999,51.001999,5084
validation,2017-08-01 00:00:00+00:00,49.809502,49.389,49.389,5085
validation,2017-08-02 00:00:00+00:00,49.794498,49.809502,49.809502,5086
validation,2017-08-03 00:00:00+00:00,49.346001,49.794498,49.794498,5087
validation,2017-08-04 00:00:00+00:00,49.379002,49.346001,49.346001,5088
validation,2017-08-07 00:00:00+00:00,49.613499,49.379002,49.379002,5089
validation,2017-08-08 00:00:00+00:00,49.492001,49.613499,49.613499,5090
validation,2017-08-09 00:00:00+00:00,49.100498,49.492001,49.492001,5091
validation,2017-08-10 00:00:00+00:00,47.846001,49.100498,49.100498,5092
validation,2017-08-11 00:00:00+00:00,48.399502,47.846001,47.846001,5093
validation,2017-08-14 00:00:00+00:00,49.165001,48.399502,48.399502,5094
validation,2017-08-15 00:00:00+00:00,49.137001,49.165001,49.165001,5095
validation,2017-08-16 00:00:00+00:00,48.909,49.137001,49.137001,5096
validation,2017-08-17 00:00:00+00:00,48.0285,48.909,48.909,5097
validation,2017-08-18 00:00:00+00:00,47.9235,48.0285,48.0285,5098
validation,2017-08-21 00:00:00+00:00,47.664501,47.9235,47.9235,5099
validation,2017-08-22 00:00:00+00:00,48.345001,47.664501,47.664501,5100
validation,2017-08-23 00:00:00+00:00,47.900002,48.345001,48.345001,5101
validation,2017-08-24 00:00:00+00:00,47.622501,47.900002,47.900002,5102
validation,2017-08-25 00:00:00+00:00,47.263,47.622501,47.622501,5103
validation,2017-08-28 00:00:00+00:00,47.300999,47.263,47.263,5104
validation,2017-08-29 00:00:00+00:00,47.702999,47.300999,47.300999,5105
validation,2017-08-30 00:00:00+00:00,48.379501,47.702999,47.702999,5106
validation,2017-08-31 00:00:00+00:00,49.029999,48.379501,48.379501,5107
validation,2017-09-01 00:00:00+00:00,48.912498,49.029999,49.029999,5108
validation,2017-09-05 00:00:00+00:00,48.2635,48.912498,48.912498,5109
validation,2017-09-06 00:00:00+00:00,48.389999,48.2635,48.2635,5110
validation,2017-09-07 00:00:00+00:00,48.973499,48.389999,48.389999,5111
validation,2017-09-08 00:00:00+00:00,48.294998,48.973499,48.973499,5112
validation,2017-09-11 00:00:00+00:00,48.897999,48.294998,48.294998,5113
validation,2017-09-12 00:00:00+00:00,49.129002,48.897999,48.897999,5114
validation,2017-09-13 00:00:00+00:00,49.98,49.129002,49.129002,5115
validation,2017-09-14 00:00:00+00:00,49.6105,49.98,49.98,5116
validation,2017-09-15 00:00:00+00:00,49.3395,49.6105,49.6105,5117
validation,2017-09-18 00:00:00+00:00,48.709499,49.3395,49.3395,5118
validation,2017-09-19 00:00:00+00:00,48.493,48.709499,48.709499,5119
validation,2017-09-20 00:00:00+00:00,48.6605,48.493,48.493,5120
validation,2017-09-21 00:00:00+00:00,48.232498,48.6605,48.6605,5121
validation,2017-09-22 00:00:00+00:00,47.755001,48.232498,48.232498,5122
validation,2017-09-25 00:00:00+00:00,46.989498,47.755001,47.755001,5123
validation,2017-09-26 00:00:00+00:00,46.93,46.989498,46.989498,5124
validation,2017-09-27 00:00:00+00:00,47.543499,46.93,46.93,5125
validation,2017-09-28 00:00:00+00:00,47.82,47.543499,47.543499,5126
validation,2017-09-29 00:00:00+00:00,48.067501,47.82,47.82,5127
validation,2017-10-02 00:00:00+00:00,47.959499,48.067501,48.067501,5128
validation,2017-10-03 00:00:00+00:00,47.855,47.959499,47.959499,5129
validation,2017-10-04 00:00:00+00:00,48.272499,47.855,47.855,5130
validation,2017-10-05 00:00:00+00:00,49.0425,48.272499,48.272499,5131
validation,2017-10-06 00:00:00+00:00,49.479,49.0425,49.0425,5132
validation,2017-10-09 00:00:00+00:00,49.5495,49.479,49.479,5133
validation,2017-10-10 00:00:00+00:00,49.360001,49.5495,49.5495,5134
validation,2017-10-11 00:00:00+00:00,49.75,49.360001,49.360001,5135
validation,2017-10-12 00:00:00+00:00,50.046501,49.75,49.75,5136
validation,2017-10-13 00:00:00+00:00,50.146999,50.046501,50.046501,5137
validation,2017-10-16 00:00:00+00:00,50.317001,50.146999,50.146999,5138
validation,2017-10-17 00:00:00+00:00,50.456501,50.317001,50.317001,5139
validation,2017-10-18 00:00:00+00:00,49.849998,50.456501,50.456501,5140
validation,2017-10-19 00:00:00+00:00,49.330502,49.849998,49.849998,5141
validation,2017-10-20 00:00:00+00:00,49.1455,49.330502,49.330502,5142
validation,2017-10-23 00:00:00+00:00,48.314999,49.1455,49.1455,5143
validation,2017-10-24 00:00:00+00:00,48.794998,48.314999,48.314999,5144
validation,2017-10-25 00:00:00+00:00,48.6455,48.794998,48.794998,5145
validation,2017-10-26 00:00:00+00:00,48.621498,48.6455,48.6455,5146
validation,2017-10-27 00:00:00+00:00,55.047501,48.621498,48.621498,5147
validation,2017-10-30 00:00:00+00:00,55.5425,55.047501,55.047501,5148
validation,2017-10-31 00:00:00+00:00,55.264,55.5425,55.5425,5149
validation,2017-11-01 00:00:00+00:00,55.183998,55.264,55.264,5150
validation,2017-11-02 00:00:00+00:00,54.710999,55.183998,55.183998,5151
validation,2017-11-03 00:00:00+00:00,55.580002,54.710999,54.710999,5152
validation,2017-11-06 00:00:00+00:00,56.033001,55.580002,55.580002,5153
validation,2017-11-07 00:00:00+00:00,56.158501,56.033001,56.033001,5154
validation,2017-11-08 00:00:00+00:00,56.644001,56.158501,56.158501,5155
validation,2017-11-09 00:00:00+00:00,56.456501,56.644001,56.644001,5156
validation,2017-11-10 00:00:00+00:00,56.267502,56.456501,56.456501,5157
validation,2017-11-13 00:00:00+00:00,56.4585,56.267502,56.267502,5158
validation,2017-11-14 00:00:00+00:00,56.841999,56.4585,56.4585,5159
validation,2017-11-15 00:00:00+00:00,56.334499,56.841999,56.841999,5160
validation,2017-11-16 00:00:00+00:00,56.864498,56.334499,56.334499,5161
validation,2017-11-17 00:00:00+00:00,56.493999,56.864498,56.864498,5162
validation,2017-11-20 00:00:00+00:00,56.315498,56.493999,56.493999,5163
validation,2017-11-21 00:00:00+00:00,56.974499,56.315498,56.315498,5164
validation,2017-11-22 00:00:00+00:00,57.807999,56.974499,56.974499,5165
validation,2017-11-24 00:00:00+00:00,59.299999,57.807999,57.807999,5166
validation,2017-11-27 00:00:00+00:00,59.7915,59.299999,59.299999,5167
validation,2017-11-28 00:00:00+00:00,59.68,59.7915,59.7915,5168
validation,2017-11-29 00:00:00+00:00,58.063499,59.68,59.68,5169
validation,2017-11-30 00:00:00+00:00,58.837502,58.063499,58.063499,5170
validation,2017-12-01 00:00:00+00:00,58.1175,58.837502,58.837502,5171
validation,2017-12-04 00:00:00+00:00,56.697498,58.1175,58.1175,5172
validation,2017-12-05 00:00:00+00:00,57.078499,56.697498,56.697498,5173
validation,2017-12-06 00:00:00+00:00,57.6175,57.078499,57.078499,5174
validation,2017-12-07 00:00:00+00:00,57.989498,57.6175,57.6175,5175
validation,2017-12-08 00:00:00+00:00,58.099998,57.989498,57.989498,5176
validation,2017-12-11 00:00:00+00:00,58.445999,58.099998,58.099998,5177
validation,2017-12-12 00:00:00+00:00,58.254002,58.445999,58.445999,5178
validation,2017-12-13 00:00:00+00:00,58.206501,58.254002,58.254002,5179
validation,2017-12-14 00:00:00+00:00,58.713001,58.206501,58.206501,5180
validation,2017-12-15 00:00:00+00:00,58.957001,58.713001,58.713001,5181
validation,2017-12-18 00:00:00+00:00,59.528999,58.957001,58.957001,5182
validation,2017-12-19 00:00:00+00:00,59.368999,59.528999,59.528999,5183
validation,2017-12-20 00:00:00+00:00,58.881001,59.368999,59.368999,5184
validation,2017-12-21 00:00:00+00:00,58.737999,58.881001,58.881001,5185
validation,2017-12-22 00:00:00+00:00,58.417999,58.737999,58.737999,5186
validation,2017-12-26 00:00:00+00:00,58.838001,58.417999,58.417999,5187
validation,2017-12-27 00:00:00+00:00,59.112999,58.838001,58.838001,5188
validation,2017-12-28 00:00:00+00:00,59.305,59.112999,59.112999,5189
validation,2017-12-29 00:00:00+00:00,58.473499,59.305,59.305,5190
validation,2018-01-02 00:00:00+00:00,59.4505,58.473499,58.473499,5191
validation,2018-01-03 00:00:00+00:00,60.209999,59.4505,59.4505,5192
validation,2018-01-04 00:00:00+00:00,60.4795,60.209999,60.209999,5193
validation,2018-01-05 00:00:00+00:00,61.457001,60.4795,60.4795,5194
validation,2018-01-08 00:00:00+00:00,62.343498,61.457001,61.457001,5195
validation,2018-01-09 00:00:00+00:00,62.634998,62.343498,62.343498,5196
validation,2018-01-10 00:00:00+00:00,62.716499,62.634998,62.634998,5197
validation,2018-01-11 00:00:00+00:00,63.834,62.716499,62.716499,5198
validation,2018-01-12 00:00:00+00:00,65.260002,63.834,63.834,5199
validation,2018-01-16 00:00:00+00:00,65.242996,65.260002,65.260002,5200
validation,2018-01-17 00:00:00+00:00,64.75,65.242996,65.242996,5201
validation,2018-01-18 00:00:00+00:00,64.666,64.75,64.75,5202
validation,2018-01-19 00:00:00+00:00,64.728996,64.666,64.666,5203
validation,2018-01-22 00:00:00+00:00,66.365501,64.728996,64.728996,5204
validation,2018-01-23 00:00:00+00:00,68.126999,66.365501,66.365501,5205
validation,2018-01-24 00:00:00+00:00,67.875504,68.126999,68.126999,5206
validation,2018-01-25 00:00:00+00:00,68.897499,67.875504,67.875504,5207
validation,2018-01-26 00:00:00+00:00,70.102501,68.897499,68.897499,5208
validation,2018-01-29 00:00:00+00:00,70.884003,70.102501,70.102501,5209
validation,2018-01-30 00:00:00+00:00,71.890999,70.884003,70.884003,5210
validation,2018-01-31 00:00:00+00:00,72.544502,71.890999,71.890999,5211
validation,2018-02-01 00:00:00+00:00,69.5,72.544502,72.544502,5212
validation,2018-02-02 00:00:00+00:00,71.497498,69.5,69.5,5213
validation,2018-02-05 00:00:00+00:00,69.5,71.497498,71.497498,5214
validation,2018-02-06 00:00:00+00:00,72.141998,69.5,69.5,5215
validation,2018-02-07 00:00:00+00:00,70.838997,72.141998,72.141998,5216
validation,2018-02-08 00:00:00+00:00,67.525002,70.838997,70.838997,5217
validation,2018-02-09 00:00:00+00:00,66.980003,67.525002,67.525002,5218
validation,2018-02-12 00:00:00+00:00,69.311501,66.980003,66.980003,5219
validation,2018-02-13 00:00:00+00:00,70.725502,69.311501,69.311501,5220
validation,2018-02-14 00:00:00+00:00,72.552498,70.725502,70.725502,5221
validation,2018-02-15 00:00:00+00:00,73.087997,72.552498,72.552498,5222
validation,2018-02-16 00:00:00+00:00,72.434502,73.087997,73.087997,5223
validation,2018-02-20 00:00:00+00:00,73.417503,72.434502,72.434502,5224
validation,2018-02-21 00:00:00+00:00,74.146004,73.417503,73.417503,5225
validation,2018-02-22 00:00:00+00:00,74.266998,74.146004,74.146004,5226
validation,2018-02-23 00:00:00+00:00,75.0,74.266998,74.266998,5227
validation,2018-02-26 00:00:00+00:00,76.097504,75.0,75.0,5228
validation,2018-02-27 00:00:00+00:00,75.598999,76.097504,76.097504,5229
validation,2018-02-28 00:00:00+00:00,75.622498,75.598999,75.598999,5230
validation,2018-03-01 00:00:00+00:00,74.672501,75.622498,75.622498,5231
validation,2018-03-02 00:00:00+00:00,75.012497,74.672501,74.672501,5232
validation,2018-03-05 00:00:00+00:00,76.180496,75.012497,75.012497,5233
validation,2018-03-06 00:00:00+00:00,76.882004,76.180496,76.180496,5234
validation,2018-03-07 00:00:00+00:00,77.25,76.882004,76.882004,5235
validation,2018-03-08 00:00:00+00:00,77.593002,77.25,77.25,5236
validation,2018-03-09 00:00:00+00:00,78.944504,77.593002,77.593002,5237
validation,2018-03-12 00:00:00+00:00,79.919502,78.944504,78.944504,5238
validation,2018-03-13 00:00:00+00:00,79.408997,79.919502,79.919502,5239
validation,2018-03-14 00:00:00+00:00,79.550003,79.408997,79.408997,5240
validation,2018-03-15 00:00:00+00:00,79.115997,79.550003,79.550003,5241
validation,2018-03-16 00:00:00+00:00,78.584,79.115997,79.115997,5242
validation,2018-03-19 00:00:00+00:00,77.246498,78.584,78.584,5243
validation,2018-03-20 00:00:00+00:00,79.3255,77.246498,77.246498,5244
validation,2018-03-21 00:00:00+00:00,79.093002,79.3255,79.3255,5245
validation,2018-03-22 00:00:00+00:00,77.246002,79.093002,79.093002,5246
validation,2018-03-23 00:00:00+00:00,74.778,77.246002,77.246002,5247
validation,2018-03-26 00:00:00+00:00,77.792999,74.778,74.778,5248
validation,2018-03-27 00:00:00+00:00,74.852501,77.792999,77.792999,5249
validation,2018-03-28 00:00:00+00:00,71.570999,74.852501,74.852501,5250
validation,2018-03-29 00:00:00+00:00,72.366997,71.570999,71.570999,5251
validation,2018-04-02 00:00:00+00:00,68.599503,72.366997,72.366997,5252
validation,2018-04-03 00:00:00+00:00,69.602501,68.599503,68.599503,5253
validation,2018-04-04 00:00:00+00:00,70.528503,69.602501,69.602501,5254
validation,2018-04-05 00:00:00+00:00,72.587502,70.528503,70.528503,5255
validation,2018-04-06 00:00:00+00:00,70.261497,72.587502,72.587502,5256
validation,2018-04-09 00:00:00+00:00,70.304001,70.261497,70.261497,5257
validation,2018-04-10 00:00:00+00:00,71.810997,70.304001,70.304001,5258
validation,2018-04-11 00:00:00+00:00,71.352501,71.810997,71.810997,5259
validation,2018-04-12 00:00:00+00:00,72.425003,71.352501,71.352501,5260
validation,2018-04-13 00:00:00+00:00,71.539497,72.425003,72.425003,5261
validation,2018-04-16 00:00:00+00:00,72.074997,71.539497,71.539497,5262
validation,2018-04-17 00:00:00+00:00,75.191498,72.074997,72.074997,5263
validation,2018-04-18 00:00:00+00:00,76.391998,75.191498,75.191498,5264
validation,2018-04-19 00:00:00+00:00,77.845497,76.391998,76.391998,5265
validation,2018-04-20 00:00:00+00:00,76.374496,77.845497,77.845497,5266
validation,2018-04-23 00:00:00+00:00,75.892998,76.374496,76.374496,5267
validation,2018-04-24 00:00:00+00:00,73.004501,75.892998,75.892998,5268
validation,2018-04-25 00:00:00+00:00,73.008499,73.004501,73.004501,5269
validation,2018-04-26 00:00:00+00:00,75.898003,73.008499,73.008499,5270
validation,2018-04-27 00:00:00+00:00,78.630997,75.898003,75.898003,5271
validation,2018-04-30 00:00:00+00:00,78.306503,78.630997,78.630997,5272
validation,2018-05-01 00:00:00+00:00,79.112999,78.306503,78.306503,5273
validation,2018-05-02 00:00:00+00:00,78.484001,79.112999,79.112999,5274
validation,2018-05-03 00:00:00+00:00,78.603996,78.484001,78.484001,5275
validation,2018-05-04 00:00:00+00:00,79.047501,78.603996,78.603996,5276
validation,2018-05-07 00:00:00+00:00,80.007004,79.047501,79.047501,5277
validation,2018-05-08 00:00:00+00:00,79.619499,80.007004,80.007004,5278
validation,2018-05-09 00:00:00+00:00,80.400002,79.619499,79.619499,5279
validation,2018-05-10 00:00:00+00:00,80.454002,80.400002,80.400002,5280
validation,2018-05-11 00:00:00+00:00,80.1455,80.454002,80.454002,5281
validation,2018-05-14 00:00:00+00:00,80.077003,80.1455,80.1455,5282
validation,2018-05-15 00:00:00+00:00,78.806,80.077003,80.077003,5283
validation,2018-05-16 00:00:00+00:00,79.363998,78.806,78.806,5284
validation,2018-05-17 00:00:00+00:00,79.087997,79.363998,79.363998,5285
validation,2018-05-18 00:00:00+00:00,78.718498,79.087997,79.087997,5286
validation,2018-05-21 00:00:00+00:00,79.273003,78.718498,78.718498,5287
validation,2018-05-22 00:00:00+00:00,79.07,79.273003,79.273003,5288
validation,2018-05-23 00:00:00+00:00,80.093002,79.07,79.07,5289
validation,2018-05-24 00:00:00+00:00,80.153503,80.093002,80.093002,5290
validation,2018-05-25 00:00:00+00:00,80.5075,80.153503,80.153503,5291
validation,2018-05-29 00:00:00+00:00,80.643501,80.5075,80.5075,5292
validation,2018-05-30 00:00:00+00:00,81.244499,80.643501,80.643501,5293
validation,2018-05-31 00:00:00+00:00,81.481003,81.244499,81.244499,5294
validation,2018-06-01 00:00:00+00:00,82.077003,81.481003,81.481003,5295
validation,2018-06-04 00:00:00+00:00,83.263496,82.077003,82.077003,5296
validation,2018-06-05 00:00:00+00:00,84.817497,83.263496,83.263496,5297
validation,2018-06-06 00:00:00+00:00,84.787498,84.817497,84.817497,5298
validation,2018-06-07 00:00:00+00:00,84.464996,84.787498,84.787498,5299
validation,2018-06-08 00:00:00+00:00,84.199501,84.464996,84.464996,5300
validation,2018-06-11 00:00:00+00:00,84.456001,84.199501,84.199501,5301
validation,2018-06-12 00:00:00+00:00,84.9375,84.456001,84.456001,5302
validation,2018-06-13 00:00:00+00:00,85.242996,84.9375,84.9375,5303
validation,2018-06-14 00:00:00+00:00,86.193001,85.242996,85.242996,5304
validation,2018-06-15 00:00:00+00:00,85.7985,86.193001,86.193001,5305
validation,2018-06-18 00:00:00+00:00,86.189499,85.7985,85.7985,5306
validation,2018-06-19 00:00:00+00:00,86.738998,86.189499,86.189499,5307
validation,2018-06-20 00:00:00+00:00,87.503998,86.738998,86.738998,5308
validation,2018-06-21 00:00:00+00:00,86.511002,87.503998,87.503998,5309
validation,2018-06-22 00:00:00+00:00,85.783501,86.511002,86.511002,5310
validation,2018-06-25 00:00:00+00:00,83.157501,85.783501,85.783501,5311
validation,2018-06-26 00:00:00+00:00,84.554497,83.157501,83.157501,5312
validation,2018-06-27 00:00:00+00:00,83.025497,84.554497,84.554497,5313
validation,2018-06-28 00:00:00+00:00,85.072502,83.025497,83.025497,5314
validation,2018-06-29 00:00:00+00:00,84.989998,85.072502,85.072502,5315
validation,2018-07-02 00:00:00+00:00,85.689003,84.989998,84.989998,5316
validation,2018-07-03 00:00:00+00:00,84.697998,85.689003,85.689003,5317
validation,2018-07-05 00:00:00+00:00,84.986504,84.697998,84.697998,5318
validation,2018-07-06 00:00:00+00:00,85.531502,84.986504,84.986504,5319
validation,2018-07-09 00:00:00+00:00,86.950996,85.531502,85.531502,5320
validation,2018-07-10 00:00:00+00:00,87.153503,86.950996,86.950996,5321
validation,2018-07-11 00:00:00+00:00,87.75,87.153503,87.153503,5322
validation,2018-07-12 00:00:00+00:00,89.831001,87.75,87.75,5323
validation,2018-07-13 00:00:00+00:00,90.651497,89.831001,89.831001,5324
validation,2018-07-16 00:00:00+00:00,91.124496,90.651497,90.651497,5325
validation,2018-07-17 00:00:00+00:00,92.196503,91.124496,91.124496,5326
validation,2018-07-18 00:00:00+00:00,92.146004,92.196503,92.196503,5327
validation,2018-07-19 00:00:00+00:00,90.648499,92.146004,92.146004,5328
validation,2018-07-20 00:00:00+00:00,90.684998,90.648499,90.648499,5329
validation,2018-07-23 00:00:00+00:00,90.099998,90.684998,90.684998,5330
validation,2018-07-24 00:00:00+00:00,91.461998,90.099998,90.099998,5331
validation,2018-07-25 00:00:00+00:00,93.180496,91.461998,91.461998,5332
validation,2018-07-26 00:00:00+00:00,90.400002,93.180496,93.180496,5333
validation,2018-07-27 00:00:00+00:00,90.863503,90.400002,90.400002,5334
validation,2018-07-30 00:00:00+00:00,88.960999,90.863503,90.863503,5335
validation,2018-07-31 00:00:00+00:00,88.872002,88.960999,88.960999,5336
validation,2018-08-01 00:00:00+00:00,89.858498,88.872002,88.872002,5337
validation,2018-08-02 00:00:00+00:00,91.716499,89.858498,89.858498,5338
validation,2018-08-03 00:00:00+00:00,91.164497,91.716499,91.716499,5339
validation,2018-08-06 00:00:00+00:00,92.387497,91.164497,91.164497,5340
validation,2018-08-07 00:00:00+00:00,93.124001,92.387497,92.387497,5341
validation,2018-08-08 00:00:00+00:00,94.325996,93.124001,93.124001,5342
validation,2018-08-09 00:00:00+00:00,94.926003,94.325996,94.325996,5343
validation,2018-08-10 00:00:00+00:00,94.315002,94.926003,94.926003,5344
validation,2018-08-13 00:00:00+00:00,94.809998,94.315002,94.315002,5345
validation,2018-08-14 00:00:00+00:00,95.982498,94.809998,94.809998,5346
validation,2018-08-15 00:00:00+00:00,94.130997,95.982498,95.982498,5347
validation,2018-08-16 00:00:00+00:00,94.325996,94.130997,94.130997,5348
validation,2018-08-17 00:00:00+00:00,94.111,94.325996,94.325996,5349
validation,2018-08-20 00:00:00+00:00,93.835503,94.111,94.111,5350
validation,2018-08-21 00:00:00+00:00,94.170998,93.835503,93.835503,5351
validation,2018-08-22 00:00:00+00:00,95.245003,94.170998,94.170998,5352
validation,2018-08-23 00:00:00+00:00,95.144997,95.245003,95.245003,5353
validation,2018-08-24 00:00:00+00:00,95.269501,95.144997,95.144997,5354
validation,2018-08-27 00:00:00+00:00,96.384003,95.269501,95.269501,5355
validation,2018-08-28 00:00:00+00:00,96.640999,96.384003,96.384003,5356
validation,2018-08-29 00:00:00+00:00,99.904999,96.640999,96.640999,5357
validation,2018-08-30 00:00:00+00:00,100.119003,99.904999,99.904999,5358
validation,2018-08-31 00:00:00+00:00,100.635498,100.119003,100.119003,5359
validation,2018-09-04 00:00:00+00:00,101.975502,100.635498,100.635498,5360
validation,2018-09-05 00:00:00+00:00,99.740997,101.975502,101.975502,5361
validation,2018-09-06 00:00:00+00:00,97.915497,99.740997,99.740997,5362
validation,2018-09-07 00:00:00+00:00,97.6035,97.915497,97.915497,5363
validation,2018-09-10 00:00:00+00:00,96.9505,97.6035,97.6035,5364
validation,2018-09-11 00:00:00+00:00,99.357498,96.9505,96.9505,5365
validation,2018-09-12 00:00:00+00:00,99.5,99.357498,99.357498,5366
validation,2018-09-13 00:00:00+00:00,99.4935,99.5,99.5,5367
validation,2018-09-14 00:00:00+00:00,98.509499,99.4935,99.4935,5368
validation,2018-09-17 00:00:00+00:00,95.401497,98.509499,98.509499,5369
validation,2018-09-18 00:00:00+00:00,97.052498,95.401497,95.401497,5370
validation,2018-09-19 00:00:00+00:00,96.320999,97.052498,97.052498,5371
validation,2018-09-20 00:00:00+00:00,97.214996,96.320999,96.320999,5372
validation,2018-09-21 00:00:00+00:00,95.750504,97.214996,97.214996,5373
validation,2018-09-24 00:00:00+00:00,96.718002,95.750504,95.750504,5374
validation,2018-09-25 00:00:00+00:00,98.727501,96.718002,96.718002,5375
validation,2018-09-26 00:00:00+00:00,98.7425,98.727501,98.727501,5376
validation,2018-09-27 00:00:00+00:00,100.649002,98.7425,98.7425,5377
validation,2018-09-28 00:00:00+00:00,100.150002,100.649002,100.649002,5378
validation,2018-10-01 00:00:00+00:00,100.218002,100.150002,100.150002,5379
validation,2018-10-02 00:00:00+00:00,98.565498,100.218002,100.218002,5380
validation,2018-10-03 00:00:00+00:00,97.638,98.565498,98.565498,5381
validation,2018-10-04 00:00:00+00:00,95.471001,97.638,97.638,5382
validation,2018-10-05 00:00:00+00:00,94.482498,95.471001,95.471001,5383
validation,2018-10-08 00:00:00+00:00,93.221001,94.482498,94.482498,5384
validation,2018-10-09 00:00:00+00:00,93.515999,93.221001,93.221001,5385
validation,2018-10-10 00:00:00+00:00,87.762497,93.515999,93.515999,5386
validation,2018-10-11 00:00:00+00:00,85.968002,87.762497,87.762497,5387
validation,2018-10-12 00:00:00+00:00,89.430496,85.968002,85.968002,5388
validation,2018-10-15 00:00:00+00:00,88.047501,89.430496,89.430496,5389
validation,2018-10-16 00:00:00+00:00,90.998001,88.047501,88.047501,5390
validation,2018-10-17 00:00:00+00:00,91.586502,90.998001,90.998001,5391
validation,2018-10-18 00:00:00+00:00,88.536003,91.586502,91.586502,5392
validation,2018-10-19 00:00:00+00:00,88.2015,88.536003,88.536003,5393
validation,2018-10-22 00:00:00+00:00,89.464996,88.2015,88.2015,5394
validation,2018-10-23 00:00:00+00:00,88.434998,89.464996,89.464996,5395
validation,2018-10-24 00:00:00+00:00,83.209999,88.434998,88.434998,5396
validation,2018-10-25 00:00:00+00:00,89.108498,83.209999,83.209999,5397
validation,2018-10-26 00:00:00+00:00,82.140503,89.108498,89.108498,5398
validation,2018-10-29 00:00:00+00:00,76.944,82.140503,82.140503,5399
validation,2018-10-30 00:00:00+00:00,76.521004,76.944,76.944,5400
validation,2018-10-31 00:00:00+00:00,79.900497,76.521004,76.521004,5401
validation,2018-11-01 00:00:00+00:00,83.276497,79.900497,79.900497,5402
validation,2018-11-02 00:00:00+00:00,83.276497,83.276497,83.276497,5403
validation,2018-11-05 00:00:00+00:00,81.389999,83.276497,83.276497,5404
validation,2018-11-06 00:00:00+00:00,82.140503,81.389999,81.389999,5405
validation,2018-11-07 00:00:00+00:00,87.774498,82.140503,82.140503,5406
validation,2018-11-08 00:00:00+00:00,87.745499,87.774498,87.774498,5407
validation,2018-11-09 00:00:00+00:00,85.621498,87.745499,87.745499,5408
validation,2018-11-12 00:00:00+00:00,81.842499,85.621498,85.621498,5409
validation,2018-11-13 00:00:00+00:00,81.558502,81.842499,81.842499,5410
validation,2018-11-14 00:00:00+00:00,79.9505,81.558502,81.558502,5411
validation,2018-11-15 00:00:00+00:00,80.972,79.9505,79.9505,5412
validation,2018-11-16 00:00:00+00:00,79.670502,80.972,80.972,5413
validation,2018-11-19 00:00:00+00:00,75.614502,79.670502,79.670502,5414
validation,2018-11-20 00:00:00+00:00,74.773003,75.614502,75.614502,5415
validation,2018-11-21 00:00:00+00:00,75.836502,74.773003,74.773003,5416
validation,2018-11-23 00:00:00+00:00,75.102997,75.836502,75.836502,5417
validation,2018-11-26 00:00:00+00:00,79.066498,75.102997,75.102997,5418
validation,2018-11-27 00:00:00+00:00,79.070999,79.066498,79.066498,5419
validation,2018-11-28 00:00:00+00:00,83.887497,79.070999,79.070999,5420
validation,2018-11-29 00:00:00+00:00,83.678497,83.887497,83.887497,5421
validation,2018-11-30 00:00:00+00:00,84.508499,83.678497,83.678497,5422
validation,2018-12-03 00:00:00+00:00,88.617996,84.508499,84.508499,5423
validation,2018-12-04 00:00:00+00:00,83.419998,88.617996,88.617996,5424
validation,2018-12-06 00:00:00+00:00,84.959503,83.419998,83.419998,5425
validation,2018-12-07 00:00:00+00:00,81.456497,84.959503,84.959503,5426
validation,2018-12-10 00:00:00+00:00,82.051498,81.456497,81.456497,5427
validation,2018-12-11 00:00:00+00:00,82.162003,82.051498,82.051498,5428
validation,2018-12-12 00:00:00+00:00,83.177002,82.162003,82.162003,5429
validation,2018-12-13 00:00:00+00:00,82.918999,83.177002,83.177002,5430
validation,2018-12-14 00:00:00+00:00,79.595497,82.918999,82.918999,5431
validation,2018-12-17 00:00:00+00:00,76.045502,79.595497,79.595497,5432
validation,2018-12-18 00:00:00+00:00,77.573997,76.045502,76.045502,5433
validation,2018-12-19 00:00:00+00:00,74.753998,77.573997,77.573997,5434
validation,2018-12-20 00:00:00+00:00,73.041496,74.753998,74.753998,5435
validation,2018-12-21 00:00:00+00:00,68.872498,73.041496,73.041496,5436
validation,2018-12-24 00:00:00+00:00,67.197998,68.872498,68.872498,5437
validation,2018-12-26 00:00:00+00:00,73.544998,67.197998,67.197998,5438
validation,2018-12-27 00:00:00+00:00,73.082001,73.544998,73.544998,5439
validation,2018-12-28 00:00:00+00:00,73.901001,73.082001,73.082001,5440
validation,2018-12-31 00:00:00+00:00,75.098503,73.901001,73.901001,5441
validation,2019-01-02 00:00:00+00:00,76.956497,75.098503,75.098503,5442
validation,2019-01-03 00:00:00+00:00,75.014,76.956497,76.956497,5443
validation,2019-01-04 00:00:00+00:00,78.769501,75.014,75.014,5444
validation,2019-01-07 00:00:00+00:00,81.475502,78.769501,78.769501,5445
validation,2019-01-08 00:00:00+00:00,82.829002,81.475502,81.475502,5446
validation,2019-01-09 00:00:00+00:00,82.971001,82.829002,82.829002,5447
validation,2019-01-10 00:00:00+00:00,82.810997,82.971001,82.971001,5448
validation,2019-01-11 00:00:00+00:00,82.028,82.810997,82.810997,5449
validation,2019-01-14 00:00:00+00:00,80.860497,82.028,82.028,5450
validation,2019-01-15 00:00:00+00:00,83.727997,80.860497,80.860497,5451
validation,2019-01-16 00:00:00+00:00,84.189003,83.727997,83.727997,5452
validation,2019-01-17 00:00:00+00:00,84.661003,84.189003,84.189003,5453
validation,2019-01-18 00:00:00+00:00,84.809998,84.661003,84.661003,5454
validation,2019-01-22 00:00:00+00:00,81.608498,84.809998,84.809998,5455
validation,2019-01-23 00:00:00+00:00,82.000999,81.608498,81.608498,5456
validation,2019-01-24 00:00:00+00:00,82.746498,82.000999,82.000999,5457
validation,2019-01-25 00:00:00+00:00,83.528503,82.746498,82.746498,5458
validation,2019-01-28 00:00:00+00:00,81.894501,83.528503,83.528503,5459
validation,2019-01-29 00:00:00+00:00,79.694,81.894501,81.894501,5460
validation,2019-01-30 00:00:00+00:00,83.5215,79.694,79.694,5461
validation,2019-01-31 00:00:00+00:00,85.936501,83.5215,83.5215,5462
validation,2019-02-01 00:00:00+00:00,81.311501,85.936501,85.936501,5463
validation,2019-02-04 00:00:00+00:00,81.665497,81.311501,81.311501,5464
validation,2019-02-05 00:00:00+00:00,82.940498,81.665497,81.665497,5465
validation,2019-02-06 00:00:00+00:00,82.013,82.940498,82.940498,5466
validation,2019-02-07 00:00:00+00:00,80.718498,82.013,82.013,5467
validation,2019-02-08 00:00:00+00:00,79.411003,80.718498,80.718498,5468
validation,2019-02-11 00:00:00+00:00,79.550003,79.411003,79.411003,5469
validation,2019-02-12 00:00:00+00:00,81.900497,79.550003,79.550003,5470
validation,2019-02-13 00:00:00+00:00,82.0,81.900497,81.900497,5471
validation,2019-02-14 00:00:00+00:00,81.1325,82.0,82.0,5472
validation,2019-02-15 00:00:00+00:00,80.397499,81.1325,81.1325,5473
validation,2019-02-19 00:00:00+00:00,81.378998,80.397499,80.397499,5474
validation,2019-02-20 00:00:00+00:00,81.105003,81.378998,81.378998,5475
validation,2019-02-21 00:00:00+00:00,80.972,81.105003,81.105003,5476
validation,2019-02-22 00:00:00+00:00,81.578003,80.972,80.972,5477
validation,2019-02-25 00:00:00+00:00,81.650002,81.578003,81.578003,5478
validation,2019-02-26 00:00:00+00:00,81.82,81.650002,81.650002,5479
validation,2019-02-27 00:00:00+00:00,82.054497,81.82,81.82,5480
validation,2019-02-28 00:00:00+00:00,81.991501,82.054497,82.054497,5481
validation,2019-03-01 00:00:00+00:00,83.586502,81.991501,81.991501,5482
validation,2019-03-04 00:00:00+00:00,84.808502,83.586502,83.586502,5483
validation,2019-03-05 00:00:00+00:00,84.621498,84.808502,84.808502,5484
validation,2019-03-06 00:00:00+00:00,83.447502,84.621498,84.621498,5485
validation,2019-03-07 00:00:00+00:00,81.297501,83.447502,83.447502,5486
validation,2019-03-08 00:00:00+00:00,81.040001,81.297501,81.297501,5487
validation,2019-03-11 00:00:00+00:00,83.530998,81.040001,81.040001,5488
validation,2019-03-12 00:00:00+00:00,83.654999,83.530998,83.530998,5489
validation,2019-03-13 00:00:00+00:00,84.540497,83.654999,83.654999,5490
validation,2019-03-14 00:00:00+00:00,84.310997,84.540497,84.540497,5491
validation,2019-03-15 00:00:00+00:00,85.617996,84.310997,84.310997,5492
validation,2019-03-18 00:00:00+00:00,87.107498,85.617996,85.617996,5493
validation,2019-03-19 00:00:00+00:00,88.092499,87.107498,87.107498,5494
validation,2019-03-20 00:00:00+00:00,89.863503,88.092499,88.092499,5495
validation,2019-03-21 00:00:00+00:00,90.962997,89.863503,89.863503,5496
validation,2019-03-22 00:00:00+00:00,88.238503,90.962997,90.962997,5497
validation,2019-03-25 00:00:00+00:00,88.712997,88.238503,88.238503,5498
validation,2019-03-26 00:00:00+00:00,89.188004,88.712997,88.712997,5499
validation,2019-03-27 00:00:00+00:00,88.285004,89.188004,89.188004,5500
validation,2019-03-28 00:00:00+00:00,88.670998,88.285004,88.285004,5501
validation,2019-03-29 00:00:00+00:00,89.037498,88.670998,88.670998,5502
validation,2019-04-01 00:00:00+00:00,90.709503,89.037498,89.037498,5503
validation,2019-04-02 00:00:00+00:00,90.698997,90.709503,90.709503,5504
validation,2019-04-03 00:00:00+00:00,91.035004,90.698997,90.698997,5505
validation,2019-04-04 00:00:00+00:00,90.943001,91.035004,91.035004,5506
validation,2019-04-05 00:00:00+00:00,91.863998,90.943001,90.943001,5507
validation,2019-04-08 00:00:00+00:00,92.492996,91.863998,91.863998,5508
validation,2019-04-09 00:00:00+00:00,91.792,92.492996,92.492996,5509
validation,2019-04-10 00:00:00+00:00,92.366501,91.792,91.792,5510
validation,2019-04-11 00:00:00+00:00,92.203499,92.366501,92.366501,5511
validation,2019-04-12 00:00:00+00:00,92.153,92.203499,92.203499,5512
validation,2019-04-15 00:00:00+00:00,92.2435,92.153,92.153,5513
validation,2019-04-16 00:00:00+00:00,93.152,92.2435,92.2435,5514
validation,2019-04-17 00:00:00+00:00,93.240997,93.152,93.152,5515
validation,2019-04-18 00:00:00+00:00,93.084503,93.240997,93.240997,5516
validation,2019-04-22 00:00:00+00:00,94.365501,93.084503,93.084503,5517
validation,2019-04-23 00:00:00+00:00,96.188499,94.365501,94.365501,5518
validation,2019-04-24 00:00:00+00:00,95.087502,96.188499,96.188499,5519
validation,2019-04-25 00:00:00+00:00,95.112503,95.087502,95.087502,5520
validation,2019-04-26 00:00:00+00:00,97.531502,95.112503,95.112503,5521
validation,2019-04-29 00:00:00+00:00,96.921501,97.531502,97.531502,5522
validation,2019-04-30 00:00:00+00:00,96.325996,96.921501,96.921501,5523
validation,2019-05-01 00:00:00+00:00,95.575996,96.325996,96.325996,5524
validation,2019-05-02 00:00:00+00:00,95.041,95.575996,95.575996,5525
validation,2019-05-03 00:00:00+00:00,98.123001,95.041,95.041,5526
validation,2019-05-06 00:00:00+00:00,97.527496,98.123001,98.123001,5527
validation,2019-05-07 00:00:00+00:00,96.050003,97.527496,97.527496,5528
validation,2019-05-08 00:00:00+00:00,95.888496,96.050003,96.050003,5529
validation,2019-05-09 00:00:00+00:00,94.9935,95.888496,95.888496,5530
validation,2019-05-10 00:00:00+00:00,94.499001,94.9935,94.9935,5531
validation,2019-05-13 00:00:00+00:00,91.134003,94.499001,94.499001,5532
validation,2019-05-14 00:00:00+00:00,92.005997,91.134003,91.134003,5533
validation,2019-05-15 00:00:00+00:00,93.557503,92.005997,92.005997,5534
validation,2019-05-16 00:00:00+00:00,95.378502,93.557503,93.557503,5535
validation,2019-05-17 00:00:00+00:00,93.449997,95.378502,95.378502,5536
validation,2019-05-20 00:00:00+00:00,92.948502,93.449997,93.449997,5537
validation,2019-05-21 00:00:00+00:00,92.875999,92.948502,92.948502,5538
validation,2019-05-22 00:00:00+00:00,92.984001,92.875999,92.875999,5539
validation,2019-05-23 00:00:00+00:00,90.774002,92.984001,92.984001,5540
validation,2019-05-24 00:00:00+00:00,91.164001,90.774002,90.774002,5541
validation,2019-05-28 00:00:00+00:00,91.821503,91.164001,91.164001,5542
validation,2019-05-29 00:00:00+00:00,90.959503,91.821503,91.821503,5543
validation,2019-05-30 00:00:00+00:00,90.816002,90.959503,90.959503,5544
validation,2019-05-31 00:00:00+00:00,88.753502,90.816002,90.816002,5545
validation,2019-06-03 00:00:00+00:00,84.634499,88.753502,88.753502,5546
validation,2019-06-04 00:00:00+00:00,86.477997,84.634499,84.634499,5547
validation,2019-06-05 00:00:00+00:00,86.925003,86.477997,86.477997,5548
validation,2019-06-06 00:00:00+00:00,87.718002,86.925003,86.925003,5549
validation,2019-06-07 00:00:00+00:00,90.2015,87.718002,87.718002,5550
validation,2019-06-10 00:00:00+00:00,93.031502,90.2015,90.2015,5551
validation,2019-06-11 00:00:00+00:00,93.184998,93.031502,93.031502,5552
validation,2019-06-12 00:00:00+00:00,92.765999,93.184998,93.184998,5553
validation,2019-06-13 00:00:00+00:00,93.514999,92.765999,92.765999,5554
validation,2019-06-14 00:00:00+00:00,93.483498,93.514999,93.514999,5555
validation,2019-06-17 00:00:00+00:00,94.301498,93.483498,93.483498,5556
validation,2019-06-18 00:00:00+00:00,95.068497,94.301498,94.301498,5557
validation,2019-06-19 00:00:00+00:00,95.439499,95.068497,95.068497,5558
validation,2019-06-20 00:00:00+00:00,95.9095,95.439499,95.439499,5559
validation,2019-06-21 00:00:00+00:00,95.565002,95.9095,95.9095,5560
validation,2019-06-24 00:00:00+00:00,95.695,95.565002,95.565002,5561
validation,2019-06-25 00:00:00+00:00,93.913498,95.695,95.695,5562
validation,2019-06-26 00:00:00+00:00,94.891502,93.913498,93.913498,5563
validation,2019-06-27 00:00:00+00:00,95.213997,94.891502,94.891502,5564
validation,2019-06-28 00:00:00+00:00,94.681503,95.213997,95.213997,5565
validation,2019-07-01 00:00:00+00:00,96.109497,94.681503,94.681503,5566
validation,2019-07-02 00:00:00+00:00,96.7155,96.109497,96.109497,5567
validation,2019-07-03 00:00:00+00:00,96.949997,96.7155,96.7155,5568
validation,2019-07-05 00:00:00+00:00,97.1455,96.949997,96.949997,5569
validation,2019-07-08 00:00:00+00:00,97.615997,97.1455,97.1455,5570
validation,2019-07-09 00:00:00+00:00,99.415001,97.615997,97.615997,5571
validation,2019-07-10 00:00:00+00:00,100.870499,99.415001,99.415001,5572
validation,2019-07-11 00:00:00+00:00,100.053497,100.870499,100.870499,5573
validation,2019-07-12 00:00:00+00:00,100.550003,100.053497,100.053497,5574
validation,2019-07-15 00:00:00+00:00,101.0495,100.550003,100.550003,5575
validation,2019-07-16 00:00:00+00:00,100.495003,101.0495,101.0495,5576
validation,2019-07-17 00:00:00+00:00,99.601501,100.495003,100.495003,5577
validation,2019-07-18 00:00:00+00:00,98.894997,99.601501,99.601501,5578
validation,2019-07-19 00:00:00+00:00,98.225998,98.894997,98.894997,5579
validation,2019-07-22 00:00:00+00:00,99.281502,98.225998,98.225998,5580
validation,2019-07-23 00:00:00+00:00,99.724503,99.281502,99.281502,5581
validation,2019-07-24 00:00:00+00:00,100.040497,99.724503,99.724503,5582
validation,2019-07-25 00:00:00+00:00,98.691002,100.040497,100.040497,5583
validation,2019-07-26 00:00:00+00:00,97.152496,98.691002,98.691002,5584
validation,2019-07-29 00:00:00+00:00,95.622498,97.152496,97.152496,5585
validation,2019-07-30 00:00:00+00:00,94.926498,95.622498,95.622498,5586
validation,2019-07-31 00:00:00+00:00,93.338997,94.926498,94.926498,5587
validation,2019-08-01 00:00:00+00:00,92.765999,93.338997,93.338997,5588
validation,2019-08-02 00:00:00+00:00,91.162003,92.765999,92.765999,5589
validation,2019-08-05 00:00:00+00:00,88.2565,91.162003,91.162003,5590
validation,2019-08-06 00:00:00+00:00,89.391502,88.2565,88.2565,5591
validation,2019-08-07 00:00:00+00:00,89.669998,89.391502,89.391502,5592
validation,2019-08-08 00:00:00+00:00,91.644501,89.669998,89.669998,5593
validation,2019-08-09 00:00:00+00:00,90.378998,91.644501,91.644501,5594
validation,2019-08-12 00:00:00+00:00,89.246002,90.378998,90.378998,5595
validation,2019-08-13 00:00:00+00:00,91.217003,89.246002,89.246002,5596
validation,2019-08-14 00:00:00+00:00,88.148003,91.217003,91.217003,5597
validation,2019-08-15 00:00:00+00:00,88.806,88.148003,88.148003,5598
validation,2019-08-16 00:00:00+00:00,89.628502,88.806,88.806,5599
validation,2019-08-19 00:00:00+00:00,90.806,89.628502,89.628502,5600
validation,2019-08-20 00:00:00+00:00,90.069,90.806,90.806,5601
validation,2019-08-21 00:00:00+00:00,91.177002,90.069,90.069,5602
validation,2019-08-22 00:00:00+00:00,90.233002,91.177002,91.177002,5603
validation,2019-08-23 00:00:00+00:00,87.481003,90.233002,90.233002,5604
validation,2019-08-26 00:00:00+00:00,88.443497,87.481003,87.481003,5605
validation,2019-08-27 00:00:00+00:00,88.091499,88.443497,88.443497,5606
validation,2019-08-28 00:00:00+00:00,88.212502,88.091499,88.091499,5607
validation,2019-08-29 00:00:00+00:00,89.32,88.212502,88.212502,5608
validation,2019-08-30 00:00:00+00:00,88.814499,89.32,89.32,5609
validation,2019-09-03 00:00:00+00:00,89.491997,88.814499,88.814499,5610
validation,2019-09-04 00:00:00+00:00,90.030998,89.491997,89.491997,5611
validation,2019-09-05 00:00:00+00:00,92.036003,90.030998,90.030998,5612
validation,2019-09-06 00:00:00+00:00,91.675499,92.036003,92.036003,5613
validation,2019-09-09 00:00:00+00:00,91.567497,91.675499,91.675499,5614
validation,2019-09-10 00:00:00+00:00,91.027496,91.567497,91.567497,5615
validation,2019-09-11 00:00:00+00:00,91.149498,91.027496,91.027496,5616
validation,2019-09-12 00:00:00+00:00,92.177498,91.149498,91.149498,5617
validation,2019-09-13 00:00:00+00:00,91.967003,92.177498,92.177498,5618
validation,2019-09-16 00:00:00+00:00,90.391998,91.967003,91.967003,5619
validation,2019-09-17 00:00:00+00:00,91.127502,90.391998,90.391998,5620
validation,2019-09-18 00:00:00+00:00,90.873001,91.127502,91.127502,5621
validation,2019-09-19 00:00:00+00:00,91.074997,90.873001,90.873001,5622
validation,2019-09-20 00:00:00+00:00,89.708,91.074997,91.074997,5623
validation,2019-09-23 00:00:00+00:00,89.264999,89.708,89.708,5624
validation,2019-09-24 00:00:00+00:00,87.080498,89.264999,89.264999,5625
validation,2019-09-25 00:00:00+00:00,88.416496,87.080498,87.080498,5626
validation,2019-09-26 00:00:00+00:00,86.991997,88.416496,88.416496,5627
validation,2019-09-27 00:00:00+00:00,86.272499,86.991997,86.991997,5628
validation,2019-09-30 00:00:00+00:00,86.795502,86.272499,86.272499,5629
validation,2019-10-01 00:00:00+00:00,86.782501,86.795502,86.795502,5630
validation,2019-10-02 00:00:00+00:00,85.661499,86.782501,86.782501,5631
validation,2019-10-03 00:00:00+00:00,86.221001,85.661499,85.661499,5632
validation,2019-10-04 00:00:00+00:00,86.982498,86.221001,86.221001,5633
validation,2019-10-07 00:00:00+00:00,86.633003,86.982498,86.982498,5634
validation,2019-10-08 00:00:00+00:00,85.275497,86.633003,86.633003,5635
validation,2019-10-09 00:00:00+00:00,86.099503,85.275497,85.275497,5636
validation,2019-10-10 00:00:00+00:00,86.013,86.099503,86.099503,5637
validation,2019-10-11 00:00:00+00:00,86.596001,86.013,86.013,5638
validation,2019-10-14 00:00:00+00:00,86.821503,86.596001,86.596001,5639
validation,2019-10-15 00:00:00+00:00,88.369003,86.821503,86.821503,5640
validation,2019-10-16 00:00:00+00:00,88.871498,88.369003,88.369003,5641
validation,2019-10-17 00:00:00+00:00,89.374001,88.871498,88.871498,5642
validation,2019-10-18 00:00:00+00:00,87.875504,89.374001,89.374001,5643
validation,2019-10-21 00:00:00+00:00,89.282997,87.875504,87.875504,5644
validation,2019-10-22 00:00:00+00:00,88.286499,89.282997,89.282997,5645
validation,2019-10-23 00:00:00+00:00,88.108498,88.286499,88.286499,5646
validation,2019-10-24 00:00:00+00:00,89.039001,88.108498,88.108498,5647
validation,2019-10-25 00:00:00+00:00,88.066498,89.039001,89.039001,5648
validation,2019-10-28 00:00:00+00:00,88.853996,88.066498,88.066498,5649
validation,2019-10-29 00:00:00+00:00,88.135498,88.853996,88.853996,5650
validation,2019-10-30 00:00:00+00:00,88.999496,88.135498,88.135498,5651
validation,2019-10-31 00:00:00+00:00,88.833,88.999496,88.999496,5652
validation,2019-11-01 00:00:00+00:00,89.571999,88.833,88.833,5653
validation,2019-11-04 00:00:00+00:00,90.233002,89.571999,89.571999,5654
validation,2019-11-05 00:00:00+00:00,90.085503,90.233002,90.233002,5655
validation,2019-11-06 00:00:00+00:00,89.788498,90.085503,90.085503,5656
validation,2019-11-07 00:00:00+00:00,89.410004,89.788498,89.788498,5657
validation,2019-11-08 00:00:00+00:00,89.293999,89.410004,89.410004,5658
validation,2019-11-11 00:00:00+00:00,88.582497,89.293999,89.293999,5659
validation,2019-11-12 00:00:00+00:00,88.900002,88.582497,88.582497,5660
validation,2019-11-13 00:00:00+00:00,87.655502,88.900002,88.900002,5661
validation,2019-11-14 00:00:00+00:00,87.730003,87.655502,87.655502,5662
validation,2019-11-15 00:00:00+00:00,86.974503,87.730003,87.730003,5663
validation,2019-11-18 00:00:00+00:00,87.626503,86.974503,86.974503,5664
validation,2019-11-19 00:00:00+00:00,87.639503,87.626503,87.626503,5665
validation,2019-11-20 00:00:00+00:00,87.276497,87.639503,87.639503,5666
validation,2019-11-21 00:00:00+00:00,86.735497,87.276497,87.276497,5667
validation,2019-11-22 00:00:00+00:00,87.286003,86.735497,86.735497,5668
validation,2019-11-25 00:00:00+00:00,88.692001,87.286003,87.286003,5669
validation,2019-11-26 00:00:00+00:00,89.847,88.692001,88.692001,5670
validation,2019-11-27 00:00:00+00:00,90.925499,89.847,89.847,5671
validation,2019-11-29 00:00:00+00:00,90.040001,90.925499,90.925499,5672
validation,2019-12-02 00:00:00+00:00,89.080002,90.040001,90.040001,5673
validation,2019-12-03 00:00:00+00:00,88.498001,89.080002,89.080002,5674
validation,2019-12-04 00:00:00+00:00,88.0345,88.498001,88.498001,5675
validation,2019-12-05 00:00:00+00:00,87.024002,88.0345,88.0345,5676
validation,2019-12-06 00:00:00+00:00,87.580002,87.024002,87.024002,5677
validation,2019-12-09 00:00:00+00:00,87.475502,87.580002,87.580002,5678
validation,2019-12-10 00:00:00+00:00,86.960503,87.475502,87.475502,5679
validation,2019-12-11 00:00:00+00:00,87.435997,86.960503,86.960503,5680
validation,2019-12-12 00:00:00+00:00,88.016502,87.435997,87.435997,5681
validation,2019-12-13 00:00:00+00:00,88.046997,88.016502,88.016502,5682
validation,2019-12-16 00:00:00+00:00,88.460503,88.046997,88.046997,5683
test,2019-12-17 00:00:00+00:00,89.532997,88.460503,88.460503,5684
test,2019-12-18 00:00:00+00:00,89.2015,89.532997,89.532997,5685
test,2019-12-19 00:00:00+00:00,89.613998,89.2015,89.2015,5686
test,2019-12-20 00:00:00+00:00,89.324997,89.613998,89.613998,5687
test,2019-12-23 00:00:00+00:00,89.650002,89.324997,89.324997,5688
test,2019-12-24 00:00:00+00:00,89.460503,89.650002,89.650002,5689
test,2019-12-26 00:00:00+00:00,93.438499,89.460503,89.460503,5690
test,2019-12-27 00:00:00+00:00,93.489998,93.438499,93.438499,5691
test,2019-12-30 00:00:00+00:00,92.344498,93.489998,93.489998,5692
test,2019-12-31 00:00:00+00:00,92.391998,92.344498,92.344498,5693
test,2020-01-02 00:00:00+00:00,94.900497,92.391998,92.391998,5694
test,2020-01-03 00:00:00+00:00,93.748497,94.900497,94.900497,5695
test,2020-01-06 00:00:00+00:00,95.143997,93.748497,93.748497,5696
test,2020-01-07 00:00:00+00:00,95.343002,95.143997,95.143997,5697
test,2020-01-08 00:00:00+00:00,94.598503,95.343002,95.343002,5698
test,2020-01-09 00:00:00+00:00,95.052498,94.598503,94.598503,5699
test,2020-01-10 00:00:00+00:00,94.157997,95.052498,95.052498,5700
test,2020-01-13 00:00:00+00:00,94.565002,94.157997,94.157997,5701
test,2020-01-14 00:00:00+00:00,93.472,94.565002,94.565002,5702
test,2020-01-15 00:00:00+00:00,93.100998,93.472,93.472,5703
test,2020-01-16 00:00:00+00:00,93.897003,93.100998,93.100998,5704
test,2020-01-17 00:00:00+00:00,93.236,93.897003,93.897003,5705
test,2020-01-21 00:00:00+00:00,94.599998,93.236,93.236,5706
test,2020-01-22 00:00:00+00:00,94.373001,94.599998,94.599998,5707
test,2020-01-23 00:00:00+00:00,94.228996,94.373001,94.373001,5708
test,2020-01-24 00:00:00+00:00,93.082001,94.228996,94.228996,5709
test,2020-01-27 00:00:00+00:00,91.417,93.082001,93.082001,5710
test,2020-01-28 00:00:00+00:00,92.662498,91.417,91.417,5711
test,2020-01-29 00:00:00+00:00,92.900002,92.662498,92.662498,5712
test,2020-01-30 00:00:00+00:00,93.533997,92.900002,92.900002,5713
test,2020-01-31 00:00:00+00:00,100.435997,93.533997,93.533997,5714
test,2020-02-03 00:00:00+00:00,100.209999,100.435997,100.435997,5715
test,2020-02-04 00:00:00+00:00,102.483498,100.209999,100.209999,5716
test,2020-02-05 00:00:00+00:00,101.9935,102.483498,102.483498,5717
test,2020-02-06 00:00:00+00:00,102.511497,101.9935,101.9935,5718
test,2020-02-07 00:00:00+00:00,103.963997,102.511497,102.511497,5719
test,2020-02-10 00:00:00+00:00,106.695503,103.963997,103.963997,5720
test,2020-02-11 00:00:00+00:00,107.540001,106.695503,106.695503,5721
test,2020-02-12 00:00:00+00:00,108.0,107.540001,107.540001,5722
test,2020-02-13 00:00:00+00:00,107.4935,108.0,108.0,5723
test,2020-02-14 00:00:00+00:00,106.7435,107.4935,107.4935,5724
test,2020-02-18 00:00:00+00:00,107.783501,106.7435,106.7435,5725
test,2020-02-19 00:00:00+00:00,108.511002,107.783501,107.783501,5726
test,2020-02-20 00:00:00+00:00,107.654999,108.511002,108.511002,5727
test,2020-02-21 00:00:00+00:00,104.7985,107.654999,107.654999,5728
test,2020-02-24 00:00:00+00:00,100.4645,104.7985,104.7985,5729
test,2020-02-25 00:00:00+00:00,98.637001,100.4645,100.4645,5730
test,2020-02-26 00:00:00+00:00,98.9795,98.637001,98.637001,5731
test,2020-02-27 00:00:00+00:00,94.214996,98.9795,98.9795,5732
test,2020-02-28 00:00:00+00:00,94.1875,94.214996,94.214996,5733
test,2020-03-02 00:00:00+00:00,97.697502,94.1875,94.1875,5734
test,2020-03-03 00:00:00+00:00,95.449501,97.697502,97.697502,5735
test,2020-03-04 00:00:00+00:00,98.791496,95.449501,95.449501,5736
test,2020-03-05 00:00:00+00:00,96.2015,98.791496,98.791496,5737
test,2020-03-06 00:00:00+00:00,95.054497,96.2015,96.2015,5738
test,2020-03-09 00:00:00+00:00,90.030502,95.054497,95.054497,5739
test,2020-03-10 00:00:00+00:00,94.591003,90.030502,90.030502,5740
test,2020-03-11 00:00:00+00:00,91.042999,94.591003,94.591003,5741
test,2020-03-12 00:00:00+00:00,83.830498,91.042999,91.042999,5742
test,2020-03-13 00:00:00+00:00,89.25,83.830498,83.830498,5743
test,2020-03-16 00:00:00+00:00,84.457497,89.25,89.25,5744
test,2020-03-17 00:00:00+00:00,90.391998,84.457497,84.457497,5745
test,2020-03-18 00:00:00+00:00,91.5,90.391998,90.391998,5746
test,2020-03-19 00:00:00+00:00,94.046501,91.5,91.5,5747
test,2020-03-20 00:00:00+00:00,92.304497,94.046501,94.046501,5748
test,2020-03-23 00:00:00+00:00,95.141502,92.304497,92.304497,5749
test,2020-03-24 00:00:00+00:00,97.004997,95.141502,95.141502,5750
test,2020-03-25 00:00:00+00:00,94.292,97.004997,97.004997,5751
test,2020-03-26 00:00:00+00:00,97.774498,94.292,94.292,5752
test,2020-03-27 00:00:00+00:00,95.004997,97.774498,97.774498,5753
test,2020-03-30 00:00:00+00:00,98.197502,95.004997,95.004997,5754
test,2020-03-31 00:00:00+00:00,97.486,98.197502,98.197502,5755
test,2020-04-01 00:00:00+00:00,95.385002,97.486,97.486,5756
test,2020-04-02 00:00:00+00:00,95.941498,95.385002,95.385002,5757
test,2020-04-03 00:00:00+00:00,95.329498,95.941498,95.941498,5758
test,2020-04-06 00:00:00+00:00,99.879501,95.329498,95.329498,5759
test,2020-04-07 00:00:00+00:00,100.580002,99.879501,99.879501,5760
test,2020-04-08 00:00:00+00:00,102.150002,100.580002,100.580002,5761
test,2020-04-09 00:00:00+00:00,102.138,102.150002,102.150002,5762
test,2020-04-13 00:00:00+00:00,108.443497,102.138,102.138,5763
test,2020-04-14 00:00:00+00:00,114.166,108.443497,108.443497,5764
test,2020-04-15 00:00:00+00:00,115.384003,114.166,114.166,5765
test,2020-04-16 00:00:00+00:00,120.4095,115.384003,115.384003,5766
test,2020-04-17 00:00:00+00:00,118.75,120.4095,120.4095,5767
test,2020-04-20 00:00:00+00:00,119.680496,118.75,118.75,5768
test,2020-04-21 00:00:00+00:00,116.405998,119.680496,119.680496,5769
test,2020-04-22 00:00:00+00:00,118.1745,116.405998,116.405998,5770
test,2020-04-23 00:00:00+00:00,119.972504,118.1745,118.1745,5771
test,2020-04-24 00:00:00+00:00,120.511002,119.972504,119.972504,5772
test,2020-04-27 00:00:00+00:00,118.800003,120.511002,120.511002,5773
test,2020-04-28 00:00:00+00:00,115.704002,118.800003,118.800003,5774
test,2020-04-29 00:00:00+00:00,118.635498,115.704002,115.704002,5775
test,2020-04-30 00:00:00+00:00,123.699997,118.635498,118.635498,5776
test,2020-05-01 00:00:00+00:00,114.302002,123.699997,123.699997,5777
test,2020-05-04 00:00:00+00:00,115.7995,114.302002,114.302002,5778
test,2020-05-05 00:00:00+00:00,115.889999,115.7995,115.7995,5779
test,2020-05-06 00:00:00+00:00,117.563004,115.889999,115.889999,5780
test,2020-05-07 00:00:00+00:00,118.380501,117.563004,117.563004,5781
test,2020-05-08 00:00:00+00:00,118.980499,118.380501,118.380501,5782
test,2020-05-11 00:00:00+00:00,120.449997,118.980499,118.980499,5783
test,2020-05-12 00:00:00+00:00,117.847504,120.449997,120.449997,5784
test,2020-05-13 00:00:00+00:00,118.396004,117.847504,117.847504,5785
test,2020-05-14 00:00:00+00:00,119.442497,118.396004,118.396004,5786
test,2020-05-15 00:00:00+00:00,120.488998,119.442497,119.442497,5787
test,2020-05-18 00:00:00+00:00,121.313004,120.488998,120.488998,5788
test,2020-05-19 00:00:00+00:00,122.466499,121.313004,121.313004,5789
test,2020-05-20 00:00:00+00:00,124.897003,122.466499,122.466499,5790
test,2020-05-21 00:00:00+00:00,122.336998,124.897003,124.897003,5791
test,2020-05-22 00:00:00+00:00,121.844002,122.336998,122.336998,5792
test,2020-05-26 00:00:00+00:00,121.093002,121.844002,121.844002,5793
test,2020-05-27 00:00:00+00:00,120.519501,121.093002,121.093002,5794
test,2020-05-28 00:00:00+00:00,120.055,120.519501,120.519501,5795
test,2020-05-29 00:00:00+00:00,122.1185,120.055,120.055,5796
test,2020-06-01 00:00:00+00:00,123.552002,122.1185,122.1185,5797
test,2020-06-02 00:00:00+00:00,123.620499,123.552002,123.552002,5798
test,2020-06-03 00:00:00+00:00,123.919998,123.620499,123.620499,5799
test,2020-06-04 00:00:00+00:00,123.029999,123.919998,123.919998,5800
test,2020-06-05 00:00:00+00:00,124.150002,123.029999,123.029999,5801
test,2020-06-08 00:00:00+00:00,126.203003,124.150002,124.150002,5802
test,2020-06-09 00:00:00+00:00,130.042999,126.203003,126.203003,5803
test,2020-06-10 00:00:00+00:00,132.372498,130.042999,130.042999,5804
test,2020-06-11 00:00:00+00:00,127.898003,132.372498,132.372498,5805
test,2020-06-12 00:00:00+00:00,127.250999,127.898003,127.898003,5806
test,2020-06-15 00:00:00+00:00,128.634003,127.250999,127.250999,5807
test,2020-06-16 00:00:00+00:00,130.763504,128.634003,128.634003,5808
test,2020-06-17 00:00:00+00:00,132.048996,130.763504,130.763504,5809
test,2020-06-18 00:00:00+00:00,132.699005,132.048996,132.048996,5810
test,2020-06-19 00:00:00+00:00,133.750504,132.699005,132.699005,5811
test,2020-06-22 00:00:00+00:00,135.690994,133.750504,133.750504,5812
test,2020-06-23 00:00:00+00:00,138.220505,135.690994,135.690994,5813
test,2020-06-24 00:00:00+00:00,136.720001,138.220505,138.220505,5814
test,2020-06-25 00:00:00+00:00,137.729004,136.720001,136.720001,5815
test,2020-06-26 00:00:00+00:00,134.643494,137.729004,137.729004,5816
test,2020-06-29 00:00:00+00:00,134.018997,134.643494,134.643494,5817
test,2020-06-30 00:00:00+00:00,137.940994,134.018997,134.018997,5818
test,2020-07-01 00:00:00+00:00,143.934998,137.940994,137.940994,5819
test,2020-07-02 00:00:00+00:00,144.514999,143.934998,143.934998,5820
test,2020-07-06 00:00:00+00:00,152.852005,144.514999,144.514999,5821
test,2020-07-07 00:00:00+00:00,150.005997,152.852005,152.852005,5822
test,2020-07-08 00:00:00+00:00,154.055496,150.005997,150.005997,5823
test,2020-07-09 00:00:00+00:00,159.1315,154.055496,154.055496,5824
test,2020-07-10 00:00:00+00:00,160.0,159.1315,159.1315,5825
test,2020-07-13 00:00:00+00:00,155.199997,160.0,160.0,5826
test,2020-07-14 00:00:00+00:00,154.199997,155.199997,155.199997,5827
test,2020-07-15 00:00:00+00:00,150.443497,154.199997,154.199997,5828
test,2020-07-16 00:00:00+00:00,149.994995,150.443497,150.443497,5829
test,2020-07-17 00:00:00+00:00,148.098495,149.994995,149.994995,5830
test,2020-07-20 00:00:00+00:00,159.841995,148.098495,148.098495,5831
test,2020-07-21 00:00:00+00:00,156.914505,159.841995,159.841995,5832
test,2020-07-22 00:00:00+00:00,154.995499,156.914505,156.914505,5833
test,2020-07-23 00:00:00+00:00,149.327499,154.995499,154.995499,5834
test,2020-07-24 00:00:00+00:00,150.445496,149.327499,149.327499,5835
test,2020-07-27 00:00:00+00:00,152.760498,150.445496,150.445496,5836
test,2020-07-28 00:00:00+00:00,150.016495,152.760498,152.760498,5837
test,2020-07-29 00:00:00+00:00,151.676498,150.016495,150.016495,5838
test,2020-07-30 00:00:00+00:00,152.593994,151.676498,151.676498,5839
test,2020-07-31 00:00:00+00:00,158.233994,152.593994,152.593994,5840
test,2020-08-03 00:00:00+00:00,155.594498,158.233994,158.233994,5841
test,2020-08-04 00:00:00+00:00,156.941498,155.594498,155.594498,5842
test,2020-08-05 00:00:00+00:00,160.251495,156.941498,156.941498,5843
test,2020-08-06 00:00:00+00:00,161.25,160.251495,160.251495,5844
test,2020-08-07 00:00:00+00:00,158.373001,161.25,161.25,5845
test,2020-08-10 00:00:00+00:00,157.408005,158.373001,158.373001,5846
test,2020-08-11 00:00:00+00:00,154.033493,157.408005,157.408005,5847
test,2020-08-12 00:00:00+00:00,158.112,154.033493,154.033493,5848
test,2020-08-13 00:00:00+00:00,158.050995,158.112,158.112,5849
test,2020-08-14 00:00:00+00:00,157.401001,158.050995,158.050995,5850
test,2020-08-17 00:00:00+00:00,159.120499,157.401001,157.401001,5851
test,2020-08-18 00:00:00+00:00,165.624496,159.120499,159.120499,5852
test,2020-08-19 00:00:00+00:00,163.024002,165.624496,165.624496,5853
test,2020-08-20 00:00:00+00:00,164.8685,163.024002,163.024002,5854
test,2020-08-21 00:00:00+00:00,164.235992,164.8685,164.8685,5855
test,2020-08-24 00:00:00+00:00,165.373001,164.235992,164.235992,5856
test,2020-08-25 00:00:00+00:00,167.324493,165.373001,165.373001,5857
test,2020-08-26 00:00:00+00:00,172.092499,167.324493,167.324493,5858
test,2020-08-27 00:00:00+00:00,170.0,172.092499,172.092499,5859
test,2020-08-28 00:00:00+00:00,170.089996,170.0,170.0,5860
test,2020-08-31 00:00:00+00:00,172.548004,170.089996,170.089996,5861
test,2020-09-01 00:00:00+00:00,174.955994,172.548004,172.548004,5862
test,2020-09-02 00:00:00+00:00,176.572495,174.955994,174.955994,5863
test,2020-09-03 00:00:00+00:00,168.399994,176.572495,176.572495,5864
test,2020-09-04 00:00:00+00:00,164.731003,168.399994,168.399994,5865
test,2020-09-08 00:00:00+00:00,157.492004,164.731003,164.731003,5866
test,2020-09-09 00:00:00+00:00,163.430496,157.492004,157.492004,5867
test,2020-09-10 00:00:00+00:00,158.755493,163.430496,163.430496,5868
test,2020-09-11 00:00:00+00:00,155.811005,158.755493,158.755493,5869
test,2020-09-14 00:00:00+00:00,155.148499,155.811005,155.811005,5870
test,2020-09-15 00:00:00+00:00,157.806503,155.148499,155.148499,5871
test,2020-09-16 00:00:00+00:00,153.904999,157.806503,157.806503,5872
test,2020-09-17 00:00:00+00:00,150.436493,153.904999,153.904999,5873
test,2020-09-18 00:00:00+00:00,147.745499,150.436493,150.436493,5874
test,2020-09-21 00:00:00+00:00,148.023499,147.745499,147.745499,5875
test,2020-09-22 00:00:00+00:00,156.449493,148.023499,148.023499,5876
test,2020-09-23 00:00:00+00:00,149.992996,156.449493,156.449493,5877
test,2020-09-24 00:00:00+00:00,150.989502,149.992996,149.992996,5878
test,2020-09-25 00:00:00+00:00,154.7565,150.989502,150.989502,5879
test,2020-09-28 00:00:00+00:00,158.702499,154.7565,154.7565,5880
test,2020-09-29 00:00:00+00:00,157.244003,158.702499,158.702499,5881
test,2020-09-30 00:00:00+00:00,157.436493,157.244003,157.244003,5882
test,2020-10-01 00:00:00+00:00,161.063004,157.436493,157.436493,5883
test,2020-10-02 00:00:00+00:00,156.25,161.063004,161.063004,5884
test,2020-10-05 00:00:00+00:00,159.960007,156.25,156.25,5885
test,2020-10-06 00:00:00+00:00,154.998001,159.960007,159.960007,5886
test,2020-10-07 00:00:00+00:00,159.7845,154.998001,154.998001,5887
test,2020-10-08 00:00:00+00:00,159.527496,159.7845,159.7845,5888
test,2020-10-09 00:00:00+00:00,164.332504,159.527496,159.527496,5889
test,2020-10-12 00:00:00+00:00,172.1465,164.332504,164.332504,5890
test,2020-10-13 00:00:00+00:00,172.181503,172.1465,172.1465,5891
test,2020-10-14 00:00:00+00:00,168.185501,172.181503,172.181503,5892
test,2020-10-15 00:00:00+00:00,166.932495,168.185501,168.185501,5893
test,2020-10-16 00:00:00+00:00,163.635498,166.932495,166.932495,5894
test,2020-10-19 00:00:00+00:00,160.360504,163.635498,163.635498,5895
test,2020-10-20 00:00:00+00:00,160.850494,160.360504,160.360504,5896
test,2020-10-21 00:00:00+00:00,159.246994,160.850494,160.850494,5897
test,2020-10-22 00:00:00+00:00,158.820007,159.246994,159.246994,5898
test,2020-10-23 00:00:00+00:00,160.220001,158.820007,158.820007,5899
test,2020-10-26 00:00:00+00:00,160.352005,160.220001,160.220001,5900
test,2020-10-27 00:00:00+00:00,164.316498,160.352005,160.352005,5901
test,2020-10-28 00:00:00+00:00,158.139008,164.316498,164.316498,5902
test,2020-10-29 00:00:00+00:00,160.550507,158.139008,158.139008,5903
test,2020-10-30 00:00:00+00:00,151.807495,160.550507,160.550507,5904
test,2020-11-02 00:00:00+00:00,150.223999,151.807495,151.807495,5905
test,2020-11-03 00:00:00+00:00,152.420502,150.223999,150.223999,5906
test,2020-11-04 00:00:00+00:00,162.057999,152.420502,152.420502,5907
test,2020-11-05 00:00:00+00:00,166.100006,162.057999,162.057999,5908
test,2020-11-06 00:00:00+00:00,165.568497,166.100006,166.100006,5909
test,2020-11-09 00:00:00+00:00,157.186996,165.568497,165.568497,5910
test,2020-11-10 00:00:00+00:00,151.751007,157.186996,157.186996,5911
test,2020-11-11 00:00:00+00:00,156.869507,151.751007,151.751007,5912
test,2020-11-12 00:00:00+00:00,155.514008,156.869507,156.869507,5913
test,2020-11-13 00:00:00+00:00,156.440506,155.514008,155.514008,5914
test,2020-11-16 00:00:00+00:00,156.552994,156.440506,156.440506,5915
test,2020-11-17 00:00:00+00:00,156.783005,156.552994,156.552994,5916
test,2020-11-18 00:00:00+00:00,155.272995,156.783005,156.783005,5917
test,2020-11-19 00:00:00+00:00,155.850998,155.272995,155.272995,5918
test,2020-11-20 00:00:00+00:00,154.970001,155.850998,155.850998,5919
test,2020-11-23 00:00:00+00:00,154.919495,154.970001,154.970001,5920
test,2020-11-24 00:00:00+00:00,155.903,154.919495,154.919495,5921
test,2020-11-25 00:00:00+00:00,159.253494,155.903,155.903,5922
test,2020-11-27 00:00:00+00:00,159.766998,159.253494,159.253494,5923
test,2020-11-30 00:00:00+00:00,158.401993,159.766998,159.766998,5924
test,2020-12-01 00:00:00+00:00,161.003998,158.401993,158.401993,5925
test,2020-12-02 00:00:00+00:00,160.176498,161.003998,161.003998,5926
test,2020-12-03 00:00:00+00:00,159.336502,160.176498,160.176498,5927
test,2020-12-04 00:00:00+00:00,158.128998,159.336502,159.336502,5928
test,2020-12-07 00:00:00+00:00,157.899994,158.128998,158.128998,5929
test,2020-12-08 00:00:00+00:00,158.864502,157.899994,157.899994,5930
test,2020-12-09 00:00:00+00:00,155.210007,158.864502,158.864502,5931
test,2020-12-10 00:00:00+00:00,155.074493,155.210007,155.210007,5932
test,2020-12-11 00:00:00+00:00,155.820999,155.074493,155.074493,5933
test,2020-12-14 00:00:00+00:00,157.848495,155.820999,155.820999,5934
test,2020-12-15 00:00:00+00:00,158.255997,157.848495,157.848495,5935
test,2020-12-16 00:00:00+00:00,162.048004,158.255997,158.255997,5936
test,2020-12-17 00:00:00+00:00,161.804001,162.048004,162.048004,5937
test,2020-12-18 00:00:00+00:00,160.082504,161.804001,161.804001,5938
test,2020-12-21 00:00:00+00:00,160.309006,160.082504,160.082504,5939
test,2020-12-22 00:00:00+00:00,160.326004,160.309006,160.309006,5940
test,2020-12-23 00:00:00+00:00,159.263504,160.326004,160.326004,5941
test,2020-12-24 00:00:00+00:00,158.634506,159.263504,159.263504,5942
test,2020-12-28 00:00:00+00:00,164.197998,158.634506,158.634506,5943
test,2020-12-29 00:00:00+00:00,166.100006,164.197998,164.197998,5944
test,2020-12-30 00:00:00+00:00,164.292496,166.100006,166.100006,5945
test,2020-12-31 00:00:00+00:00,162.846497,164.292496,164.292496,5946
test,2021-01-04 00:00:00+00:00,159.331497,162.846497,162.846497,5947
test,2021-01-05 00:00:00+00:00,160.925507,159.331497,159.331497,5948
test,2021-01-06 00:00:00+00:00,156.919006,160.925507,160.925507,5949
test,2021-01-07 00:00:00+00:00,158.108002,156.919006,156.919006,5950
test,2021-01-08 00:00:00+00:00,159.134995,158.108002,158.108002,5951
test,2021-01-11 00:00:00+00:00,155.710495,159.134995,159.134995,5952
test,2021-01-12 00:00:00+00:00,156.041504,155.710495,155.710495,5953
test,2021-01-13 00:00:00+00:00,158.294495,156.041504,156.041504,5954
test,2021-01-14 00:00:00+00:00,156.373505,158.294495,158.294495,5955
test,2021-01-15 00:00:00+00:00,155.212494,156.373505,156.373505,5956
test,2021-01-19 00:00:00+00:00,156.037994,155.212494,155.212494,5957
test,2021-01-20 00:00:00+00:00,163.169006,156.037994,156.037994,5958
test,2021-01-21 00:00:00+00:00,165.349503,163.169006,163.169006,5959
test,2021-01-22 00:00:00+00:00,164.611496,165.349503,165.349503,5960
test,2021-01-25 00:00:00+00:00,164.699997,164.611496,164.611496,5961
test,2021-01-26 00:00:00+00:00,166.306503,164.699997,164.699997,5962
test,2021-01-27 00:00:00+00:00,161.628998,166.306503,166.306503,5963
test,2021-01-28 00:00:00+00:00,161.880997,161.628998,161.628998,5964
test,2021-01-29 00:00:00+00:00,160.309998,161.880997,161.880997,5965
test,2021-02-01 00:00:00+00:00,167.143997,160.309998,160.309998,5966
test,2021-02-02 00:00:00+00:00,169.0,167.143997,167.143997,5967
test,2021-02-03 00:00:00+00:00,165.626495,169.0,169.0,5968
test,2021-02-04 00:00:00+00:00,166.550003,165.626495,165.626495,5969
test,2021-02-05 00:00:00+00:00,167.607498,166.550003,166.550003,5970
test,2021-02-08 00:00:00+00:00,166.147003,167.607498,167.607498,5971
test,2021-02-09 00:00:00+00:00,165.25,166.147003,166.147003,5972
test,2021-02-10 00:00:00+00:00,164.328995,165.25,165.25,5973
test,2021-02-11 00:00:00+00:00,163.106506,164.328995,164.328995,5974
test,2021-02-12 00:00:00+00:00,163.885498,163.106506,163.106506,5975
test,2021-02-16 00:00:00+00:00,163.447495,163.885498,163.885498,5976
test,2021-02-17 00:00:00+00:00,165.432007,163.447495,163.447495,5977
test,2021-02-18 00:00:00+00:00,166.411499,165.432007,165.432007,5978
test,2021-02-19 00:00:00+00:00,162.494995,166.411499,166.411499,5979
test,2021-02-22 00:00:00+00:00,159.037003,162.494995,162.494995,5980
test,2021-02-23 00:00:00+00:00,159.725006,159.037003,159.037003,5981
test,2021-02-24 00:00:00+00:00,157.976501,159.725006,159.725006,5982
test,2021-02-25 00:00:00+00:00,152.858002,157.976501,157.976501,5983
test,2021-02-26 00:00:00+00:00,154.6465,152.858002,152.858002,5984
test,2021-03-01 00:00:00+00:00,157.307007,154.6465,154.6465,5985
test,2021-03-02 00:00:00+00:00,154.726501,157.307007,157.307007,5986
test,2021-03-03 00:00:00+00:00,150.25,154.726501,154.726501,5987
test,2021-03-04 00:00:00+00:00,148.878494,150.25,150.25,5988
test,2021-03-05 00:00:00+00:00,150.022995,148.878494,148.878494,5989
test,2021-03-08 00:00:00+00:00,147.597504,150.022995,150.022995,5990
test,2021-03-09 00:00:00+00:00,153.142502,147.597504,147.597504,5991
test,2021-03-10 00:00:00+00:00,152.882004,153.142502,153.142502,5992
test,2021-03-11 00:00:00+00:00,155.679504,152.882004,152.882004,5993
test,2021-03-12 00:00:00+00:00,154.474503,155.679504,155.679504,5994
test,2021-03-15 00:00:00+00:00,154.084,154.474503,154.474503,5995
test,2021-03-16 00:00:00+00:00,154.593002,154.084,154.084,5996
test,2021-03-17 00:00:00+00:00,156.786499,154.593002,154.593002,5997
test,2021-03-18 00:00:00+00:00,151.399506,156.786499,156.786499,5998
test,2021-03-19 00:00:00+00:00,153.748001,151.399506,151.399506,5999
test,2021-03-22 00:00:00+00:00,155.543503,153.748001,153.748001,6000
test,2021-03-23 00:00:00+00:00,156.875,155.543503,155.543503,6001
test,2021-03-24 00:00:00+00:00,154.3535,156.875,156.875,6002
test,2021-03-25 00:00:00+00:00,152.313004,154.3535,154.3535,6003
test,2021-03-26 00:00:00+00:00,152.601501,152.313004,152.313004,6004
test,2021-03-29 00:00:00+00:00,153.786499,152.601501,152.601501,6005
test,2021-03-30 00:00:00+00:00,152.764496,153.786499,153.786499,6006
test,2021-03-31 00:00:00+00:00,154.703995,152.764496,152.764496,6007
test,2021-04-01 00:00:00+00:00,158.050003,154.703995,154.703995,6008
test,2021-04-05 00:00:00+00:00,161.336502,158.050003,158.050003,6009
test,2021-04-06 00:00:00+00:00,161.190994,161.336502,161.336502,6010
test,2021-04-07 00:00:00+00:00,163.969498,161.190994,161.190994,6011
test,2021-04-08 00:00:00+00:00,164.964996,163.969498,163.969498,6012
test,2021-04-09 00:00:00+00:00,168.610001,164.964996,164.964996,6013
test,2021-04-12 00:00:00+00:00,168.969498,168.610001,168.610001,6014
test,2021-04-13 00:00:00+00:00,170.0,168.969498,168.969498,6015
test,2021-04-14 00:00:00+00:00,166.649994,170.0,170.0,6016
test,2021-04-15 00:00:00+00:00,168.954498,166.649994,166.649994,6017
test,2021-04-16 00:00:00+00:00,169.972,168.954498,168.954498,6018
test,2021-04-19 00:00:00+00:00,168.600494,169.972,169.972,6019
test,2021-04-20 00:00:00+00:00,166.734497,168.600494,168.600494,6020
test,2021-04-21 00:00:00+00:00,168.100998,166.734497,166.734497,6021
test,2021-04-22 00:00:00+00:00,165.451996,168.100998,168.100998,6022
test,2021-04-23 00:00:00+00:00,167.044006,165.451996,165.451996,6023
test,2021-04-26 00:00:00+00:00,170.449997,167.044006,167.044006,6024
test,2021-04-27 00:00:00+00:00,170.871506,170.449997,170.449997,6025
test,2021-04-28 00:00:00+00:00,172.925003,170.871506,170.871506,6026
test,2021-04-29 00:00:00+00:00,173.565506,172.925003,172.925003,6027
test,2021-04-30 00:00:00+00:00,173.371002,173.565506,173.565506,6028
test,2021-05-03 00:00:00+00:00,169.324493,173.371002,173.371002,6029
test,2021-05-04 00:00:00+00:00,165.593506,169.324493,169.324493,6030
test,2021-05-05 00:00:00+00:00,163.526993,165.593506,165.593506,6031
test,2021-05-06 00:00:00+00:00,165.318497,163.526993,163.526993,6032
test,2021-05-07 00:00:00+00:00,164.580505,165.318497,165.318497,6033
test,2021-05-10 00:00:00+00:00,159.524506,164.580505,164.580505,6034
test,2021-05-11 00:00:00+00:00,161.195496,159.524506,159.524506,6035
test,2021-05-12 00:00:00+00:00,157.597,161.195496,161.195496,6036
test,2021-05-13 00:00:00+00:00,158.073502,157.597,157.597,6037
test,2021-05-14 00:00:00+00:00,161.145004,158.073502,158.073502,6038
test,2021-05-17 00:00:00+00:00,163.519501,161.145004,161.145004,6039
test,2021-05-18 00:00:00+00:00,161.613998,163.519501,163.519501,6040
test,2021-05-19 00:00:00+00:00,161.589996,161.613998,161.613998,6041
test,2021-05-20 00:00:00+00:00,162.384003,161.589996,161.589996,6042
test,2021-05-21 00:00:00+00:00,160.154007,162.384003,162.384003,6043
test,2021-05-24 00:00:00+00:00,162.249496,160.154007,160.154007,6044
test,2021-05-25 00:00:00+00:00,162.952499,162.249496,162.249496,6045
test,2021-05-26 00:00:00+00:00,163.257996,162.952499,162.952499,6046
test,2021-05-27 00:00:00+00:00,161.505493,163.257996,163.257996,6047
test,2021-05-28 00:00:00+00:00,161.153503,161.505493,161.505493,6048
test,2021-06-01 00:00:00+00:00,160.932495,161.153503,161.153503,6049
test,2021-06-02 00:00:00+00:00,161.699493,160.932495,160.932495,6050
test,2021-06-03 00:00:00+00:00,159.350494,161.699493,161.699493,6051
test,2021-06-04 00:00:00+00:00,160.311005,159.350494,159.350494,6052
test,2021-06-07 00:00:00+00:00,159.900497,160.311005,160.311005,6053
test,2021-06-08 00:00:00+00:00,163.205505,159.900497,159.900497,6054
test,2021-06-09 00:00:00+00:00,164.057495,163.205505,163.205505,6055
test,2021-06-10 00:00:00+00:00,167.482498,164.057495,164.057495,6056
test,2021-06-11 00:00:00+00:00,167.341507,167.482498,167.482498,6057
test,2021-06-14 00:00:00+00:00,169.193497,167.341507,167.341507,6058
test,2021-06-15 00:00:00+00:00,169.156494,169.193497,169.193497,6059
test,2021-06-16 00:00:00+00:00,170.762497,169.156494,169.156494,6060
test,2021-06-17 00:00:00+00:00,174.462006,170.762497,170.762497,6061
test,2021-06-18 00:00:00+00:00,174.345001,174.462006,174.462006,6062
test,2021-06-21 00:00:00+00:00,172.697998,174.345001,174.345001,6063
test,2021-06-22 00:00:00+00:00,175.272003,172.697998,172.697998,6064
test,2021-06-23 00:00:00+00:00,175.190994,175.272003,175.272003,6065
test,2021-06-24 00:00:00+00:00,172.453995,175.190994,175.190994,6066
test,2021-06-25 00:00:00+00:00,170.072998,172.453995,172.453995,6067
test,2021-06-28 00:00:00+00:00,172.194504,170.072998,170.072998,6068
test,2021-06-29 00:00:00+00:00,172.406998,172.194504,172.194504,6069
test,2021-06-30 00:00:00+00:00,172.007996,172.406998,172.406998,6070
test,2021-07-01 00:00:00+00:00,171.648499,172.007996,172.007996,6071
test,2021-07-02 00:00:00+00:00,175.548996,171.648499,171.648499,6072
test,2021-07-06 00:00:00+00:00,183.787003,175.548996,175.548996,6073
test,2021-07-07 00:00:00+00:00,184.828995,183.787003,183.787003,6074
test,2021-07-08 00:00:00+00:00,186.570496,184.828995,184.828995,6075
test,2021-07-09 00:00:00+00:00,185.966995,186.570496,186.570496,6076
test,2021-07-12 00:00:00+00:00,185.927505,185.966995,185.966995,6077
test,2021-07-13 00:00:00+00:00,183.867996,185.927505,185.927505,6078
test,2021-07-14 00:00:00+00:00,184.084,183.867996,183.867996,6079
test,2021-07-15 00:00:00+00:00,181.559998,184.084,184.084,6080
test,2021-07-16 00:00:00+00:00,178.681503,181.559998,181.559998,6081
test,2021-07-19 00:00:00+00:00,177.479507,178.681503,178.681503,6082
test,2021-07-20 00:00:00+00:00,178.6595,177.479507,177.479507,6083
test,2021-07-21 00:00:00+00:00,179.259995,178.6595,178.6595,6084
test,2021-07-22 00:00:00+00:00,181.901505,179.259995,179.259995,6085
test,2021-07-23 00:00:00+00:00,182.832001,181.901505,181.901505,6086
test,2021-07-26 00:00:00+00:00,184.990997,182.832001,182.832001,6087
test,2021-07-27 00:00:00+00:00,181.319504,184.990997,184.990997,6088
test,2021-07-28 00:00:00+00:00,181.516006,181.319504,181.319504,6089
test,2021-07-29 00:00:00+00:00,179.996002,181.516006,181.516006,6090
test,2021-07-30 00:00:00+00:00,166.379501,179.996002,179.996002,6091
test,2021-08-02 00:00:00+00:00,166.574005,166.379501,166.379501,6092
test,2021-08-03 00:00:00+00:00,168.311996,166.574005,166.574005,6093
test,2021-08-04 00:00:00+00:00,167.735992,168.311996,168.311996,6094
test,2021-08-05 00:00:00+00:00,168.7995,167.735992,167.735992,6095
test,2021-08-06 00:00:00+00:00,167.246994,168.7995,168.7995,6096
test,2021-08-09 00:00:00+00:00,167.093506,167.246994,167.246994,6097
test,2021-08-10 00:00:00+00:00,166.033997,167.093506,167.093506,6098
test,2021-08-11 00:00:00+00:00,164.605499,166.033997,166.033997,6099
test,2021-08-12 00:00:00+00:00,165.175003,164.605499,164.605499,6100
test,2021-08-13 00:00:00+00:00,164.698502,165.175003,165.175003,6101
test,2021-08-16 00:00:00+00:00,164.949493,164.698502,164.698502,6102
test,2021-08-17 00:00:00+00:00,162.098007,164.949493,164.949493,6103
test,2021-08-18 00:00:00+00:00,160.061005,162.098007,162.098007,6104
test,2021-08-19 00:00:00+00:00,159.387497,160.061005,160.061005,6105
test,2021-08-20 00:00:00+00:00,159.997498,159.387497,159.387497,6106
test,2021-08-23 00:00:00+00:00,163.293503,159.997498,159.997498,6107
test,2021-08-24 00:00:00+00:00,165.289001,163.293503,163.293503,6108
test,2021-08-25 00:00:00+00:00,164.959,165.289001,165.289001,6109
test,2021-08-26 00:00:00+00:00,165.800003,164.959,164.959,6110
test,2021-08-27 00:00:00+00:00,167.481506,165.800003,165.800003,6111
test,2021-08-30 00:00:00+00:00,171.078506,167.481506,167.481506,6112
test,2021-08-31 00:00:00+00:00,173.539505,171.078506,171.078506,6113
test,2021-09-01 00:00:00+00:00,173.949997,173.539505,173.539505,6114
test,2021-09-02 00:00:00+00:00,173.156006,173.949997,173.949997,6115
test,2021-09-03 00:00:00+00:00,173.902496,173.156006,173.156006,6116
test,2021-09-07 00:00:00+00:00,175.464493,173.902496,173.902496,6117
test,2021-09-08 00:00:00+00:00,176.274994,175.464493,175.464493,6118
test,2021-09-09 00:00:00+00:00,174.207993,176.274994,176.274994,6119
test,2021-09-10 00:00:00+00:00,173.457504,174.207993,174.207993,6120
test,2021-09-13 00:00:00+00:00,172.858505,173.457504,173.457504,6121
test,2021-09-14 00:00:00+00:00,172.5,172.858505,172.858505,6122
test,2021-09-15 00:00:00+00:00,173.789505,172.5,172.5,6123
test,2021-09-16 00:00:00+00:00,174.412003,173.789505,173.789505,6124
test,2021-09-17 00:00:00+00:00,173.126007,174.412003,174.412003,6125
test,2021-09-20 00:00:00+00:00,167.786499,173.126007,173.126007,6126
test,2021-09-21 00:00:00+00:00,167.181503,167.786499,167.786499,6127
test,2021-09-22 00:00:00+00:00,169.002502,167.181503,167.181503,6128
test,2021-09-23 00:00:00+00:00,170.800003,169.002502,169.002502,6129
test,2021-09-24 00:00:00+00:00,171.276001,170.800003,170.800003,6130
test,2021-09-27 00:00:00+00:00,170.289993,171.276001,171.276001,6131
test,2021-09-28 00:00:00+00:00,165.798004,170.289993,170.289993,6132
test,2021-09-29 00:00:00+00:00,165.056,165.798004,165.798004,6133
test,2021-09-30 00:00:00+00:00,164.251999,165.056,165.056,6134
test,2021-10-01 00:00:00+00:00,164.162994,164.251999,164.251999,6135
test,2021-10-04 00:00:00+00:00,159.488998,164.162994,164.162994,6136
test,2021-10-05 00:00:00+00:00,161.050003,159.488998,159.488998,6137
test,2021-10-06 00:00:00+00:00,163.100494,161.050003,161.050003,6138
test,2021-10-07 00:00:00+00:00,165.121506,163.100494,163.100494,6139
test,2021-10-08 00:00:00+00:00,164.431,165.121506,165.121506,6140
test,2021-10-11 00:00:00+00:00,162.315002,164.431,164.431,6141
test,2021-10-12 00:00:00+00:00,162.366501,162.315002,162.315002,6142
test,2021-10-13 00:00:00+00:00,164.214005,162.366501,162.366501,6143
test,2021-10-14 00:00:00+00:00,164.992996,164.214005,164.214005,6144
test,2021-10-15 00:00:00+00:00,170.451004,164.992996,164.992996,6145
test,2021-10-18 00:00:00+00:00,172.337006,170.451004,170.451004,6146
test,2021-10-19 00:00:00+00:00,172.207504,172.337006,172.337006,6147
test,2021-10-20 00:00:00+00:00,170.753006,172.207504,172.207504,6148
test,2021-10-21 00:00:00+00:00,171.750504,170.753006,170.753006,6149
test,2021-10-22 00:00:00+00:00,166.777496,171.750504,171.750504,6150
test,2021-10-25 00:00:00+00:00,166.018494,166.777496,166.777496,6151
test,2021-10-26 00:00:00+00:00,168.803497,166.018494,166.018494,6152
test,2021-10-27 00:00:00+00:00,169.624496,168.803497,168.803497,6153
test,2021-10-28 00:00:00+00:00,172.328506,169.624496,169.624496,6154
test,2021-10-29 00:00:00+00:00,168.621506,172.328506,172.328506,6155
test,2021-11-01 00:00:00+00:00,165.905502,168.621506,168.621506,6156
test,2021-11-02 00:00:00+00:00,165.637497,165.905502,165.905502,6157
test,2021-11-03 00:00:00+00:00,169.199997,165.637497,165.637497,6158
test,2021-11-04 00:00:00+00:00,173.850006,169.199997,169.199997,6159
test,2021-11-05 00:00:00+00:00,175.949493,173.850006,173.850006,6160
test,2021-11-08 00:00:00+00:00,174.449005,175.949493,175.949493,6161
test,2021-11-09 00:00:00+00:00,178.811493,174.449005,174.449005,6162
test,2021-11-10 00:00:00+00:00,174.102493,178.811493,178.811493,6163
test,2021-11-11 00:00:00+00:00,173.625,174.102493,174.102493,6164
test,2021-11-12 00:00:00+00:00,176.257507,173.625,173.625,6165
test,2021-11-15 00:00:00+00:00,177.283997,176.257507,176.257507,6166
test,2021-11-16 00:00:00+00:00,177.035004,177.283997,177.283997,6167
test,2021-11-17 00:00:00+00:00,177.449997,177.035004,177.035004,6168
test,2021-11-18 00:00:00+00:00,184.802994,177.449997,177.449997,6169
test,2021-11-19 00:00:00+00:00,183.828506,184.802994,184.802994,6170
test,2021-11-22 00:00:00+00:00,178.628494,183.828506,183.828506,6171
test,2021-11-23 00:00:00+00:00,179.001999,178.628494,178.628494,6172
test,2021-11-24 00:00:00+00:00,179.020493,179.001999,179.001999,6173
test,2021-11-26 00:00:00+00:00,175.227997,179.020493,179.020493,6174
test,2021-11-29 00:00:00+00:00,178.078506,175.227997,175.227997,6175
test,2021-11-30 00:00:00+00:00,175.3535,178.078506,178.078506,6176
test,2021-12-01 00:00:00+00:00,172.186005,175.3535,175.3535,6177
test,2021-12-02 00:00:00+00:00,171.867996,172.186005,172.186005,6178
test,2021-12-03 00:00:00+00:00,169.489502,171.867996,171.867996,6179
test,2021-12-06 00:00:00+00:00,171.3685,169.489502,169.489502,6180
test,2021-12-07 00:00:00+00:00,176.164505,171.3685,171.3685,6181
test,2021-12-08 00:00:00+00:00,176.158005,176.164505,176.164505,6182
test,2021-12-09 00:00:00+00:00,174.171005,176.158005,176.158005,6183
test,2021-12-10 00:00:00+00:00,172.212006,174.171005,174.171005,6184
test,2021-12-13 00:00:00+00:00,169.567505,172.212006,172.212006,6185
test,2021-12-14 00:00:00+00:00,169.091507,169.567505,169.567505,6186
test,2021-12-15 00:00:00+00:00,173.315002,169.091507,169.091507,6187
test,2021-12-16 00:00:00+00:00,168.871002,173.315002,173.315002,6188
test,2021-12-17 00:00:00+00:00,170.017502,168.871002,168.871002,6189
test,2021-12-20 00:00:00+00:00,167.078995,170.017502,170.017502,6190
test,2021-12-21 00:00:00+00:00,170.417007,167.078995,167.078995,6191
test,2021-12-22 00:00:00+00:00,171.037003,170.417007,170.417007,6192
test,2021-12-23 00:00:00+00:00,171.068497,171.037003,171.037003,6193
test,2021-12-27 00:00:00+00:00,169.669495,171.068497,171.068497,6194
test,2021-12-28 00:00:00+00:00,170.660995,169.669495,169.669495,6195
test,2021-12-29 00:00:00+00:00,169.201004,170.660995,170.660995,6196
test,2021-12-30 00:00:00+00:00,168.644501,169.201004,169.201004,6197
test,2021-12-31 00:00:00+00:00,166.716995,168.644501,168.644501,6198
test,2022-01-03 00:00:00+00:00,170.404495,166.716995,166.716995,6199
test,2022-01-04 00:00:00+00:00,167.522003,170.404495,170.404495,6200
test,2022-01-05 00:00:00+00:00,164.356995,167.522003,167.522003,6201
test,2022-01-06 00:00:00+00:00,163.253998,164.356995,164.356995,6202
test,2022-01-07 00:00:00+00:00,162.554001,163.253998,163.253998,6203
test,2022-01-10 00:00:00+00:00,161.485992,162.554001,162.554001,6204
test,2022-01-11 00:00:00+00:00,165.362,161.485992,161.485992,6205
test,2022-01-12 00:00:00+00:00,165.207001,165.362,165.362,6206
test,2022-01-13 00:00:00+00:00,161.214005,165.207001,165.207001,6207
test,2022-01-14 00:00:00+00:00,162.138,161.214005,161.214005,6208
test,2022-01-18 00:00:00+00:00,158.917496,162.138,162.138,6209
test,2022-01-19 00:00:00+00:00,156.298996,158.917496,158.917496,6210
test,2022-01-20 00:00:00+00:00,151.667496,156.298996,156.298996,6211
test,2022-01-21 00:00:00+00:00,142.643005,151.667496,151.667496,6212
test,2022-01-24 00:00:00+00:00,144.544006,142.643005,142.643005,6213
test,2022-01-25 00:00:00+00:00,139.985992,144.544006,144.544006,6214
test,2022-01-26 00:00:00+00:00,138.872498,139.985992,139.985992,6215
test,2022-01-27 00:00:00+00:00,139.637497,138.872498,138.872498,6216
test,2022-01-28 00:00:00+00:00,143.977997,139.637497,139.637497,6217
test,2022-01-31 00:00:00+00:00,149.573502,143.977997,143.977997,6218
test,2022-02-01 00:00:00+00:00,151.193497,149.573502,149.573502,6219
test,2022-02-02 00:00:00+00:00,150.612503,151.193497,151.193497,6220
test,2022-02-03 00:00:00+00:00,138.845505,150.612503,150.612503,6221
test,2022-02-04 00:00:00+00:00,157.639496,138.845505,138.845505,6222
test,2022-02-07 00:00:00+00:00,157.935501,157.639496,157.639496,6223
test,2022-02-08 00:00:00+00:00,161.413498,157.935501,157.935501,6224
test,2022-02-09 00:00:00+00:00,161.189499,161.413498,161.413498,6225
test,2022-02-10 00:00:00+00:00,159.003494,161.189499,161.189499,6226
test,2022-02-11 00:00:00+00:00,153.293503,159.003494,159.003494,6227
test,2022-02-14 00:00:00+00:00,155.167007,153.293503,153.293503,6228
test,2022-02-15 00:00:00+00:00,156.510498,155.167007,155.167007,6229
test,2022-02-16 00:00:00+00:00,158.100494,156.510498,156.510498,6230
test,2022-02-17 00:00:00+00:00,154.652496,158.100494,158.100494,6231
test,2022-02-18 00:00:00+00:00,152.601501,154.652496,154.652496,6232
test,2022-02-22 00:00:00+00:00,150.197495,152.601501,152.601501,6233
test,2022-02-23 00:00:00+00:00,144.826996,150.197495,150.197495,6234
test,2022-02-24 00:00:00+00:00,151.358002,144.826996,144.826996,6235
test,2022-02-25 00:00:00+00:00,153.788498,151.358002,151.358002,6236
test,2022-02-28 00:00:00+00:00,153.563004,153.788498,153.788498,6237
test,2022-03-01 00:00:00+00:00,151.141998,153.563004,153.563004,6238
test,2022-03-02 00:00:00+00:00,152.052505,151.141998,151.141998,6239
test,2022-03-03 00:00:00+00:00,147.898499,152.052505,152.052505,6240
test,2022-03-04 00:00:00+00:00,145.641006,147.898499,147.898499,6241
test,2022-03-07 00:00:00+00:00,137.453003,145.641006,145.641006,6242
test,2022-03-08 00:00:00+00:00,136.014496,137.453003,137.453003,6243
test,2022-03-09 00:00:00+00:00,139.279007,136.014496,136.014496,6244
test,2022-03-10 00:00:00+00:00,146.817505,139.279007,139.279007,6245
test,2022-03-11 00:00:00+00:00,145.524506,146.817505,146.817505,6246
test,2022-03-14 00:00:00+00:00,141.852997,145.524506,145.524506,6247
test,2022-03-15 00:00:00+00:00,147.366501,141.852997,141.852997,6248
test,2022-03-16 00:00:00+00:00,153.104004,147.366501,147.366501,6249
test,2022-03-17 00:00:00+00:00,157.238998,153.104004,153.104004,6250
test,2022-03-18 00:00:00+00:00,161.250504,157.238998,157.238998,6251
test,2022-03-21 00:00:00+00:00,161.491501,161.250504,161.250504,6252
test,2022-03-22 00:00:00+00:00,164.889008,161.491501,161.491501,6253
test,2022-03-23 00:00:00+00:00,163.408005,164.889008,164.889008,6254
test,2022-03-24 00:00:00+00:00,163.649506,163.408005,163.408005,6255
test,2022-03-25 00:00:00+00:00,164.773499,163.649506,163.649506,6256
test,2022-03-28 00:00:00+00:00,168.990494,164.773499,164.773499,6257
test,2022-03-29 00:00:00+00:00,169.315002,168.990494,168.990494,6258
test,2022-03-30 00:00:00+00:00,166.300995,169.315002,169.315002,6259
test,2022-03-31 00:00:00+00:00,162.997498,166.300995,166.300995,6260
test,2022-04-01 00:00:00+00:00,163.559998,162.997498,162.997498,6261
test,2022-04-04 00:00:00+00:00,168.346497,163.559998,163.559998,6262
test,2022-04-05 00:00:00+00:00,164.054993,168.346497,168.346497,6263
test,2022-04-06 00:00:00+00:00,158.755997,164.054993,164.054993,6264
test,2022-04-07 00:00:00+00:00,157.7845,158.755997,158.755997,6265
test,2022-04-08 00:00:00+00:00,154.460495,157.7845,157.7845,6266
test,2022-04-11 00:00:00+00:00,151.121994,154.460495,154.460495,6267
test,2022-04-12 00:00:00+00:00,150.787506,151.121994,151.121994,6268
test,2022-04-13 00:00:00+00:00,155.541,150.787506,150.787506,6269
test,2022-04-14 00:00:00+00:00,151.706497,155.541,155.541,6270
test,2022-04-18 00:00:00+00:00,152.785004,151.706497,151.706497,6271
test,2022-04-19 00:00:00+00:00,158.115494,152.785004,152.785004,6272
test,2022-04-20 00:00:00+00:00,153.998001,158.115494,158.115494,6273
test,2022-04-21 00:00:00+00:00,148.296005,153.998001,153.998001,6274
test,2022-04-22 00:00:00+00:00,144.350006,148.296005,148.296005,6275
test,2022-04-25 00:00:00+00:00,146.074005,144.350006,144.350006,6276
test,2022-04-26 00:00:00+00:00,139.391006,146.074005,146.074005,6277
test,2022-04-27 00:00:00+00:00,138.167007,139.391006,139.391006,6278
test,2022-04-28 00:00:00+00:00,144.596497,138.167007,138.167007,6279
test,2022-04-29 00:00:00+00:00,124.281502,144.596497,144.596497,6280
test,2022-05-02 00:00:00+00:00,124.5,124.281502,124.281502,6281
test,2022-05-03 00:00:00+00:00,124.253502,124.5,124.5,6282
test,2022-05-04 00:00:00+00:00,125.928497,124.253502,124.253502,6283
test,2022-05-05 00:00:00+00:00,116.406998,125.928497,125.928497,6284
test,2022-05-06 00:00:00+00:00,114.772499,116.406998,116.406998,6285
test,2022-05-09 00:00:00+00:00,108.789001,114.772499,114.772499,6286
test,2022-05-10 00:00:00+00:00,108.859001,108.789001,108.789001,6287
test,2022-05-11 00:00:00+00:00,105.372002,108.859001,108.859001,6288
test,2022-05-12 00:00:00+00:00,106.930496,105.372002,105.372002,6289
test,2022-05-13 00:00:00+00:00,113.055,106.930496,106.930496,6290
test,2022-05-16 00:00:00+00:00,110.810501,113.055,113.055,6291
test,2022-05-17 00:00:00+00:00,115.3685,110.810501,110.810501,6292
test,2022-05-18 00:00:00+00:00,107.112503,115.3685,115.3685,6293
test,2022-05-19 00:00:00+00:00,107.319,107.112503,107.112503,6294
test,2022-05-20 00:00:00+00:00,107.591003,107.319,107.319,6295
test,2022-05-23 00:00:00+00:00,107.556999,107.591003,107.591003,6296
test,2022-05-24 00:00:00+00:00,104.099998,107.556999,107.556999,6297
test,2022-05-25 00:00:00+00:00,106.775002,104.099998,104.099998,6298
test,2022-05-26 00:00:00+00:00,111.077499,106.775002,106.775002,6299
test,2022-05-27 00:00:00+00:00,115.1465,111.077499,111.077499,6300
test,2022-05-31 00:00:00+00:00,120.209503,115.1465,115.1465,6301
test,2022-06-01 00:00:00+00:00,121.683998,120.209503,120.209503,6302
test,2022-06-02 00:00:00+00:00,125.511002,121.683998,121.683998,6303
test,2022-06-03 00:00:00+00:00,122.349998,125.511002,125.511002,6304
test,2022-06-06 00:00:00+00:00,124.790001,122.349998,122.349998,6305
test,2022-06-07 00:00:00+00:00,123.0,124.790001,124.790001,6306
test,2022-06-08 00:00:00+00:00,121.18,123.0,123.0,6307
test,2022-06-09 00:00:00+00:00,116.150002,121.18,121.18,6308
test,2022-06-10 00:00:00+00:00,109.650002,116.150002,116.150002,6309
test,2022-06-13 00:00:00+00:00,103.669998,109.650002,109.650002,6310
test,2022-06-14 00:00:00+00:00,102.309998,103.669998,103.669998,6311
test,2022-06-15 00:00:00+00:00,107.669998,102.309998,102.309998,6312
test,2022-06-16 00:00:00+00:00,103.660004,107.669998,107.669998,6313
test,2022-06-17 00:00:00+00:00,106.220001,103.660004,103.660004,6314
test,2022-06-21 00:00:00+00:00,108.68,106.220001,106.220001,6315
test,2022-06-22 00:00:00+00:00,108.949997,108.68,108.68,6316
test,2022-06-23 00:00:00+00:00,112.440002,108.949997,108.949997,6317
test,2022-06-24 00:00:00+00:00,116.459999,112.440002,112.440002,6318
test,2022-06-27 00:00:00+00:00,113.220001,116.459999,116.459999,6319
test,2022-06-28 00:00:00+00:00,107.400002,113.220001,113.220001,6320
test,2022-06-29 00:00:00+00:00,108.919998,107.400002,107.400002,6321
test,2022-06-30 00:00:00+00:00,106.209999,108.919998,108.919998,6322
test,2022-07-01 00:00:00+00:00,109.559998,106.209999,106.209999,6323
test,2022-07-05 00:00:00+00:00,113.5,109.559998,109.559998,6324
test,2022-07-06 00:00:00+00:00,114.330002,113.5,113.5,6325
test,2022-07-07 00:00:00+00:00,116.330002,114.330002,114.330002,6326
test,2022-07-08 00:00:00+00:00,115.540001,116.330002,116.330002,6327
test,2022-07-11 00:00:00+00:00,111.75,115.540001,115.540001,6328
test,2022-07-12 00:00:00+00:00,109.220001,111.75,111.75,6329
test,2022-07-13 00:00:00+00:00,110.400002,109.220001,109.220001,6330
test,2022-07-14 00:00:00+00:00,110.629997,110.400002,110.400002,6331
test,2022-07-15 00:00:00+00:00,113.550003,110.629997,110.629997,6332
test,2022-07-18 00:00:00+00:00,113.760002,113.550003,113.550003,6333
test,2022-07-19 00:00:00+00:00,118.209999,113.760002,113.760002,6334
test,2022-07-20 00:00:00+00:00,122.769997,118.209999,118.209999,6335
test,2022-07-21 00:00:00+00:00,124.629997,122.769997,122.769997,6336
test,2022-07-22 00:00:00+00:00,122.419998,124.629997,124.629997,6337
test,2022-07-25 00:00:00+00:00,121.139999,122.419998,122.419998,6338
test,2022-07-26 00:00:00+00:00,114.809998,121.139999,121.139999,6339
test,2022-07-27 00:00:00+00:00,120.970001,114.809998,114.809998,6340
test,2022-07-28 00:00:00+00:00,122.279999,120.970001,120.970001,6341
test,2022-07-29 00:00:00+00:00,134.949997,122.279999,122.279999,6342
test,2022-08-01 00:00:00+00:00,135.389999,134.949997,134.949997,6343
test,2022-08-02 00:00:00+00:00,134.160004,135.389999,135.389999,6344
test,2022-08-03 00:00:00+00:00,139.520004,134.160004,134.160004,6345
test,2022-08-04 00:00:00+00:00,142.570007,139.520004,139.520004,6346
test,2022-08-05 00:00:00+00:00,140.800003,142.570007,142.570007,6347
test,2022-08-08 00:00:00+00:00,139.410004,140.800003,140.800003,6348
test,2022-08-09 00:00:00+00:00,137.830002,139.410004,139.410004,6349
test,2022-08-10 00:00:00+00:00,142.690002,137.830002,137.830002,6350
test,2022-08-11 00:00:00+00:00,140.639999,142.690002,142.690002,6351
test,2022-08-12 00:00:00+00:00,143.550003,140.639999,140.639999,6352
test,2022-08-15 00:00:00+00:00,143.179993,143.550003,143.550003,6353
test,2022-08-16 00:00:00+00:00,144.779999,143.179993,143.179993,6354
test,2022-08-17 00:00:00+00:00,142.100006,144.779999,144.779999,6355
test,2022-08-18 00:00:00+00:00,142.300003,142.100006,142.100006,6356
test,2022-08-19 00:00:00+00:00,138.229996,142.300003,142.300003,6357
test,2022-08-22 00:00:00+00:00,133.220001,138.229996,138.229996,6358
test,2022-08-23 00:00:00+00:00,133.619995,133.220001,133.220001,6359
test,2022-08-24 00:00:00+00:00,133.800003,133.619995,133.619995,6360
test,2022-08-25 00:00:00+00:00,137.279999,133.800003,133.800003,6361
test,2022-08-26 00:00:00+00:00,130.75,137.279999,137.279999,6362
test,2022-08-29 00:00:00+00:00,129.789993,130.75,130.75,6363
test,2022-08-30 00:00:00+00:00,128.729996,129.789993,129.789993,6364
test,2022-08-31 00:00:00+00:00,126.769997,128.729996,128.729996,6365
test,2022-09-01 00:00:00+00:00,127.82,126.769997,126.769997,6366
test,2022-09-02 00:00:00+00:00,127.510002,127.82,127.82,6367
test,2022-09-06 00:00:00+00:00,126.110001,127.510002,127.510002,6368
test,2022-09-07 00:00:00+00:00,129.479996,126.110001,126.110001,6369
test,2022-09-08 00:00:00+00:00,129.820007,129.479996,129.479996,6370
test,2022-09-09 00:00:00+00:00,133.270004,129.820007,129.820007,6371
test,2022-09-12 00:00:00+00:00,136.449997,133.270004,133.270004,6372
test,2022-09-13 00:00:00+00:00,126.82,136.449997,136.449997,6373
test,2022-09-14 00:00:00+00:00,128.550003,126.82,126.82,6374
test,2022-09-15 00:00:00+00:00,126.279999,128.550003,128.550003,6375
test,2022-09-16 00:00:00+00:00,123.529999,126.279999,126.279999,6376
test,2022-09-19 00:00:00+00:00,124.660004,123.529999,123.529999,6377
test,2022-09-20 00:00:00+00:00,122.190002,124.660004,124.660004,6378
test,2022-09-21 00:00:00+00:00,118.540001,122.190002,122.190002,6379
test,2022-09-22 00:00:00+00:00,117.309998,118.540001,118.540001,6380
test,2022-09-23 00:00:00+00:00,113.779999,117.309998,117.309998,6381
test,2022-09-26 00:00:00+00:00,115.150002,113.779999,113.779999,6382
test,2022-09-27 00:00:00+00:00,114.410004,115.150002,115.150002,6383
test,2022-09-28 00:00:00+00:00,118.010002,114.410004,114.410004,6384
test,2022-09-29 00:00:00+00:00,114.800003,118.010002,118.010002,6385
test,2022-09-30 00:00:00+00:00,113.0,114.800003,114.800003,6386
test,2022-10-03 00:00:00+00:00,115.879997,113.0,113.0,6387
test,2022-10-04 00:00:00+00:00,121.089996,115.879997,115.879997,6388
test,2022-10-05 00:00:00+00:00,120.949997,121.089996,121.089996,6389
test,2022-10-06 00:00:00+00:00,120.300003,120.949997,120.949997,6390
test,2022-10-07 00:00:00+00:00,114.559998,120.300003,120.300003,6391
test,2022-10-10 00:00:00+00:00,113.669998,114.559998,114.559998,6392
test,2022-10-11 00:00:00+00:00,112.209999,113.669998,113.669998,6393
test,2022-10-12 00:00:00+00:00,112.900002,112.209999,112.209999,6394
test,2022-10-13 00:00:00+00:00,112.529999,112.900002,112.900002,6395
test,2022-10-14 00:00:00+00:00,106.900002,112.529999,112.529999,6396
test,2022-10-17 00:00:00+00:00,113.790001,106.900002,106.900002,6397
test,2022-10-18 00:00:00+00:00,116.360001,113.790001,113.790001,6398
test,2022-10-19 00:00:00+00:00,115.07,116.360001,116.360001,6399
test,2022-10-20 00:00:00+00:00,115.25,115.07,115.07,6400
test,2022-10-21 00:00:00+00:00,119.32,115.25,115.25,6401
test,2022-10-24 00:00:00+00:00,119.82,119.32,119.32,6402
test,2022-10-25 00:00:00+00:00,120.599998,119.82,119.82,6403
test,2022-10-26 00:00:00+00:00,115.660004,120.599998,120.599998,6404
test,2022-10-27 00:00:00+00:00,110.959999,115.660004,115.660004,6405
test,2022-10-28 00:00:00+00:00,103.410004,110.959999,110.959999,6406
test,2022-10-31 00:00:00+00:00,102.440002,103.410004,103.410004,6407
test,2022-11-01 00:00:00+00:00,96.790001,102.440002,102.440002,6408
test,2022-11-02 00:00:00+00:00,92.120003,96.790001,96.790001,6409
test,2022-11-03 00:00:00+00:00,89.300003,92.120003,92.120003,6410
test,2022-11-04 00:00:00+00:00,90.980003,89.300003,89.300003,6411
test,2022-11-07 00:00:00+00:00,90.529999,90.980003,90.980003,6412
test,2022-11-08 00:00:00+00:00,89.980003,90.529999,90.529999,6413
test,2022-11-09 00:00:00+00:00,86.139999,89.980003,89.980003,6414
test,2022-11-10 00:00:00+00:00,96.629997,86.139999,86.139999,6415
test,2022-11-11 00:00:00+00:00,100.790001,96.629997,96.629997,6416
test,2022-11-14 00:00:00+00:00,98.489998,100.790001,100.790001,6417
test,2022-11-15 00:00:00+00:00,98.940002,98.489998,98.489998,6418
test,2022-11-16 00:00:00+00:00,97.120003,98.940002,98.940002,6419
test,2022-11-17 00:00:00+00:00,94.849998,97.120003,97.120003,6420
test,2022-11-18 00:00:00+00:00,94.139999,94.849998,94.849998,6421
test,2022-11-21 00:00:00+00:00,92.459999,94.139999,94.139999,6422
test,2022-11-22 00:00:00+00:00,93.199997,92.459999,92.459999,6423
test,2022-11-23 00:00:00+00:00,94.129997,93.199997,93.199997,6424
test,2022-11-25 00:00:00+00:00,93.410004,94.129997,94.129997,6425
test,2022-11-28 00:00:00+00:00,93.949997,93.410004,93.410004,6426
test,2022-11-29 00:00:00+00:00,92.419998,93.949997,93.949997,6427
test,2022-11-30 00:00:00+00:00,96.540001,92.419998,92.419998,6428
test,2022-12-01 00:00:00+00:00,95.5,96.540001,96.540001,6429
test,2022-12-02 00:00:00+00:00,94.129997,95.5,95.5,6430
test,2022-12-05 00:00:00+00:00,91.010002,94.129997,94.129997,6431
test,2022-12-06 00:00:00+00:00,88.25,91.010002,91.010002,6432
test,2022-12-07 00:00:00+00:00,88.459999,88.25,88.25,6433
test,2022-12-08 00:00:00+00:00,90.349998,88.459999,88.459999,6434
test,2022-12-09 00:00:00+00:00,89.089996,90.349998,90.349998,6435
test,2022-12-12 00:00:00+00:00,90.550003,89.089996,89.089996,6436
test,2022-12-13 00:00:00+00:00,92.489998,90.550003,90.550003,6437
test,2022-12-14 00:00:00+00:00,91.580002,92.489998,92.489998,6438
test,2022-12-15 00:00:00+00:00,88.449997,91.580002,91.580002,6439
test,2022-12-16 00:00:00+00:00,87.860001,88.449997,88.449997,6440
test,2022-12-19 00:00:00+00:00,84.919998,87.860001,87.860001,6441
test,2022-12-20 00:00:00+00:00,85.190002,84.919998,84.919998,6442
test,2022-12-21 00:00:00+00:00,86.769997,85.190002,85.190002,6443
test,2022-12-22 00:00:00+00:00,83.790001,86.769997,86.769997,6444
test,2022-12-23 00:00:00+00:00,85.25,83.790001,83.790001,6445
test,2022-12-27 00:00:00+00:00,83.040001,85.25,85.25,6446
test,2022-12-28 00:00:00+00:00,81.82,83.040001,83.040001,6447
test,2022-12-29 00:00:00+00:00,84.18,81.82,81.82,6448
test,2022-12-30 00:00:00+00:00,84.0,84.18,84.18,6449
test,2023-01-03 00:00:00+00:00,85.82,84.0,84.0,6450
test,2023-01-04 00:00:00+00:00,85.139999,85.82,85.82,6451
test,2023-01-05 00:00:00+00:00,83.120003,85.139999,85.139999,6452
test,2023-01-06 00:00:00+00:00,86.080002,83.120003,83.120003,6453
test,2023-01-09 00:00:00+00:00,87.360001,86.080002,86.080002,6454
test,2023-01-10 00:00:00+00:00,89.870003,87.360001,87.360001,6455
test,2023-01-11 00:00:00+00:00,95.089996,89.870003,89.870003,6456
test,2023-01-12 00:00:00+00:00,95.269997,95.089996,95.089996,6457
test,2023-01-13 00:00:00+00:00,98.120003,95.269997,95.269997,6458
test,2023-01-17 00:00:00+00:00,96.050003,98.120003,98.120003,6459
test,2023-01-18 00:00:00+00:00,95.459999,96.050003,96.050003,6460
test,2023-01-19 00:00:00+00:00,93.68,95.459999,95.459999,6461
test,2023-01-20 00:00:00+00:00,97.25,93.68,93.68,6462
test,2023-01-23 00:00:00+00:00,97.519997,97.25,97.25,6463
test,2023-01-24 00:00:00+00:00,96.32,97.519997,97.519997,6464
test,2023-01-25 00:00:00+00:00,97.18,96.32,96.32,6465
test,2023-01-26 00:00:00+00:00,99.220001,97.18,97.18,6466
test,2023-01-27 00:00:00+00:00,102.239998,99.220001,99.220001,6467
test,2023-01-30 00:00:00+00:00,100.550003,102.239998,102.239998,6468
test,2023-01-31 00:00:00+00:00,103.129997,100.550003,100.550003,6469
test,2023-02-01 00:00:00+00:00,105.150002,103.129997,103.129997,6470
test,2023-02-02 00:00:00+00:00,112.910004,105.150002,105.150002,6471
test,2023-02-03 00:00:00+00:00,103.389999,112.910004,112.910004,6472
test,2023-02-06 00:00:00+00:00,102.18,103.389999,103.389999,6473
test,2023-02-07 00:00:00+00:00,102.110001,102.18,102.18,6474
test,2023-02-08 00:00:00+00:00,100.050003,102.110001,102.110001,6475
test,2023-02-09 00:00:00+00:00,98.239998,100.050003,100.050003,6476
test,2023-02-10 00:00:00+00:00,97.610001,98.239998,98.239998,6477
test,2023-02-13 00:00:00+00:00,99.540001,97.610001,97.610001,6478
test,2023-02-14 00:00:00+00:00,99.699997,99.540001,99.540001,6479
test,2023-02-15 00:00:00+00:00,101.160004,99.699997,99.699997,6480
test,2023-02-16 00:00:00+00:00,98.150002,101.160004,101.160004,6481
test,2023-02-17 00:00:00+00:00,97.199997,98.150002,98.150002,6482
test,2023-02-21 00:00:00+00:00,94.580002,97.199997,97.199997,6483
test,2023-02-22 00:00:00+00:00,95.790001,94.580002,94.580002,6484
test,2023-02-23 00:00:00+00:00,95.82,95.790001,95.790001,6485
test,2023-02-24 00:00:00+00:00,93.5,95.82,95.82,6486
test,2023-02-27 00:00:00+00:00,93.760002,93.5,93.5,6487
test,2023-02-28 00:00:00+00:00,94.230003,93.760002,93.760002,6488
test,2023-03-01 00:00:00+00:00,92.169998,94.230003,94.230003,6489
test,2023-03-02 00:00:00+00:00,92.129997,92.169998,92.169998,6490
test,2023-03-03 00:00:00+00:00,94.900002,92.129997,92.129997,6491
test,2023-03-06 00:00:00+00:00,93.75,94.900002,94.900002,6492
test,2023-03-07 00:00:00+00:00,93.550003,93.75,93.75,6493
test,2023-03-08 00:00:00+00:00,93.919998,93.550003,93.550003,6494
test,2023-03-09 00:00:00+00:00,92.25,93.919998,93.919998,6495
test,2023-03-10 00:00:00+00:00,90.730003,92.25,92.25,6496
test,2023-03-13 00:00:00+00:00,92.43,90.730003,90.730003,6497
test,2023-03-14 00:00:00+00:00,94.879997,92.43,92.43,6498
test,2023-03-15 00:00:00+00:00,96.199997,94.879997,94.879997,6499
test,2023-03-16 00:00:00+00:00,100.040001,96.199997,96.199997,6500
test,2023-03-17 00:00:00+00:00,98.949997,100.040001,100.040001,6501
test,2023-03-20 00:00:00+00:00,97.709999,98.949997,98.949997,6502
test,2023-03-21 00:00:00+00:00,100.610001,97.709999,97.709999,6503
test,2023-03-22 00:00:00+00:00,98.699997,100.610001,100.610001,6504
test,2023-03-23 00:00:00+00:00,98.709999,98.699997,98.699997,6505
test,2023-03-24 00:00:00+00:00,98.129997,98.709999,98.709999,6506
test,2023-03-27 00:00:00+00:00,98.040001,98.129997,98.129997,6507
test,2023-03-28 00:00:00+00:00,97.239998,98.040001,98.040001,6508
test,2023-03-29 00:00:00+00:00,100.25,97.239998,97.239998,6509
test,2023-03-30 00:00:00+00:00,102.0,100.25,100.25,6510
test,2023-03-31 00:00:00+00:00,103.290001,102.0,102.0,6511
test,2023-04-03 00:00:00+00:00,102.410004,103.290001,103.290001,6512
test,2023-04-04 00:00:00+00:00,103.949997,102.410004,102.410004,6513
test,2023-04-05 00:00:00+00:00,101.099998,103.949997,103.949997,6514
test,2023-04-06 00:00:00+00:00,102.059998,101.099998,101.099998,6515
test,2023-04-10 00:00:00+00:00,102.169998,102.059998,102.059998,6516
test,2023-04-11 00:00:00+00:00,99.919998,102.169998,102.169998,6517
test,2023-04-12 00:00:00+00:00,97.830002,99.919998,99.919998,6518
test,2023-04-13 00:00:00+00:00,102.400002,97.830002,97.830002,6519
test,2023-04-14 00:00:00+00:00,102.510002,102.400002,102.400002,6520
test,2023-04-17 00:00:00+00:00,102.739998,102.510002,102.510002,6521
test,2023-04-18 00:00:00+00:00,102.300003,102.739998,102.739998,6522
test,2023-04-19 00:00:00+00:00,104.300003,102.300003,102.300003,6523
test,2023-04-20 00:00:00+00:00,103.809998,104.300003,104.300003,6524
test,2023-04-21 00:00:00+00:00,106.959999,103.809998,103.809998,6525
test,2023-04-24 00:00:00+00:00,106.209999,106.959999,106.959999,6526
test,2023-04-25 00:00:00+00:00,102.57,106.209999,106.209999,6527
test,2023-04-26 00:00:00+00:00,104.980003,102.57,102.57,6528
test,2023-04-27 00:00:00+00:00,109.82,104.980003,104.980003,6529
test,2023-04-28 00:00:00+00:00,105.449997,109.82,109.82,6530
test,2023-05-01 00:00:00+00:00,102.050003,105.449997,105.449997,6531
test,2023-05-02 00:00:00+00:00,103.629997,102.050003,102.050003,6532
test,2023-05-03 00:00:00+00:00,103.650002,103.629997,103.629997,6533
test,2023-05-04 00:00:00+00:00,104.0,103.650002,103.650002,6534
test,2023-05-05 00:00:00+00:00,105.660004,104.0,104.0,6535
test,2023-05-08 00:00:00+00:00,105.830002,105.660004,105.660004,6536
test,2023-05-09 00:00:00+00:00,106.620003,105.830002,105.830002,6537
test,2023-05-10 00:00:00+00:00,110.190002,106.620003,106.620003,6538
test,2023-05-11 00:00:00+00:00,112.18,110.190002,110.190002,6539
test,2023-05-12 00:00:00+00:00,110.260002,112.18,112.18,6540
test,2023-05-15 00:00:00+00:00,111.199997,110.260002,110.260002,6541
test,2023-05-16 00:00:00+00:00,113.400002,111.199997,111.199997,6542
test,2023-05-17 00:00:00+00:00,115.5,113.400002,113.400002,6543
test,2023-05-18 00:00:00+00:00,118.150002,115.5,115.5,6544
test,2023-05-19 00:00:00+00:00,116.25,118.150002,118.150002,6545
test,2023-05-22 00:00:00+00:00,115.010002,116.25,116.25,6546
test,2023-05-23 00:00:00+00:00,114.989998,115.010002,115.010002,6547
test,2023-05-24 00:00:00+00:00,116.75,114.989998,114.989998,6548
test,2023-05-25 00:00:00+00:00,115.0,116.75,116.75,6549
test,2023-05-26 00:00:00+00:00,120.110001,115.0,115.0,6550
test,2023-05-30 00:00:00+00:00,121.660004,120.110001,120.110001,6551
test,2023-05-31 00:00:00+00:00,120.580002,121.660004,121.660004,6552
test,2023-06-01 00:00:00+00:00,122.769997,120.580002,120.580002,6553
test,2023-06-02 00:00:00+00:00,124.25,122.769997,122.769997,6554
test,2023-06-05 00:00:00+00:00,125.300003,124.25,124.25,6555
test,2023-06-06 00:00:00+00:00,126.610001,125.300003,125.300003,6556
test,2023-06-07 00:00:00+00:00,121.230003,126.610001,126.610001,6557
test,2023-06-08 00:00:00+00:00,124.25,121.230003,121.230003,6558
test,2023-06-09 00:00:00+00:00,123.43,124.25,124.25,6559
test,2023-06-12 00:00:00+00:00,126.57,123.43,123.43,6560
test,2023-06-13 00:00:00+00:00,126.660004,126.57,126.57,6561
test,2023-06-14 00:00:00+00:00,126.419998,126.660004,126.660004,6562
test,2023-06-15 00:00:00+00:00,127.110001,126.419998,126.419998,6563
test,2023-06-16 00:00:00+00:00,125.489998,127.110001,127.110001,6564
test,2023-06-20 00:00:00+00:00,125.779999,125.489998,125.489998,6565
test,2023-06-21 00:00:00+00:00,124.830002,125.779999,125.779999,6566
test,2023-06-22 00:00:00+00:00,130.149994,124.830002,124.830002,6567
test,2023-06-23 00:00:00+00:00,129.330002,130.149994,130.149994,6568
test,2023-06-26 00:00:00+00:00,127.330002,129.330002,129.330002,6569
test,2023-06-27 00:00:00+00:00,129.179993,127.330002,127.330002,6570
test,2023-06-28 00:00:00+00:00,129.039993,129.179993,129.179993,6571
test,2023-06-29 00:00:00+00:00,127.900002,129.039993,129.039993,6572
test,2023-06-30 00:00:00+00:00,130.360001,127.900002,127.900002,6573
test,2023-07-03 00:00:00+00:00,130.220001,130.360001,130.360001,6574
test,2023-07-05 00:00:00+00:00,130.380005,130.220001,130.220001,6575
test,2023-07-06 00:00:00+00:00,128.360001,130.380005,130.380005,6576
test,2023-07-07 00:00:00+00:00,129.779999,128.360001,128.360001,6577
test,2023-07-10 00:00:00+00:00,127.129997,129.779999,129.779999,6578
test,2023-07-11 00:00:00+00:00,128.779999,127.129997,127.129997,6579
test,2023-07-12 00:00:00+00:00,130.800003,128.779999,128.779999,6580
test,2023-07-13 00:00:00+00:00,134.300003,130.800003,130.800003,6581
test,2023-07-14 00:00:00+00:00,134.679993,134.300003,134.300003,6582
test,2023-07-17 00:00:00+00:00,133.559998,134.679993,134.679993,6583
test,2023-07-18 00:00:00+00:00,132.830002,133.559998,133.559998,6584
test,2023-07-19 00:00:00+00:00,135.360001,132.830002,132.830002,6585
test,2023-07-20 00:00:00+00:00,129.960007,135.360001,135.360001,6586
test,2023-07-21 00:00:00+00:00,130.0,129.960007,129.960007,6587
test,2023-07-24 00:00:00+00:00,128.800003,130.0,130.0,6588
test,2023-07-25 00:00:00+00:00,129.130005,128.800003,128.800003,6589
test,2023-07-26 00:00:00+00:00,128.149994,129.130005,129.130005,6590
test,2023-07-27 00:00:00+00:00,128.25,128.149994,128.149994,6591
test,2023-07-28 00:00:00+00:00,132.210007,128.25,128.25,6592
test,2023-07-31 00:00:00+00:00,133.679993,132.210007,132.210007,6593
test,2023-08-01 00:00:00+00:00,131.690002,133.679993,133.679993,6594
test,2023-08-02 00:00:00+00:00,128.210007,131.690002,131.690002,6595
test,2023-08-03 00:00:00+00:00,128.910004,128.210007,128.210007,6596
test,2023-08-04 00:00:00+00:00,139.570007,128.910004,128.910004,6597
test,2023-08-07 00:00:00+00:00,142.220001,139.570007,139.570007,6598
test,2023-08-08 00:00:00+00:00,139.940002,142.220001,142.220001,6599
test,2023-08-09 00:00:00+00:00,137.850006,139.940002,139.940002,6600
test,2023-08-10 00:00:00+00:00,138.559998,137.850006,137.850006,6601
test,2023-08-11 00:00:00+00:00,138.410004,138.559998,138.559998,6602
test,2023-08-14 00:00:00+00:00,140.570007,138.410004,138.410004,6603
test,2023-08-15 00:00:00+00:00,137.669998,140.570007,140.570007,6604
test,2023-08-16 00:00:00+00:00,135.070007,137.669998,137.669998,6605
test,2023-08-17 00:00:00+00:00,133.979996,135.070007,135.070007,6606
test,2023-08-18 00:00:00+00:00,133.220001,133.979996,133.979996,6607
test,2023-08-21 00:00:00+00:00,134.679993,133.220001,133.220001,6608
test,2023-08-22 00:00:00+00:00,134.25,134.679993,134.679993,6609
test,2023-08-23 00:00:00+00:00,135.520004,134.25,134.25,6610
test,2023-08-24 00:00:00+00:00,131.839996,135.520004,135.520004,6611
test,2023-08-25 00:00:00+00:00,133.259995,131.839996,131.839996,6612
test,2023-08-28 00:00:00+00:00,133.139999,133.259995,133.259995,6613
test,2023-08-29 00:00:00+00:00,134.910004,133.139999,133.139999,6614
test,2023-08-30 00:00:00+00:00,135.070007,134.910004,134.910004,6615
test,2023-08-31 00:00:00+00:00,138.009995,135.070007,135.070007,6616
test,2023-09-01 00:00:00+00:00,138.119995,138.009995,138.009995,6617
test,2023-09-05 00:00:00+00:00,137.270004,138.119995,138.119995,6618
test,2023-09-06 00:00:00+00:00,135.360001,137.270004,137.270004,6619
test,2023-09-07 00:00:00+00:00,137.850006,135.360001,135.360001,6620
test,2023-09-08 00:00:00+00:00,138.229996,137.850006,137.850006,6621
test,2023-09-11 00:00:00+00:00,143.100006,138.229996,138.229996,6622
test,2023-09-12 00:00:00+00:00,141.229996,143.100006,143.100006,6623
test,2023-09-13 00:00:00+00:00,144.850006,141.229996,141.229996,6624
test,2023-09-14 00:00:00+00:00,144.720001,144.850006,144.850006,6625
test,2023-09-15 00:00:00+00:00,140.389999,144.720001,144.720001,6626
test,2023-09-18 00:00:00+00:00,139.979996,140.389999,140.389999,6627
test,2023-09-19 00:00:00+00:00,137.630005,139.979996,139.979996,6628
test,2023-09-20 00:00:00+00:00,135.289993,137.630005,137.630005,6629
test,2023-09-21 00:00:00+00:00,129.330002,135.289993,135.289993,6630
test,2023-09-22 00:00:00+00:00,129.119995,129.330002,129.330002,6631
test,2023-09-25 00:00:00+00:00,131.270004,129.119995,129.119995,6632
test,2023-09-26 00:00:00+00:00,125.980003,131.270004,131.270004,6633
test,2023-09-27 00:00:00+00:00,125.980003,125.980003,125.980003,6634
test,2023-09-28 00:00:00+00:00,125.980003,125.980003,125.980003,6635
test,2023-09-29 00:00:00+00:00,127.120003,125.980003,125.980003,6636
test,2023-10-02 00:00:00+00:00,129.460007,127.120003,127.120003,6637
test,2023-10-03 00:00:00+00:00,124.720001,129.460007,129.460007,6638
test,2023-10-04 00:00:00+00:00,127.0,124.720001,124.720001,6639
test,2023-10-05 00:00:00+00:00,125.959999,127.0,127.0,6640
test,2023-10-06 00:00:00+00:00,127.959999,125.959999,125.959999,6641
test,2023-10-09 00:00:00+00:00,128.259995,127.959999,127.959999,6642
test,2023-10-10 00:00:00+00:00,129.479996,128.259995,128.259995,6643
test,2023-10-11 00:00:00+00:00,131.830002,129.479996,129.479996,6644
test,2023-10-12 00:00:00+00:00,132.330002,131.830002,131.830002,6645
test,2023-10-13 00:00:00+00:00,129.789993,132.330002,132.330002,6646
test,2023-10-16 00:00:00+00:00,132.550003,129.789993,129.789993,6647
test,2023-10-17 00:00:00+00:00,131.470001,132.550003,132.550003,6648
test,2023-10-18 00:00:00+00:00,128.130005,131.470001,131.470001,6649
test,2023-10-19 00:00:00+00:00,128.399994,128.130005,128.130005,6650
test,2023-10-20 00:00:00+00:00,125.169998,128.399994,128.399994,6651
test,2023-10-23 00:00:00+00:00,126.559998,125.169998,125.169998,6652
test,2023-10-24 00:00:00+00:00,128.559998,126.559998,126.559998,6653
test,2023-10-25 00:00:00+00:00,121.389999,128.559998,128.559998,6654
test,2023-10-26 00:00:00+00:00,119.57,121.389999,121.389999,6655
test,2023-10-27 00:00:00+00:00,127.739998,119.57,119.57,6656
test,2023-10-30 00:00:00+00:00,132.710007,127.739998,127.739998,6657
test,2023-10-31 00:00:00+00:00,133.089996,132.710007,132.710007,6658
test,2023-11-01 00:00:00+00:00,137.0,133.089996,133.089996,6659
test,2023-11-02 00:00:00+00:00,138.070007,137.0,137.0,6660
test,2023-11-03 00:00:00+00:00,138.600006,138.070007,138.070007,6661
test,2023-11-06 00:00:00+00:00,139.740005,138.600006,138.600006,6662
test,2023-11-07 00:00:00+00:00,142.710007,139.740005,139.740005,6663
test,2023-11-08 00:00:00+00:00,142.080002,142.710007,142.710007,6664
test,2023-11-09 00:00:00+00:00,140.600006,142.080002,142.080002,6665
test,2023-11-10 00:00:00+00:00,143.559998,140.600006,140.600006,6666
test,2023-11-13 00:00:00+00:00,142.589996,143.559998,143.559998,6667
test,2023-11-14 00:00:00+00:00,145.800003,142.589996,142.589996,6668
test,2023-11-15 00:00:00+00:00,143.199997,145.800003,145.800003,6669
test,2023-11-16 00:00:00+00:00,142.830002,143.199997,143.199997,6670
test,2023-11-17 00:00:00+00:00,145.179993,142.830002,142.830002,6671
test,2023-11-20 00:00:00+00:00,146.130005,145.179993,145.179993,6672
test,2023-11-21 00:00:00+00:00,143.899994,146.130005,146.130005,6673
test,2023-11-22 00:00:00+00:00,146.710007,143.899994,143.899994,6674
test,2023-11-24 00:00:00+00:00,146.740005,146.710007,146.710007,6675
test,2023-11-27 00:00:00+00:00,147.729996,146.740005,146.740005,6676
test,2023-11-28 00:00:00+00:00,147.029999,147.729996,147.729996,6677
test,2023-11-29 00:00:00+00:00,146.320007,147.029999,147.029999,6678
test,2023-11-30 00:00:00+00:00,146.089996,146.320007,146.320007,6679
test,2023-12-01 00:00:00+00:00,147.029999,146.089996,146.089996,6680
test,2023-12-04 00:00:00+00:00,144.839996,147.029999,147.029999,6681
test,2023-12-05 00:00:00+00:00,146.880005,144.839996,144.839996,6682
