split,timestamp,actual,predicted,previous,target_index
validation,2015-12-31 00:00:00+00:00,33.794498,34.45804382904278,34.453499,4687
validation,2016-01-04 00:00:00+00:00,31.849501,33.84797664950081,33.794498,4688
validation,2016-01-05 00:00:00+00:00,31.689501,31.87724937693548,31.849501,4689
validation,2016-01-06 00:00:00+00:00,31.6325,31.77186283621552,31.689501,4690
validation,2016-01-07 00:00:00+00:00,30.396999,31.63411835603833,31.6325,4691
validation,2016-01-08 00:00:00+00:00,30.352501,30.41578942407743,30.396999,4692
validation,2016-01-11 00:00:00+00:00,30.886999,30.43157772460397,30.352501,4693
validation,2016-01-12 00:00:00+00:00,30.894501,30.886749295516562,30.886999,4694
validation,2016-01-13 00:00:00+00:00,29.0905,30.89675134121346,30.894501,4695
validation,2016-01-14 00:00:00+00:00,29.65,29.118453625596302,29.0905,4696
validation,2016-01-15 00:00:00+00:00,28.509001,29.740541488812003,29.65,4697
validation,2016-01-19 00:00:00+00:00,28.724001,28.469167784454267,28.509001,4698
validation,2016-01-20 00:00:00+00:00,28.588499,28.808877549556836,28.724001,4699
validation,2016-01-21 00:00:00+00:00,28.750999,28.59319687491925,28.588499,4700
validation,2016-01-22 00:00:00+00:00,29.819,28.77643102297604,28.750999,4701
validation,2016-01-25 00:00:00+00:00,29.8265,29.847995554077254,29.819,4702
validation,2016-01-26 00:00:00+00:00,30.0625,29.80902119165924,29.8265,4703
validation,2016-01-27 00:00:00+00:00,29.1675,30.112709605824335,30.0625,4704
validation,2016-01-28 00:00:00+00:00,31.7675,29.177095394257265,29.1675,4705
validation,2016-01-29 00:00:00+00:00,29.35,31.83783896331938,31.7675,4706
validation,2016-02-01 00:00:00+00:00,28.740499,29.260266732434157,29.35,4707
validation,2016-02-02 00:00:00+00:00,27.605,28.89877354287168,28.740499,4708
validation,2016-02-03 00:00:00+00:00,26.553499,27.609785775971012,27.605,4709
validation,2016-02-04 00:00:00+00:00,26.813,26.58396934282652,26.553499,4710
validation,2016-02-05 00:00:00+00:00,25.106501,26.875195988395156,26.813,4711
validation,2016-02-08 00:00:00+00:00,24.405001,25.085134402742842,25.106501,4712
validation,2016-02-09 00:00:00+00:00,24.1035,24.488189132663624,24.405001,4713
validation,2016-02-10 00:00:00+00:00,24.524,24.11934818092821,24.1035,4714
validation,2016-02-11 00:00:00+00:00,25.191,24.540307372815132,24.524,4715
validation,2016-02-12 00:00:00+00:00,25.354,25.203719755876644,25.191,4716
validation,2016-02-16 00:00:00+00:00,26.055,25.358011916502925,25.354,4717
validation,2016-02-17 00:00:00+00:00,26.705,26.085969425734003,26.055,4718
validation,2016-02-18 00:00:00+00:00,26.25,26.702447640619635,26.705,4719
validation,2016-02-19 00:00:00+00:00,26.745001,26.25663203923573,26.25,4720
validation,2016-02-22 00:00:00+00:00,27.975,26.803883786267615,26.745001,4721
validation,2016-02-23 00:00:00+00:00,27.646999,27.97243465182882,27.975,4722
validation,2016-02-24 00:00:00+00:00,27.702,27.630156317792885,27.646999,4723
validation,2016-02-25 00:00:00+00:00,27.7575,27.771699552666284,27.702,4724
validation,2016-02-26 00:00:00+00:00,27.761499,27.768491091825926,27.7575,4725
validation,2016-02-29 00:00:00+00:00,27.625999,27.777569276809654,27.761499,4726
validation,2016-03-01 00:00:00+00:00,28.952,27.657430824456384,27.625999,4727
validation,2016-03-02 00:00:00+00:00,29.0105,28.98880041028776,28.952,4728
validation,2016-03-03 00:00:00+00:00,28.8745,28.98048322639649,29.0105,4729
validation,2016-03-04 00:00:00+00:00,28.757,28.92524062248809,28.8745,4730
validation,2016-03-07 00:00:00+00:00,28.139999,28.7883139898645,28.757,4731
validation,2016-03-08 00:00:00+00:00,28.013,28.15247640918796,28.139999,4732
validation,2016-03-09 00:00:00+00:00,27.973499,28.061570557234297,28.013,4733
validation,2016-03-10 00:00:00+00:00,27.946501,27.992490666954488,27.973499,4734
validation,2016-03-11 00:00:00+00:00,28.480499,27.969257352570395,27.946501,4735
validation,2016-03-14 00:00:00+00:00,28.668501,28.51141396308692,28.480499,4736
validation,2016-03-15 00:00:00+00:00,28.851,28.671079350565996,28.668501,4737
validation,2016-03-16 00:00:00+00:00,28.713499,28.87981480592384,28.851,4738
validation,2016-03-17 00:00:00+00:00,27.972,28.73406490503693,28.713499,4739
validation,2016-03-18 00:00:00+00:00,27.604,27.9959828235476,27.972,4740
validation,2016-03-21 00:00:00+00:00,27.698999,27.650825890352476,27.604,4741
validation,2016-03-22 00:00:00+00:00,28.024,27.722904565387914,27.698999,4742
validation,2016-03-23 00:00:00+00:00,28.481501,28.04052154274436,28.024,4743
validation,2016-03-24 00:00:00+00:00,29.147499,28.5023615166479,28.481501,4744
validation,2016-03-28 00:00:00+00:00,28.9935,29.164451556036273,29.147499,4745
validation,2016-03-29 00:00:00+00:00,29.693001,28.998248360366397,28.9935,4746
validation,2016-03-30 00:00:00+00:00,29.9345,29.74027352735404,29.693001,4747
validation,2016-03-31 00:00:00+00:00,29.681999,29.9297315280411,29.9345,4748
validation,2016-04-01 00:00:00+00:00,29.924999,29.709225369422015,29.681999,4749
validation,2016-04-04 00:00:00+00:00,29.6595,29.97085302842861,29.924999,4750
validation,2016-04-05 00:00:00+00:00,29.306999,29.66449019194126,29.6595,4751
validation,2016-04-06 00:00:00+00:00,30.104,29.345632472611616,29.306999,4752
validation,2016-04-07 00:00:00+00:00,29.571501,30.145662744325094,30.104,4753
validation,2016-04-08 00:00:00+00:00,29.73,29.5534972278288,29.571501,4754
validation,2016-04-11 00:00:00+00:00,29.796499,29.79607334208423,29.73,4755
validation,2016-04-12 00:00:00+00:00,30.158501,29.807103919453102,29.796499,4756
validation,2016-04-13 00:00:00+00:00,30.740999,30.18047550891143,30.158501,4757
validation,2016-04-14 00:00:00+00:00,31.0375,30.76406889979179,30.740999,4758
validation,2016-04-15 00:00:00+00:00,31.2945,31.04880477721161,31.0375,4759
validation,2016-04-18 00:00:00+00:00,31.7675,31.323084799883322,31.2945,4760
validation,2016-04-19 00:00:00+00:00,31.395,31.791708588749504,31.7675,4761
validation,2016-04-20 00:00:00+00:00,31.6495,31.404565121839628,31.395,4762
validation,2016-04-21 00:00:00+00:00,31.549999,31.703185578729798,31.6495,4763
validation,2016-04-22 00:00:00+00:00,31.025,31.559285421869987,31.549999,4764
validation,2016-04-25 00:00:00+00:00,31.309999,31.05518740587525,31.025,4765
validation,2016-04-26 00:00:00+00:00,30.844,31.3608091754161,31.309999,4766
validation,2016-04-27 00:00:00+00:00,30.328501,30.84354665394096,30.844,4767
validation,2016-04-28 00:00:00+00:00,30.1,30.375174249158174,30.328501,4768
validation,2016-04-29 00:00:00+00:00,32.9795,30.13751030130979,30.1,4769
validation,2016-05-02 00:00:00+00:00,34.192501,33.01408627360627,32.9795,4770
validation,2016-05-03 00:00:00+00:00,33.566002,34.11233594033807,34.192501,4771
validation,2016-05-04 00:00:00+00:00,33.544998,33.60969701802403,33.566002,4772
validation,2016-05-05 00:00:00+00:00,32.954498,33.62076748350042,33.544998,4773
validation,2016-05-06 00:00:00+00:00,33.697498,32.947771341074535,32.954498,4774
validation,2016-05-09 00:00:00+00:00,33.987499,33.757429584016116,33.697498,4775
validation,2016-05-10 00:00:00+00:00,35.1535,33.9897658164337,33.987499,4776
validation,2016-05-11 00:00:00+00:00,35.661499,35.194025205691744,35.1535,4777
validation,2016-05-12 00:00:00+00:00,35.8965,35.65847925904504,35.661499,4778
validation,2016-05-13 00:00:00+00:00,35.495998,35.926844049712116,35.8965,4779
validation,2016-05-16 00:00:00+00:00,35.533001,35.52611234534951,35.495998,4780
validation,2016-05-17 00:00:00+00:00,34.7635,35.57822068142394,35.533001,4781
validation,2016-05-18 00:00:00+00:00,34.872501,34.78033329468144,34.7635,4782
validation,2016-05-19 00:00:00+00:00,34.925999,34.9353663491975,34.872501,4783
validation,2016-05-20 00:00:00+00:00,35.139999,34.940301335022035,34.925999,4784
validation,2016-05-23 00:00:00+00:00,34.837502,35.17014968718301,35.139999,4785
validation,2016-05-24 00:00:00+00:00,35.209999,34.862759453536164,34.837502,4786
validation,2016-05-25 00:00:00+00:00,35.4175,35.25473985286044,35.209999,4787
validation,2016-05-26 00:00:00+00:00,35.745499,35.42725824418075,35.4175,4788
validation,2016-05-27 00:00:00+00:00,35.612,35.77709459763483,35.745499,4789
validation,2016-05-31 00:00:00+00:00,36.1395,35.636319476643266,35.612,4790
validation,2016-06-01 00:00:00+00:00,35.972,36.182042803324336,36.1395,4791
validation,2016-06-02 00:00:00+00:00,36.411999,35.97843279867926,35.972,4792
validation,2016-06-03 00:00:00+00:00,36.277,36.46290677369604,36.411999,4793
validation,2016-06-06 00:00:00+00:00,36.336498,36.28932567683603,36.277,4794
validation,2016-06-07 00:00:00+00:00,36.187,36.37881834548728,36.336498,4795
validation,2016-06-08 00:00:00+00:00,36.332001,36.214836595413345,36.187,4796
validation,2016-06-09 00:00:00+00:00,36.3825,36.3682241428916,36.332001,4797
validation,2016-06-10 00:00:00+00:00,35.8955,36.40744735723207,36.3825,4798
validation,2016-06-13 00:00:00+00:00,35.762001,35.92358405655198,35.8955,4799
validation,2016-06-14 00:00:00+00:00,35.965,35.81208367097023,35.762001,4800
validation,2016-06-15 00:00:00+00:00,35.713001,35.990624137016106,35.965,4801
validation,2016-06-16 00:00:00+00:00,35.8755,35.73135720629424,35.713001,4802
validation,2016-06-17 00:00:00+00:00,35.3195,35.924605659269005,35.8755,4803
validation,2016-06-20 00:00:00+00:00,35.7005,35.333752406484464,35.3195,4804
validation,2016-06-21 00:00:00+00:00,35.791,35.75570776812937,35.7005,4805
validation,2016-06-22 00:00:00+00:00,35.529999,35.79833658713814,35.791,4806
validation,2016-06-23 00:00:00+00:00,36.104,35.561413504076825,35.529999,4807
validation,2016-06-24 00:00:00+00:00,34.948002,36.153782373326,36.104,4808
validation,2016-06-27 00:00:00+00:00,34.568001,34.9389754681994,34.948002,4809
validation,2016-06-28 00:00:00+00:00,35.397499,34.65015196987126,34.568001,4810
validation,2016-06-29 00:00:00+00:00,35.779999,35.42598644233091,35.397499,4811
validation,2016-06-30 00:00:00+00:00,35.780998,35.768037333182455,35.779999,4812
validation,2016-07-01 00:00:00+00:00,36.284,35.823985361365516,35.780998,4813
validation,2016-07-05 00:00:00+00:00,36.404999,36.324416418283306,36.284,4814
validation,2016-07-06 00:00:00+00:00,36.880501,36.40856503000925,36.404999,4815
validation,2016-07-07 00:00:00+00:00,36.828499,36.92154890215678,36.880501,4816
validation,2016-07-08 00:00:00+00:00,37.290501,36.84684599057999,36.828499,4817
validation,2016-07-11 00:00:00+00:00,37.688999,37.334176842114765,37.290501,4818
validation,2016-07-12 00:00:00+00:00,37.4105,37.705598941992996,37.688999,4819
validation,2016-07-13 00:00:00+00:00,37.1315,37.43324059718891,37.4105,4820
validation,2016-07-14 00:00:00+00:00,37.060001,37.18252540746173,37.1315,4821
validation,2016-07-15 00:00:00+00:00,36.771999,37.093455918386894,37.060001,4822
validation,2016-07-18 00:00:00+00:00,36.803501,36.797701509143415,36.771999,4823
validation,2016-07-19 00:00:00+00:00,36.997501,36.84864904237958,36.803501,4824
validation,2016-07-20 00:00:00+00:00,37.285999,37.02424961585988,36.997501,4825
validation,2016-07-21 00:00:00+00:00,37.2215,37.31162059980766,37.285999,4826
validation,2016-07-22 00:00:00+00:00,37.243,37.24709798253646,37.2215,4827
validation,2016-07-25 00:00:00+00:00,36.980499,37.282012396530334,37.243,4828
validation,2016-07-26 00:00:00+00:00,36.779499,37.00665571239781,36.980499,4829
validation,2016-07-27 00:00:00+00:00,36.8335,36.81904593779475,36.779499,4830
validation,2016-07-28 00:00:00+00:00,37.630501,36.86936599420068,36.8335,4831
validation,2016-07-29 00:00:00+00:00,37.940498,37.660924788494135,37.630501,4832
validation,2016-08-01 00:00:00+00:00,38.387001,37.946535996076115,37.940498,4833
validation,2016-08-02 00:00:00+00:00,38.028999,38.42797735753,38.387001,4834
validation,2016-08-03 00:00:00+00:00,37.731998,38.04728097743412,38.028999,4835
validation,2016-08-04 00:00:00+00:00,38.038502,37.779859705407056,37.731998,4836
validation,2016-08-05 00:00:00+00:00,38.299,38.07797558609911,38.038502,4837
validation,2016-08-08 00:00:00+00:00,38.327999,38.314757542859574,38.299,4838
validation,2016-08-09 00:00:00+00:00,38.415501,38.36170773149716,38.327999,4839
validation,2016-08-10 00:00:00+00:00,38.428001,38.45418515217926,38.415501,4840
validation,2016-08-11 00:00:00+00:00,38.562,38.454334411384245,38.428001,4841
validation,2016-08-12 00:00:00+00:00,38.627998,38.59625992960002,38.562,4842
validation,2016-08-15 00:00:00+00:00,38.4245,38.65781728051629,38.627998,4843
validation,2016-08-16 00:00:00+00:00,38.202,38.456040966345206,38.4245,4844
validation,2016-08-17 00:00:00+00:00,38.231499,38.24246586811949,38.202,4845
validation,2016-08-18 00:00:00+00:00,38.223,38.26795754159423,38.231499,4846
validation,2016-08-19 00:00:00+00:00,37.865501,38.249971002008124,38.223,4847
validation,2016-08-22 00:00:00+00:00,37.973999,37.89808256944889,37.865501,4848
validation,2016-08-23 00:00:00+00:00,38.122501,38.02123640052011,37.973999,4849
validation,2016-08-24 00:00:00+00:00,37.862499,38.1429988433829,38.122501,4850
validation,2016-08-25 00:00:00+00:00,37.960999,37.889584543169086,37.862499,4851
validation,2016-08-26 00:00:00+00:00,38.450001,38.00938052418897,37.960999,4852
validation,2016-08-29 00:00:00+00:00,38.564499,38.47421865599128,38.450001,4853
validation,2016-08-30 00:00:00+00:00,38.379002,38.58023133963285,38.564499,4854
validation,2016-08-31 00:00:00+00:00,38.458,38.41901298378129,38.379002,4855
validation,2016-09-01 00:00:00+00:00,38.530998,38.49918827715052,38.458,4856
validation,2016-09-02 00:00:00+00:00,38.622002,38.554219754964194,38.530998,4857
validation,2016-09-06 00:00:00+00:00,39.443501,38.65583341822272,38.622002,4858
validation,2016-09-07 00:00:00+00:00,39.223999,39.48222197751885,39.443501,4859
validation,2016-09-08 00:00:00+00:00,39.202999,39.22517878042019,39.223999,4860
validation,2016-09-09 00:00:00+00:00,38.007,39.26171411442306,39.202999,4861
validation,2016-09-12 00:00:00+00:00,38.574501,38.02789308404706,38.007,4862
validation,2016-09-13 00:00:00+00:00,38.050499,38.65168829323395,38.574501,4863
validation,2016-09-14 00:00:00+00:00,38.054501,38.03916916977793,38.050499,4864
validation,2016-09-15 00:00:00+00:00,38.484501,38.11996864841542,38.054501,4865
validation,2016-09-16 00:00:00+00:00,38.925999,38.51585765102266,38.484501,4866
validation,2016-09-19 00:00:00+00:00,38.755001,38.936798862080714,38.925999,4867
validation,2016-09-20 00:00:00+00:00,39.011002,38.783265289993274,38.755001,4868
validation,2016-09-21 00:00:00+00:00,39.487,39.06047892821377,39.011002,4869
validation,2016-09-22 00:00:00+00:00,40.235001,39.506222166605546,39.487,4870
validation,2016-09-23 00:00:00+00:00,40.287498,40.25946896620258,40.235001,4871
validation,2016-09-26 00:00:00+00:00,39.958,40.30719314266625,40.287498,4872
validation,2016-09-27 00:00:00+00:00,40.8055,40.001843352766706,39.958,4873
validation,2016-09-28 00:00:00+00:00,41.436001,40.85610148395647,40.8055,4874
validation,2016-09-29 00:00:00+00:00,41.452499,41.43238042697369,41.436001,4875
validation,2016-09-30 00:00:00+00:00,41.865501,41.485254307937254,41.452499,4876
validation,2016-10-03 00:00:00+00:00,41.837002,41.91970145285094,41.865501,4877
validation,2016-10-04 00:00:00+00:00,41.7015,41.849951993392814,41.837002,4878
validation,2016-10-05 00:00:00+00:00,42.217999,41.744865143805164,41.7015,4879
validation,2016-10-06 00:00:00+00:00,42.083,42.265336941931004,42.217999,4880
validation,2016-10-07 00:00:00+00:00,41.9715,42.093490820341984,42.083,4881
validation,2016-10-10 00:00:00+00:00,42.085499,42.024292120246294,41.9715,4882
validation,2016-10-11 00:00:00+00:00,41.549999,42.12487828366268,42.085499,4883
validation,2016-10-12 00:00:00+00:00,41.704498,41.57136033507855,41.549999,4884
validation,2016-10-13 00:00:00+00:00,41.464001,41.766596125222684,41.704498,4885
validation,2016-10-14 00:00:00+00:00,41.147999,41.4819845259967,41.464001,4886
validation,2016-10-17 00:00:00+00:00,40.647499,41.191992728371496,41.147999,4887
validation,2016-10-18 00:00:00+00:00,40.8825,40.68957047299953,40.647499,4888
validation,2016-10-19 00:00:00+00:00,40.884499,40.92882444009211,40.8825,4889
validation,2016-10-20 00:00:00+00:00,40.515999,40.901435355117606,40.884499,4890
validation,2016-10-21 00:00:00+00:00,40.949501,40.55426734119476,40.515999,4891
validation,2016-10-24 00:00:00+00:00,41.904499,41.00278551810894,40.949501,4892
validation,2016-10-25 00:00:00+00:00,41.758999,41.91686836226035,41.904499,4893
validation,2016-10-26 00:00:00+00:00,41.129501,41.76630863454047,41.758999,4894
validation,2016-10-27 00:00:00+00:00,40.917999,41.18874079610581,41.129501,4895
validation,2016-10-28 00:00:00+00:00,38.816002,40.96785631863303,40.917999,4896
validation,2016-10-31 00:00:00+00:00,39.491001,38.824499209315874,38.816002,4897
validation,2016-11-01 00:00:00+00:00,39.2705,39.609503486214365,39.491001,4898
validation,2016-11-02 00:00:00+00:00,38.278,39.2411709030236,39.2705,4899
validation,2016-11-03 00:00:00+00:00,38.351501,38.32376779242323,38.278,4900
validation,2016-11-04 00:00:00+00:00,37.752499,38.42855752505994,38.351501,4901
validation,2016-11-07 00:00:00+00:00,39.246498,37.746571546667575,37.752499,4902
validation,2016-11-08 00:00:00+00:00,39.387501,39.315278457511184,39.246498,4903
validation,2016-11-09 00:00:00+00:00,38.594002,39.35847236485833,39.387501,4904
validation,2016-11-10 00:00:00+00:00,37.118999,38.6426876589891,38.594002,4905
validation,2016-11-11 00:00:00+00:00,36.9505,37.17489156649569,37.118999,4906
validation,2016-11-14 00:00:00+00:00,35.953499,37.01000878582931,36.9505,4907
validation,2016-11-15 00:00:00+00:00,37.161999,35.959556024902405,35.953499,4908
validation,2016-11-16 00:00:00+00:00,37.324501,37.24462504274667,37.161999,4909
validation,2016-11-17 00:00:00+00:00,37.82,37.2965351180755,37.324501,4910
validation,2016-11-18 00:00:00+00:00,38.007999,37.86981768074271,37.82,4911
validation,2016-11-21 00:00:00+00:00,39.0,38.0304719998098,38.007999,4912
validation,2016-11-22 00:00:00+00:00,39.266499,39.0297822976088,39.0,4913
validation,2016-11-23 00:00:00+00:00,39.006001,39.2696478137868,39.266499,4914
validation,2016-11-25 00:00:00+00:00,39.018501,39.04783588331766,39.006001,4915
validation,2016-11-28 00:00:00+00:00,38.338501,39.06811163580087,39.018501,4916
validation,2016-11-29 00:00:00+00:00,38.125999,38.35600357309925,38.338501,4917
validation,2016-11-30 00:00:00+00:00,37.5285,38.185733282950274,38.125999,4918
validation,2016-12-01 00:00:00+00:00,37.182499,37.554963881719665,37.5285,4919
validation,2016-12-02 00:00:00+00:00,37.016998,37.22952584230331,37.182499,4920
validation,2016-12-05 00:00:00+00:00,37.967999,37.052459711344426,37.016998,4921
validation,2016-12-06 00:00:00+00:00,38.236,38.004212782449386,37.967999,4922
validation,2016-12-07 00:00:00+00:00,38.521,38.23184415442853,38.236,4923
validation,2016-12-08 00:00:00+00:00,38.366501,38.565511357051264,38.521,4924
validation,2016-12-09 00:00:00+00:00,38.432999,38.392055748981996,38.366501,4925
validation,2016-12-12 00:00:00+00:00,38.006001,38.47071630662645,38.432999,4926
validation,2016-12-13 00:00:00+00:00,38.716999,38.03193754148726,38.006001,4927
validation,2016-12-14 00:00:00+00:00,38.441002,38.772902106336936,38.716999,4928
validation,2016-12-15 00:00:00+00:00,38.049999,38.438447613088876,38.441002,4929
validation,2016-12-16 00:00:00+00:00,37.8885,38.10453371295849,38.049999,4930
validation,2016-12-19 00:00:00+00:00,38.299999,37.93168689330605,37.8885,4931
validation,2016-12-20 00:00:00+00:00,38.561001,38.32735421307184,38.299999,4932
validation,2016-12-21 00:00:00+00:00,38.529999,38.580147966602055,38.561001,4933
validation,2016-12-22 00:00:00+00:00,38.317001,38.56380562476982,38.529999,4934
validation,2016-12-23 00:00:00+00:00,38.029499,38.353918244017585,38.317001,4935
validation,2016-12-27 00:00:00+00:00,38.57,38.063687057317686,38.029499,4936
validation,2016-12-28 00:00:00+00:00,38.606499,38.61270121059947,38.57,4937
validation,2016-12-29 00:00:00+00:00,38.2575,38.61463865539252,38.606499,4938
validation,2016-12-30 00:00:00+00:00,37.4935,38.2992419376966,38.2575,4939
validation,2017-01-03 00:00:00+00:00,37.683498,37.535070942178905,37.4935,4940
validation,2017-01-04 00:00:00+00:00,37.859001,37.734111020135735,37.683498,4941
validation,2017-01-05 00:00:00+00:00,39.022499,37.87101397267701,37.859001,4942
validation,2017-01-06 00:00:00+00:00,39.7995,39.06319582576507,39.022499,4943
validation,2017-01-09 00:00:00+00:00,39.846001,39.79967270185524,39.7995,4944
validation,2017-01-10 00:00:00+00:00,39.794998,39.870385270274156,39.846001,4945
validation,2017-01-11 00:00:00+00:00,39.951,39.84204081228706,39.794998,4946
validation,2017-01-12 00:00:00+00:00,40.681999,39.982302814908785,39.951,4947
validation,2017-01-13 00:00:00+00:00,40.856998,40.71365722426422,40.681999,4948
validation,2017-01-17 00:00:00+00:00,40.486,40.87235342450852,40.856998,4949
validation,2017-01-18 00:00:00+00:00,40.374001,40.52832968399607,40.486,4950
validation,2017-01-19 00:00:00+00:00,40.452,40.42401992691535,40.374001,4951
validation,2017-01-20 00:00:00+00:00,40.4165,40.47952618969811,40.452,4952
validation,2017-01-23 00:00:00+00:00,40.894001,40.44749466924659,40.4165,4953
validation,2017-01-24 00:00:00+00:00,41.122002,40.93883654018307,40.894001,4954
validation,2017-01-25 00:00:00+00:00,41.826,41.13855978377787,41.122002,4955
validation,2017-01-26 00:00:00+00:00,41.9575,41.8656629988597,41.826,4956
validation,2017-01-27 00:00:00+00:00,41.788502,41.97230847707055,41.9575,4957
validation,2017-01-30 00:00:00+00:00,41.519001,41.829744093332955,41.788502,4958
validation,2017-01-31 00:00:00+00:00,41.174,41.56213936164121,41.519001,4959
validation,2017-02-01 00:00:00+00:00,41.6175,41.2107664090935,41.174,4960
validation,2017-02-02 00:00:00+00:00,41.997501,41.665646759346124,41.6175,4961
validation,2017-02-03 00:00:00+00:00,40.509998,42.01374495731974,41.997501,4962
validation,2017-02-06 00:00:00+00:00,40.382,40.529430912051296,40.509998,4963
validation,2017-02-07 00:00:00+00:00,40.625,40.47954363369489,40.382,4964
validation,2017-02-08 00:00:00+00:00,40.9855,40.63219876681827,40.625,4965
validation,2017-02-09 00:00:00+00:00,41.068001,41.01003289289929,40.9855,4966
validation,2017-02-10 00:00:00+00:00,41.373001,41.106437102209384,41.068001,4967
validation,2017-02-13 00:00:00+00:00,41.8265,41.409775450738465,41.373001,4968
validation,2017-02-14 00:00:00+00:00,41.8195,41.850406649566004,41.8265,4969
validation,2017-02-15 00:00:00+00:00,42.134998,41.842919821751416,41.8195,4970
validation,2017-02-16 00:00:00+00:00,42.207001,42.18408354049562,42.134998,4971
validation,2017-02-17 00:00:00+00:00,42.253502,42.229782368546886,42.207001,4972
validation,2017-02-21 00:00:00+00:00,42.821999,42.292069546585786,42.253502,4973
validation,2017-02-22 00:00:00+00:00,42.780499,42.86389262609275,42.821999,4974
validation,2017-02-23 00:00:00+00:00,42.609501,42.79431748386361,42.780499,4975
validation,2017-02-24 00:00:00+00:00,42.262001,42.65898598341347,42.609501,4976
validation,2017-02-27 00:00:00+00:00,42.431999,42.30185908906634,42.262001,4977
validation,2017-02-28 00:00:00+00:00,42.251999,42.47569740216357,42.431999,4978
validation,2017-03-01 00:00:00+00:00,42.653999,42.275758212912905,42.251999,4979
validation,2017-03-02 00:00:00+00:00,42.445499,42.70524729706844,42.653999,4980
validation,2017-03-03 00:00:00+00:00,42.493999,42.4626994313661,42.445499,4981
validation,2017-03-06 00:00:00+00:00,42.330502,42.544301526613516,42.493999,4982
validation,2017-03-07 00:00:00+00:00,42.300999,42.36086354993566,42.330502,4983
validation,2017-03-08 00:00:00+00:00,42.525002,42.3412212957344,42.300999,4984
validation,2017-03-09 00:00:00+00:00,42.650002,42.56299138454125,42.525002,4985
validation,2017-03-10 00:00:00+00:00,42.623001,42.67734675861883,42.650002,4986
validation,2017-03-13 00:00:00+00:00,42.7295,42.66001278387679,42.623001,4987
validation,2017-03-14 00:00:00+00:00,42.626499,42.76984713406237,42.7295,4988
validation,2017-03-15 00:00:00+00:00,42.648499,42.65578521217944,42.626499,4989
validation,2017-03-16 00:00:00+00:00,42.671001,42.69125526405656,42.648499,4990
validation,2017-03-17 00:00:00+00:00,42.615501,42.70553406955209,42.671001,4991
validation,2017-03-20 00:00:00+00:00,42.848499,42.65043911595313,42.615501,4992
validation,2017-03-21 00:00:00+00:00,42.16,42.890105508910295,42.848499,4993
validation,2017-03-22 00:00:00+00:00,42.403,42.181039075178504,42.16,4994
validation,2017-03-23 00:00:00+00:00,42.368999,42.471692655245924,42.403,4995
validation,2017-03-24 00:00:00+00:00,42.280499,42.38206491360853,42.368999,4996
validation,2017-03-27 00:00:00+00:00,42.341,42.32085509447134,42.280499,4997
validation,2017-03-28 00:00:00+00:00,42.799999,42.38538049768125,42.341,4998
validation,2017-03-29 00:00:00+00:00,43.716,42.831069775102854,42.799999,4999
validation,2017-03-30 00:00:00+00:00,43.817001,43.74209726470653,43.716,5000
validation,2017-03-31 00:00:00+00:00,44.327,43.83025075972323,43.817001,5001
validation,2017-04-03 00:00:00+00:00,44.5755,44.382782850494415,44.327,5002
validation,2017-04-04 00:00:00+00:00,45.341499,44.59445186373559,44.5755,5003
validation,2017-04-05 00:00:00+00:00,45.464001,45.381876654674166,45.341499,5004
validation,2017-04-06 00:00:00+00:00,44.914001,45.4830713505393,45.464001,5005
validation,2017-04-07 00:00:00+00:00,44.743999,44.95835614899296,44.914001,5006
validation,2017-04-10 00:00:00+00:00,45.352001,44.804721129717194,44.743999,5007
validation,2017-04-11 00:00:00+00:00,45.118,45.38622749884572,45.352001,5008
validation,2017-04-12 00:00:00+00:00,44.811501,45.13060154018948,45.118,5009
validation,2017-04-13 00:00:00+00:00,44.233501,44.87432164221856,44.811501,5010
validation,2017-04-17 00:00:00+00:00,45.099499,44.27324596574401,44.233501,5011
validation,2017-04-18 00:00:00+00:00,45.188999,45.15384699438464,45.099499,5012
validation,2017-04-19 00:00:00+00:00,44.959999,45.186432451561444,45.188999,5013
validation,2017-04-20 00:00:00+00:00,45.103001,45.013747174467774,44.959999,5014
validation,2017-04-21 00:00:00+00:00,44.926498,45.15484532222854,45.103001,5015
validation,2017-04-24 00:00:00+00:00,45.370499,44.94519941569026,44.926498,5016
validation,2017-04-25 00:00:00+00:00,45.381001,45.424063902526406,45.370499,5017
validation,2017-04-26 00:00:00+00:00,45.4645,45.40215918429502,45.381001,5018
validation,2017-04-27 00:00:00+00:00,45.918999,45.510902795155694,45.4645,5019
validation,2017-04-28 00:00:00+00:00,46.2495,45.95911602885242,45.918999,5020
validation,2017-05-01 00:00:00+00:00,47.411499,46.271807901738946,46.2495,5021
validation,2017-05-02 00:00:00+00:00,47.347,47.45685161213342,47.411499,5022
validation,2017-05-03 00:00:00+00:00,47.051498,47.34936085519039,47.347,5023
validation,2017-05-04 00:00:00+00:00,46.876499,47.1141468402319,47.051498,5024
validation,2017-05-05 00:00:00+00:00,46.7075,46.92498331670741,46.876499,5025
validation,2017-05-08 00:00:00+00:00,47.452,46.741523577101006,46.7075,5026
validation,2017-05-09 00:00:00+00:00,47.640999,47.505262504598676,47.452,5027
validation,2017-05-10 00:00:00+00:00,47.447498,47.6536156029524,47.640999,5028
validation,2017-05-11 00:00:00+00:00,47.381001,47.49490148491956,47.447498,5029
validation,2017-05-12 00:00:00+00:00,48.067501,47.43220188246249,47.381001,5030
validation,2017-05-15 00:00:00+00:00,47.898499,48.105335634302804,48.067501,5031
validation,2017-05-16 00:00:00+00:00,48.303501,47.91200217110103,47.898499,5032
validation,2017-05-17 00:00:00+00:00,47.237999,48.371465733692204,48.303501,5033
validation,2017-05-18 00:00:00+00:00,47.9245,47.25265734150036,47.237999,5034
validation,2017-05-19 00:00:00+00:00,47.992001,48.01410199791041,47.9245,5035
validation,2017-05-22 00:00:00+00:00,48.533501,47.98911847519723,47.992001,5036
validation,2017-05-23 00:00:00+00:00,48.577,48.58854733203989,48.533501,5037
validation,2017-05-24 00:00:00+00:00,49.017502,48.607596414350695,48.577,5038
validation,2017-05-25 00:00:00+00:00,49.668999,49.0634581464978,49.017502,5039
validation,2017-05-26 00:00:00+00:00,49.789001,49.6997641836362,49.668999,5040
validation,2017-05-30 00:00:00+00:00,49.834999,49.8142365530512,49.789001,5041
validation,2017-05-31 00:00:00+00:00,49.730999,49.888928486968965,49.834999,5042
validation,2017-06-01 00:00:00+00:00,49.797501,49.771388987317096,49.730999,5043
validation,2017-06-02 00:00:00+00:00,50.336498,49.84292233863931,49.797501,5044
validation,2017-06-05 00:00:00+00:00,50.567001,50.380366525915726,50.336498,5045
validation,2017-06-06 00:00:00+00:00,50.150002,50.59314439570915,50.567001,5046
validation,2017-06-07 00:00:00+00:00,50.503502,50.19341919180518,50.150002,5047
validation,2017-06-08 00:00:00+00:00,50.5135,50.56856040838889,50.503502,5048
validation,2017-06-09 00:00:00+00:00,48.915501,50.53111314780741,50.5135,5049
validation,2017-06-12 00:00:00+00:00,48.245499,48.95298923482592,48.915501,5050
validation,2017-06-13 00:00:00+00:00,49.039501,48.345734056765224,48.245499,5051
validation,2017-06-14 00:00:00+00:00,48.823502,49.07632715991531,49.039501,5052
validation,2017-06-15 00:00:00+00:00,48.2085,48.82008336569189,48.823502,5053
validation,2017-06-16 00:00:00+00:00,49.385502,48.2807456953974,48.2085,5054
validation,2017-06-19 00:00:00+00:00,49.758499,49.450891055922334,49.385502,5055
validation,2017-06-20 00:00:00+00:00,49.629501,49.73448451432914,49.758499,5056
validation,2017-06-21 00:00:00+00:00,50.1115,49.68608601495451,49.629501,5057
validation,2017-06-22 00:00:00+00:00,50.064999,50.17416223677656,50.1115,5058
validation,2017-06-23 00:00:00+00:00,50.187,50.07537728109976,50.064999,5059
validation,2017-06-26 00:00:00+00:00,49.699001,50.24410979647695,50.187,5060
validation,2017-06-27 00:00:00+00:00,48.839001,49.73692083891866,49.699001,5061
validation,2017-06-28 00:00:00+00:00,49.516499,48.892382958772245,48.839001,5062
validation,2017-06-29 00:00:00+00:00,48.796501,49.58747600663028,49.516499,5063
validation,2017-06-30 00:00:00+00:00,48.400002,48.790176231728765,48.796501,5064
validation,2017-07-03 00:00:00+00:00,47.682999,48.48357947749626,48.400002,5065
validation,2017-07-05 00:00:00+00:00,48.57,47.723209567822565,47.682999,5066
validation,2017-07-06 00:00:00+00:00,48.257,48.628538732723165,48.57,5067
validation,2017-07-07 00:00:00+00:00,48.938,48.25356816081877,48.257,5068
validation,2017-07-10 00:00:00+00:00,49.823502,49.01626515822402,48.938,5069
validation,2017-07-11 00:00:00+00:00,49.706501,49.83986183145315,49.823502,5070
validation,2017-07-12 00:00:00+00:00,50.3255,49.718994783230045,49.706501,5071
validation,2017-07-13 00:00:00+00:00,50.031502,50.40040007328911,50.3255,5072
validation,2017-07-14 00:00:00+00:00,50.0905,50.0419947699503,50.031502,5073
validation,2017-07-17 00:00:00+00:00,50.501999,50.15439757233219,50.0905,5074
validation,2017-07-18 00:00:00+00:00,51.2225,50.54432476508168,50.501999,5075
validation,2017-07-19 00:00:00+00:00,51.343498,51.25252153126198,51.2225,5076
validation,2017-07-20 00:00:00+00:00,51.435001,51.37301816395914,51.343498,5077
validation,2017-07-21 00:00:00+00:00,51.283501,51.48934111133517,51.435001,5078
validation,2017-07-24 00:00:00+00:00,51.947498,51.32236422973723,51.283501,5079
validation,2017-07-25 00:00:00+00:00,51.9935,52.000570841176966,51.947498,5080
validation,2017-07-26 00:00:00+00:00,52.639999,52.01211396220155,51.9935,5081
validation,2017-07-27 00:00:00+00:00,52.299999,52.702109382550525,52.639999,5082
validation,2017-07-28 00:00:00+00:00,51.001999,52.320237078080396,52.299999,5083
validation,2017-07-31 00:00:00+00:00,49.389,51.0574962641612,51.001999,5084
validation,2017-08-01 00:00:00+00:00,49.809502,49.46265073058706,49.389,5085
validation,2017-08-02 00:00:00+00:00,49.794498,49.88778481147874,49.809502,5086
validation,2017-08-03 00:00:00+00:00,49.346001,49.79296934744108,49.794498,5087
validation,2017-08-04 00:00:00+00:00,49.379002,49.401922133671526,49.346001,5088
validation,2017-08-07 00:00:00+00:00,49.613499,49.44273714872466,49.379002,5089
validation,2017-08-08 00:00:00+00:00,49.492001,49.63596421940206,49.613499,5090
validation,2017-08-09 00:00:00+00:00,49.100498,49.52503959681081,49.492001,5091
validation,2017-08-10 00:00:00+00:00,47.846001,49.15300757887588,49.100498,5092
validation,2017-08-11 00:00:00+00:00,48.399502,47.888180039080645,47.846001,5093
validation,2017-08-14 00:00:00+00:00,49.165001,48.482161159176606,48.399502,5094
validation,2017-08-15 00:00:00+00:00,49.137001,49.16607184137482,49.165001,5095
validation,2017-08-16 00:00:00+00:00,48.909,49.1632981254943,49.137001,5096
validation,2017-08-17 00:00:00+00:00,48.0285,48.972824058588266,48.909,5097
validation,2017-08-18 00:00:00+00:00,47.9235,48.0625859747766,48.0285,5098
validation,2017-08-21 00:00:00+00:00,47.664501,47.98828842041149,47.9235,5099
validation,2017-08-22 00:00:00+00:00,48.345001,47.693916988650344,47.664501,5100
validation,2017-08-23 00:00:00+00:00,47.900002,48.40092367111635,48.345001,5101
validation,2017-08-24 00:00:00+00:00,47.622501,47.911111684103375,47.900002,5102
validation,2017-08-25 00:00:00+00:00,47.263,47.689444241613806,47.622501,5103
validation,2017-08-28 00:00:00+00:00,47.300999,47.30266688754404,47.263,5104
validation,2017-08-29 00:00:00+00:00,47.702999,47.34452084608422,47.300999,5105
validation,2017-08-30 00:00:00+00:00,48.379501,47.74237181381669,47.702999,5106
validation,2017-08-31 00:00:00+00:00,49.029999,48.41099457084384,48.379501,5107
validation,2017-09-01 00:00:00+00:00,48.912498,49.05849716499504,49.029999,5108
validation,2017-09-05 00:00:00+00:00,48.2635,48.9408045933304,48.912498,5109
validation,2017-09-06 00:00:00+00:00,48.389999,48.31551965817183,48.2635,5110
validation,2017-09-07 00:00:00+00:00,48.973499,48.45152601000299,48.389999,5111
validation,2017-09-08 00:00:00+00:00,48.294998,48.99950095959713,48.973499,5112
validation,2017-09-11 00:00:00+00:00,48.897999,48.316067260723365,48.294998,5113
validation,2017-09-12 00:00:00+00:00,49.129002,48.98617764169585,48.897999,5114
validation,2017-09-13 00:00:00+00:00,49.98,49.13142362831826,49.129002,5115
validation,2017-09-14 00:00:00+00:00,49.6105,50.0277755477139,49.98,5116
validation,2017-09-15 00:00:00+00:00,49.3395,49.630110079656816,49.6105,5117
validation,2017-09-18 00:00:00+00:00,48.709499,49.405799405168615,49.3395,5118
validation,2017-09-19 00:00:00+00:00,48.493,48.74955141749825,48.709499,5119
validation,2017-09-20 00:00:00+00:00,48.6605,48.54816831628764,48.493,5120
validation,2017-09-21 00:00:00+00:00,48.232498,48.704348317015466,48.6605,5121
validation,2017-09-22 00:00:00+00:00,47.755001,48.26125052159198,48.232498,5122
validation,2017-09-25 00:00:00+00:00,46.989498,47.81453349735914,47.755001,5123
validation,2017-09-26 00:00:00+00:00,46.93,47.032482428157934,46.989498,5124
validation,2017-09-27 00:00:00+00:00,47.543499,46.98667317451018,46.93,5125
validation,2017-09-28 00:00:00+00:00,47.82,47.577507009285185,47.543499,5126
validation,2017-09-29 00:00:00+00:00,48.067501,47.83913251677802,47.82,5127
validation,2017-10-02 00:00:00+00:00,47.959499,48.11491046986417,48.067501,5128
validation,2017-10-03 00:00:00+00:00,47.855,47.992751725505286,47.959499,5129
validation,2017-10-04 00:00:00+00:00,48.272499,47.89924865652029,47.855,5130
validation,2017-10-05 00:00:00+00:00,49.0425,48.318647160180916,48.272499,5131
validation,2017-10-06 00:00:00+00:00,49.479,49.070785778141115,49.0425,5132
validation,2017-10-09 00:00:00+00:00,49.5495,49.50482971239566,49.479,5133
validation,2017-10-10 00:00:00+00:00,49.360001,49.59238354814194,49.5495,5134
validation,2017-10-11 00:00:00+00:00,49.75,49.40401377363642,49.360001,5135
validation,2017-10-12 00:00:00+00:00,50.046501,49.79998283935372,49.75,5136
validation,2017-10-13 00:00:00+00:00,50.146999,50.07283441041653,50.046501,5137
validation,2017-10-16 00:00:00+00:00,50.317001,50.1895526894689,50.146999,5138
validation,2017-10-17 00:00:00+00:00,50.456501,50.365270619208694,50.317001,5139
validation,2017-10-18 00:00:00+00:00,49.849998,50.49262827365328,50.456501,5140
validation,2017-10-19 00:00:00+00:00,49.330502,49.88613663815179,49.849998,5141
validation,2017-10-20 00:00:00+00:00,49.1455,49.39600429404062,49.330502,5142
validation,2017-10-23 00:00:00+00:00,48.314999,49.19331194372906,49.1455,5143
validation,2017-10-24 00:00:00+00:00,48.794998,48.34697614416564,48.314999,5144
validation,2017-10-25 00:00:00+00:00,48.6455,48.87243800275976,48.794998,5145
validation,2017-10-26 00:00:00+00:00,48.621498,48.65187019650437,48.6455,5146
validation,2017-10-27 00:00:00+00:00,55.047501,48.67709688821454,48.621498,5147
validation,2017-10-30 00:00:00+00:00,55.5425,55.11652742050157,55.047501,5148
validation,2017-10-31 00:00:00+00:00,55.264,55.34030151814408,55.5425,5149
validation,2017-11-01 00:00:00+00:00,55.183998,55.43642502935354,55.264,5150
validation,2017-11-02 00:00:00+00:00,54.710999,55.25338223454843,55.183998,5151
validation,2017-11-03 00:00:00+00:00,55.580002,54.71169721020012,54.710999,5152
validation,2017-11-06 00:00:00+00:00,56.033001,55.67112711763249,55.580002,5153
validation,2017-11-07 00:00:00+00:00,56.158501,56.052830354142785,56.033001,5154
validation,2017-11-08 00:00:00+00:00,56.644001,56.20737471873349,56.158501,5155
validation,2017-11-09 00:00:00+00:00,56.456501,56.7017227939487,56.644001,5156
validation,2017-11-10 00:00:00+00:00,56.267502,56.48008771606471,56.456501,5157
validation,2017-11-13 00:00:00+00:00,56.4585,56.331375366992965,56.267502,5158
validation,2017-11-14 00:00:00+00:00,56.841999,56.513193001138305,56.4585,5159
validation,2017-11-15 00:00:00+00:00,56.334499,56.87940300177768,56.841999,5160
validation,2017-11-16 00:00:00+00:00,56.864498,56.37171731208793,56.334499,5161
validation,2017-11-17 00:00:00+00:00,56.493999,56.944988267289744,56.864498,5162
validation,2017-11-20 00:00:00+00:00,56.315498,56.50693663626738,56.493999,5163
validation,2017-11-21 00:00:00+00:00,56.974499,56.38577587740175,56.315498,5164
validation,2017-11-22 00:00:00+00:00,57.807999,57.03112376562459,56.974499,5165
validation,2017-11-24 00:00:00+00:00,59.299999,57.82780339428814,57.807999,5166
validation,2017-11-27 00:00:00+00:00,59.7915,59.34451037884098,59.299999,5167
validation,2017-11-28 00:00:00+00:00,59.68,59.805998655333404,59.7915,5168
validation,2017-11-29 00:00:00+00:00,58.063499,59.73754011649333,59.68,5169
validation,2017-11-30 00:00:00+00:00,58.837502,58.11353988672326,58.063499,5170
validation,2017-12-01 00:00:00+00:00,58.1175,58.94638212809226,58.837502,5171
validation,2017-12-04 00:00:00+00:00,56.697498,58.1047934282361,58.1175,5172
validation,2017-12-05 00:00:00+00:00,57.078499,56.782594820362405,56.697498,5173
validation,2017-12-06 00:00:00+00:00,57.6175,57.17824561903615,57.078499,5174
validation,2017-12-07 00:00:00+00:00,57.989498,57.61519166600473,57.6175,5175
validation,2017-12-08 00:00:00+00:00,58.099998,58.03425589504393,57.989498,5176
validation,2017-12-11 00:00:00+00:00,58.445999,58.15506115050623,58.099998,5177
validation,2017-12-12 00:00:00+00:00,58.254002,58.49192658914112,58.445999,5178
validation,2017-12-13 00:00:00+00:00,58.206501,58.287557524587726,58.254002,5179
validation,2017-12-14 00:00:00+00:00,58.713001,58.27121696545636,58.206501,5180
validation,2017-12-15 00:00:00+00:00,58.957001,58.765338709779,58.713001,5181
validation,2017-12-18 00:00:00+00:00,59.528999,58.98670084806502,58.957001,5182
validation,2017-12-19 00:00:00+00:00,59.368999,59.58743742695303,59.528999,5183
validation,2017-12-20 00:00:00+00:00,58.881001,59.40188735601499,59.368999,5184
validation,2017-12-21 00:00:00+00:00,58.737999,58.94219396733175,58.881001,5185
validation,2017-12-22 00:00:00+00:00,58.417999,58.80277681919273,58.737999,5186
validation,2017-12-26 00:00:00+00:00,58.838001,58.459358781250344,58.417999,5187
validation,2017-12-27 00:00:00+00:00,59.112999,58.90377863136298,58.838001,5188
validation,2017-12-28 00:00:00+00:00,59.305,59.145452949646,59.112999,5189
validation,2017-12-29 00:00:00+00:00,58.473499,59.353765012734925,59.305,5190
validation,2018-01-02 00:00:00+00:00,59.4505,58.517181380851376,58.473499,5191
validation,2018-01-03 00:00:00+00:00,60.209999,59.538821391831554,59.4505,5192
validation,2018-01-04 00:00:00+00:00,60.4795,60.20988145572634,60.209999,5193
validation,2018-01-05 00:00:00+00:00,61.457001,60.524920084623986,60.4795,5194
validation,2018-01-08 00:00:00+00:00,62.343498,61.52744138035476,61.457001,5195
validation,2018-01-09 00:00:00+00:00,62.634998,62.359473321739024,62.343498,5196
validation,2018-01-10 00:00:00+00:00,62.716499,62.67467752309853,62.634998,5197
validation,2018-01-11 00:00:00+00:00,63.834,62.78110555215805,62.716499,5198
validation,2018-01-12 00:00:00+00:00,65.260002,63.89313634920857,63.834,5199
validation,2018-01-16 00:00:00+00:00,65.242996,65.27979931118868,65.260002,5200
validation,2018-01-17 00:00:00+00:00,64.75,65.27060396980946,65.242996,5201
validation,2018-01-18 00:00:00+00:00,64.666,64.83474015649097,64.75,5202
validation,2018-01-19 00:00:00+00:00,64.728996,64.73200903305754,64.666,5203
validation,2018-01-22 00:00:00+00:00,66.365501,64.77310645996856,64.728996,5204
validation,2018-01-23 00:00:00+00:00,68.126999,66.43488565212648,66.365501,5205
validation,2018-01-24 00:00:00+00:00,67.875504,68.13682372912558,68.126999,5206
validation,2018-01-25 00:00:00+00:00,68.897499,67.89719366969382,67.875504,5207
validation,2018-01-26 00:00:00+00:00,70.102501,69.00798030830131,68.897499,5208
validation,2018-01-29 00:00:00+00:00,70.884003,70.11305389986832,70.102501,5209
validation,2018-01-30 00:00:00+00:00,71.890999,70.91946925683989,70.884003,5210
validation,2018-01-31 00:00:00+00:00,72.544502,71.96526874007063,71.890999,5211
validation,2018-02-01 00:00:00+00:00,69.5,72.58218385337742,72.544502,5212
validation,2018-02-02 00:00:00+00:00,71.497498,69.52911405945882,69.5,5213
validation,2018-02-05 00:00:00+00:00,69.5,71.69895368498493,71.497498,5214
validation,2018-02-06 00:00:00+00:00,72.141998,69.41459880533134,69.5,5215
validation,2018-02-07 00:00:00+00:00,70.838997,72.34329663397605,72.141998,5216
validation,2018-02-08 00:00:00+00:00,67.525002,70.77743648437753,70.838997,5217
validation,2018-02-09 00:00:00+00:00,66.980003,67.63235673173315,67.525002,5218
validation,2018-02-12 00:00:00+00:00,69.311501,67.14310519372852,66.980003,5219
validation,2018-02-13 00:00:00+00:00,70.725502,69.3210349768462,69.311501,5220
validation,2018-02-14 00:00:00+00:00,72.552498,70.7062228376866,70.725502,5221
validation,2018-02-15 00:00:00+00:00,73.087997,72.64163772142834,72.552498,5222
validation,2018-02-16 00:00:00+00:00,72.434502,73.10173085125233,73.087997,5223
validation,2018-02-20 00:00:00+00:00,73.417503,72.48753240327996,72.434502,5224
validation,2018-02-21 00:00:00+00:00,74.146004,73.52232477100864,73.417503,5225
validation,2018-02-22 00:00:00+00:00,74.266998,74.15912704087772,74.146004,5226
validation,2018-02-23 00:00:00+00:00,75.0,74.3291832561782,74.266998,5227
validation,2018-02-26 00:00:00+00:00,76.097504,75.08786589210027,75.0,5228
validation,2018-02-27 00:00:00+00:00,75.598999,76.13411964652225,76.097504,5229
validation,2018-02-28 00:00:00+00:00,75.622498,75.63177921592145,75.598999,5230
validation,2018-03-01 00:00:00+00:00,74.672501,75.73295821625625,75.622498,5231
validation,2018-03-02 00:00:00+00:00,75.012497,74.7157343235073,74.672501,5232
validation,2018-03-05 00:00:00+00:00,76.180496,75.11162344189556,75.012497,5233
validation,2018-03-06 00:00:00+00:00,76.882004,76.22785964450962,76.180496,5234
validation,2018-03-07 00:00:00+00:00,77.25,76.91301850365339,76.882004,5235
validation,2018-03-08 00:00:00+00:00,77.593002,77.32149099825621,77.25,5236
validation,2018-03-09 00:00:00+00:00,78.944504,77.65574249035181,77.593002,5237
validation,2018-03-12 00:00:00+00:00,79.919502,79.00623808209747,78.944504,5238
validation,2018-03-13 00:00:00+00:00,79.408997,79.94886204082991,79.919502,5239
validation,2018-03-14 00:00:00+00:00,79.550003,79.46691057730284,79.408997,5240
validation,2018-03-15 00:00:00+00:00,79.115997,79.65845977174796,79.550003,5241
validation,2018-03-16 00:00:00+00:00,78.584,79.15795386767134,79.115997,5242
validation,2018-03-19 00:00:00+00:00,77.246498,78.66678303092586,78.584,5243
validation,2018-03-20 00:00:00+00:00,79.3255,77.32336904036227,77.246498,5244
validation,2018-03-21 00:00:00+00:00,79.093002,79.44421470632507,79.3255,5245
validation,2018-03-22 00:00:00+00:00,77.246002,79.05393200733224,79.093002,5246
validation,2018-03-23 00:00:00+00:00,74.778,77.35231836650519,77.246002,5247
validation,2018-03-26 00:00:00+00:00,77.792999,74.89339015122088,74.778,5248
validation,2018-03-27 00:00:00+00:00,74.852501,77.91542881765466,77.792999,5249
validation,2018-03-28 00:00:00+00:00,71.570999,74.7453376587063,74.852501,5250
validation,2018-03-29 00:00:00+00:00,72.366997,71.78289710979625,71.570999,5251
validation,2018-04-02 00:00:00+00:00,68.599503,72.50412285824292,72.366997,5252
validation,2018-04-03 00:00:00+00:00,69.602501,68.51584506509805,68.599503,5253
validation,2018-04-04 00:00:00+00:00,70.528503,69.85330690731428,69.602501,5254
validation,2018-04-05 00:00:00+00:00,72.587502,70.49474383433213,70.528503,5255
validation,2018-04-06 00:00:00+00:00,70.261497,72.62690445805099,72.587502,5256
validation,2018-04-09 00:00:00+00:00,70.304001,70.27225182016416,70.261497,5257
validation,2018-04-10 00:00:00+00:00,71.810997,70.47483314722965,70.304001,5258
validation,2018-04-11 00:00:00+00:00,71.352501,71.82379737620398,71.810997,5259
validation,2018-04-12 00:00:00+00:00,72.425003,71.34564308231946,71.352501,5260
validation,2018-04-13 00:00:00+00:00,71.539497,72.56787332946921,72.425003,5261
validation,2018-04-16 00:00:00+00:00,72.074997,71.5381193041394,71.539497,5262
validation,2018-04-17 00:00:00+00:00,75.191498,72.18376193983161,72.074997,5263
validation,2018-04-18 00:00:00+00:00,76.391998,75.24102836167803,75.191498,5264
validation,2018-04-19 00:00:00+00:00,77.845497,76.34628408659226,76.391998,5265
validation,2018-04-20 00:00:00+00:00,76.374496,77.95226050916403,77.845497,5266
validation,2018-04-23 00:00:00+00:00,75.892998,76.39620893243851,76.374496,5267
validation,2018-04-24 00:00:00+00:00,73.004501,76.02082977225172,75.892998,5268
validation,2018-04-25 00:00:00+00:00,73.008499,73.04217242074974,73.004501,5269
validation,2018-04-26 00:00:00+00:00,75.898003,73.17166663327369,73.008499,5270
validation,2018-04-27 00:00:00+00:00,78.630997,75.93452616677583,75.898003,5271
validation,2018-04-30 00:00:00+00:00,78.306503,78.59764877697386,78.630997,5272
validation,2018-05-01 00:00:00+00:00,79.112999,78.3445526826048,78.306503,5273
validation,2018-05-02 00:00:00+00:00,78.484001,79.24307447279098,79.112999,5274
validation,2018-05-03 00:00:00+00:00,78.603996,78.48711325289007,78.484001,5275
validation,2018-05-04 00:00:00+00:00,79.047501,78.70804530770948,78.603996,5276
validation,2018-05-07 00:00:00+00:00,80.007004,79.11694171970032,79.047501,5277
validation,2018-05-08 00:00:00+00:00,79.619499,80.06318049536954,80.007004,5278
validation,2018-05-09 00:00:00+00:00,80.400002,79.6638124692883,79.619499,5279
validation,2018-05-10 00:00:00+00:00,80.454002,80.50654218377782,80.400002,5280
validation,2018-05-11 00:00:00+00:00,80.1455,80.48158787334324,80.454002,5281
validation,2018-05-14 00:00:00+00:00,80.077003,80.22186743237422,80.1455,5282
validation,2018-05-15 00:00:00+00:00,78.806,80.16461067717863,80.077003,5283
validation,2018-05-16 00:00:00+00:00,79.363998,78.85577653794688,78.806,5284
validation,2018-05-17 00:00:00+00:00,79.087997,79.48456257948303,79.363998,5285
validation,2018-05-18 00:00:00+00:00,78.718498,79.10982924297713,79.087997,5286
validation,2018-05-21 00:00:00+00:00,79.273003,78.80483481288194,78.718498,5287
validation,2018-05-22 00:00:00+00:00,79.07,79.35963350774489,79.273003,5288
validation,2018-05-23 00:00:00+00:00,80.093002,79.09857860190485,79.07,5289
validation,2018-05-24 00:00:00+00:00,80.153503,80.18955611581828,80.093002,5290
validation,2018-05-25 00:00:00+00:00,80.5075,80.18094562195444,80.153503,5291
validation,2018-05-29 00:00:00+00:00,80.643501,80.59225426935156,80.5075,5292
validation,2018-05-30 00:00:00+00:00,81.244499,80.70376803275082,80.643501,5293
validation,2018-05-31 00:00:00+00:00,81.481003,81.31313435358581,81.244499,5294
validation,2018-06-01 00:00:00+00:00,82.077003,81.53500732001677,81.481003,5295
validation,2018-06-04 00:00:00+00:00,83.263496,82.15360101444806,82.077003,5296
validation,2018-06-05 00:00:00+00:00,84.817497,83.32372035689092,83.263496,5297
validation,2018-06-06 00:00:00+00:00,84.787498,84.86214789615391,84.817497,5298
validation,2018-06-07 00:00:00+00:00,84.464996,84.82621214972848,84.787498,5299
validation,2018-06-08 00:00:00+00:00,84.199501,84.56681052996886,84.464996,5300
validation,2018-06-11 00:00:00+00:00,84.456001,84.27608090275703,84.199501,5301
validation,2018-06-12 00:00:00+00:00,84.9375,84.5287715495324,84.456001,5302
validation,2018-06-13 00:00:00+00:00,85.242996,85.00547533527471,84.9375,5303
validation,2018-06-14 00:00:00+00:00,86.193001,85.30835733876623,85.242996,5304
validation,2018-06-15 00:00:00+00:00,85.7985,86.2705994898726,86.193001,5305
validation,2018-06-18 00:00:00+00:00,86.189499,85.8359700934203,85.7985,5306
validation,2018-06-19 00:00:00+00:00,86.738998,86.29827709989334,86.189499,5307
validation,2018-06-20 00:00:00+00:00,87.503998,86.79316338163795,86.738998,5308
validation,2018-06-21 00:00:00+00:00,86.511002,87.56598544428914,87.503998,5309
validation,2018-06-22 00:00:00+00:00,85.783501,86.56739257494388,86.511002,5310
validation,2018-06-25 00:00:00+00:00,83.157501,85.90245720128443,85.783501,5311
validation,2018-06-26 00:00:00+00:00,84.554497,83.21528128525559,83.157501,5312
validation,2018-06-27 00:00:00+00:00,83.025497,84.71968473493122,84.554497,5313
validation,2018-06-28 00:00:00+00:00,85.072502,82.99187079450301,83.025497,5314
validation,2018-06-29 00:00:00+00:00,84.989998,85.25020245446993,85.072502,5315
validation,2018-07-02 00:00:00+00:00,85.689003,84.96545027801417,84.989998,5316
validation,2018-07-03 00:00:00+00:00,84.697998,85.79387904108616,85.689003,5317
validation,2018-07-05 00:00:00+00:00,84.986504,84.74861651206771,84.697998,5318
validation,2018-07-06 00:00:00+00:00,85.531502,85.0966667981203,84.986504,5319
validation,2018-07-09 00:00:00+00:00,86.950996,85.5822473349755,85.531502,5320
validation,2018-07-10 00:00:00+00:00,87.153503,87.01702730512382,86.950996,5321
validation,2018-07-11 00:00:00+00:00,87.75,87.19504652397887,87.153503,5322
validation,2018-07-12 00:00:00+00:00,89.831001,87.84572038576681,87.75,5323
validation,2018-07-13 00:00:00+00:00,90.651497,89.89591093470057,89.831001,5324
validation,2018-07-16 00:00:00+00:00,91.124496,90.65871129400493,90.651497,5325
validation,2018-07-17 00:00:00+00:00,92.196503,91.2237818225341,91.124496,5326
validation,2018-07-18 00:00:00+00:00,92.146004,92.27896231817982,92.196503,5327
validation,2018-07-19 00:00:00+00:00,90.648499,92.18166610961055,92.146004,5328
validation,2018-07-20 00:00:00+00:00,90.684998,90.74387416242502,90.648499,5329
validation,2018-07-23 00:00:00+00:00,90.099998,90.82124345256243,90.684998,5330
validation,2018-07-24 00:00:00+00:00,91.461998,90.13733256503548,90.099998,5331
validation,2018-07-25 00:00:00+00:00,93.180496,91.57742183529739,91.461998,5332
validation,2018-07-26 00:00:00+00:00,90.400002,93.21530479861178,93.180496,5333
validation,2018-07-27 00:00:00+00:00,90.863503,90.41377626034269,90.400002,5334
validation,2018-07-30 00:00:00+00:00,88.960999,91.08557870147364,90.863503,5335
validation,2018-07-31 00:00:00+00:00,88.872002,88.94404872105683,88.960999,5336
validation,2018-08-01 00:00:00+00:00,89.858498,89.02506432445439,88.872002,5337
validation,2018-08-02 00:00:00+00:00,91.716499,89.93085351108446,89.858498,5338
validation,2018-08-03 00:00:00+00:00,91.164497,91.75393920802779,91.716499,5339
validation,2018-08-06 00:00:00+00:00,92.387497,91.19848382393774,91.164497,5340
validation,2018-08-07 00:00:00+00:00,93.124001,92.52839243423566,92.387497,5341
validation,2018-08-08 00:00:00+00:00,94.325996,93.13945831716623,93.124001,5342
validation,2018-08-09 00:00:00+00:00,94.926003,94.40326364389685,94.325996,5343
validation,2018-08-10 00:00:00+00:00,94.315002,94.9927971952079,94.926003,5344
validation,2018-08-13 00:00:00+00:00,94.809998,94.38588651253275,94.315002,5345
validation,2018-08-14 00:00:00+00:00,95.982498,94.92861806296382,94.809998,5346
validation,2018-08-15 00:00:00+00:00,94.130997,96.03626416967288,95.982498,5347
validation,2018-08-16 00:00:00+00:00,94.325996,94.16613441989067,94.130997,5348
validation,2018-08-17 00:00:00+00:00,94.111,94.5099822811204,94.325996,5349
validation,2018-08-20 00:00:00+00:00,93.835503,94.14027130320005,94.111,5350
validation,2018-08-21 00:00:00+00:00,94.170998,93.92008119844957,93.835503,5351
validation,2018-08-22 00:00:00+00:00,95.245003,94.27662416096543,94.170998,5352
validation,2018-08-23 00:00:00+00:00,95.144997,95.30682282964179,95.245003,5353
validation,2018-08-24 00:00:00+00:00,95.269501,95.19046661532968,95.144997,5354
validation,2018-08-27 00:00:00+00:00,96.384003,95.37964404703297,95.269501,5355
validation,2018-08-28 00:00:00+00:00,96.640999,96.46209150551952,96.384003,5356
validation,2018-08-29 00:00:00+00:00,99.904999,96.67833218580162,96.640999,5357
validation,2018-08-30 00:00:00+00:00,100.119003,100.02773774042456,99.904999,5358
validation,2018-08-31 00:00:00+00:00,100.635498,100.08542601931917,100.119003,5359
validation,2018-09-04 00:00:00+00:00,101.975502,100.77988134473173,100.635498,5360
validation,2018-09-05 00:00:00+00:00,99.740997,102.05752687753677,101.975502,5361
validation,2018-09-06 00:00:00+00:00,97.915497,99.75224936570322,99.740997,5362
validation,2018-09-07 00:00:00+00:00,97.6035,98.1085786446734,97.915497,5363
validation,2018-09-10 00:00:00+00:00,96.9505,97.71113024452283,97.6035,5364
validation,2018-09-11 00:00:00+00:00,99.357498,96.9982186795747,96.9505,5365
validation,2018-09-12 00:00:00+00:00,99.5,99.49582228116182,99.357498,5366
validation,2018-09-13 00:00:00+00:00,99.4935,99.48390223753884,99.5,5367
validation,2018-09-14 00:00:00+00:00,98.509499,99.61563883108703,99.4935,5368
validation,2018-09-17 00:00:00+00:00,95.401497,98.59165120438914,98.509499,5369
validation,2018-09-18 00:00:00+00:00,97.052498,95.47934201928585,95.401497,5370
validation,2018-09-19 00:00:00+00:00,96.320999,97.25088705717003,97.052498,5371
validation,2018-09-20 00:00:00+00:00,97.214996,96.27775448257246,96.320999,5372
validation,2018-09-21 00:00:00+00:00,95.750504,97.37468329113315,97.214996,5373
validation,2018-09-24 00:00:00+00:00,96.718002,95.79075477813174,95.750504,5374
validation,2018-09-25 00:00:00+00:00,98.727501,96.8579287536093,96.718002,5375
validation,2018-09-26 00:00:00+00:00,98.7425,98.76165517341138,98.727501,5376
validation,2018-09-27 00:00:00+00:00,100.649002,98.76354367370713,98.7425,5377
validation,2018-09-28 00:00:00+00:00,100.150002,100.8006239437383,100.649002,5378
validation,2018-10-01 00:00:00+00:00,100.218002,100.14871428643447,100.150002,5379
validation,2018-10-02 00:00:00+00:00,98.565498,100.35248156796789,100.218002,5380
validation,2018-10-03 00:00:00+00:00,97.638,98.63604640759327,98.565498,5381
validation,2018-10-04 00:00:00+00:00,95.471001,97.77008826475091,97.638,5382
validation,2018-10-05 00:00:00+00:00,94.482498,95.54957190286187,95.471001,5383
validation,2018-10-08 00:00:00+00:00,93.221001,94.62051970630739,94.482498,5384
validation,2018-10-09 00:00:00+00:00,93.515999,93.2961948636891,93.221001,5385
validation,2018-10-10 00:00:00+00:00,87.762497,93.62627621282546,93.515999,5386
validation,2018-10-11 00:00:00+00:00,85.968002,87.76638918442879,87.762497,5387
validation,2018-10-12 00:00:00+00:00,89.430496,86.24024083530571,85.968002,5388
validation,2018-10-15 00:00:00+00:00,88.047501,89.48557081244074,89.430496,5389
validation,2018-10-16 00:00:00+00:00,90.998001,87.93660285994054,88.047501,5390
validation,2018-10-17 00:00:00+00:00,91.586502,91.25784306398322,90.998001,5391
validation,2018-10-18 00:00:00+00:00,88.536003,91.51717521384138,91.586502,5392
validation,2018-10-19 00:00:00+00:00,88.2015,88.58955561000658,88.536003,5393
validation,2018-10-22 00:00:00+00:00,89.464996,88.4201137346659,88.2015,5394
validation,2018-10-23 00:00:00+00:00,88.434998,89.48253420932474,89.464996,5395
validation,2018-10-24 00:00:00+00:00,83.209999,88.45275678017448,88.434998,5396
validation,2018-10-25 00:00:00+00:00,89.108498,83.32366886011148,83.209999,5397
validation,2018-10-26 00:00:00+00:00,82.140503,89.37597128817193,89.108498,5398
validation,2018-10-29 00:00:00+00:00,76.944,81.87373802048074,82.140503,5399
validation,2018-10-30 00:00:00+00:00,76.521004,77.3142750809209,76.944,5400
validation,2018-10-31 00:00:00+00:00,79.900497,76.6717814282408,76.521004,5401
validation,2018-11-01 00:00:00+00:00,83.276497,79.86375402983616,79.900497,5402
validation,2018-11-02 00:00:00+00:00,83.276497,83.27909585747305,83.276497,5403
validation,2018-11-05 00:00:00+00:00,81.389999,83.30514844438406,83.276497,5404
validation,2018-11-06 00:00:00+00:00,82.140503,81.4907201944125,81.389999,5405
validation,2018-11-07 00:00:00+00:00,87.774498,82.25514545271221,82.140503,5406
validation,2018-11-08 00:00:00+00:00,87.745499,87.79883930133195,87.774498,5407
validation,2018-11-09 00:00:00+00:00,85.621498,87.63493322855581,87.745499,5408
validation,2018-11-12 00:00:00+00:00,81.842499,85.81783162037334,85.621498,5409
validation,2018-11-13 00:00:00+00:00,81.558502,81.95101644025159,81.842499,5410
validation,2018-11-14 00:00:00+00:00,79.9505,81.69463453788904,81.558502,5411
validation,2018-11-15 00:00:00+00:00,80.972,79.96853954810939,79.9505,5412
validation,2018-11-16 00:00:00+00:00,79.670502,81.1257537881674,80.972,5413
validation,2018-11-19 00:00:00+00:00,75.614502,79.67372728511364,79.670502,5414
validation,2018-11-20 00:00:00+00:00,74.773003,75.69751640207745,75.614502,5415
validation,2018-11-21 00:00:00+00:00,75.836502,74.95858636494724,74.773003,5416
validation,2018-11-23 00:00:00+00:00,75.102997,75.8512588079923,75.836502,5417
validation,2018-11-26 00:00:00+00:00,79.066498,75.11337368686702,75.102997,5418
validation,2018-11-27 00:00:00+00:00,79.070999,79.22854941393308,79.066498,5419
validation,2018-11-28 00:00:00+00:00,83.887497,78.95901497485119,79.070999,5420
validation,2018-11-29 00:00:00+00:00,83.678497,84.05445439558613,83.887497,5421
validation,2018-11-30 00:00:00+00:00,84.508499,83.57767592827712,83.678497,5422
validation,2018-12-03 00:00:00+00:00,88.617996,84.67268467960523,84.508499,5423
validation,2018-12-04 00:00:00+00:00,83.419998,88.68952194900096,88.617996,5424
validation,2018-12-06 00:00:00+00:00,84.959503,83.2936708392941,83.419998,5425
validation,2018-12-07 00:00:00+00:00,81.456497,85.33623043716024,84.959503,5426
validation,2018-12-10 00:00:00+00:00,82.051498,81.3629898830847,81.456497,5427
validation,2018-12-11 00:00:00+00:00,82.162003,82.27580017659837,82.051498,5428
validation,2018-12-12 00:00:00+00:00,83.177002,82.18664451327065,82.162003,5429
validation,2018-12-13 00:00:00+00:00,82.918999,83.2409575472312,83.177002,5430
validation,2018-12-14 00:00:00+00:00,79.595497,82.97254610442153,82.918999,5431
validation,2018-12-17 00:00:00+00:00,76.045502,79.6533795064429,79.595497,5432
validation,2018-12-18 00:00:00+00:00,77.573997,76.1944071010359,76.045502,5433
validation,2018-12-19 00:00:00+00:00,74.753998,77.7162470729904,77.573997,5434
validation,2018-12-20 00:00:00+00:00,73.041496,74.68093151602868,74.753998,5435
validation,2018-12-21 00:00:00+00:00,68.872498,73.24521665455079,73.041496,5436
validation,2018-12-24 00:00:00+00:00,67.197998,68.92157767485756,68.872498,5437
validation,2018-12-26 00:00:00+00:00,73.544998,67.34230476287169,67.197998,5438
validation,2018-12-27 00:00:00+00:00,73.082001,73.64127086302992,73.544998,5439
validation,2018-12-28 00:00:00+00:00,73.901001,72.8664833835352,73.082001,5440
validation,2018-12-31 00:00:00+00:00,75.098503,74.14388328407908,73.901001,5441
validation,2019-01-02 00:00:00+00:00,76.956497,75.12206380264278,75.098503,5442
validation,2019-01-03 00:00:00+00:00,75.014,76.9486691764648,76.956497,5443
validation,2019-01-04 00:00:00+00:00,78.769501,75.04744354150894,75.014,5444
validation,2019-01-07 00:00:00+00:00,81.475502,78.97090683314639,78.769501,5445
validation,2019-01-08 00:00:00+00:00,82.829002,81.36446001695316,81.475502,5446
validation,2019-01-09 00:00:00+00:00,82.971001,82.87968397447966,82.829002,5447
validation,2019-01-10 00:00:00+00:00,82.810997,83.07437492740557,82.971001,5448
validation,2019-01-11 00:00:00+00:00,82.028,82.8717265491262,82.810997,5449
validation,2019-01-14 00:00:00+00:00,80.860497,82.09647659296625,82.028,5450
validation,2019-01-15 00:00:00+00:00,83.727997,80.9560373110325,80.860497,5451
validation,2019-01-16 00:00:00+00:00,84.189003,83.85185449600907,83.727997,5452
validation,2019-01-17 00:00:00+00:00,84.661003,84.13022539021962,84.189003,5453
validation,2019-01-18 00:00:00+00:00,84.809998,84.785852792563,84.661003,5454
validation,2019-01-22 00:00:00+00:00,81.608498,84.87958588490888,84.809998,5455
validation,2019-01-23 00:00:00+00:00,82.000999,81.63455864855834,81.608498,5456
validation,2019-01-24 00:00:00+00:00,82.746498,82.20324501286305,82.000999,5457
validation,2019-01-25 00:00:00+00:00,83.528503,82.7456944174318,82.746498,5458
validation,2019-01-28 00:00:00+00:00,81.894501,83.58605028983789,83.528503,5459
validation,2019-01-29 00:00:00+00:00,79.694,81.96074379248364,81.894501,5460
validation,2019-01-30 00:00:00+00:00,83.5215,79.80787739150641,79.694,5461
validation,2019-01-31 00:00:00+00:00,85.936501,83.65549135611944,83.5215,5462
validation,2019-02-01 00:00:00+00:00,81.311501,85.82450055211767,85.936501,5463
validation,2019-02-04 00:00:00+00:00,81.665497,81.34471605659395,81.311501,5464
validation,2019-02-05 00:00:00+00:00,82.940498,81.95992624209454,81.665497,5465
validation,2019-02-06 00:00:00+00:00,82.013,82.88217915692934,82.940498,5466
validation,2019-02-07 00:00:00+00:00,80.718498,82.03284001929099,82.013,5467
validation,2019-02-08 00:00:00+00:00,79.411003,80.88225842860945,80.718498,5468
validation,2019-02-11 00:00:00+00:00,79.550003,79.48283529240311,79.411003,5469
validation,2019-02-12 00:00:00+00:00,81.900497,79.62968470015517,79.550003,5470
validation,2019-02-13 00:00:00+00:00,82.0,81.9640990289567,81.900497,5471
validation,2019-02-14 00:00:00+00:00,81.1325,81.98869168369437,82.0,5472
validation,2019-02-15 00:00:00+00:00,80.397499,81.24322294828819,81.1325,5473
validation,2019-02-19 00:00:00+00:00,81.378998,80.48831872234543,80.397499,5474
validation,2019-02-20 00:00:00+00:00,81.105003,81.44900829114637,81.378998,5475
validation,2019-02-21 00:00:00+00:00,80.972,81.12851095942072,81.105003,5476
validation,2019-02-22 00:00:00+00:00,81.578003,81.08062326449554,80.972,5477
validation,2019-02-25 00:00:00+00:00,81.650002,81.65137265072123,81.578003,5478
validation,2019-02-26 00:00:00+00:00,81.82,81.6834277749597,81.650002,5479
validation,2019-02-27 00:00:00+00:00,82.054497,81.90600913691306,81.82,5480
validation,2019-02-28 00:00:00+00:00,81.991501,82.12203957793349,82.054497,5481
validation,2019-03-01 00:00:00+00:00,83.586502,82.05038864181144,81.991501,5482
validation,2019-03-04 00:00:00+00:00,84.808502,83.67622410649959,83.586502,5483
validation,2019-03-05 00:00:00+00:00,84.621498,84.82456627393634,84.808502,5484
validation,2019-03-06 00:00:00+00:00,83.447502,84.67862033994409,84.621498,5485
validation,2019-03-07 00:00:00+00:00,81.297501,83.54514499223878,83.447502,5486
validation,2019-03-08 00:00:00+00:00,81.040001,81.38196769626286,81.297501,5487
validation,2019-03-11 00:00:00+00:00,83.530998,81.16383995230633,81.040001,5488
validation,2019-03-12 00:00:00+00:00,83.654999,83.59064788181942,83.530998,5489
validation,2019-03-13 00:00:00+00:00,84.540497,83.63277711150184,83.654999,5490
validation,2019-03-14 00:00:00+00:00,84.310997,84.6763394585641,84.540497,5491
validation,2019-03-15 00:00:00+00:00,85.617996,84.34213515857061,84.310997,5492
validation,2019-03-18 00:00:00+00:00,87.107498,85.70614800225165,85.617996,5493
validation,2019-03-19 00:00:00+00:00,88.092499,87.14385404936597,87.107498,5494
validation,2019-03-20 00:00:00+00:00,89.863503,88.14206177565379,88.092499,5495
validation,2019-03-21 00:00:00+00:00,90.962997,89.94876474052971,89.863503,5496
validation,2019-03-22 00:00:00+00:00,88.238503,90.99051188697521,90.962997,5497
validation,2019-03-25 00:00:00+00:00,88.712997,88.28571108387781,88.238503,5498
validation,2019-03-26 00:00:00+00:00,89.188004,88.91778260301449,88.712997,5499
validation,2019-03-27 00:00:00+00:00,88.285004,89.18859897411669,89.188004,5500
validation,2019-03-28 00:00:00+00:00,88.670998,88.34708548463426,88.285004,5501
validation,2019-03-29 00:00:00+00:00,89.037498,88.81707784712383,88.670998,5502
validation,2019-04-01 00:00:00+00:00,90.709503,89.06956429812713,89.037498,5503
validation,2019-04-02 00:00:00+00:00,90.698997,90.785676118522,90.709503,5504
validation,2019-04-03 00:00:00+00:00,91.035004,90.72873752038069,90.698997,5505
validation,2019-04-04 00:00:00+00:00,90.943001,91.14517749226421,91.035004,5506
validation,2019-04-05 00:00:00+00:00,91.863998,91.00439701720833,90.943001,5507
validation,2019-04-08 00:00:00+00:00,92.492996,91.95005258089807,91.863998,5508
validation,2019-04-09 00:00:00+00:00,91.792,92.54554253489736,92.492996,5509
validation,2019-04-10 00:00:00+00:00,92.366501,91.86088682542713,91.792,5510
validation,2019-04-11 00:00:00+00:00,92.203499,92.49026715297683,92.366501,5511
validation,2019-04-12 00:00:00+00:00,92.153,92.23877480051988,92.203499,5512
validation,2019-04-15 00:00:00+00:00,92.2435,92.24930934161556,92.153,5513
validation,2019-04-16 00:00:00+00:00,93.152,92.32945522127773,92.2435,5514
validation,2019-04-17 00:00:00+00:00,93.240997,93.22656698633314,93.152,5515
validation,2019-04-18 00:00:00+00:00,93.084503,93.2901996753921,93.240997,5516
validation,2019-04-22 00:00:00+00:00,94.365501,93.17927239351314,93.084503,5517
validation,2019-04-23 00:00:00+00:00,96.188499,94.4600531395654,94.365501,5518
validation,2019-04-24 00:00:00+00:00,95.087502,96.22172107865762,96.188499,5519
validation,2019-04-25 00:00:00+00:00,95.112503,95.12189292627681,95.087502,5520
validation,2019-04-26 00:00:00+00:00,97.531502,95.27658724670559,95.112503,5521
validation,2019-04-29 00:00:00+00:00,96.921501,97.594074388781,97.531502,5522
validation,2019-04-30 00:00:00+00:00,96.325996,96.90046795935417,96.921501,5523
validation,2019-05-01 00:00:00+00:00,95.575996,96.49522185918093,96.325996,5524
validation,2019-05-02 00:00:00+00:00,95.041,95.66062137504696,95.575996,5525
validation,2019-05-03 00:00:00+00:00,98.123001,95.11809552357181,95.041,5526
validation,2019-05-06 00:00:00+00:00,97.527496,98.24298201392443,98.123001,5527
validation,2019-05-07 00:00:00+00:00,96.050003,97.48187044183338,97.527496,5528
validation,2019-05-08 00:00:00+00:00,95.888496,96.21025147855556,96.050003,5529
validation,2019-05-09 00:00:00+00:00,94.9935,96.01204665731166,95.888496,5530
validation,2019-05-10 00:00:00+00:00,94.499001,95.0232598550132,94.9935,5531
validation,2019-05-13 00:00:00+00:00,91.134003,94.62231018339388,94.499001,5532
validation,2019-05-14 00:00:00+00:00,92.005997,91.19915204274828,91.134003,5533
validation,2019-05-15 00:00:00+00:00,93.557503,92.20228248954167,92.005997,5534
validation,2019-05-16 00:00:00+00:00,95.378502,93.54748893467958,93.557503,5535
validation,2019-05-17 00:00:00+00:00,93.449997,95.42983402898533,95.378502,5536
validation,2019-05-20 00:00:00+00:00,92.948502,93.49961414397333,93.449997,5537
validation,2019-05-21 00:00:00+00:00,92.875999,93.11462492595004,92.948502,5538
validation,2019-05-22 00:00:00+00:00,92.984001,92.92403367145432,92.875999,5539
validation,2019-05-23 00:00:00+00:00,90.774002,93.0537624541907,92.984001,5540
validation,2019-05-24 00:00:00+00:00,91.164001,90.85139745641433,90.774002,5541
validation,2019-05-28 00:00:00+00:00,91.821503,91.32804289116129,91.164001,5542
validation,2019-05-29 00:00:00+00:00,90.959503,91.83957559965627,91.821503,5543
validation,2019-05-30 00:00:00+00:00,90.816002,91.01309951131412,90.959503,5544
validation,2019-05-31 00:00:00+00:00,88.753502,90.95353740060654,90.816002,5545
validation,2019-06-03 00:00:00+00:00,84.634499,88.79251994929271,88.753502,5546
validation,2019-06-04 00:00:00+00:00,86.477997,84.7411425236564,84.634499,5547
validation,2019-06-05 00:00:00+00:00,86.925003,86.68645107995103,86.477997,5548
validation,2019-06-06 00:00:00+00:00,87.718002,86.8484596766225,86.925003,5549
validation,2019-06-07 00:00:00+00:00,90.2015,87.83258195400204,87.718002,5550
validation,2019-06-10 00:00:00+00:00,93.031502,90.28939425561842,90.2015,5551
validation,2019-06-11 00:00:00+00:00,93.184998,93.01197871132952,93.031502,5552
validation,2019-06-12 00:00:00+00:00,92.765999,93.20929068027854,93.184998,5553
validation,2019-06-13 00:00:00+00:00,93.514999,92.89762872549963,92.765999,5554
validation,2019-06-14 00:00:00+00:00,93.483498,93.6048394271037,93.514999,5555
validation,2019-06-17 00:00:00+00:00,94.301498,93.51799552645436,93.483498,5556
validation,2019-06-18 00:00:00+00:00,95.068497,94.41848836880732,94.301498,5557
validation,2019-06-19 00:00:00+00:00,95.439499,95.12881904276018,95.068497,5558
validation,2019-06-20 00:00:00+00:00,95.9095,95.50378263718088,95.439499,5559
validation,2019-06-21 00:00:00+00:00,95.565002,95.99872150253843,95.9095,5560
validation,2019-06-24 00:00:00+00:00,95.695,95.62981303754194,95.565002,5561
validation,2019-06-25 00:00:00+00:00,93.913498,95.79842862220275,95.695,5562
validation,2019-06-26 00:00:00+00:00,94.891502,93.97153074226217,93.913498,5563
validation,2019-06-27 00:00:00+00:00,95.213997,95.04916896784975,94.891502,5564
validation,2019-06-28 00:00:00+00:00,94.681503,95.2274045248938,95.213997,5565
validation,2019-07-01 00:00:00+00:00,96.109497,94.76546425031185,94.681503,5566
validation,2019-07-02 00:00:00+00:00,96.7155,96.23836985632934,96.109497,5567
validation,2019-07-03 00:00:00+00:00,96.949997,96.7217284140595,96.7155,5568
validation,2019-07-05 00:00:00+00:00,97.1455,97.0407091853855,96.949997,5569
validation,2019-07-08 00:00:00+00:00,97.615997,97.23976156542604,97.1455,5570
validation,2019-07-09 00:00:00+00:00,99.415001,97.68821934126878,97.615997,5571
validation,2019-07-10 00:00:00+00:00,100.870499,99.4968325290559,99.415001,5572
validation,2019-07-11 00:00:00+00:00,100.053497,100.90814566058484,100.870499,5573
validation,2019-07-12 00:00:00+00:00,100.550003,100.11638637541154,100.053497,5574
validation,2019-07-15 00:00:00+00:00,101.0495,100.69812702195668,100.550003,5575
validation,2019-07-16 00:00:00+00:00,100.495003,101.09301525958944,101.0495,5576
validation,2019-07-17 00:00:00+00:00,99.601501,100.5669225204608,100.495003,5577
validation,2019-07-18 00:00:00+00:00,98.894997,99.72530055689454,99.601501,5578
validation,2019-07-19 00:00:00+00:00,98.225998,98.99263874814076,98.894997,5579
validation,2019-07-22 00:00:00+00:00,99.281502,98.31160387977015,98.225998,5580
validation,2019-07-23 00:00:00+00:00,99.724503,99.39049968501784,99.281502,5581
validation,2019-07-24 00:00:00+00:00,100.040497,99.76175897282432,99.724503,5582
validation,2019-07-25 00:00:00+00:00,98.691002,100.13314731169326,100.040497,5583
validation,2019-07-26 00:00:00+00:00,97.152496,98.76406897056748,98.691002,5584
validation,2019-07-29 00:00:00+00:00,95.622498,97.27202378812085,97.152496,5585
validation,2019-07-30 00:00:00+00:00,94.926498,95.72522094356013,95.622498,5586
validation,2019-07-31 00:00:00+00:00,93.338997,95.03183973655256,94.926498,5587
validation,2019-08-01 00:00:00+00:00,92.765999,93.41343850701539,93.338997,5588
validation,2019-08-02 00:00:00+00:00,91.162003,92.89251162298282,92.765999,5589
validation,2019-08-05 00:00:00+00:00,88.2565,91.22107893114291,91.162003,5590
validation,2019-08-06 00:00:00+00:00,89.391502,88.35531648838824,88.2565,5591
validation,2019-08-07 00:00:00+00:00,89.669998,89.55874010123735,89.391502,5592
validation,2019-08-08 00:00:00+00:00,91.644501,89.64324440699035,89.669998,5593
validation,2019-08-09 00:00:00+00:00,90.378998,91.75551998281719,91.644501,5594
validation,2019-08-12 00:00:00+00:00,89.246002,90.3914477758655,90.378998,5595
validation,2019-08-13 00:00:00+00:00,91.217003,89.3821874165361,89.246002,5596
validation,2019-08-14 00:00:00+00:00,88.148003,91.32135846025749,91.217003,5597
validation,2019-08-15 00:00:00+00:00,88.806,88.09640225095521,88.148003,5598
validation,2019-08-16 00:00:00+00:00,89.628502,89.05953149071625,88.806,5599
validation,2019-08-19 00:00:00+00:00,90.806,89.62771133876645,89.628502,5600
validation,2019-08-20 00:00:00+00:00,90.069,90.85490493514185,90.806,5601
validation,2019-08-21 00:00:00+00:00,91.177002,90.14003454417866,90.069,5602
validation,2019-08-22 00:00:00+00:00,90.233002,91.30063108552736,91.177002,5603
validation,2019-08-23 00:00:00+00:00,87.481003,90.23970022597706,90.233002,5604
validation,2019-08-26 00:00:00+00:00,88.443497,87.59004708819025,87.481003,5605
validation,2019-08-27 00:00:00+00:00,88.091499,88.61937536798374,88.443497,5606
validation,2019-08-28 00:00:00+00:00,88.212502,88.06458607654925,88.091499,5607
validation,2019-08-29 00:00:00+00:00,89.32,88.3322449417059,88.212502,5608
validation,2019-08-30 00:00:00+00:00,88.814499,89.40620600002997,89.32,5609
validation,2019-09-03 00:00:00+00:00,89.491997,88.82819898598595,88.814499,5610
validation,2019-09-04 00:00:00+00:00,90.030998,89.61787978374487,89.491997,5611
validation,2019-09-05 00:00:00+00:00,92.036003,90.07409532768709,90.030998,5612
validation,2019-09-06 00:00:00+00:00,91.675499,92.11225340088335,92.036003,5613
validation,2019-09-09 00:00:00+00:00,91.567497,91.69373422659241,91.675499,5614
validation,2019-09-10 00:00:00+00:00,91.027496,91.69652802736555,91.567497,5615
validation,2019-09-11 00:00:00+00:00,91.149498,91.09683768594797,91.027496,5616
validation,2019-09-12 00:00:00+00:00,92.177498,91.23702693315158,91.149498,5617
validation,2019-09-13 00:00:00+00:00,91.967003,92.25724932990633,92.177498,5618
validation,2019-09-16 00:00:00+00:00,90.391998,92.0089014718347,91.967003,5619
validation,2019-09-17 00:00:00+00:00,91.127502,90.48975438781538,90.391998,5620
validation,2019-09-18 00:00:00+00:00,90.873001,91.2620150203404,91.127502,5621
validation,2019-09-19 00:00:00+00:00,91.074997,90.88210105746187,90.873001,5622
validation,2019-09-20 00:00:00+00:00,89.708,91.18532372739344,91.074997,5623
validation,2019-09-23 00:00:00+00:00,89.264999,89.77336150199585,89.708,5624
validation,2019-09-24 00:00:00+00:00,87.080498,89.38307290891294,89.264999,5625
validation,2019-09-25 00:00:00+00:00,88.416496,87.13194739406495,87.080498,5626
validation,2019-09-26 00:00:00+00:00,86.991997,88.57518752075191,88.416496,5627
validation,2019-09-27 00:00:00+00:00,86.272499,86.97189991913045,86.991997,5628
validation,2019-09-30 00:00:00+00:00,86.795502,86.42130310643834,86.272499,5629
validation,2019-10-01 00:00:00+00:00,86.782501,86.88115993372283,86.795502,5630
validation,2019-10-02 00:00:00+00:00,85.661499,86.80435473766863,86.782501,5631
validation,2019-10-03 00:00:00+00:00,86.221001,85.7496819817234,85.661499,5632
validation,2019-10-04 00:00:00+00:00,86.982498,86.34156440880739,86.221001,5633
validation,2019-10-07 00:00:00+00:00,86.633003,87.0080580899878,86.982498,5634
validation,2019-10-08 00:00:00+00:00,85.275497,86.6884457989652,86.633003,5635
validation,2019-10-09 00:00:00+00:00,86.099503,85.37622112601696,85.275497,5636
validation,2019-10-10 00:00:00+00:00,86.013,86.21408523898754,86.099503,5637
validation,2019-10-11 00:00:00+00:00,86.596001,86.02217137342407,86.013,5638
validation,2019-10-14 00:00:00+00:00,86.821503,86.70124513928926,86.596001,5639
validation,2019-10-15 00:00:00+00:00,88.369003,86.8811215881888,86.821503,5640
validation,2019-10-16 00:00:00+00:00,88.871498,88.44532886184074,88.369003,5641
validation,2019-10-17 00:00:00+00:00,89.374001,88.89739041814452,88.871498,5642
validation,2019-10-18 00:00:00+00:00,87.875504,89.46442550725331,89.374001,5643
validation,2019-10-21 00:00:00+00:00,89.282997,87.93296581986556,87.875504,5644
validation,2019-10-22 00:00:00+00:00,88.286499,89.4270496171503,89.282997,5645
validation,2019-10-23 00:00:00+00:00,88.108498,88.275126214581,88.286499,5646
validation,2019-10-24 00:00:00+00:00,89.039001,88.25176638013589,88.108498,5647
validation,2019-10-25 00:00:00+00:00,88.066498,89.11831650544494,89.039001,5648
validation,2019-10-28 00:00:00+00:00,88.853996,88.08145015316259,88.066498,5649
validation,2019-10-29 00:00:00+00:00,88.135498,89.00159571112704,88.853996,5650
validation,2019-10-30 00:00:00+00:00,88.999496,88.155883456087,88.135498,5651
validation,2019-10-31 00:00:00+00:00,88.833,89.11728800143075,88.999496,5652
validation,2019-11-01 00:00:00+00:00,89.571999,88.86960247573333,88.833,5653
validation,2019-11-04 00:00:00+00:00,90.233002,89.67052017994297,89.571999,5654
validation,2019-11-05 00:00:00+00:00,90.085503,90.28810894792355,90.233002,5655
validation,2019-11-06 00:00:00+00:00,89.788498,90.14417913420064,90.085503,5656
validation,2019-11-07 00:00:00+00:00,89.410004,89.88615885410059,89.788498,5657
validation,2019-11-08 00:00:00+00:00,89.293999,89.48786815932877,89.410004,5658
validation,2019-11-11 00:00:00+00:00,88.582497,89.37622004580376,89.293999,5659
validation,2019-11-12 00:00:00+00:00,88.900002,88.65458137497983,88.582497,5660
validation,2019-11-13 00:00:00+00:00,87.655502,89.00496200128032,88.900002,5661
validation,2019-11-14 00:00:00+00:00,87.730003,87.69648722231378,87.655502,5662
validation,2019-11-15 00:00:00+00:00,86.974503,87.85859246420213,87.730003,5663
validation,2019-11-18 00:00:00+00:00,87.626503,87.019522688295,86.974503,5664
validation,2019-11-19 00:00:00+00:00,87.639503,87.73162871238584,87.626503,5665
validation,2019-11-20 00:00:00+00:00,87.276497,87.68191163166202,87.639503,5666
validation,2019-11-21 00:00:00+00:00,86.735497,87.35691959617475,87.276497,5667
validation,2019-11-22 00:00:00+00:00,87.286003,86.82345329019863,86.735497,5668
validation,2019-11-25 00:00:00+00:00,88.692001,87.37026982210024,87.286003,5669
validation,2019-11-26 00:00:00+00:00,89.847,88.74470754326754,88.692001,5670
validation,2019-11-27 00:00:00+00:00,90.925499,89.89098487418443,89.847,5671
validation,2019-11-29 00:00:00+00:00,90.040001,90.99698671090141,90.925499,5672
validation,2019-12-02 00:00:00+00:00,89.080002,90.08800259848698,90.040001,5673
validation,2019-12-03 00:00:00+00:00,88.498001,89.19789080257209,89.080002,5674
validation,2019-12-04 00:00:00+00:00,88.0345,88.5872065638945,88.498001,5675
validation,2019-12-05 00:00:00+00:00,87.024002,88.10906573931072,88.0345,5676
validation,2019-12-06 00:00:00+00:00,87.580002,87.10812757984777,87.024002,5677
validation,2019-12-09 00:00:00+00:00,87.475502,87.69143486265342,87.580002,5678
validation,2019-12-10 00:00:00+00:00,86.960503,87.50603025601292,87.475502,5679
validation,2019-12-11 00:00:00+00:00,87.435997,87.04647194958653,86.960503,5680
validation,2019-12-12 00:00:00+00:00,88.016502,87.53499195205151,87.435997,5681
validation,2019-12-13 00:00:00+00:00,88.046997,88.05773818712288,88.016502,5682
validation,2019-12-16 00:00:00+00:00,88.460503,88.11154026714576,88.046997,5683
test,2019-12-17 00:00:00+00:00,89.532997,88.55347474242303,88.460503,5684
test,2019-12-18 00:00:00+00:00,89.2015,89.59474786656727,89.532997,5685
test,2019-12-19 00:00:00+00:00,89.613998,89.24028547303178,89.2015,5686
test,2019-12-20 00:00:00+00:00,89.324997,89.73142686340532,89.613998,5687
test,2019-12-23 00:00:00+00:00,89.650002,89.37496231064719,89.324997,5688
test,2019-12-24 00:00:00+00:00,89.460503,89.74298346447216,89.650002,5689
test,2019-12-26 00:00:00+00:00,93.438499,89.52419178246383,89.460503,5690
test,2019-12-27 00:00:00+00:00,93.489998,93.55088582449646,93.438499,5691
test,2019-12-30 00:00:00+00:00,92.344498,93.41522849962351,93.489998,5692
test,2019-12-31 00:00:00+00:00,92.391998,92.49637859774943,92.344498,5693
test,2020-01-02 00:00:00+00:00,94.900497,92.51700344108039,92.391998,5694
test,2020-01-03 00:00:00+00:00,93.748497,94.94348420627226,94.900497,5695
test,2020-01-06 00:00:00+00:00,95.143997,93.74078120856913,93.748497,5696
test,2020-01-07 00:00:00+00:00,95.343002,95.34536144526962,95.143997,5697
test,2020-01-08 00:00:00+00:00,94.598503,95.34332904219623,95.343002,5698
test,2020-01-09 00:00:00+00:00,95.052498,94.67816303826555,94.598503,5699
test,2020-01-10 00:00:00+00:00,94.157997,95.18663802609744,95.052498,5700
test,2020-01-13 00:00:00+00:00,94.565002,94.19003245601367,94.157997,5701
test,2020-01-14 00:00:00+00:00,93.472,94.69424014394907,94.565002,5702
test,2020-01-15 00:00:00+00:00,93.100998,93.51869250627661,93.472,5703
test,2020-01-16 00:00:00+00:00,93.897003,93.2228351625533,93.100998,5704
test,2020-01-17 00:00:00+00:00,93.236,93.97968462855239,93.897003,5705
test,2020-01-21 00:00:00+00:00,94.599998,93.26773288540437,93.236,5706
test,2020-01-22 00:00:00+00:00,94.373001,94.73885577217027,94.599998,5707
test,2020-01-23 00:00:00+00:00,94.228996,94.38484750716214,94.373001,5708
test,2020-01-24 00:00:00+00:00,93.082001,94.3379372728621,94.228996,5709
test,2020-01-27 00:00:00+00:00,91.417,93.16194115376521,93.082001,5710
test,2020-01-28 00:00:00+00:00,92.662498,91.51394958769424,91.417,5711
test,2020-01-29 00:00:00+00:00,92.900002,92.7949919843868,92.662498,5712
test,2020-01-30 00:00:00+00:00,93.533997,92.90047017991297,92.900002,5713
test,2020-01-31 00:00:00+00:00,100.435997,93.64197492582618,93.533997,5714
test,2020-02-03 00:00:00+00:00,100.209999,100.5372884025342,100.435997,5715
test,2020-02-04 00:00:00+00:00,102.483498,100.02443972524884,100.209999,5716
test,2020-02-05 00:00:00+00:00,101.9935,102.74915416104749,102.483498,5717
test,2020-02-06 00:00:00+00:00,102.511497,101.98986134185594,101.9935,5718
test,2020-02-07 00:00:00+00:00,103.963997,102.62750672079116,102.511497,5719
test,2020-02-10 00:00:00+00:00,106.695503,104.06033965138093,103.963997,5720
test,2020-02-11 00:00:00+00:00,107.540001,106.7505560649009,106.695503,5721
test,2020-02-12 00:00:00+00:00,108.0,107.57313396429369,107.540001,5722
test,2020-02-13 00:00:00+00:00,107.4935,108.118578125653,108.0,5723
test,2020-02-14 00:00:00+00:00,106.7435,107.57418916562575,107.4935,5724
test,2020-02-18 00:00:00+00:00,107.783501,106.84715006033247,106.7435,5725
test,2020-02-19 00:00:00+00:00,108.511002,107.90734888274059,107.783501,5726
test,2020-02-20 00:00:00+00:00,107.654999,108.55601279882079,108.511002,5727
test,2020-02-21 00:00:00+00:00,104.7985,107.74083856932398,107.654999,5728
test,2020-02-24 00:00:00+00:00,100.4645,104.91793017631737,104.7985,5729
test,2020-02-25 00:00:00+00:00,98.637001,100.59559969712177,100.4645,5730
test,2020-02-26 00:00:00+00:00,98.9795,98.81345156166951,98.637001,5731
test,2020-02-27 00:00:00+00:00,94.214996,99.06231146400584,98.9795,5732
test,2020-02-28 00:00:00+00:00,94.1875,94.2242978031584,94.214996,5733
test,2020-03-02 00:00:00+00:00,97.697502,94.46645955327757,94.1875,5734
test,2020-03-03 00:00:00+00:00,95.449501,97.69768741431032,97.697502,5735
test,2020-03-04 00:00:00+00:00,98.791496,95.36548788494727,95.449501,5736
test,2020-03-05 00:00:00+00:00,96.2015,99.08625215397018,98.791496,5737
test,2020-03-06 00:00:00+00:00,95.054497,96.08520094553735,96.2015,5738
test,2020-03-09 00:00:00+00:00,90.030502,95.2676894721017,95.054497,5739
test,2020-03-10 00:00:00+00:00,94.591003,90.09445013174613,90.030502,5740
test,2020-03-11 00:00:00+00:00,91.042999,94.84712626837431,94.591003,5741
test,2020-03-12 00:00:00+00:00,83.830498,90.86364470166271,91.042999,5742
test,2020-03-13 00:00:00+00:00,89.25,84.03697078737736,83.830498,5743
test,2020-03-16 00:00:00+00:00,84.457497,89.56071230029586,89.25,5744
test,2020-03-17 00:00:00+00:00,90.391998,84.15512235576907,84.457497,5745
test,2020-03-18 00:00:00+00:00,91.5,90.82974099207821,90.391998,5746
test,2020-03-19 00:00:00+00:00,94.046501,91.30517202207174,91.5,5747
test,2020-03-20 00:00:00+00:00,92.304497,94.16923023089588,94.046501,5748
test,2020-03-23 00:00:00+00:00,95.141502,92.34853765235881,92.304497,5749
test,2020-03-24 00:00:00+00:00,97.004997,95.31061675998558,95.141502,5750
test,2020-03-25 00:00:00+00:00,94.292,96.9603473006477,97.004997,5751
test,2020-03-26 00:00:00+00:00,97.774498,94.33718022128683,94.292,5752
test,2020-03-27 00:00:00+00:00,95.004997,98.03903223681039,97.774498,5753
test,2020-03-30 00:00:00+00:00,98.197502,94.86680293706735,95.004997,5754
test,2020-03-31 00:00:00+00:00,97.486,98.48191014628107,98.197502,5755
test,2020-04-01 00:00:00+00:00,95.385002,97.41931885094459,97.486,5756
test,2020-04-02 00:00:00+00:00,95.941498,95.51482712730675,95.385002,5757
test,2020-04-03 00:00:00+00:00,95.329498,96.11642321349873,95.941498,5758
test,2020-04-06 00:00:00+00:00,99.879501,95.31871885103293,95.329498,5759
test,2020-04-07 00:00:00+00:00,100.580002,100.03924344099781,99.879501,5760
test,2020-04-08 00:00:00+00:00,102.150002,100.49557170261676,100.580002,5761
test,2020-04-09 00:00:00+00:00,102.138,102.30684892264888,102.150002,5762
test,2020-04-13 00:00:00+00:00,108.443497,102.18460505493633,102.138,5763
test,2020-04-14 00:00:00+00:00,114.166,108.56645929240966,108.443497,5764
test,2020-04-15 00:00:00+00:00,115.384003,114.0523029527232,114.166,5765
test,2020-04-16 00:00:00+00:00,120.4095,115.40623674404883,115.384003,5766
test,2020-04-17 00:00:00+00:00,118.75,120.62163402296729,120.4095,5767
test,2020-04-20 00:00:00+00:00,119.680496,118.63781538105721,118.75,5768
test,2020-04-21 00:00:00+00:00,116.405998,119.9505146503488,119.680496,5769
test,2020-04-22 00:00:00+00:00,118.1745,116.44385787818489,116.405998,5770
test,2020-04-23 00:00:00+00:00,119.972504,118.41390426258302,118.1745,5771
test,2020-04-24 00:00:00+00:00,120.511002,119.97874837753348,119.972504,5772
test,2020-04-27 00:00:00+00:00,118.800003,120.58007496910447,120.511002,5773
test,2020-04-28 00:00:00+00:00,115.704002,118.92996999155888,118.800003,5774
test,2020-04-29 00:00:00+00:00,118.635498,115.83231118462476,115.704002,5775
test,2020-04-30 00:00:00+00:00,123.699997,118.82791176979241,118.635498,5776
test,2020-05-01 00:00:00+00:00,114.302002,123.65736836157684,123.699997,5777
test,2020-05-04 00:00:00+00:00,115.7995,114.20834610091443,114.302002,5778
test,2020-05-05 00:00:00+00:00,115.889999,116.35319122997124,115.7995,5779
test,2020-05-06 00:00:00+00:00,117.563004,115.73610674840302,115.889999,5780
test,2020-05-07 00:00:00+00:00,118.380501,117.68753377196172,117.563004,5781
test,2020-05-08 00:00:00+00:00,118.980499,118.5049988607821,118.380501,5782
test,2020-05-11 00:00:00+00:00,120.449997,119.04818737619158,118.980499,5783
test,2020-05-12 00:00:00+00:00,117.847504,120.54673949134492,120.449997,5784
test,2020-05-13 00:00:00+00:00,118.396004,117.88128693479182,117.847504,5785
test,2020-05-14 00:00:00+00:00,119.442497,118.63167712430865,118.396004,5786
test,2020-05-15 00:00:00+00:00,120.488998,119.47665530242206,119.442497,5787
test,2020-05-18 00:00:00+00:00,121.313004,120.56398084520423,120.488998,5788
test,2020-05-19 00:00:00+00:00,122.466499,121.42720679589941,121.313004,5789
test,2020-05-20 00:00:00+00:00,124.897003,122.55563250387013,122.466499,5790
test,2020-05-21 00:00:00+00:00,122.336998,124.98098104811835,124.897003,5791
test,2020-05-22 00:00:00+00:00,121.844002,122.35484703658031,122.336998,5792
test,2020-05-26 00:00:00+00:00,121.093002,122.09250139939182,121.844002,5793
test,2020-05-27 00:00:00+00:00,120.519501,121.15606071475685,121.093002,5794
test,2020-05-28 00:00:00+00:00,120.055,120.62828696756979,120.519501,5795
test,2020-05-29 00:00:00+00:00,122.1185,120.18764900273631,120.055,5796
test,2020-06-01 00:00:00+00:00,123.552002,122.23737593270297,122.1185,5797
test,2020-06-02 00:00:00+00:00,123.620499,123.57466161080967,123.552002,5798
test,2020-06-03 00:00:00+00:00,123.919998,123.71565756490702,123.620499,5799
test,2020-06-04 00:00:00+00:00,123.029999,124.05499655024917,123.919998,5800
test,2020-06-05 00:00:00+00:00,124.150002,123.10292336132558,123.029999,5801
test,2020-06-08 00:00:00+00:00,126.203003,124.30188038506809,124.150002,5802
test,2020-06-09 00:00:00+00:00,130.042999,126.26858662267647,126.203003,5803
test,2020-06-10 00:00:00+00:00,132.372498,130.1189080360661,130.042999,5804
test,2020-06-11 00:00:00+00:00,127.898003,132.40025955319942,132.372498,5805
test,2020-06-12 00:00:00+00:00,127.250999,127.95807979371905,127.898003,5806
test,2020-06-15 00:00:00+00:00,128.634003,127.55843152620643,127.250999,5807
test,2020-06-16 00:00:00+00:00,130.763504,128.67274297581264,128.634003,5808
test,2020-06-17 00:00:00+00:00,132.048996,130.8250480540993,130.763504,5809
test,2020-06-18 00:00:00+00:00,132.699005,132.15950266534344,132.048996,5810
test,2020-06-19 00:00:00+00:00,133.750504,132.8004717457094,132.699005,5811
test,2020-06-22 00:00:00+00:00,135.690994,133.85398729459897,133.750504,5812
test,2020-06-23 00:00:00+00:00,138.220505,135.782528537075,135.690994,5813
test,2020-06-24 00:00:00+00:00,136.720001,138.30225381203545,138.220505,5814
test,2020-06-25 00:00:00+00:00,137.729004,136.77456888644915,136.720001,5815
test,2020-06-26 00:00:00+00:00,134.643494,137.9603908717319,137.729004,5816
test,2020-06-29 00:00:00+00:00,134.018997,134.66395800012526,134.643494,5817
test,2020-06-30 00:00:00+00:00,137.940994,134.2611210416912,134.018997,5818
test,2020-07-01 00:00:00+00:00,143.934998,138.0618755029157,137.940994,5819
test,2020-07-02 00:00:00+00:00,144.514999,143.91090725312577,143.934998,5820
test,2020-07-06 00:00:00+00:00,152.852005,144.51677078338727,144.514999,5821
test,2020-07-07 00:00:00+00:00,150.005997,153.12039136855518,152.852005,5822
test,2020-07-08 00:00:00+00:00,154.055496,149.7859973960096,150.005997,5823
test,2020-07-09 00:00:00+00:00,159.1315,154.48003715568888,154.055496,5824
test,2020-07-10 00:00:00+00:00,160.0,159.10342611200898,159.1315,5825
test,2020-07-13 00:00:00+00:00,155.199997,159.9866473332574,160.0,5826
test,2020-07-14 00:00:00+00:00,154.199997,155.42622577046635,155.199997,5827
test,2020-07-15 00:00:00+00:00,150.443497,154.49454963796924,154.199997,5828
test,2020-07-16 00:00:00+00:00,149.994995,150.47219261895776,150.443497,5829
test,2020-07-17 00:00:00+00:00,148.098495,150.26462073387142,149.994995,5830
test,2020-07-20 00:00:00+00:00,159.841995,148.1933456269874,148.098495,5831
test,2020-07-21 00:00:00+00:00,156.914505,160.08725972138393,159.841995,5832
test,2020-07-22 00:00:00+00:00,154.995499,156.563964255871,156.914505,5833
test,2020-07-23 00:00:00+00:00,149.327499,155.4667330280033,154.995499,5834
test,2020-07-24 00:00:00+00:00,150.445496,149.44391577136366,149.327499,5835
test,2020-07-27 00:00:00+00:00,152.760498,150.68588267170952,150.445496,5836
test,2020-07-28 00:00:00+00:00,150.016495,152.8040663264586,152.760498,5837
test,2020-07-29 00:00:00+00:00,151.676498,150.07517573438497,150.016495,5838
test,2020-07-30 00:00:00+00:00,152.593994,151.99189509719864,151.676498,5839
test,2020-07-31 00:00:00+00:00,158.233994,152.5772778218655,152.593994,5840
test,2020-08-03 00:00:00+00:00,155.594498,158.38397867996693,158.233994,5841
test,2020-08-04 00:00:00+00:00,156.941498,155.54561158182642,155.594498,5842
test,2020-08-05 00:00:00+00:00,160.251495,157.28638268101878,156.941498,5843
test,2020-08-06 00:00:00+00:00,161.25,160.2946105288911,160.251495,5844
test,2020-08-07 00:00:00+00:00,158.373001,161.26372284606273,161.25,5845
test,2020-08-10 00:00:00+00:00,157.408005,158.56202352736918,158.373001,5846
test,2020-08-11 00:00:00+00:00,154.033493,157.65221637506002,157.408005,5847
test,2020-08-12 00:00:00+00:00,158.112,154.1023179749585,154.033493,5848
test,2020-08-13 00:00:00+00:00,158.050995,158.39297342770018,158.112,5849
test,2020-08-14 00:00:00+00:00,157.401001,157.98572805504176,158.050995,5850
test,2020-08-17 00:00:00+00:00,159.120499,157.6158880618449,157.401001,5851
test,2020-08-18 00:00:00+00:00,165.624496,159.3031228351937,159.120499,5852
test,2020-08-19 00:00:00+00:00,163.024002,165.6759687368774,165.624496,5853
test,2020-08-20 00:00:00+00:00,164.8685,162.94600200810328,163.024002,5854
test,2020-08-21 00:00:00+00:00,164.235992,165.27040281122896,164.8685,5855
test,2020-08-24 00:00:00+00:00,165.373001,164.23684077931725,164.235992,5856
test,2020-08-25 00:00:00+00:00,167.324493,165.5500735686048,165.373001,5857
test,2020-08-26 00:00:00+00:00,172.092499,167.46691141818957,167.324493,5858
test,2020-08-27 00:00:00+00:00,170.0,172.20003286065952,172.092499,5859
test,2020-08-28 00:00:00+00:00,170.089996,169.9975962832503,170.0,5860
test,2020-08-31 00:00:00+00:00,172.548004,170.40954138241685,170.089996,5861
test,2020-09-01 00:00:00+00:00,174.955994,172.65236045323547,172.548004,5862
test,2020-09-02 00:00:00+00:00,176.572495,175.0040359392824,174.955994,5863
test,2020-09-03 00:00:00+00:00,168.399994,176.72844834118106,176.572495,5864
test,2020-09-04 00:00:00+00:00,164.731003,168.47036339296534,168.399994,5865
test,2020-09-08 00:00:00+00:00,157.492004,165.15658103194315,164.731003,5866
test,2020-09-09 00:00:00+00:00,163.430496,157.55887492064653,157.492004,5867
test,2020-09-10 00:00:00+00:00,158.755493,163.82415706565536,163.430496,5868
test,2020-09-11 00:00:00+00:00,155.811005,158.55654729733266,158.755493,5869
test,2020-09-14 00:00:00+00:00,155.148499,156.2142468168032,155.811005,5870
test,2020-09-15 00:00:00+00:00,157.806503,155.31565729951632,155.148499,5871
test,2020-09-16 00:00:00+00:00,153.904999,157.85922958733735,157.806503,5872
test,2020-09-17 00:00:00+00:00,150.436493,153.93754571792675,153.904999,5873
test,2020-09-18 00:00:00+00:00,147.745499,150.74723416968843,150.436493,5874
test,2020-09-21 00:00:00+00:00,148.023499,147.89338705957792,147.745499,5875
test,2020-09-22 00:00:00+00:00,156.449493,148.1662418493201,148.023499,5876
test,2020-09-23 00:00:00+00:00,149.992996,156.59541986196405,156.449493,5877
test,2020-09-24 00:00:00+00:00,150.989502,149.77686419382408,149.992996,5878
test,2020-09-25 00:00:00+00:00,154.7565,151.54084913650956,150.989502,5879
test,2020-09-28 00:00:00+00:00,158.702499,154.72523930717344,154.7565,5880
test,2020-09-29 00:00:00+00:00,157.244003,158.68060450109365,158.702499,5881
test,2020-09-30 00:00:00+00:00,157.436493,157.37507476671047,157.244003,5882
test,2020-10-01 00:00:00+00:00,161.063004,157.68851236916132,157.436493,5883
test,2020-10-02 00:00:00+00:00,156.25,161.14939270491868,161.063004,5884
test,2020-10-05 00:00:00+00:00,159.960007,156.20898609974233,156.25,5885
test,2020-10-06 00:00:00+00:00,154.998001,160.40939837727572,159.960007,5886
test,2020-10-07 00:00:00+00:00,159.7845,154.8696906725672,154.998001,5887
test,2020-10-08 00:00:00+00:00,159.527496,160.20022028040336,159.7845,5888
test,2020-10-09 00:00:00+00:00,164.332504,159.42632813057565,159.527496,5889
test,2020-10-12 00:00:00+00:00,172.1465,164.5819244046438,164.332504,5890
test,2020-10-13 00:00:00+00:00,172.181503,172.17672625025907,172.1465,5891
test,2020-10-14 00:00:00+00:00,168.185501,172.07963907128473,172.181503,5892
test,2020-10-15 00:00:00+00:00,166.932495,168.48266333245624,168.185501,5893
test,2020-10-16 00:00:00+00:00,163.635498,167.19032215174258,166.932495,5894
test,2020-10-19 00:00:00+00:00,160.360504,163.69252595897237,163.635498,5895
test,2020-10-20 00:00:00+00:00,160.850494,160.60810673170675,160.360504,5896
test,2020-10-21 00:00:00+00:00,159.246994,161.0836799800076,160.850494,5897
test,2020-10-22 00:00:00+00:00,158.820007,159.27976277872364,159.246994,5898
test,2020-10-23 00:00:00+00:00,160.220001,159.0351603204647,158.820007,5899
test,2020-10-26 00:00:00+00:00,160.352005,160.35576269660228,160.220001,5900
test,2020-10-27 00:00:00+00:00,164.316498,160.4061248284792,160.352005,5901
test,2020-10-28 00:00:00+00:00,158.139008,164.5127115070028,164.316498,5902
test,2020-10-29 00:00:00+00:00,160.550507,158.08529650367404,158.139008,5903
test,2020-10-30 00:00:00+00:00,151.807495,161.00625851290036,160.550507,5904
test,2020-11-02 00:00:00+00:00,150.223999,151.6895343000816,151.807495,5905
test,2020-11-03 00:00:00+00:00,152.420502,150.69890761974307,150.223999,5906
test,2020-11-04 00:00:00+00:00,162.057999,152.50332202446614,152.420502,5907
test,2020-11-05 00:00:00+00:00,166.100006,162.0969230760145,162.057999,5908
test,2020-11-06 00:00:00+00:00,165.568497,165.99087643196364,166.100006,5909
test,2020-11-09 00:00:00+00:00,157.186996,165.74201932825218,165.568497,5910
test,2020-11-10 00:00:00+00:00,151.751007,157.33415551441067,157.186996,5911
test,2020-11-11 00:00:00+00:00,156.869507,152.08110876214542,151.751007,5912
test,2020-11-12 00:00:00+00:00,155.514008,157.0945414189044,156.869507,5913
test,2020-11-13 00:00:00+00:00,156.440506,155.36189773495056,155.514008,5914
test,2020-11-16 00:00:00+00:00,156.552994,156.79648917681726,156.440506,5915
test,2020-11-17 00:00:00+00:00,156.783005,156.6263730131547,156.552994,5916
test,2020-11-18 00:00:00+00:00,155.272995,156.867516963525,156.783005,5917
test,2020-11-19 00:00:00+00:00,155.850998,155.41282610237576,155.272995,5918
test,2020-11-20 00:00:00+00:00,154.970001,156.0469666804442,155.850998,5919
test,2020-11-23 00:00:00+00:00,154.919495,155.0431724672543,154.970001,5920
test,2020-11-24 00:00:00+00:00,155.903,155.09777934489136,154.919495,5921
test,2020-11-25 00:00:00+00:00,159.253494,156.0369145206246,155.903,5922
test,2020-11-27 00:00:00+00:00,159.766998,159.3596333325031,159.253494,5923
test,2020-11-30 00:00:00+00:00,158.401993,159.80349365559547,159.766998,5924
test,2020-12-01 00:00:00+00:00,161.003998,158.57734847518904,158.401993,5925
test,2020-12-02 00:00:00+00:00,160.176498,161.21018036228793,161.003998,5926
test,2020-12-03 00:00:00+00:00,159.336502,160.1623694485335,160.176498,5927
test,2020-12-04 00:00:00+00:00,158.128998,159.56535266064856,159.336502,5928
test,2020-12-07 00:00:00+00:00,157.899994,158.28620788726064,158.128998,5929
test,2020-12-08 00:00:00+00:00,158.864502,158.0406587907441,157.899994,5930
test,2020-12-09 00:00:00+00:00,155.210007,159.0033320480304,158.864502,5931
test,2020-12-10 00:00:00+00:00,155.074493,155.28186100240754,155.210007,5932
test,2020-12-11 00:00:00+00:00,155.820999,155.36685125714442,155.074493,5933
test,2020-12-14 00:00:00+00:00,157.848495,155.8851550556408,155.820999,5934
test,2020-12-15 00:00:00+00:00,158.255997,157.95663349178483,157.848495,5935
test,2020-12-16 00:00:00+00:00,162.048004,158.35851706580928,158.255997,5936
test,2020-12-17 00:00:00+00:00,161.804001,162.22230332796454,162.048004,5937
test,2020-12-18 00:00:00+00:00,160.082504,161.79267705663784,161.804001,5938
test,2020-12-21 00:00:00+00:00,160.309006,160.2873872197796,160.082504,5939
test,2020-12-22 00:00:00+00:00,160.326004,160.51356868966366,160.309006,5940
test,2020-12-23 00:00:00+00:00,159.263504,160.3988017412163,160.326004,5941
test,2020-12-24 00:00:00+00:00,158.634506,159.4131944261611,159.263504,5942
test,2020-12-28 00:00:00+00:00,164.197998,158.82176662455947,158.634506,5943
test,2020-12-29 00:00:00+00:00,166.100006,164.36082648710098,164.197998,5944
test,2020-12-30 00:00:00+00:00,164.292496,166.02005561731622,166.100006,5945
test,2020-12-31 00:00:00+00:00,162.846497,164.47524150033053,164.292496,5946
test,2021-01-04 00:00:00+00:00,159.331497,163.08312301993627,162.846497,5947
test,2021-01-05 00:00:00+00:00,160.925507,159.42295419549998,159.331497,5948
test,2021-01-06 00:00:00+00:00,156.919006,161.18815483605545,160.925507,5949
test,2021-01-07 00:00:00+00:00,158.108002,156.92248271113638,156.919006,5950
test,2021-01-08 00:00:00+00:00,159.134995,158.4424844633774,158.108002,5951
test,2021-01-11 00:00:00+00:00,155.710495,159.1635014102269,159.134995,5952
test,2021-01-12 00:00:00+00:00,156.041504,155.77885955175395,155.710495,5953
test,2021-01-13 00:00:00+00:00,158.294495,156.35400648501857,156.041504,5954
test,2021-01-14 00:00:00+00:00,156.373505,158.33884901464356,158.294495,5955
test,2021-01-15 00:00:00+00:00,155.212494,156.40670345389805,156.373505,5956
test,2021-01-19 00:00:00+00:00,156.037994,155.48488856104385,155.212494,5957
test,2021-01-20 00:00:00+00:00,163.169006,156.16663421930508,156.037994,5958
test,2021-01-21 00:00:00+00:00,165.349503,163.2701729333622,163.169006,5959
test,2021-01-22 00:00:00+00:00,164.611496,165.26463705076387,165.349503,5960
test,2021-01-25 00:00:00+00:00,164.699997,164.82250882580604,164.611496,5961
test,2021-01-26 00:00:00+00:00,166.306503,164.90040275272693,164.699997,5962
test,2021-01-27 00:00:00+00:00,161.628998,166.3938490175997,166.306503,5963
test,2021-01-28 00:00:00+00:00,161.880997,161.69175670160345,161.628998,5964
test,2021-01-29 00:00:00+00:00,160.309998,162.2535539685933,161.880997,5965
test,2021-02-01 00:00:00+00:00,167.143997,160.33380515924932,160.309998,5966
test,2021-02-02 00:00:00+00:00,169.0,167.38363894043061,167.143997,5967
test,2021-02-03 00:00:00+00:00,165.626495,168.89296104574527,169.0,5968
test,2021-02-04 00:00:00+00:00,166.550003,165.79995575513337,165.626495,5969
test,2021-02-05 00:00:00+00:00,167.607498,166.86534197196627,166.550003,5970
test,2021-02-08 00:00:00+00:00,166.147003,167.60359835691338,167.607498,5971
test,2021-02-09 00:00:00+00:00,165.25,166.27136161394378,166.147003,5972
test,2021-02-10 00:00:00+00:00,164.328995,165.5003293734878,165.25,5973
test,2021-02-11 00:00:00+00:00,163.106506,164.45016326363583,164.328995,5974
test,2021-02-12 00:00:00+00:00,163.885498,163.2463173489915,163.106506,5975
test,2021-02-16 00:00:00+00:00,163.447495,164.07403138966257,163.885498,5976
test,2021-02-17 00:00:00+00:00,165.432007,163.5304280431059,163.447495,5977
test,2021-02-18 00:00:00+00:00,166.411499,165.61852516621397,165.432007,5978
test,2021-02-19 00:00:00+00:00,162.494995,166.47689740906492,166.411499,5979
test,2021-02-22 00:00:00+00:00,159.037003,162.59912769117017,162.494995,5980
test,2021-02-23 00:00:00+00:00,159.725006,159.31763619031395,159.037003,5981
test,2021-02-24 00:00:00+00:00,157.976501,159.9061258657366,159.725006,5982
test,2021-02-25 00:00:00+00:00,152.858002,158.0054141225628,157.976501,5983
test,2021-02-26 00:00:00+00:00,154.6465,153.05783251571185,152.858002,5984
test,2021-03-01 00:00:00+00:00,157.307007,154.95482682349774,154.6465,5985
test,2021-03-02 00:00:00+00:00,154.726501,157.2606541403911,157.307007,5986
test,2021-03-03 00:00:00+00:00,150.25,154.78518381532345,154.726501,5987
test,2021-03-04 00:00:00+00:00,148.878494,150.52234069506528,150.25,5988
test,2021-03-05 00:00:00+00:00,150.022995,149.07902990057315,148.878494,5989
test,2021-03-08 00:00:00+00:00,147.597504,150.1064333229131,150.022995,5990
test,2021-03-09 00:00:00+00:00,153.142502,147.66442753438415,147.597504,5991
test,2021-03-10 00:00:00+00:00,152.882004,153.44464838554896,153.142502,5992
test,2021-03-11 00:00:00+00:00,155.679504,152.73542231995575,152.882004,5993
test,2021-03-12 00:00:00+00:00,154.474503,155.94389707275735,155.679504,5994
test,2021-03-15 00:00:00+00:00,154.084,154.50985916678178,154.474503,5995
test,2021-03-16 00:00:00+00:00,154.593002,154.2738166800995,154.084,5996
test,2021-03-17 00:00:00+00:00,156.786499,154.737299909532,154.593002,5997
test,2021-03-18 00:00:00+00:00,151.399506,156.89531635166097,156.786499,5998
test,2021-03-19 00:00:00+00:00,153.748001,151.4365631909004,151.399506,5999
test,2021-03-22 00:00:00+00:00,155.543503,154.14432707066442,153.748001,6000
test,2021-03-23 00:00:00+00:00,156.875,155.48099038217632,155.543503,6001
test,2021-03-24 00:00:00+00:00,154.3535,156.98696925703837,156.875,6002
test,2021-03-25 00:00:00+00:00,152.313004,154.50080937503805,154.3535,6003
test,2021-03-26 00:00:00+00:00,152.601501,152.51721067647506,152.313004,6004
test,2021-03-29 00:00:00+00:00,153.786499,152.74970346981428,152.601501,6005
test,2021-03-30 00:00:00+00:00,152.764496,153.87567229756468,153.786499,6006
test,2021-03-31 00:00:00+00:00,154.703995,152.87211260578758,152.764496,6007
test,2021-04-01 00:00:00+00:00,158.050003,154.9159189034353,154.703995,6008
test,2021-04-05 00:00:00+00:00,161.336502,158.0921520150911,158.050003,6009
test,2021-04-06 00:00:00+00:00,161.190994,161.39504977374386,161.336502,6010
test,2021-04-07 00:00:00+00:00,163.969498,161.28609333796413,161.190994,6011
test,2021-04-08 00:00:00+00:00,164.964996,164.18449192590938,163.969498,6012
test,2021-04-09 00:00:00+00:00,168.610001,164.9851878231946,164.964996,6013
test,2021-04-12 00:00:00+00:00,168.969498,168.79192010131314,168.610001,6014
test,2021-04-13 00:00:00+00:00,170.0,169.0162071054941,168.969498,6015
test,2021-04-14 00:00:00+00:00,166.649994,170.20036261822167,170.0,6016
test,2021-04-15 00:00:00+00:00,168.954498,166.74387943666895,166.649994,6017
test,2021-04-16 00:00:00+00:00,169.972,169.2474982458305,168.954498,6018
test,2021-04-19 00:00:00+00:00,168.600494,169.97832618883086,169.972,6019
test,2021-04-20 00:00:00+00:00,166.734497,168.7442031514261,168.600494,6020
test,2021-04-21 00:00:00+00:00,168.100998,166.96257562072333,166.734497,6021
test,2021-04-22 00:00:00+00:00,165.451996,168.2689494783495,168.100998,6022
test,2021-04-23 00:00:00+00:00,167.044006,165.48388242793297,165.451996,6023
test,2021-04-26 00:00:00+00:00,170.449997,167.3443575089547,167.044006,6024
test,2021-04-27 00:00:00+00:00,170.871506,170.50471542904157,170.449997,6025
test,2021-04-28 00:00:00+00:00,172.925003,170.9024208933241,170.871506,6026
test,2021-04-29 00:00:00+00:00,173.565506,173.1629153392668,172.925003,6027
test,2021-04-30 00:00:00+00:00,173.371002,173.6280418271073,173.565506,6028
test,2021-05-03 00:00:00+00:00,169.324493,173.51626186076646,173.371002,6029
test,2021-05-04 00:00:00+00:00,165.593506,169.47556548307193,169.324493,6030
test,2021-05-05 00:00:00+00:00,163.526993,165.8488184067061,165.593506,6031
test,2021-05-06 00:00:00+00:00,165.318497,163.71720193867327,163.526993,6032
test,2021-05-07 00:00:00+00:00,164.580505,165.48320589900786,165.318497,6033
test,2021-05-10 00:00:00+00:00,159.524506,164.62978301420853,164.580505,6034
test,2021-05-11 00:00:00+00:00,161.195496,159.6936742541499,159.524506,6035
test,2021-05-12 00:00:00+00:00,157.597,161.51162743683759,161.195496,6036
test,2021-05-13 00:00:00+00:00,158.073502,157.52496025434084,157.597,6037
test,2021-05-14 00:00:00+00:00,161.145004,158.3961868161669,158.073502,6038
test,2021-05-17 00:00:00+00:00,163.519501,161.23844136216806,161.145004,6039
test,2021-05-18 00:00:00+00:00,161.613998,163.53113035006507,163.519501,6040
test,2021-05-19 00:00:00+00:00,161.589996,161.73769553601156,161.613998,6041
test,2021-05-20 00:00:00+00:00,162.384003,161.83505215154693,161.589996,6042
test,2021-05-21 00:00:00+00:00,160.154007,162.46534019976028,162.384003,6043
test,2021-05-24 00:00:00+00:00,162.249496,160.2428643385269,160.154007,6044
test,2021-05-25 00:00:00+00:00,162.952499,162.52909576235106,162.249496,6045
test,2021-05-26 00:00:00+00:00,163.257996,162.96407236397945,162.952499,6046
test,2021-05-27 00:00:00+00:00,161.505493,163.4086074004182,163.257996,6047
test,2021-05-28 00:00:00+00:00,161.153503,161.65335698729774,161.505493,6048
test,2021-06-01 00:00:00+00:00,160.932495,161.34048498525559,161.153503,6049
test,2021-06-02 00:00:00+00:00,161.699493,161.04613558312127,160.932495,6050
test,2021-06-03 00:00:00+00:00,159.350494,161.84810852124835,161.699493,6051
test,2021-06-04 00:00:00+00:00,160.311005,159.45026286674272,159.350494,6052
test,2021-06-07 00:00:00+00:00,159.900497,160.55509155787985,160.311005,6053
test,2021-06-08 00:00:00+00:00,163.205505,159.94750003227944,159.900497,6054
test,2021-06-09 00:00:00+00:00,164.057495,163.39612732245635,163.205505,6055
test,2021-06-10 00:00:00+00:00,167.482498,164.0843949656832,164.057495,6056
test,2021-06-11 00:00:00+00:00,167.341507,167.66882225861602,167.482498,6057
test,2021-06-14 00:00:00+00:00,169.193497,167.37386779409584,167.341507,6058
test,2021-06-15 00:00:00+00:00,169.156494,169.40610248503143,169.193497,6059
test,2021-06-16 00:00:00+00:00,170.762497,169.23431425530688,169.156494,6060
test,2021-06-17 00:00:00+00:00,174.462006,170.94464982581056,170.762497,6061
test,2021-06-18 00:00:00+00:00,174.345001,174.58343780049847,174.462006,6062
test,2021-06-21 00:00:00+00:00,172.697998,174.3757123217666,174.345001,6063
test,2021-06-22 00:00:00+00:00,175.272003,172.92436949161714,172.697998,6064
test,2021-06-23 00:00:00+00:00,175.190994,175.48760275415034,175.272003,6065
test,2021-06-24 00:00:00+00:00,172.453995,175.18899448477143,175.190994,6066
test,2021-06-25 00:00:00+00:00,170.072998,172.6564362361876,172.453995,6067
test,2021-06-28 00:00:00+00:00,172.194504,170.31777966500033,170.072998,6068
test,2021-06-29 00:00:00+00:00,172.406998,172.36641975057393,172.194504,6069
test,2021-06-30 00:00:00+00:00,172.007996,172.4327044527369,172.406998,6070
test,2021-07-01 00:00:00+00:00,171.648499,172.2102417222225,172.007996,6071
test,2021-07-02 00:00:00+00:00,175.548996,171.81594359307397,171.648499,6072
test,2021-07-06 00:00:00+00:00,183.787003,175.69871481711525,175.548996,6073
test,2021-07-07 00:00:00+00:00,184.828995,183.8277787770845,183.787003,6074
test,2021-07-08 00:00:00+00:00,186.570496,184.7635811382277,184.828995,6075
test,2021-07-09 00:00:00+00:00,185.966995,186.8813915763556,186.570496,6076
test,2021-07-12 00:00:00+00:00,185.927505,186.05017922641423,185.966995,6077
test,2021-07-13 00:00:00+00:00,183.867996,186.1077539097417,185.927505,6078
test,2021-07-14 00:00:00+00:00,184.084,184.0325989553175,183.867996,6079
test,2021-07-15 00:00:00+00:00,181.559998,184.32469193941466,184.084,6080
test,2021-07-16 00:00:00+00:00,178.681503,181.65883057865298,181.559998,6081
test,2021-07-19 00:00:00+00:00,177.479507,178.9138518855962,178.681503,6082
test,2021-07-20 00:00:00+00:00,178.6595,177.6930376385862,177.479507,6083
test,2021-07-21 00:00:00+00:00,179.259995,178.7982079858703,178.6595,6084
test,2021-07-22 00:00:00+00:00,181.901505,179.36026071659876,179.259995,6085
test,2021-07-23 00:00:00+00:00,182.832001,182.0838661642644,181.901505,6086
test,2021-07-26 00:00:00+00:00,184.990997,182.89696219567233,182.832001,6087
test,2021-07-27 00:00:00+00:00,181.319504,185.1656823846385,184.990997,6088
test,2021-07-28 00:00:00+00:00,181.516006,181.38831352746604,181.319504,6089
test,2021-07-29 00:00:00+00:00,179.996002,181.84378816217108,181.516006,6090
test,2021-07-30 00:00:00+00:00,166.379501,180.0640569586996,179.996002,6091
test,2021-08-02 00:00:00+00:00,166.574005,166.4532030678632,166.379501,6092
test,2021-08-03 00:00:00+00:00,168.311996,167.20897199763215,166.574005,6093
test,2021-08-04 00:00:00+00:00,167.735992,168.19805363425084,168.311996,6094
test,2021-08-05 00:00:00+00:00,168.7995,167.8198064868817,167.735992,6095
test,2021-08-06 00:00:00+00:00,167.246994,169.0879078484672,168.7995,6096
test,2021-08-09 00:00:00+00:00,167.093506,167.27116084862868,167.246994,6097
test,2021-08-10 00:00:00+00:00,166.033997,167.28820243904454,167.093506,6098
test,2021-08-11 00:00:00+00:00,164.605499,166.15737630859394,166.033997,6099
test,2021-08-12 00:00:00+00:00,165.175003,164.76763536955417,164.605499,6100
test,2021-08-13 00:00:00+00:00,164.698502,165.3637393391382,165.175003,6101
test,2021-08-16 00:00:00+00:00,164.949493,164.78172033190145,164.698502,6102
test,2021-08-17 00:00:00+00:00,162.098007,165.12671936729222,164.949493,6103
test,2021-08-18 00:00:00+00:00,160.061005,162.20298714521866,162.098007,6104
test,2021-08-19 00:00:00+00:00,159.387497,160.28592483769302,160.061005,6105
test,2021-08-20 00:00:00+00:00,159.997498,159.54248136210765,159.387497,6106
test,2021-08-23 00:00:00+00:00,163.293503,160.12068048333552,159.997498,6107
test,2021-08-24 00:00:00+00:00,165.289001,163.43317793535874,163.293503,6108
test,2021-08-25 00:00:00+00:00,164.959,165.328541593337,165.289001,6109
test,2021-08-26 00:00:00+00:00,165.800003,165.08354769807107,164.959,6110
test,2021-08-27 00:00:00+00:00,167.481506,165.99172022115025,165.800003,6111
test,2021-08-30 00:00:00+00:00,171.078506,167.57477361925217,167.481506,6112
test,2021-08-31 00:00:00+00:00,173.539505,171.1987935150041,171.078506,6113
test,2021-09-01 00:00:00+00:00,173.949997,173.61294712245436,173.539505,6114
test,2021-09-02 00:00:00+00:00,173.156006,174.07863739363393,173.949997,6115
test,2021-09-03 00:00:00+00:00,173.902496,173.3263984803862,173.156006,6116
test,2021-09-07 00:00:00+00:00,175.464493,174.0786803570555,173.902496,6117
test,2021-09-08 00:00:00+00:00,176.274994,175.5788537414644,175.464493,6118
test,2021-09-09 00:00:00+00:00,174.207993,176.39771883688343,176.274994,6119
test,2021-09-10 00:00:00+00:00,173.457504,174.3542943797007,174.207993,6120
test,2021-09-13 00:00:00+00:00,172.858505,173.68766892236124,173.457504,6121
test,2021-09-14 00:00:00+00:00,172.5,172.98061707186167,172.858505,6122
test,2021-09-15 00:00:00+00:00,173.789505,172.65495787090012,172.5,6123
test,2021-09-16 00:00:00+00:00,174.412003,173.9653202841854,173.789505,6124
test,2021-09-17 00:00:00+00:00,173.126007,174.50465980993397,174.412003,6125
test,2021-09-20 00:00:00+00:00,167.786499,173.26630658846318,173.126007,6126
test,2021-09-21 00:00:00+00:00,167.181503,167.95147677475143,167.786499,6127
test,2021-09-22 00:00:00+00:00,169.002502,167.48498715155478,167.181503,6128
test,2021-09-23 00:00:00+00:00,170.800003,169.07458348284365,169.002502,6129
test,2021-09-24 00:00:00+00:00,171.276001,170.8867132780204,170.800003,6130
test,2021-09-27 00:00:00+00:00,170.289993,171.42469673477927,171.276001,6131
test,2021-09-28 00:00:00+00:00,165.798004,170.42877000362867,170.289993,6132
test,2021-09-29 00:00:00+00:00,165.056,165.93395992352646,165.798004,6133
test,2021-09-30 00:00:00+00:00,164.251999,165.3377020462687,165.056,6134
test,2021-10-01 00:00:00+00:00,164.162994,164.33262870857558,164.251999,6135
test,2021-10-04 00:00:00+00:00,159.488998,164.32883221013432,164.162994,6136
test,2021-10-05 00:00:00+00:00,161.050003,159.60377223776592,159.488998,6137
test,2021-10-06 00:00:00+00:00,163.100494,161.36001765560167,161.050003,6138
test,2021-10-07 00:00:00+00:00,165.121506,163.09251881086425,163.100494,6139
test,2021-10-08 00:00:00+00:00,164.431,165.2268425463144,165.121506,6140
test,2021-10-11 00:00:00+00:00,162.315002,164.56261376198046,164.431,6141
test,2021-10-12 00:00:00+00:00,162.366501,162.47780849341885,162.315002,6142
test,2021-10-13 00:00:00+00:00,164.214005,162.55789389488842,162.366501,6143
test,2021-10-14 00:00:00+00:00,164.992996,164.31829096835682,164.214005,6144
test,2021-10-15 00:00:00+00:00,170.451004,165.0835310799587,164.992996,6145
test,2021-10-18 00:00:00+00:00,172.337006,170.6488927986657,170.451004,6146
test,2021-10-19 00:00:00+00:00,172.207504,172.28880938623595,172.337006,6147
test,2021-10-20 00:00:00+00:00,170.753006,172.384203812458,172.207504,6148
test,2021-10-21 00:00:00+00:00,171.750504,170.93736135782953,170.753006,6149
test,2021-10-22 00:00:00+00:00,166.777496,171.92594009036134,171.750504,6150
test,2021-10-25 00:00:00+00:00,166.018494,166.82919533876924,166.777496,6151
test,2021-10-26 00:00:00+00:00,168.803497,166.37927625628353,166.018494,6152
test,2021-10-27 00:00:00+00:00,169.624496,168.90214784464462,168.803497,6153
test,2021-10-28 00:00:00+00:00,172.328506,169.6378301402405,169.624496,6154
test,2021-10-29 00:00:00+00:00,168.621506,172.55492454067988,172.328506,6155
test,2021-11-01 00:00:00+00:00,165.905502,168.64325707514615,168.621506,6156
test,2021-11-02 00:00:00+00:00,165.637497,166.1944324179651,165.905502,6157
test,2021-11-03 00:00:00+00:00,169.199997,165.81092904647406,165.637497,6158
test,2021-11-04 00:00:00+00:00,173.850006,169.31212596977625,169.199997,6159
test,2021-11-05 00:00:00+00:00,175.949493,173.91388888468848,173.850006,6160
test,2021-11-08 00:00:00+00:00,174.449005,176.0146918467,175.949493,6161
test,2021-11-09 00:00:00+00:00,178.811493,174.5931682982989,174.449005,6162
test,2021-11-10 00:00:00+00:00,174.102493,179.05979655830274,178.811493,6163
test,2021-11-11 00:00:00+00:00,173.625,174.01235403963656,174.102493,6164
test,2021-11-12 00:00:00+00:00,176.257507,174.05094843664511,173.625,6165
test,2021-11-15 00:00:00+00:00,177.283997,176.36778920881585,176.257507,6166
test,2021-11-16 00:00:00+00:00,177.035004,177.29841602359312,177.283997,6167
test,2021-11-17 00:00:00+00:00,177.449997,177.24639708735387,177.035004,6168
test,2021-11-18 00:00:00+00:00,184.802994,177.62502789650523,177.449997,6169
test,2021-11-19 00:00:00+00:00,183.828506,184.94899001756622,184.802994,6170
test,2021-11-22 00:00:00+00:00,178.628494,183.70815320055794,183.828506,6171
test,2021-11-23 00:00:00+00:00,179.001999,178.94345963828076,178.628494,6172
test,2021-11-24 00:00:00+00:00,179.020493,179.32559045206912,179.001999,6173
test,2021-11-26 00:00:00+00:00,175.227997,179.01132870650682,179.020493,6174
test,2021-11-29 00:00:00+00:00,178.078506,175.3918651598198,175.227997,6175
test,2021-11-30 00:00:00+00:00,175.3535,178.43107281909772,178.078506,6176
test,2021-12-01 00:00:00+00:00,172.186005,175.27789790841078,175.3535,6177
test,2021-12-02 00:00:00+00:00,171.867996,172.46629573664484,172.186005,6178
test,2021-12-03 00:00:00+00:00,169.489502,172.102305355663,171.867996,6179
test,2021-12-06 00:00:00+00:00,171.3685,169.53568759274395,169.489502,6180
test,2021-12-07 00:00:00+00:00,176.164505,171.63489003303758,171.3685,6181
test,2021-12-08 00:00:00+00:00,176.158005,176.23216627944322,176.164505,6182
test,2021-12-09 00:00:00+00:00,174.171005,176.14719470317058,176.158005,6183
test,2021-12-10 00:00:00+00:00,172.212006,174.41874658479975,174.171005,6184
test,2021-12-13 00:00:00+00:00,169.567505,172.39942413689062,172.212006,6185
test,2021-12-14 00:00:00+00:00,169.091507,169.70276936347912,169.567505,6186
test,2021-12-15 00:00:00+00:00,173.315002,169.3154540765964,169.091507,6187
test,2021-12-16 00:00:00+00:00,168.871002,173.47038254701584,173.315002,6188
test,2021-12-17 00:00:00+00:00,170.017502,168.81811051777177,168.871002,6189
test,2021-12-20 00:00:00+00:00,167.078995,170.43437000996198,170.017502,6190
test,2021-12-21 00:00:00+00:00,170.417007,167.0656027540679,167.078995,6191
test,2021-12-22 00:00:00+00:00,171.037003,170.69285439832626,170.417007,6192
test,2021-12-23 00:00:00+00:00,171.068497,171.04171718169275,171.037003,6193
test,2021-12-27 00:00:00+00:00,169.669495,171.24329407347622,171.068497,6194
test,2021-12-28 00:00:00+00:00,170.660995,169.8341688663883,169.669495,6195
test,2021-12-29 00:00:00+00:00,169.201004,170.83609121294444,170.660995,6196
test,2021-12-30 00:00:00+00:00,168.644501,169.27498436418028,169.201004,6197
test,2021-12-31 00:00:00+00:00,166.716995,168.8684534177577,168.644501,6198
test,2022-01-03 00:00:00+00:00,170.404495,166.84756618373837,166.716995,6199
test,2022-01-04 00:00:00+00:00,167.522003,170.62328500850776,170.404495,6200
test,2022-01-05 00:00:00+00:00,164.356995,167.4786850140357,167.522003,6201
test,2022-01-06 00:00:00+00:00,163.253998,164.65860068673157,164.356995,6202
test,2022-01-07 00:00:00+00:00,162.554001,163.4546352508166,163.253998,6203
test,2022-01-10 00:00:00+00:00,161.485992,162.63728842852365,162.554001,6204
test,2022-01-11 00:00:00+00:00,165.362,161.65051973791122,161.485992,6205
test,2022-01-12 00:00:00+00:00,165.207001,165.56688125941378,165.362,6206
test,2022-01-13 00:00:00+00:00,161.214005,165.16525227923398,165.207001,6207
test,2022-01-14 00:00:00+00:00,162.138,161.4050762716837,161.214005,6208
test,2022-01-18 00:00:00+00:00,158.917496,162.43149248234576,162.138,6209
test,2022-01-19 00:00:00+00:00,156.298996,158.890210636423,158.917496,6210
test,2022-01-20 00:00:00+00:00,151.667496,156.56862036473652,156.298996,6211
test,2022-01-21 00:00:00+00:00,142.643005,151.8279383676933,151.667496,6212
test,2022-01-24 00:00:00+00:00,144.544006,142.78852350918072,142.643005,6213
test,2022-01-25 00:00:00+00:00,139.985992,144.9466149965153,144.544006,6214
test,2022-01-26 00:00:00+00:00,138.872498,139.84834790463418,139.985992,6215
test,2022-01-27 00:00:00+00:00,139.637497,139.21082259718287,138.872498,6216
test,2022-01-28 00:00:00+00:00,143.977997,139.7475169441694,139.637497,6217
test,2022-01-31 00:00:00+00:00,149.573502,144.0226391479756,143.977997,6218
test,2022-02-01 00:00:00+00:00,151.193497,149.6028709313194,149.573502,6219
test,2022-02-02 00:00:00+00:00,150.612503,151.20186133246645,151.193497,6220
test,2022-02-03 00:00:00+00:00,138.845505,150.780291664578,150.612503,6221
test,2022-02-04 00:00:00+00:00,157.639496,138.89848750057087,138.845505,6222
test,2022-02-07 00:00:00+00:00,157.935501,158.2228927204178,157.639496,6223
test,2022-02-08 00:00:00+00:00,161.413498,157.19347199464815,157.935501,6224
test,2022-02-09 00:00:00+00:00,161.189499,162.01642972140445,161.413498,6225
test,2022-02-10 00:00:00+00:00,159.003494,161.2916851497474,161.189499,6226
test,2022-02-11 00:00:00+00:00,153.293503,159.038665626662,159.003494,6227
test,2022-02-14 00:00:00+00:00,155.167007,153.51308206661156,153.293503,6228
test,2022-02-15 00:00:00+00:00,156.510498,155.4936659642723,155.167007,6229
test,2022-02-16 00:00:00+00:00,158.100494,156.4775417759841,156.510498,6230
test,2022-02-17 00:00:00+00:00,154.652496,158.25014062996928,158.100494,6231
test,2022-02-18 00:00:00+00:00,152.601501,154.75863318998324,154.652496,6232
test,2022-02-22 00:00:00+00:00,150.197495,152.84151909049461,152.601501,6233
test,2022-02-23 00:00:00+00:00,144.826996,150.31044976099315,150.197495,6234
test,2022-02-24 00:00:00+00:00,151.358002,144.95878317530315,144.826996,6235
test,2022-02-25 00:00:00+00:00,153.788498,151.70984466936696,151.358002,6236
test,2022-02-28 00:00:00+00:00,153.563004,153.56968857357668,153.788498,6237
test,2022-03-01 00:00:00+00:00,151.141998,153.74467248868729,153.563004,6238
test,2022-03-02 00:00:00+00:00,152.052505,151.34034075641733,151.141998,6239
test,2022-03-03 00:00:00+00:00,147.898499,152.20761307654013,152.052505,6240
test,2022-03-04 00:00:00+00:00,145.641006,147.91781737621437,147.898499,6241
test,2022-03-07 00:00:00+00:00,137.453003,145.94486879487306,145.641006,6242
test,2022-03-08 00:00:00+00:00,136.014496,137.53119334305558,137.453003,6243
test,2022-03-09 00:00:00+00:00,139.279007,136.36898175523208,136.014496,6244
test,2022-03-10 00:00:00+00:00,146.817505,139.33908260743178,139.279007,6245
test,2022-03-11 00:00:00+00:00,145.524506,146.82556392071405,146.817505,6246
test,2022-03-14 00:00:00+00:00,141.852997,145.45881789291383,145.524506,6247
test,2022-03-15 00:00:00+00:00,147.366501,142.1291756586686,141.852997,6248
test,2022-03-16 00:00:00+00:00,153.104004,147.58882333744978,147.366501,6249
test,2022-03-17 00:00:00+00:00,157.238998,152.93252341202057,153.104004,6250
test,2022-03-18 00:00:00+00:00,161.250504,157.34105259544452,157.238998,6251
test,2022-03-21 00:00:00+00:00,161.491501,161.40629359967778,161.250504,6252
test,2022-03-22 00:00:00+00:00,164.889008,161.50748507861655,161.491501,6253
test,2022-03-23 00:00:00+00:00,163.408005,165.10490494355466,164.889008,6254
test,2022-03-24 00:00:00+00:00,163.649506,163.42108841893207,163.408005,6255
test,2022-03-25 00:00:00+00:00,164.773499,163.91794821189026,163.649506,6256
test,2022-03-28 00:00:00+00:00,168.990494,164.8988049989216,164.773499,6257
test,2022-03-29 00:00:00+00:00,169.315002,169.10440536585457,168.990494,6258
test,2022-03-30 00:00:00+00:00,166.300995,169.34566898793176,169.315002,6259
test,2022-03-31 00:00:00+00:00,162.997498,166.49546184640343,166.300995,6260
test,2022-04-01 00:00:00+00:00,163.559998,163.22395765076007,162.997498,6261
test,2022-04-04 00:00:00+00:00,168.346497,163.7469461534378,163.559998,6262
test,2022-04-05 00:00:00+00:00,164.054993,168.443519168554,168.346497,6263
test,2022-04-06 00:00:00+00:00,158.755997,164.019466315268,164.054993,6264
test,2022-04-07 00:00:00+00:00,157.7845,159.11463757721685,158.755997,6265
test,2022-04-08 00:00:00+00:00,154.460495,158.005448469505,157.7845,6266
test,2022-04-11 00:00:00+00:00,151.121994,154.47566673622777,154.460495,6267
test,2022-04-12 00:00:00+00:00,150.787506,151.3756826860567,151.121994,6268
test,2022-04-13 00:00:00+00:00,155.541,150.9962786418595,150.787506,6269
test,2022-04-14 00:00:00+00:00,151.706497,155.62576934262387,155.541,6270
test,2022-04-18 00:00:00+00:00,152.785004,151.63287743430683,151.706497,6271
test,2022-04-19 00:00:00+00:00,158.115494,153.17725968924802,152.785004,6272
test,2022-04-20 00:00:00+00:00,153.998001,158.1391758327403,158.115494,6273
test,2022-04-21 00:00:00+00:00,148.296005,153.88265975497762,153.998001,6274
test,2022-04-22 00:00:00+00:00,144.350006,148.6792884471643,148.296005,6275
test,2022-04-25 00:00:00+00:00,146.074005,144.56150157458734,144.350006,6276
test,2022-04-26 00:00:00+00:00,139.391006,146.21994157432852,146.074005,6277
test,2022-04-27 00:00:00+00:00,138.167007,139.36539453328064,139.391006,6278
test,2022-04-28 00:00:00+00:00,144.596497,138.58567096251076,138.167007,6279
test,2022-04-29 00:00:00+00:00,124.281502,144.66291783371338,144.596497,6280
test,2022-05-02 00:00:00+00:00,124.5,123.95222835515327,124.281502,6281
test,2022-05-03 00:00:00+00:00,124.253502,125.40673995258327,124.5,6282
test,2022-05-04 00:00:00+00:00,125.928497,124.03750199239497,124.253502,6283
test,2022-05-05 00:00:00+00:00,116.406998,126.03680608801851,125.928497,6284
test,2022-05-06 00:00:00+00:00,114.772499,116.49333334374484,116.406998,6285
test,2022-05-09 00:00:00+00:00,108.789001,115.17235754350052,114.772499,6286
test,2022-05-10 00:00:00+00:00,108.859001,108.72717141420638,108.789001,6287
test,2022-05-11 00:00:00+00:00,105.372002,109.15318237055683,108.859001,6288
test,2022-05-12 00:00:00+00:00,106.930496,105.38348320909262,105.372002,6289
test,2022-05-13 00:00:00+00:00,113.055,107.14884030784499,106.930496,6290
test,2022-05-16 00:00:00+00:00,110.810501,113.06723248325186,113.055,6291
test,2022-05-17 00:00:00+00:00,115.3685,110.66241413507554,110.810501,6292
test,2022-05-18 00:00:00+00:00,107.112503,115.72527160572182,115.3685,6293
test,2022-05-19 00:00:00+00:00,107.319,106.93645059905919,107.112503,6294
test,2022-05-20 00:00:00+00:00,107.591003,107.77582173280054,107.319,6295
test,2022-05-23 00:00:00+00:00,107.556999,107.56085151764063,107.591003,6296
test,2022-05-24 00:00:00+00:00,104.099998,107.62063888277387,107.556999,6297
test,2022-05-25 00:00:00+00:00,106.775002,104.23213091501258,104.099998,6298
test,2022-05-26 00:00:00+00:00,111.077499,106.98615402318248,106.775002,6299
test,2022-05-27 00:00:00+00:00,115.1465,111.00473668575518,111.077499,6300
test,2022-05-31 00:00:00+00:00,120.209503,115.16011257776448,115.1465,6301
test,2022-06-01 00:00:00+00:00,121.683998,120.2988182908124,120.209503,6302
test,2022-06-02 00:00:00+00:00,125.511002,121.65287073762609,121.683998,6303
test,2022-06-03 00:00:00+00:00,122.349998,125.6678997974889,125.511002,6304
test,2022-06-06 00:00:00+00:00,124.790001,122.3205929500371,122.349998,6305
test,2022-06-07 00:00:00+00:00,123.0,125.1032515948921,124.790001,6306
test,2022-06-08 00:00:00+00:00,121.18,122.95671215479993,123.0,6307
test,2022-06-09 00:00:00+00:00,116.150002,121.37876806321198,121.18,6308
test,2022-06-10 00:00:00+00:00,109.650002,116.28036498171899,116.150002,6309
test,2022-06-13 00:00:00+00:00,103.669998,109.81623443807057,109.650002,6310
test,2022-06-14 00:00:00+00:00,102.309998,103.8665076874596,103.669998,6311
test,2022-06-15 00:00:00+00:00,107.669998,102.50486836671482,102.309998,6312
test,2022-06-16 00:00:00+00:00,103.660004,107.75182082443146,107.669998,6313
test,2022-06-17 00:00:00+00:00,106.220001,103.50780365521756,103.660004,6314
test,2022-06-21 00:00:00+00:00,108.68,106.59866677124192,106.220001,6315
test,2022-06-22 00:00:00+00:00,108.949997,108.58575577337163,108.68,6316
test,2022-06-23 00:00:00+00:00,112.440002,108.957906624787,108.949997,6317
test,2022-06-24 00:00:00+00:00,116.459999,112.64484102821628,112.440002,6318
test,2022-06-27 00:00:00+00:00,113.220001,116.42067665796459,116.459999,6319
test,2022-06-28 00:00:00+00:00,107.400002,113.20316289133382,113.220001,6320
test,2022-06-29 00:00:00+00:00,108.919998,107.65501348482314,107.400002,6321
test,2022-06-30 00:00:00+00:00,106.209999,109.15551511998338,108.919998,6322
test,2022-07-01 00:00:00+00:00,109.559998,106.10705114056003,106.209999,6323
test,2022-07-05 00:00:00+00:00,113.5,109.85491336815608,109.559998,6324
test,2022-07-06 00:00:00+00:00,114.330002,113.4584621154651,113.5,6325
test,2022-07-07 00:00:00+00:00,116.330002,114.31192389395295,114.330002,6326
test,2022-07-08 00:00:00+00:00,115.540001,116.5125490651079,116.330002,6327
test,2022-07-11 00:00:00+00:00,111.75,115.54485625698527,115.540001,6328
test,2022-07-12 00:00:00+00:00,109.220001,111.87179521314532,111.75,6329
test,2022-07-13 00:00:00+00:00,110.400002,109.43395749833302,109.220001,6330
test,2022-07-14 00:00:00+00:00,110.629997,110.52043960141025,110.400002,6331
test,2022-07-15 00:00:00+00:00,113.550003,110.64146990462723,110.629997,6332
test,2022-07-18 00:00:00+00:00,113.760002,113.70522966882075,113.550003,6333
test,2022-07-19 00:00:00+00:00,118.209999,113.75116959840446,113.760002,6334
test,2022-07-20 00:00:00+00:00,122.769997,118.36561439233819,118.209999,6335
test,2022-07-21 00:00:00+00:00,124.629997,122.72707040221421,122.769997,6336
test,2022-07-22 00:00:00+00:00,122.419998,124.64991439534687,124.629997,6337
test,2022-07-25 00:00:00+00:00,121.139999,122.55026092064197,122.419998,6338
test,2022-07-26 00:00:00+00:00,114.809998,121.33127447809699,121.139999,6339
test,2022-07-27 00:00:00+00:00,120.970001,114.85663325246263,114.809998,6340
test,2022-07-28 00:00:00+00:00,122.279999,121.3366867896308,120.970001,6341
test,2022-07-29 00:00:00+00:00,134.949997,122.05361033744893,122.279999,6342
test,2022-08-01 00:00:00+00:00,135.389999,135.20690497248836,134.949997,6343
test,2022-08-02 00:00:00+00:00,134.160004,135.09353305559077,135.389999,6344
test,2022-08-03 00:00:00+00:00,139.520004,134.45924206369565,134.160004,6345
test,2022-08-04 00:00:00+00:00,142.570007,139.72382475264462,139.520004,6346
test,2022-08-05 00:00:00+00:00,140.800003,142.40482802692324,142.570007,6347
test,2022-08-08 00:00:00+00:00,139.410004,140.95700924256954,140.800003,6348
test,2022-08-09 00:00:00+00:00,137.830002,139.67671420594863,139.410004,6349
test,2022-08-10 00:00:00+00:00,142.690002,137.9149383959116,137.830002,6350
test,2022-08-11 00:00:00+00:00,140.639999,142.87192460982337,142.690002,6351
test,2022-08-12 00:00:00+00:00,143.550003,140.55959196188343,140.639999,6352
test,2022-08-15 00:00:00+00:00,143.179993,143.88060553664462,143.550003,6353
test,2022-08-16 00:00:00+00:00,144.779999,143.15025202311682,143.179993,6354
test,2022-08-17 00:00:00+00:00,142.100006,144.951867209986,144.779999,6355
test,2022-08-18 00:00:00+00:00,142.300003,142.1679454769887,142.100006,6356
test,2022-08-19 00:00:00+00:00,138.229996,142.53889050629067,142.300003,6357
test,2022-08-22 00:00:00+00:00,133.220001,138.27121622138336,138.229996,6358
test,2022-08-23 00:00:00+00:00,133.619995,133.44181908451003,133.220001,6359
test,2022-08-24 00:00:00+00:00,133.800003,133.86599558555275,133.619995,6360
test,2022-08-25 00:00:00+00:00,137.279999,133.7929864088516,133.800003,6361
test,2022-08-26 00:00:00+00:00,130.75,137.4441685998055,137.279999,6362
test,2022-08-29 00:00:00+00:00,129.789993,130.70759848688502,130.75,6363
test,2022-08-30 00:00:00+00:00,128.729996,130.179406301679,129.789993,6364
test,2022-08-31 00:00:00+00:00,126.769997,128.7406045642904,128.729996,6365
test,2022-09-01 00:00:00+00:00,127.82,126.86908458037928,126.769997,6366
test,2022-09-02 00:00:00+00:00,127.510002,128.04092810417376,127.82,6367
test,2022-09-06 00:00:00+00:00,126.110001,127.52192588582459,127.510002,6368
test,2022-09-07 00:00:00+00:00,129.479996,126.23586850822869,126.110001,6369
test,2022-09-08 00:00:00+00:00,129.820007,129.66522772385048,129.479996,6370
test,2022-09-09 00:00:00+00:00,133.270004,129.75767538991684,129.820007,6371
test,2022-09-12 00:00:00+00:00,136.449997,133.46814427094668,133.270004,6372
test,2022-09-13 00:00:00+00:00,126.82,136.4663865627461,136.449997,6373
test,2022-09-14 00:00:00+00:00,128.550003,126.77442252892226,126.82,6374
test,2022-09-15 00:00:00+00:00,126.279999,129.08805593886004,128.550003,6375
test,2022-09-16 00:00:00+00:00,123.529999,126.12709252210337,126.279999,6376
test,2022-09-19 00:00:00+00:00,124.660004,123.73287308338854,123.529999,6377
test,2022-09-20 00:00:00+00:00,122.190002,124.90209336088141,124.660004,6378
test,2022-09-21 00:00:00+00:00,118.540001,122.1390716013059,122.190002,6379
test,2022-09-22 00:00:00+00:00,117.309998,118.73513111275152,118.540001,6380
test,2022-09-23 00:00:00+00:00,113.779999,117.50198521334056,117.309998,6381
test,2022-09-26 00:00:00+00:00,115.150002,113.80982924024063,113.779999,6382
test,2022-09-27 00:00:00+00:00,114.410004,115.38431165699984,115.150002,6383
test,2022-09-28 00:00:00+00:00,118.010002,114.39575841503435,114.410004,6384
test,2022-09-29 00:00:00+00:00,114.800003,118.18259273819096,118.010002,6385
test,2022-09-30 00:00:00+00:00,113.0,114.74194253957731,114.800003,6386
test,2022-10-03 00:00:00+00:00,115.879997,113.25554491512628,113.0,6387
test,2022-10-04 00:00:00+00:00,121.089996,116.00202283440193,115.879997,6388
test,2022-10-05 00:00:00+00:00,120.949997,121.04525757908783,121.089996,6389
test,2022-10-06 00:00:00+00:00,120.300003,120.94692429265365,120.949997,6390
test,2022-10-07 00:00:00+00:00,114.559998,120.51997966383644,120.300003,6391
test,2022-10-10 00:00:00+00:00,113.669998,114.61065193839032,114.559998,6392
test,2022-10-11 00:00:00+00:00,112.209999,113.94008050644915,113.669998,6393
test,2022-10-12 00:00:00+00:00,112.900002,112.24497806685159,112.209999,6394
test,2022-10-13 00:00:00+00:00,112.529999,113.05164610940118,112.900002,6395
test,2022-10-14 00:00:00+00:00,106.900002,112.5989086620633,112.529999,6396
test,2022-10-17 00:00:00+00:00,113.790001,106.95653008103818,106.900002,6397
test,2022-10-18 00:00:00+00:00,116.360001,114.12284450575407,113.790001,6398
test,2022-10-19 00:00:00+00:00,115.07,116.08217225046955,116.360001,6399
test,2022-10-20 00:00:00+00:00,115.25,115.2151053104613,115.07,6400
test,2022-10-21 00:00:00+00:00,119.32,115.4881709577455,115.25,6401
test,2022-10-24 00:00:00+00:00,119.82,119.33809131906878,119.32,6402
test,2022-10-25 00:00:00+00:00,120.599998,119.77418447565915,119.82,6403
test,2022-10-26 00:00:00+00:00,115.660004,120.80800415440746,120.599998,6404
test,2022-10-27 00:00:00+00:00,110.959999,115.70495310363331,115.660004,6405
test,2022-10-28 00:00:00+00:00,103.410004,111.18499171480735,110.959999,6406
test,2022-10-31 00:00:00+00:00,102.440002,103.53061288107469,103.410004,6407
test,2022-11-01 00:00:00+00:00,96.790001,102.7213509039834,102.440002,6408
test,2022-11-02 00:00:00+00:00,92.120003,96.76776757402803,96.790001,6409
test,2022-11-03 00:00:00+00:00,89.300003,92.35305600166683,92.120003,6410
test,2022-11-04 00:00:00+00:00,90.980003,89.44671576244922,89.300003,6411
test,2022-11-07 00:00:00+00:00,90.529999,91.07004310722394,90.980003,6412
test,2022-11-08 00:00:00+00:00,89.980003,90.50497548131874,90.529999,6413
test,2022-11-09 00:00:00+00:00,86.139999,90.11322655682865,89.980003,6414
test,2022-11-10 00:00:00+00:00,96.629997,86.19196193520028,86.139999,6415
test,2022-11-11 00:00:00+00:00,100.790001,96.85585366084965,96.629997,6416
test,2022-11-14 00:00:00+00:00,98.489998,100.41543784563137,100.790001,6417
test,2022-11-15 00:00:00+00:00,98.940002,98.63441485658616,98.489998,6418
test,2022-11-16 00:00:00+00:00,97.120003,99.21998982087814,98.940002,6419
test,2022-11-17 00:00:00+00:00,94.849998,97.05057121377281,97.120003,6420
test,2022-11-18 00:00:00+00:00,94.139999,95.00266429758635,94.849998,6421
test,2022-11-21 00:00:00+00:00,92.459999,94.30802588918064,94.139999,6422
test,2022-11-22 00:00:00+00:00,93.199997,92.50339170216284,92.459999,6423
test,2022-11-23 00:00:00+00:00,94.129997,93.34328557065645,93.199997,6424
test,2022-11-25 00:00:00+00:00,93.410004,94.16139749537314,94.129997,6425
test,2022-11-28 00:00:00+00:00,93.949997,93.45783735681587,93.410004,6426
test,2022-11-29 00:00:00+00:00,92.419998,94.08517503638802,93.949997,6427
test,2022-11-30 00:00:00+00:00,96.540001,92.44216841294373,92.419998,6428
test,2022-12-01 00:00:00+00:00,95.5,96.71062071065869,96.540001,6429
test,2022-12-02 00:00:00+00:00,94.129997,95.3969141215365,95.5,6430
test,2022-12-05 00:00:00+00:00,91.010002,94.32305285832506,94.129997,6431
test,2022-12-06 00:00:00+00:00,88.25,91.10834799304205,91.010002,6432
test,2022-12-07 00:00:00+00:00,88.459999,88.36540493626035,88.25,6433
test,2022-12-08 00:00:00+00:00,90.349998,88.59970689643238,88.459999,6434
test,2022-12-09 00:00:00+00:00,89.089996,90.38509612328107,90.349998,6435
test,2022-12-12 00:00:00+00:00,90.550003,89.10119863220886,89.089996,6436
test,2022-12-13 00:00:00+00:00,92.489998,90.72823887820705,90.550003,6437
test,2022-12-14 00:00:00+00:00,91.580002,92.47985713243115,92.489998,6438
test,2022-12-15 00:00:00+00:00,88.449997,91.59326495353496,91.580002,6439
test,2022-12-16 00:00:00+00:00,87.860001,88.59234598243577,88.449997,6440
test,2022-12-19 00:00:00+00:00,84.919998,88.01748769960079,87.860001,6441
test,2022-12-20 00:00:00+00:00,85.190002,84.92710682033868,84.919998,6442
test,2022-12-21 00:00:00+00:00,86.769997,85.38118749638326,85.190002,6443
test,2022-12-22 00:00:00+00:00,83.790001,86.80137355147097,86.769997,6444
test,2022-12-23 00:00:00+00:00,85.25,83.77454533377227,83.790001,6445
test,2022-12-27 00:00:00+00:00,83.040001,85.48917003869781,85.25,6446
test,2022-12-28 00:00:00+00:00,81.82,82.97415216516517,83.040001,6447
test,2022-12-29 00:00:00+00:00,84.18,81.98311246411114,81.82,6448
test,2022-12-30 00:00:00+00:00,84.0,84.29094477016126,84.18,6449
test,2023-01-03 00:00:00+00:00,85.82,83.93565231339731,84.0,6450
test,2023-01-04 00:00:00+00:00,85.139999,85.97876372725354,85.82,6451
test,2023-01-05 00:00:00+00:00,83.120003,85.13809637390649,85.139999,6452
test,2023-01-06 00:00:00+00:00,86.080002,83.21631747917702,83.120003,6453
test,2023-01-09 00:00:00+00:00,87.360001,86.2402732127728,86.080002,6454
test,2023-01-10 00:00:00+00:00,89.870003,87.27579915986936,87.360001,6455
test,2023-01-11 00:00:00+00:00,95.089996,89.98902214729755,89.870003,6456
test,2023-01-12 00:00:00+00:00,95.269997,95.13704109495795,95.089996,6457
test,2023-01-13 00:00:00+00:00,98.120003,95.17325841833053,95.269997,6458
test,2023-01-17 00:00:00+00:00,96.050003,98.32882015210983,98.120003,6459
test,2023-01-18 00:00:00+00:00,95.459999,96.01338393682666,96.050003,6460
test,2023-01-19 00:00:00+00:00,93.68,95.65459103480593,95.459999,6461
test,2023-01-20 00:00:00+00:00,97.25,93.75221320850775,93.68,6462
test,2023-01-23 00:00:00+00:00,97.519997,97.40241594307832,97.25,6463
test,2023-01-24 00:00:00+00:00,96.32,97.45300850669373,97.519997,6464
test,2023-01-25 00:00:00+00:00,97.18,96.45907636092808,96.32,6465
test,2023-01-26 00:00:00+00:00,99.220001,97.3243995454435,97.18,6466
test,2023-01-27 00:00:00+00:00,102.239998,99.22608475539607,99.220001,6467
test,2023-01-30 00:00:00+00:00,100.550003,102.29327719483977,102.239998,6468
test,2023-01-31 00:00:00+00:00,103.129997,100.56728750017776,100.550003,6469
test,2023-02-01 00:00:00+00:00,105.150002,103.34992398542454,103.129997,6470
test,2023-02-02 00:00:00+00:00,112.910004,105.10324108100552,105.150002,6471
test,2023-02-03 00:00:00+00:00,103.389999,113.00902646401035,112.910004,6472
test,2023-02-06 00:00:00+00:00,102.18,103.20585121926067,103.389999,6473
test,2023-02-07 00:00:00+00:00,102.110001,102.72727305873013,102.18,6474
test,2023-02-08 00:00:00+00:00,100.050003,102.07114991678698,102.110001,6475
test,2023-02-09 00:00:00+00:00,98.239998,100.07047883432882,100.050003,6476
test,2023-02-10 00:00:00+00:00,97.610001,98.46660352619959,98.239998,6477
test,2023-02-13 00:00:00+00:00,99.540001,97.69905695182385,97.610001,6478
test,2023-02-14 00:00:00+00:00,99.699997,99.60767556245474,99.540001,6479
test,2023-02-15 00:00:00+00:00,101.160004,99.7112431135744,99.699997,6480
test,2023-02-16 00:00:00+00:00,98.150002,101.29484647787055,101.160004,6481
test,2023-02-17 00:00:00+00:00,97.199997,98.15639054511577,98.150002,6482
test,2023-02-21 00:00:00+00:00,94.580002,97.40266075660732,97.199997,6483
test,2023-02-22 00:00:00+00:00,95.790001,94.6274219852942,94.580002,6484
test,2023-02-23 00:00:00+00:00,95.82,95.95783052922623,95.790001,6485
test,2023-02-24 00:00:00+00:00,93.5,95.82604599334195,95.82,6486
test,2023-02-27 00:00:00+00:00,93.760002,93.58225758400594,93.5,6487
test,2023-02-28 00:00:00+00:00,94.230003,93.9380669044411,93.760002,6488
test,2023-03-01 00:00:00+00:00,92.169998,94.23806252813856,94.230003,6489
test,2023-03-02 00:00:00+00:00,92.129997,92.22256422591475,92.169998,6490
test,2023-03-03 00:00:00+00:00,94.900002,92.31228291398403,92.129997,6491
test,2023-03-06 00:00:00+00:00,93.75,94.94396509755863,94.900002,6492
test,2023-03-07 00:00:00+00:00,93.550003,93.70947195655783,93.75,6493
test,2023-03-08 00:00:00+00:00,93.919998,93.74744505931582,93.550003,6494
test,2023-03-09 00:00:00+00:00,92.25,93.97888329034103,93.919998,6495
test,2023-03-10 00:00:00+00:00,90.730003,92.27824635241684,92.25,6496
test,2023-03-13 00:00:00+00:00,92.43,90.88526560152101,90.730003,6497
test,2023-03-14 00:00:00+00:00,94.879997,92.54374445407215,92.43,6498
test,2023-03-15 00:00:00+00:00,96.199997,94.87073299777009,94.879997,6499
test,2023-03-16 00:00:00+00:00,100.040001,96.24373581984968,96.199997,6500
test,2023-03-17 00:00:00+00:00,98.949997,100.15105902541947,100.040001,6501
test,2023-03-20 00:00:00+00:00,97.709999,98.88897758116663,98.949997,6502
test,2023-03-21 00:00:00+00:00,100.610001,97.89689997554513,97.709999,6503
test,2023-03-22 00:00:00+00:00,98.699997,100.7385600463509,100.610001,6504
test,2023-03-23 00:00:00+00:00,98.709999,98.62040678494978,98.699997,6505
test,2023-03-24 00:00:00+00:00,98.129997,98.95219908355958,98.709999,6506
test,2023-03-27 00:00:00+00:00,98.040001,98.18058477536218,98.129997,6507
test,2023-03-28 00:00:00+00:00,97.239998,98.12110632142404,98.040001,6508
test,2023-03-29 00:00:00+00:00,100.25,97.33082463393568,97.239998,6509
test,2023-03-30 00:00:00+00:00,102.0,100.3788075230055,100.25,6510
test,2023-03-31 00:00:00+00:00,103.290001,101.96261554441436,102.0,6511
test,2023-04-03 00:00:00+00:00,102.410004,103.38226102202408,103.290001,6512
test,2023-04-04 00:00:00+00:00,103.949997,102.48524898468388,102.410004,6513
test,2023-04-05 00:00:00+00:00,101.099998,104.08443076760905,103.949997,6514
test,2023-04-06 00:00:00+00:00,102.059998,101.09248886634418,101.099998,6515
test,2023-04-10 00:00:00+00:00,102.169998,102.29834985738695,102.059998,6516
test,2023-04-11 00:00:00+00:00,99.919998,102.17631888694518,102.169998,6517
test,2023-04-12 00:00:00+00:00,97.830002,99.99264899619722,99.919998,6518
test,2023-04-13 00:00:00+00:00,102.400002,98.00664400893015,97.830002,6519
test,2023-04-14 00:00:00+00:00,102.510002,102.53146006311681,102.400002,6520
test,2023-04-17 00:00:00+00:00,102.739998,102.37663989126096,102.510002,6521
test,2023-04-18 00:00:00+00:00,102.300003,102.94218034029333,102.739998,6522
test,2023-04-19 00:00:00+00:00,104.300003,102.38400119068761,102.300003,6523
test,2023-04-20 00:00:00+00:00,103.809998,104.38036619460551,104.300003,6524
test,2023-04-21 00:00:00+00:00,106.959999,103.82495293886211,103.809998,6525
test,2023-04-24 00:00:00+00:00,106.209999,107.13807627146545,106.959999,6526
test,2023-04-25 00:00:00+00:00,102.57,106.16956863433872,106.209999,6527
test,2023-04-26 00:00:00+00:00,104.980003,102.7077080286961,102.57,6528
test,2023-04-27 00:00:00+00:00,109.82,105.21359435772011,104.980003,6529
test,2023-04-28 00:00:00+00:00,105.449997,109.74843789859035,109.82,6530
test,2023-05-01 00:00:00+00:00,102.050003,105.38925247492173,105.449997,6531
test,2023-05-02 00:00:00+00:00,103.629997,102.39085872763583,102.050003,6532
test,2023-05-03 00:00:00+00:00,103.650002,103.73836396840449,103.629997,6533
test,2023-05-04 00:00:00+00:00,104.0,103.58573230547275,103.650002,6534
test,2023-05-05 00:00:00+00:00,105.660004,104.17379397737527,104.0,6535
test,2023-05-08 00:00:00+00:00,105.830002,105.75724369750378,105.660004,6536
test,2023-05-09 00:00:00+00:00,106.620003,105.83291707141234,105.830002,6537
test,2023-05-10 00:00:00+00:00,110.190002,106.74758222427624,106.620003,6538
test,2023-05-11 00:00:00+00:00,112.18,110.27615134201716,110.190002,6539
test,2023-05-12 00:00:00+00:00,110.260002,112.15331467457023,112.18,6540
test,2023-05-15 00:00:00+00:00,111.199997,110.34775495252157,110.260002,6541
test,2023-05-16 00:00:00+00:00,113.400002,111.41221272985601,111.199997,6542
test,2023-05-17 00:00:00+00:00,115.5,113.41204437294478,113.400002,6543
test,2023-05-18 00:00:00+00:00,118.150002,115.54803513253593,115.5,6544
test,2023-05-19 00:00:00+00:00,116.25,118.25809431559999,118.150002,6545
test,2023-05-22 00:00:00+00:00,115.010002,116.26871577332503,116.25,6546
test,2023-05-23 00:00:00+00:00,114.989998,115.21271063875066,115.010002,6547
test,2023-05-24 00:00:00+00:00,116.75,115.09354065762027,114.989998,6548
test,2023-05-25 00:00:00+00:00,115.0,116.83059429300897,116.75,6549
test,2023-05-26 00:00:00+00:00,120.110001,115.04307653209607,115.0,6550
test,2023-05-30 00:00:00+00:00,121.660004,120.34856654079898,120.110001,6551
test,2023-05-31 00:00:00+00:00,120.580002,121.52982519315209,121.660004,6552
test,2023-06-01 00:00:00+00:00,122.769997,120.7137874973765,120.580002,6553
test,2023-06-02 00:00:00+00:00,124.25,122.97885040922732,122.769997,6554
test,2023-06-05 00:00:00+00:00,125.300003,124.21792707295826,124.25,6555
test,2023-06-06 00:00:00+00:00,126.610001,125.41136202450127,125.300003,6556
test,2023-06-07 00:00:00+00:00,121.230003,126.7381311346667,126.610001,6557
test,2023-06-08 00:00:00+00:00,124.25,121.25097315157072,121.230003,6558
test,2023-06-09 00:00:00+00:00,123.43,124.60016237326727,124.25,6559
test,2023-06-12 00:00:00+00:00,126.57,123.314338139415,123.43,6560
test,2023-06-13 00:00:00+00:00,126.660004,126.79697601185202,126.57,6561
test,2023-06-14 00:00:00+00:00,126.419998,126.67302030487943,126.660004,6562
test,2023-06-15 00:00:00+00:00,127.110001,126.54970890299613,126.419998,6563
test,2023-06-16 00:00:00+00:00,125.489998,127.24312753424284,127.110001,6564
test,2023-06-20 00:00:00+00:00,125.779999,125.53706336388419,125.489998,6565
test,2023-06-21 00:00:00+00:00,124.830002,125.97574670553021,125.779999,6566
test,2023-06-22 00:00:00+00:00,130.149994,124.89224955888548,124.830002,6567
test,2023-06-23 00:00:00+00:00,129.330002,130.32854786068546,130.149994,6568
test,2023-06-26 00:00:00+00:00,127.330002,129.22440617594438,129.330002,6569
test,2023-06-27 00:00:00+00:00,129.179993,127.56172437341127,127.330002,6570
test,2023-06-28 00:00:00+00:00,129.039993,129.36265795173694,129.179993,6571
test,2023-06-29 00:00:00+00:00,127.900002,129.00005793187898,129.039993,6572
test,2023-06-30 00:00:00+00:00,130.360001,128.07071807599885,127.900002,6573
test,2023-07-03 00:00:00+00:00,130.220001,130.5425718519594,130.360001,6574
test,2023-07-05 00:00:00+00:00,130.380005,130.18999375196228,130.220001,6575
test,2023-07-06 00:00:00+00:00,128.360001,130.55592398068757,130.380005,6576
test,2023-07-07 00:00:00+00:00,129.779999,128.45804199370164,128.360001,6577
test,2023-07-10 00:00:00+00:00,127.129997,129.9594592748829,129.779999,6578
test,2023-07-11 00:00:00+00:00,128.779999,127.13583134172309,127.129997,6579
test,2023-07-12 00:00:00+00:00,130.800003,129.03570852499715,128.779999,6580
test,2023-07-13 00:00:00+00:00,134.300003,130.81712476995685,130.800003,6581
test,2023-07-14 00:00:00+00:00,134.679993,134.37433595099964,134.300003,6582
test,2023-07-17 00:00:00+00:00,133.559998,134.726918121704,134.679993,6583
test,2023-07-18 00:00:00+00:00,132.830002,133.70659243814868,133.559998,6584
test,2023-07-19 00:00:00+00:00,135.360001,132.9781463067644,132.830002,6585
test,2023-07-20 00:00:00+00:00,129.960007,135.48340953767908,135.360001,6586
test,2023-07-21 00:00:00+00:00,130.0,129.93758430847973,129.960007,6587
test,2023-07-24 00:00:00+00:00,128.800003,130.37846048275804,130.0,6588
test,2023-07-25 00:00:00+00:00,129.130005,128.797791390441,128.800003,6589
test,2023-07-26 00:00:00+00:00,128.149994,129.2725130259332,129.130005,6590
test,2023-07-27 00:00:00+00:00,128.25,128.25825410808892,128.149994,6591
test,2023-07-28 00:00:00+00:00,132.210007,128.3869145317799,128.25,6592
test,2023-07-31 00:00:00+00:00,133.679993,132.31951385883713,132.210007,6593
test,2023-08-01 00:00:00+00:00,131.690002,133.64398856041507,133.679993,6594
test,2023-08-02 00:00:00+00:00,128.210007,131.8238637296389,131.690002,6595
test,2023-08-03 00:00:00+00:00,128.910004,128.39481355843608,128.210007,6596
test,2023-08-04 00:00:00+00:00,139.570007,129.09004277790007,128.910004,6597
test,2023-08-07 00:00:00+00:00,142.220001,139.64397969750885,139.570007,6598
test,2023-08-08 00:00:00+00:00,139.940002,141.97564510575296,142.220001,6599
test,2023-08-09 00:00:00+00:00,137.850006,140.19476876474874,139.940002,6600
test,2023-08-10 00:00:00+00:00,138.559998,138.0719496280479,137.850006,6601
test,2023-08-11 00:00:00+00:00,138.410004,138.64667317824137,138.559998,6602
test,2023-08-14 00:00:00+00:00,140.570007,138.48416645716645,138.410004,6603
test,2023-08-15 00:00:00+00:00,137.669998,140.76439448198389,140.570007,6604
test,2023-08-16 00:00:00+00:00,135.070007,137.69015833821206,137.669998,6605
test,2023-08-17 00:00:00+00:00,133.979996,135.30300035848776,135.070007,6606
test,2023-08-18 00:00:00+00:00,133.220001,134.12926492032793,133.979996,6607
test,2023-08-21 00:00:00+00:00,134.679993,133.3066676574608,133.220001,6608
test,2023-08-22 00:00:00+00:00,134.25,134.8366996198952,134.679993,6609
test,2023-08-23 00:00:00+00:00,135.520004,134.29782479055453,134.25,6610
test,2023-08-24 00:00:00+00:00,131.839996,135.68381356168499,135.520004,6611
test,2023-08-25 00:00:00+00:00,133.259995,131.86976920083765,131.839996,6612
test,2023-08-28 00:00:00+00:00,133.139999,133.5367218195068,133.259995,6613
test,2023-08-29 00:00:00+00:00,134.910004,133.1320445176307,133.139999,6614
test,2023-08-30 00:00:00+00:00,135.070007,135.0652711121858,134.910004,6615
test,2023-08-31 00:00:00+00:00,138.009995,135.14409176874432,135.070007,6616
test,2023-09-01 00:00:00+00:00,138.119995,138.15378441426836,138.009995,6617
test,2023-09-05 00:00:00+00:00,137.270004,138.13034682338593,138.119995,6618
test,2023-09-06 00:00:00+00:00,135.360001,137.43028162831564,137.270004,6619
test,2023-09-07 00:00:00+00:00,137.850006,135.50323056941662,135.360001,6620
test,2023-09-08 00:00:00+00:00,138.229996,138.0223882750442,137.850006,6621
test,2023-09-11 00:00:00+00:00,143.100006,138.22538668548336,138.229996,6622
test,2023-09-12 00:00:00+00:00,141.229996,143.29999727332714,143.100006,6623
test,2023-09-13 00:00:00+00:00,144.850006,141.17182027297008,141.229996,6624
test,2023-09-14 00:00:00+00:00,144.720001,145.14633107524745,144.850006,6625
test,2023-09-15 00:00:00+00:00,140.389999,144.67305883556173,144.720001,6626
test,2023-09-18 00:00:00+00:00,139.979996,140.53118798399055,140.389999,6627
test,2023-09-19 00:00:00+00:00,137.630005,140.28465047982098,139.979996,6628
test,2023-09-20 00:00:00+00:00,135.289993,137.64127744024935,137.630005,6629
test,2023-09-21 00:00:00+00:00,129.330002,135.48105644562747,135.289993,6630
test,2023-09-22 00:00:00+00:00,129.119995,129.46627677446853,129.330002,6631
test,2023-09-25 00:00:00+00:00,131.270004,129.39469197133675,129.119995,6632
test,2023-09-26 00:00:00+00:00,125.980003,131.29236908498783,131.270004,6633
test,2023-09-27 00:00:00+00:00,125.980003,125.96623349706917,125.980003,6634
test,2023-09-28 00:00:00+00:00,125.980003,126.35266217329122,125.980003,6635
test,2023-09-29 00:00:00+00:00,127.120003,125.96119395326147,125.980003,6636
test,2023-10-02 00:00:00+00:00,129.460007,127.21685247967697,127.120003,6637
test,2023-10-03 00:00:00+00:00,124.720001,129.58312728709816,129.460007,6638
test,2023-10-04 00:00:00+00:00,127.0,124.71006719029043,124.720001,6639
test,2023-10-05 00:00:00+00:00,125.959999,127.34104072070292,127.0,6640
test,2023-10-06 00:00:00+00:00,127.959999,125.87722648410092,125.959999,6641
test,2023-10-09 00:00:00+00:00,128.259995,128.16496387411385,127.959999,6642
test,2023-10-10 00:00:00+00:00,129.479996,128.31373805815397,128.259995,6643
test,2023-10-11 00:00:00+00:00,131.830002,129.59829572001462,129.479996,6644
test,2023-10-12 00:00:00+00:00,132.330002,131.92375335217653,131.830002,6645
test,2023-10-13 00:00:00+00:00,129.789993,132.36739366167083,132.330002,6646
test,2023-10-16 00:00:00+00:00,132.550003,129.9184345868573,129.789993,6647
test,2023-10-17 00:00:00+00:00,131.470001,132.7810192108803,132.550003,6648
test,2023-10-18 00:00:00+00:00,128.130005,131.4091928718226,131.470001,6649
test,2023-10-19 00:00:00+00:00,128.399994,128.31966685052666,128.130005,6650
test,2023-10-20 00:00:00+00:00,125.169998,128.63466309463695,128.399994,6651
test,2023-10-23 00:00:00+00:00,126.559998,125.15430206211559,125.169998,6652
test,2023-10-24 00:00:00+00:00,128.559998,126.82179133040098,126.559998,6653
test,2023-10-25 00:00:00+00:00,121.389999,128.58190567834347,128.559998,6654
test,2023-10-26 00:00:00+00:00,119.57,121.37216642474637,121.389999,6655
test,2023-10-27 00:00:00+00:00,127.739998,119.97377535627038,119.57,6656
test,2023-10-30 00:00:00+00:00,132.710007,127.79794782115904,127.739998,6657
test,2023-10-31 00:00:00+00:00,133.089996,132.47418970989267,132.710007,6658
test,2023-11-01 00:00:00+00:00,137.0,133.2539197293331,133.089996,6659
test,2023-11-02 00:00:00+00:00,138.070007,137.21278961223518,137.0,6660
test,2023-11-03 00:00:00+00:00,138.600006,137.97604234266655,138.070007,6661
test,2023-11-06 00:00:00+00:00,139.740005,138.76678778038502,138.600006,6662
test,2023-11-07 00:00:00+00:00,142.710007,139.898970141252,139.740005,6663
test,2023-11-08 00:00:00+00:00,142.080002,142.7955583934443,142.710007,6664
test,2023-11-09 00:00:00+00:00,140.600006,142.11522451610043,142.080002,6665
test,2023-11-10 00:00:00+00:00,143.559998,140.8037124531472,140.600006,6666
test,2023-11-13 00:00:00+00:00,142.589996,143.7370495236072,143.559998,6667
test,2023-11-14 00:00:00+00:00,145.800003,142.54681304364638,142.589996,6668
test,2023-11-15 00:00:00+00:00,143.199997,146.0637700428972,145.800003,6669
test,2023-11-16 00:00:00+00:00,142.830002,143.17732154701963,143.199997,6670
test,2023-11-17 00:00:00+00:00,145.179993,143.0899907253102,142.830002,6671
test,2023-11-20 00:00:00+00:00,146.130005,145.29293957543408,145.179993,6672
test,2023-11-21 00:00:00+00:00,143.899994,146.14175081476574,146.130005,6673
test,2023-11-22 00:00:00+00:00,146.710007,144.04820663893418,143.899994,6674
test,2023-11-24 00:00:00+00:00,146.740005,146.9519338884414,146.710007,6675
test,2023-11-27 00:00:00+00:00,147.729996,146.6911099826478,146.740005,6676
test,2023-11-28 00:00:00+00:00,147.029999,147.92556810458947,147.729996,6677
test,2023-11-29 00:00:00+00:00,146.320007,147.136274343713,147.029999,6678
test,2023-11-30 00:00:00+00:00,146.089996,146.4609638542592,146.320007,6679
test,2023-12-01 00:00:00+00:00,147.029999,146.23319049394573,146.089996,6680
test,2023-12-04 00:00:00+00:00,144.839996,147.15402808398255,147.029999,6681
test,2023-12-05 00:00:00+00:00,146.880005,144.91638526886643,144.839996,6682
