split,timestamp,actual,predicted,previous,target_index
validation,2015-12-31 00:00:00+00:00,33.794498,34.49893066872166,34.453499,4687
validation,2016-01-04 00:00:00+00:00,31.849501,33.83906068542567,33.794498,4688
validation,2016-01-05 00:00:00+00:00,31.689501,31.891498939842982,31.849501,4689
validation,2016-01-06 00:00:00+00:00,31.6325,31.731287957875796,31.689501,4690
validation,2016-01-07 00:00:00+00:00,30.396999,31.67421179423135,31.6325,4691
validation,2016-01-08 00:00:00+00:00,30.352501,30.437081616534847,30.396999,4692
validation,2016-01-11 00:00:00+00:00,30.886999,30.392524939812496,30.352501,4693
validation,2016-01-12 00:00:00+00:00,30.894501,30.927727748809353,30.886999,4694
validation,2016-01-13 00:00:00+00:00,29.0905,30.935239641226342,30.894501,4695
validation,2016-01-14 00:00:00+00:00,29.65,29.128859818227678,29.0905,4696
validation,2016-01-15 00:00:00+00:00,28.509001,29.68909759579418,29.65,4697
validation,2016-01-19 00:00:00+00:00,28.724001,28.546594031959327,28.509001,4698
validation,2016-01-20 00:00:00+00:00,28.588499,28.761877538977732,28.724001,4699
validation,2016-01-21 00:00:00+00:00,28.750999,28.626196860986994,28.588499,4700
validation,2016-01-22 00:00:00+00:00,29.819,28.78891113954742,28.750999,4701
validation,2016-01-25 00:00:00+00:00,29.8265,29.85832044549702,29.819,4702
validation,2016-01-26 00:00:00+00:00,30.0625,29.865830335276733,29.8265,4703
validation,2016-01-27 00:00:00+00:00,29.1675,30.102141533678335,30.0625,4704
validation,2016-01-28 00:00:00+00:00,31.7675,29.205961353299386,29.1675,4705
validation,2016-01-29 00:00:00+00:00,29.35,31.80938981026616,31.7675,4706
validation,2016-02-01 00:00:00+00:00,28.740499,29.38870200460571,29.35,4707
validation,2016-02-02 00:00:00+00:00,27.605,28.77839729385582,28.740499,4708
validation,2016-02-03 00:00:00+00:00,26.553499,27.641400982526086,27.605,4709
validation,2016-02-04 00:00:00+00:00,26.813,26.588513434091844,26.553499,4710
validation,2016-02-05 00:00:00+00:00,25.106501,26.84835662178851,26.813,4711
validation,2016-02-08 00:00:00+00:00,24.405001,25.139607368563382,25.106501,4712
validation,2016-02-09 00:00:00+00:00,24.1035,24.437182344501,24.405001,4713
validation,2016-02-10 00:00:00+00:00,24.524,24.135283774037948,24.1035,4714
validation,2016-02-11 00:00:00+00:00,25.191,24.556338261020457,24.524,4715
validation,2016-02-12 00:00:00+00:00,25.354,25.224217792096162,25.191,4716
validation,2016-02-16 00:00:00+00:00,26.055,25.387432729975234,25.354,4717
validation,2016-02-17 00:00:00+00:00,26.705,26.08935709471897,26.055,4718
validation,2016-02-18 00:00:00+00:00,26.25,26.740214208960662,26.705,4719
validation,2016-02-19 00:00:00+00:00,26.745001,26.28461422899148,26.25,4720
validation,2016-02-22 00:00:00+00:00,27.975,26.780267955771095,26.745001,4721
validation,2016-02-23 00:00:00+00:00,27.646999,28.011888878325205,27.975,4722
validation,2016-02-24 00:00:00+00:00,27.702,27.683455363973835,27.646999,4723
validation,2016-02-25 00:00:00+00:00,27.7575,27.738528890343694,27.702,4724
validation,2016-02-26 00:00:00+00:00,27.761499,27.79410207471356,27.7575,4725
validation,2016-02-29 00:00:00+00:00,27.625999,27.798106347944103,27.761499,4726
validation,2016-03-01 00:00:00+00:00,28.952,27.662427672590642,27.625999,4727
validation,2016-03-02 00:00:00+00:00,29.0105,28.990177186962335,28.952,4728
validation,2016-03-03 00:00:00+00:00,28.8745,29.048754327244087,29.0105,4729
validation,2016-03-04 00:00:00+00:00,28.757,28.91257499257198,28.8745,4730
validation,2016-03-07 00:00:00+00:00,28.139999,28.79492005268983,28.757,4731
validation,2016-03-08 00:00:00+00:00,28.013,28.177105452160227,28.139999,4732
validation,2016-03-09 00:00:00+00:00,27.973499,28.04993898654241,28.013,4733
validation,2016-03-10 00:00:00+00:00,27.946501,28.010385899050625,27.973499,4734
validation,2016-03-11 00:00:00+00:00,28.480499,27.983352298480938,27.946501,4735
validation,2016-03-14 00:00:00+00:00,28.668501,28.518054448159145,28.480499,4736
validation,2016-03-15 00:00:00+00:00,28.851,28.706304354607862,28.668501,4737
validation,2016-03-16 00:00:00+00:00,28.713499,28.889044004595547,28.851,4738
validation,2016-03-17 00:00:00+00:00,27.972,28.75136169064886,28.713499,4739
validation,2016-03-18 00:00:00+00:00,27.604,28.00888492241332,27.972,4740
validation,2016-03-21 00:00:00+00:00,27.698999,27.64039966388879,27.604,4741
validation,2016-03-22 00:00:00+00:00,28.024,27.73552393311317,27.698999,4742
validation,2016-03-23 00:00:00+00:00,28.481501,28.060953491552656,28.024,4743
validation,2016-03-24 00:00:00+00:00,29.147499,28.519057769433715,28.481501,4744
validation,2016-03-28 00:00:00+00:00,28.9935,29.185933979234854,29.147499,4745
validation,2016-03-29 00:00:00+00:00,29.693001,29.031731910410073,28.9935,4746
validation,2016-03-30 00:00:00+00:00,29.9345,29.7321552985165,29.693001,4747
validation,2016-03-31 00:00:00+00:00,29.681999,29.973972748104586,29.9345,4748
validation,2016-04-01 00:00:00+00:00,29.924999,29.721138790868984,29.681999,4749
validation,2016-04-04 00:00:00+00:00,29.6595,29.964459219731648,29.924999,4750
validation,2016-04-05 00:00:00+00:00,29.306999,29.698610122848486,29.6595,4751
validation,2016-04-06 00:00:00+00:00,30.104,29.345644301883393,29.306999,4752
validation,2016-04-07 00:00:00+00:00,29.571501,30.143696257126074,30.104,4753
validation,2016-04-08 00:00:00+00:00,29.73,29.610495084085173,29.571501,4754
validation,2016-04-11 00:00:00+00:00,29.796499,29.769203086777775,29.73,4755
validation,2016-04-12 00:00:00+00:00,30.158501,29.835789774839252,29.796499,4756
validation,2016-04-13 00:00:00+00:00,30.740999,30.198269124177287,30.158501,4757
validation,2016-04-14 00:00:00+00:00,31.0375,30.781535227764294,30.740999,4758
validation,2016-04-15 00:00:00+00:00,31.2945,31.078427205040878,31.0375,4759
validation,2016-04-18 00:00:00+00:00,31.7675,31.33576609482567,31.2945,4760
validation,2016-04-19 00:00:00+00:00,31.395,31.80938981026616,31.7675,4761
validation,2016-04-20 00:00:00+00:00,31.6495,31.436398617873806,31.395,4762
validation,2016-04-21 00:00:00+00:00,31.549999,31.691234211065364,31.6495,4763
validation,2016-04-22 00:00:00+00:00,31.025,31.591602005335883,31.549999,4764
validation,2016-04-25 00:00:00+00:00,31.309999,31.065910722074687,31.025,4765
validation,2016-04-26 00:00:00+00:00,30.844,31.351285532385102,31.309999,4766
validation,2016-04-27 00:00:00+00:00,30.328501,30.884672048724312,30.844,4767
validation,2016-04-28 00:00:00+00:00,30.1,30.368493292517417,30.328501,4768
validation,2016-04-29 00:00:00+00:00,32.9795,30.139690982576894,30.1,4769
validation,2016-05-02 00:00:00+00:00,34.192501,33.0229879986676,32.9795,4770
validation,2016-05-03 00:00:00+00:00,33.566002,34.23758850702497,34.192501,4771
validation,2016-05-04 00:00:00+00:00,33.544998,33.61026338207834,33.566002,4772
validation,2016-05-05 00:00:00+00:00,32.954498,33.58923168542059,33.544998,4773
validation,2016-05-06 00:00:00+00:00,33.697498,32.99795303009795,32.954498,4774
validation,2016-05-09 00:00:00+00:00,33.987499,33.74193277760807,33.697498,4775
validation,2016-05-10 00:00:00+00:00,35.1535,34.03231618374223,33.987499,4776
validation,2016-05-11 00:00:00+00:00,35.661499,35.19985471614674,35.1535,4777
validation,2016-05-12 00:00:00+00:00,35.8965,35.70852358257392,35.661499,4778
validation,2016-05-13 00:00:00+00:00,35.495998,35.94383446365686,35.8965,4779
validation,2016-05-16 00:00:00+00:00,35.533001,35.54280434678297,35.495998,4780
validation,2016-05-17 00:00:00+00:00,34.7635,35.579856140318796,35.533001,4781
validation,2016-05-18 00:00:00+00:00,34.872501,34.80934044760173,34.7635,4782
validation,2016-05-19 00:00:00+00:00,34.925999,34.9184851803855,34.872501,4783
validation,2016-05-20 00:00:00+00:00,35.139999,34.972053724843505,34.925999,4784
validation,2016-05-23 00:00:00+00:00,34.837502,35.186335913224625,35.139999,4785
validation,2016-05-24 00:00:00+00:00,35.209999,34.88344002939882,34.837502,4786
validation,2016-05-25 00:00:00+00:00,35.4175,35.25642821783527,35.209999,4787
validation,2016-05-26 00:00:00+00:00,35.745499,35.464202836392595,35.4175,4788
validation,2016-05-27 00:00:00+00:00,35.612,35.792634348106695,35.745499,4789
validation,2016-05-31 00:00:00+00:00,36.1395,35.65895931134646,35.612,4790
validation,2016-06-01 00:00:00+00:00,35.972,36.18715489251952,36.1395,4791
validation,2016-06-02 00:00:00+00:00,36.411999,36.01943402077263,35.972,4792
validation,2016-06-03 00:00:00+00:00,36.277,36.460013219863754,36.411999,4793
validation,2016-06-06 00:00:00+00:00,36.336498,36.32483620514758,36.277,4794
validation,2016-06-07 00:00:00+00:00,36.187,36.384412661429344,36.336498,4795
validation,2016-06-08 00:00:00+00:00,36.332001,36.23471752779103,36.187,4796
validation,2016-06-09 00:00:00+00:00,36.3825,36.37990973151743,36.332001,4797
validation,2016-06-10 00:00:00+00:00,35.8955,36.43047532138219,36.3825,4798
validation,2016-06-13 00:00:00+00:00,35.762001,35.94283314501956,35.8955,4799
validation,2016-06-14 00:00:00+00:00,35.965,35.80915810825933,35.762001,4800
validation,2016-06-15 00:00:00+00:00,35.713001,36.01242479031156,35.965,4801
validation,2016-06-16 00:00:00+00:00,35.8755,35.76009349503188,35.713001,4802
validation,2016-06-17 00:00:00+00:00,35.3195,35.92280677227367,35.8755,4803
validation,2016-06-20 00:00:00+00:00,35.7005,35.36607360993769,35.3195,4804
validation,2016-06-21 00:00:00+00:00,35.791,35.74757601074705,35.7005,4805
validation,2016-06-22 00:00:00+00:00,35.529999,35.83819534742224,35.791,4806
validation,2016-06-23 00:00:00+00:00,36.104,35.576850181769636,35.529999,4807
validation,2016-06-24 00:00:00+00:00,34.948002,36.151608080895556,36.104,4808
validation,2016-06-27 00:00:00+00:00,34.568001,34.99408573881991,34.948002,4809
validation,2016-06-28 00:00:00+00:00,35.397499,34.61358365532921,34.568001,4810
validation,2016-06-29 00:00:00+00:00,35.779999,35.44417546232806,35.397499,4811
validation,2016-06-30 00:00:00+00:00,35.780998,35.82717984109336,35.779999,4812
validation,2016-07-01 00:00:00+00:00,36.284,35.82818015841202,35.780998,4813
validation,2016-07-05 00:00:00+00:00,36.404999,36.331845435608635,36.284,4814
validation,2016-07-06 00:00:00+00:00,36.880501,36.45300398940268,36.404999,4815
validation,2016-07-07 00:00:00+00:00,36.828499,36.9291330040737,36.880501,4816
validation,2016-07-08 00:00:00+00:00,37.290501,36.87706243229708,36.828499,4817
validation,2016-07-11 00:00:00+00:00,37.688999,37.339673645364606,37.290501,4818
validation,2016-07-12 00:00:00+00:00,37.4105,37.738697119689355,37.688999,4819
validation,2016-07-13 00:00:00+00:00,37.1315,37.45983088052136,37.4105,4820
validation,2016-07-14 00:00:00+00:00,37.060001,37.18046298071608,37.1315,4821
validation,2016-07-15 00:00:00+00:00,36.771999,37.10886969946813,37.060001,4822
validation,2016-07-18 00:00:00+00:00,36.803501,36.82048792928992,36.771999,4823
validation,2016-07-19 00:00:00+00:00,36.997501,36.85203146900198,36.803501,4824
validation,2016-07-20 00:00:00+00:00,37.285999,37.046287284637195,36.997501,4825
validation,2016-07-21 00:00:00+00:00,37.2215,37.3351657088595,37.285999,4826
validation,2016-07-22 00:00:00+00:00,37.243,37.27058165807262,37.2215,4827
validation,2016-07-25 00:00:00+00:00,36.980499,37.292110008774465,37.243,4828
validation,2016-07-26 00:00:00+00:00,36.779499,37.02926286516591,36.980499,4829
validation,2016-07-27 00:00:00+00:00,36.8335,36.82799781906963,36.779499,4830
validation,2016-07-28 00:00:00+00:00,37.630501,36.8820700268022,36.8335,4831
validation,2016-07-29 00:00:00+00:00,37.940498,37.68012198204488,37.630501,4832
validation,2016-08-01 00:00:00+00:00,38.387001,37.99052775565038,37.940498,4833
validation,2016-08-02 00:00:00+00:00,38.028999,38.437619531158475,38.387001,4834
validation,2016-08-03 00:00:00+00:00,37.731998,38.07914545636962,38.028999,4835
validation,2016-08-04 00:00:00+00:00,38.038502,37.7817528197744,37.731998,4836
validation,2016-08-05 00:00:00+00:00,38.299,38.08866098737984,38.038502,4837
validation,2016-08-08 00:00:00+00:00,38.327999,38.34950248975789,38.299,4838
validation,2016-08-09 00:00:00+00:00,38.415501,38.378539728920806,38.327999,4839
validation,2016-08-10 00:00:00+00:00,38.428001,38.46615711232138,38.415501,4840
validation,2016-08-11 00:00:00+00:00,38.562,38.478673595287574,38.428001,4841
validation,2016-08-12 00:00:00+00:00,38.627998,38.61284929136645,38.562,4842
validation,2016-08-15 00:00:00+00:00,38.4245,38.67893431879064,38.627998,4843
validation,2016-08-16 00:00:00+00:00,38.202,38.475167978738405,38.4245,4844
validation,2016-08-17 00:00:00+00:00,38.231499,38.25237458194028,38.202,4845
validation,2016-08-18 00:00:00+00:00,38.223,38.281912480421845,38.231499,4846
validation,2016-08-19 00:00:00+00:00,37.865501,38.27340227332348,38.223,4847
validation,2016-08-22 00:00:00+00:00,37.973999,37.91543186180918,37.865501,4848
validation,2016-08-23 00:00:00+00:00,38.122501,38.02407293131841,37.973999,4849
validation,2016-08-24 00:00:00+00:00,37.862499,38.17277075159397,38.122501,4850
validation,2016-08-25 00:00:00+00:00,37.960999,37.91242590326002,37.862499,4851
validation,2016-08-26 00:00:00+00:00,38.450001,38.01105578903357,37.960999,4852
validation,2016-08-29 00:00:00+00:00,38.564499,38.50070260530806,38.450001,4853
validation,2016-08-30 00:00:00+00:00,38.379002,38.61535158664105,38.564499,4854
validation,2016-08-31 00:00:00+00:00,38.458,38.42960998337876,38.379002,4855
validation,2016-09-01 00:00:00+00:00,38.530998,38.50871215308778,38.458,4856
validation,2016-09-02 00:00:00+00:00,38.622002,38.58180641097303,38.530998,4857
validation,2016-09-06 00:00:00+00:00,39.443501,38.67293041224142,38.622002,4858
validation,2016-09-07 00:00:00+00:00,39.223999,39.49551267146055,39.443501,4859
validation,2016-09-08 00:00:00+00:00,39.202999,39.27572122793705,39.223999,4860
validation,2016-09-09 00:00:00+00:00,38.007,39.25469353655385,39.202999,4861
validation,2016-09-12 00:00:00+00:00,38.574501,38.05711744766777,38.007,4862
validation,2016-09-13 00:00:00+00:00,38.050499,38.62536677565127,38.574501,4863
validation,2016-09-14 00:00:00+00:00,38.054501,38.100673807071466,38.050499,4864
validation,2016-09-15 00:00:00+00:00,38.484501,38.10468108425792,38.054501,4865
validation,2016-09-16 00:00:00+00:00,38.925999,38.53524809829474,38.484501,4866
validation,2016-09-19 00:00:00+00:00,38.755001,38.97732827402316,38.925999,4867
validation,2016-09-20 00:00:00+00:00,39.011002,38.806104789683005,38.755001,4868
validation,2016-09-21 00:00:00+00:00,39.487,39.06244336214914,39.011002,4869
validation,2016-09-22 00:00:00+00:00,40.235001,39.53906903086425,39.487,4870
validation,2016-09-23 00:00:00+00:00,40.287498,40.288056372879474,40.235001,4871
validation,2016-09-26 00:00:00+00:00,39.958,40.34062259738155,40.287498,4872
validation,2016-09-27 00:00:00+00:00,40.8055,40.01069010903015,39.958,4873
validation,2016-09-28 00:00:00+00:00,41.436001,40.859307654137595,40.8055,4874
validation,2016-09-29 00:00:00+00:00,41.452499,41.49064005627067,41.436001,4875
validation,2016-09-30 00:00:00+00:00,41.865501,41.50715981114877,41.452499,4876
validation,2016-10-03 00:00:00+00:00,41.837002,41.920706410988835,41.865501,4877
validation,2016-10-04 00:00:00+00:00,41.7015,41.892169831144564,41.837002,4878
validation,2016-10-05 00:00:00+00:00,42.217999,41.75648915315384,41.7015,4879
validation,2016-10-06 00:00:00+00:00,42.083,42.27366922799802,42.217999,4880
validation,2016-10-07 00:00:00+00:00,41.9715,42.13849221328184,42.083,4881
validation,2016-10-10 00:00:00+00:00,42.085499,42.02684518522346,41.9715,4882
validation,2016-10-11 00:00:00+00:00,41.549999,42.14099450855644,42.085499,4883
validation,2016-10-12 00:00:00+00:00,41.704498,41.604788378285015,41.549999,4884
validation,2016-10-13 00:00:00+00:00,41.464001,41.75949110642844,41.704498,4885
validation,2016-10-14 00:00:00+00:00,41.147999,41.51867697811493,41.464001,4886
validation,2016-10-17 00:00:00+00:00,40.647499,41.20225828609246,41.147999,4887
validation,2016-10-18 00:00:00+00:00,40.8825,40.70109830812636,40.647499,4888
validation,2016-10-19 00:00:00+00:00,40.884499,40.9364091892093,40.8825,4889
validation,2016-10-20 00:00:00+00:00,40.515999,40.93841082516525,40.884499,4890
validation,2016-10-21 00:00:00+00:00,40.949501,40.56942490732207,40.515999,4891
validation,2016-10-24 00:00:00+00:00,41.904499,41.00349853922669,40.949501,4892
validation,2016-10-25 00:00:00+00:00,41.758999,41.95975583520607,41.904499,4893
validation,2016-10-26 00:00:00+00:00,41.129501,41.814063973479655,41.758999,4894
validation,2016-10-27 00:00:00+00:00,40.917999,41.183735893939776,41.129501,4895
validation,2016-10-28 00:00:00+00:00,38.816002,40.97195499951463,40.917999,4896
validation,2016-10-31 00:00:00+00:00,39.491001,38.86718622787663,38.816002,4897
validation,2016-11-01 00:00:00+00:00,39.2705,39.543075306732064,39.491001,4898
validation,2016-11-02 00:00:00+00:00,38.278,39.322283545889896,39.2705,4899
validation,2016-11-03 00:00:00+00:00,38.351501,38.32847479837469,38.278,4900
validation,2016-11-04 00:00:00+00:00,37.752499,38.40207271953451,38.351501,4901
validation,2016-11-07 00:00:00+00:00,39.246498,37.80228085315758,37.752499,4902
validation,2016-11-08 00:00:00+00:00,39.387501,39.29824989595755,39.246498,4903
validation,2016-11-09 00:00:00+00:00,38.594002,39.439438827772044,39.387501,4904
validation,2016-11-10 00:00:00+00:00,37.118999,38.644893490397166,38.594002,4905
validation,2016-11-11 00:00:00+00:00,36.9505,37.16794549643126,37.118999,4906
validation,2016-11-14 00:00:00+00:00,35.953499,36.999224307365694,36.9505,4907
validation,2016-11-15 00:00:00+00:00,37.161999,36.000908624664035,35.953499,4908
validation,2016-11-16 00:00:00+00:00,37.324501,37.21100219783494,37.161999,4909
validation,2016-11-17 00:00:00+00:00,37.82,37.37371847903263,37.324501,4910
validation,2016-11-18 00:00:00+00:00,38.007999,37.86987086249363,37.82,4911
validation,2016-11-21 00:00:00+00:00,39.0,38.05811776498643,38.007999,4912
validation,2016-11-22 00:00:00+00:00,39.266499,39.05142685450162,39.0,4913
validation,2016-11-23 00:00:00+00:00,39.006001,39.31827727002209,39.266499,4914
validation,2016-11-25 00:00:00+00:00,39.018501,39.05743576764403,39.006001,4915
validation,2016-11-28 00:00:00+00:00,38.338501,39.06995225061022,39.018501,4916
validation,2016-11-29 00:00:00+00:00,38.125999,38.38905557724968,38.338501,4917
validation,2016-11-30 00:00:00+00:00,37.5285,38.17627336418723,38.125999,4918
validation,2016-12-01 00:00:00+00:00,37.182499,37.57798647972216,37.5285,4919
validation,2016-12-02 00:00:00+00:00,37.016998,37.23152922989948,37.182499,4920
validation,2016-12-05 00:00:00+00:00,37.967999,37.065809994108534,37.016998,4921
validation,2016-12-06 00:00:00+00:00,38.236,38.018065019494635,37.967999,4922
validation,2016-12-07 00:00:00+00:00,38.521,38.28641941560831,38.236,4923
validation,2016-12-08 00:00:00+00:00,38.366501,38.57179522723736,38.521,4924
validation,2016-12-09 00:00:00+00:00,38.432999,38.41709249909393,38.366501,4925
validation,2016-12-12 00:00:00+00:00,38.006001,38.48367818583677,38.432999,4926
validation,2016-12-13 00:00:00+00:00,38.716999,38.056117130349115,38.006001,4927
validation,2016-12-14 00:00:00+00:00,38.441002,38.768052678828525,38.716999,4928
validation,2016-12-15 00:00:00+00:00,38.049999,38.49169173889104,38.441002,4929
validation,2016-12-16 00:00:00+00:00,37.8885,38.10017314775282,38.049999,4930
validation,2016-12-19 00:00:00+00:00,38.299999,37.93846118914833,37.8885,4931
validation,2016-12-20 00:00:00+00:00,38.561001,38.350502807076545,38.299999,4932
validation,2016-12-21 00:00:00+00:00,38.529999,38.61184897404779,38.561001,4933
validation,2016-12-22 00:00:00+00:00,38.317001,38.580806093654374,38.529999,4934
validation,2016-12-23 00:00:00+00:00,38.029499,38.367527226547836,38.317001,4935
validation,2016-12-27 00:00:00+00:00,38.57,38.07964611568828,38.029499,4936
validation,2016-12-28 00:00:00+00:00,38.606499,38.62085984046481,38.57,4937
validation,2016-12-29 00:00:00+00:00,38.2575,38.65740696940744,38.606499,4938
validation,2016-12-30 00:00:00+00:00,37.4935,38.30794776631015,38.2575,4939
validation,2017-01-03 00:00:00+00:00,37.683498,37.54294032741684,37.4935,4940
validation,2017-01-04 00:00:00+00:00,37.859001,37.73318886586559,37.683498,4941
validation,2017-01-05 00:00:00+00:00,39.022499,37.90892329066676,37.859001,4942
validation,2017-01-06 00:00:00+00:00,39.7995,39.07395552252213,39.022499,4943
validation,2017-01-09 00:00:00+00:00,39.846001,39.85198110501891,39.7995,4944
validation,2017-01-10 00:00:00+00:00,39.794998,39.89854342297176,39.846001,4945
validation,2017-01-11 00:00:00+00:00,39.951,39.84747316851381,39.794998,4946
validation,2017-01-12 00:00:00+00:00,40.681999,40.003680878569085,39.951,4947
validation,2017-01-13 00:00:00+00:00,40.856998,40.73564380111303,40.681999,4948
validation,2017-01-17 00:00:00+00:00,40.486,40.910873561321004,40.856998,4949
validation,2017-01-18 00:00:00+00:00,40.374001,40.53938634952186,40.486,4950
validation,2017-01-19 00:00:00+00:00,40.452,40.427239663463475,40.374001,4951
validation,2017-01-20 00:00:00+00:00,40.4165,40.505341515853836,40.452,4952
validation,2017-01-23 00:00:00+00:00,40.894001,40.46979470422987,40.4165,4953
validation,2017-01-24 00:00:00+00:00,41.122002,40.94792535485683,40.894001,4954
validation,2017-01-25 00:00:00+00:00,41.826,41.17622700547871,41.122002,4955
validation,2017-01-26 00:00:00+00:00,41.9575,41.88115332349705,41.826,4956
validation,2017-01-27 00:00:00+00:00,41.788502,42.012826724301334,41.9575,4957
validation,2017-01-30 00:00:00+00:00,41.519001,41.84360587723577,41.788502,4958
validation,2017-01-31 00:00:00+00:00,41.174,41.57374950316615,41.519001,4959
validation,2017-02-01 00:00:00+00:00,41.6175,41.228293571980764,41.174,4960
validation,2017-02-02 00:00:00+00:00,41.997501,41.67237838762106,41.6175,4961
validation,2017-02-03 00:00:00+00:00,40.509998,42.05288047111176,41.997501,4962
validation,2017-02-06 00:00:00+00:00,40.382,40.56341599417967,40.509998,4963
validation,2017-02-07 00:00:00+00:00,40.625,40.43524921124319,40.382,4964
validation,2017-02-08 00:00:00+00:00,40.9855,40.678569640105856,40.625,4965
validation,2017-02-09 00:00:00+00:00,41.068001,41.03954500885067,40.9855,4966
validation,2017-02-10 00:00:00+00:00,41.373001,41.12215479774615,41.068001,4967
validation,2017-02-13 00:00:00+00:00,41.8265,41.4275569821211,41.373001,4968
validation,2017-02-14 00:00:00+00:00,41.8195,41.8816539828157,41.8265,4969
validation,2017-02-15 00:00:00+00:00,42.134998,41.874644752354634,41.8195,4970
validation,2017-02-16 00:00:00+00:00,42.207001,42.190558779783906,42.134998,4971
validation,2017-02-17 00:00:00+00:00,42.253502,42.26265672562505,42.207001,4972
validation,2017-02-21 00:00:00+00:00,42.821999,42.3092190435779,42.253502,4973
validation,2017-02-22 00:00:00+00:00,42.780499,42.878465684924144,42.821999,4974
validation,2017-02-23 00:00:00+00:00,42.609501,42.836910961476406,42.780499,4975
validation,2017-02-24 00:00:00+00:00,42.262001,42.66568747713625,42.609501,4976
validation,2017-02-27 00:00:00+00:00,42.431999,42.317729250676265,42.262001,4977
validation,2017-02-28 00:00:00+00:00,42.251999,42.487951416379126,42.431999,4978
validation,2017-03-01 00:00:00+00:00,42.653999,42.30771406166604,42.251999,4979
validation,2017-03-02 00:00:00+00:00,42.445499,42.710244153858596,42.653999,4980
validation,2017-03-03 00:00:00+00:00,42.493999,42.50146921798261,42.445499,4981
validation,2017-03-06 00:00:00+00:00,42.330502,42.550033171891414,42.493999,4982
validation,2017-03-07 00:00:00+00:00,42.300999,42.38632057864961,42.330502,4983
validation,2017-03-08 00:00:00+00:00,42.525002,42.35677867489349,42.300999,4984
validation,2017-03-09 00:00:00+00:00,42.650002,42.58107705360347,42.525002,4985
validation,2017-03-10 00:00:00+00:00,42.623001,42.706241883265335,42.650002,4986
validation,2017-03-13 00:00:00+00:00,42.7295,42.67920527873974,42.623001,4987
validation,2017-03-14 00:00:00+00:00,42.626499,42.785844712293006,42.7295,4988
validation,2017-03-15 00:00:00+00:00,42.648499,42.682707891332996,42.626499,4989
validation,2017-03-16 00:00:00+00:00,42.671001,42.70473690135348,42.648499,4990
validation,2017-03-17 00:00:00+00:00,42.615501,42.72726857332989,42.671001,4991
validation,2017-03-20 00:00:00+00:00,42.848499,42.671695388960025,42.615501,4992
validation,2017-03-21 00:00:00+00:00,42.16,42.90500062881246,42.848499,4993
validation,2017-03-22 00:00:00+00:00,42.403,42.21559374835355,42.16,4994
validation,2017-03-23 00:00:00+00:00,42.368999,42.458914177216215,42.403,4995
validation,2017-03-24 00:00:00+00:00,42.280499,42.42486834222955,42.368999,4996
validation,2017-03-27 00:00:00+00:00,42.341,42.33625164282895,42.280499,4997
validation,2017-03-28 00:00:00+00:00,42.799999,42.396832421703934,42.341,4998
validation,2017-03-29 00:00:00+00:00,43.716,42.856436674903655,42.799999,4999
validation,2017-03-30 00:00:00+00:00,43.817001,43.77364554798444,43.716,5000
validation,2017-03-31 00:00:00+00:00,44.327,43.874779731669854,43.817001,5001
validation,2017-04-03 00:00:00+00:00,44.5755,44.385451235371626,44.327,5002
validation,2017-04-04 00:00:00+00:00,45.341499,44.63427891673941,44.5755,5003
validation,2017-04-05 00:00:00+00:00,45.464001,45.40128799158868,45.341499,5004
validation,2017-04-06 00:00:00+00:00,44.914001,45.523951527294585,45.464001,5005
validation,2017-04-07 00:00:00+00:00,44.743999,44.97322627678238,44.914001,5006
validation,2017-04-10 00:00:00+00:00,45.352001,44.80300010580497,44.743999,5007
validation,2017-04-11 00:00:00+00:00,45.118,45.41180383991755,45.352001,5008
validation,2017-04-12 00:00:00+00:00,44.811501,45.17749427747191,45.118,5009
validation,2017-04-13 00:00:00+00:00,44.233501,44.87059111645965,44.811501,5010
validation,2017-04-17 00:00:00+00:00,45.099499,44.29182894410319,44.233501,5011
validation,2017-04-18 00:00:00+00:00,45.188999,45.158968881363315,45.099499,5012
validation,2017-04-19 00:00:00+00:00,44.959999,45.24858689940121,45.188999,5013
validation,2017-04-20 00:00:00+00:00,45.103001,45.019284931460675,44.959999,5014
validation,2017-04-21 00:00:00+00:00,44.926498,45.162475499231114,45.103001,5015
validation,2017-04-24 00:00:00+00:00,45.370499,44.98573975579266,44.926498,5016
validation,2017-04-25 00:00:00+00:00,45.381001,45.430326232070236,45.370499,5017
validation,2017-04-26 00:00:00+00:00,45.4645,45.4408420803991,45.381001,5018
validation,2017-04-27 00:00:00+00:00,45.918999,45.524451185294595,45.4645,5019
validation,2017-04-28 00:00:00+00:00,46.2495,45.97954950462649,45.918999,5020
validation,2017-05-01 00:00:00+00:00,47.411499,46.3104863155711,46.2495,5021
validation,2017-05-02 00:00:00+00:00,47.347,47.47401757078915,47.411499,5022
validation,2017-05-03 00:00:00+00:00,47.051498,47.40943352000227,47.347,5023
validation,2017-05-04 00:00:00+00:00,46.876499,47.11354186004435,47.051498,5024
validation,2017-05-05 00:00:00+00:00,46.7075,46.938312099836374,46.876499,5025
validation,2017-05-08 00:00:00+00:00,47.452,46.76909025145217,46.7075,5026
validation,2017-05-09 00:00:00+00:00,47.640999,47.51457197691823,47.452,5027
validation,2017-05-10 00:00:00+00:00,47.447498,47.703820198048334,47.640999,5028
validation,2017-05-11 00:00:00+00:00,47.381001,47.510064040413134,47.447498,5029
validation,2017-05-12 00:00:00+00:00,48.067501,47.44347935498893,47.381001,5030
validation,2017-05-15 00:00:00+00:00,47.898499,48.13088459949189,48.067501,5031
validation,2017-05-16 00:00:00+00:00,48.303501,47.96165974715178,47.898499,5032
validation,2017-05-17 00:00:00+00:00,47.237999,48.36719579789349,48.303501,5033
validation,2017-05-18 00:00:00+00:00,47.9245,47.300288787218484,47.237999,5034
validation,2017-05-19 00:00:00+00:00,47.992001,47.98769503304008,47.9245,5035
validation,2017-05-22 00:00:00+00:00,48.533501,48.05528504237613,47.992001,5036
validation,2017-05-23 00:00:00+00:00,48.577,48.59749908447132,48.533501,5037
validation,2017-05-24 00:00:00+00:00,49.017502,48.64105544387501,48.577,5038
validation,2017-05-25 00:00:00+00:00,49.668999,49.082138306240694,49.017502,5039
validation,2017-05-26 00:00:00+00:00,49.789001,49.73449439448242,49.668999,5040
validation,2017-05-30 00:00:00+00:00,49.834999,49.85465463359508,49.789001,5041
validation,2017-05-31 00:00:00+00:00,49.730999,49.90071328827338,49.834999,5042
validation,2017-06-01 00:00:00+00:00,49.797501,49.7965761499947,49.730999,5043
validation,2017-06-02 00:00:00+00:00,50.336498,49.86316584201209,49.797501,5044
validation,2017-06-05 00:00:00+00:00,50.567001,50.40287358355813,50.336498,5045
validation,2017-06-06 00:00:00+00:00,50.150002,50.63368053341052,50.567001,5046
validation,2017-06-07 00:00:00+00:00,50.503502,50.21613166297718,50.150002,5047
validation,2017-06-08 00:00:00+00:00,50.5135,50.570097801260935,50.503502,5048
validation,2017-06-09 00:00:00+00:00,48.915501,50.58010898499661,50.5135,5049
validation,2017-06-12 00:00:00+00:00,48.245499,48.98000280391798,48.915501,5050
validation,2017-06-13 00:00:00+00:00,49.039501,48.30911731429311,48.245499,5051
validation,2017-06-14 00:00:00+00:00,48.823502,49.104166314942546,49.039501,5052
validation,2017-06-15 00:00:00+00:00,48.2085,48.88788249060548,48.823502,5053
validation,2017-06-16 00:00:00+00:00,49.385502,48.272069526031835,48.2085,5054
validation,2017-06-19 00:00:00+00:00,49.758499,49.45062356476522,49.385502,5055
validation,2017-06-20 00:00:00+00:00,49.629501,49.824112412520314,49.758499,5056
validation,2017-06-21 00:00:00+00:00,50.1115,49.69494431094654,49.629501,5057
validation,2017-06-22 00:00:00+00:00,50.064999,50.17757889280406,50.1115,5058
validation,2017-06-23 00:00:00+00:00,50.187,50.1310165748512,50.064999,5059
validation,2017-06-26 00:00:00+00:00,49.699001,50.253178449919815,50.187,5060
validation,2017-06-27 00:00:00+00:00,48.839001,49.76453595623854,49.699001,5061
validation,2017-06-28 00:00:00+00:00,49.516499,48.90340192816492,48.839001,5062
validation,2017-06-29 00:00:00+00:00,48.796501,49.58179330229495,49.516499,5063
validation,2017-06-30 00:00:00+00:00,48.400002,48.86084588607988,48.796501,5064
validation,2017-07-03 00:00:00+00:00,47.682999,48.463824047711086,48.400002,5065
validation,2017-07-05 00:00:00+00:00,48.57,47.745875580814726,47.682999,5066
validation,2017-07-06 00:00:00+00:00,48.257,48.634046213413946,48.57,5067
validation,2017-07-07 00:00:00+00:00,48.938,48.32063347994064,48.257,5068
validation,2017-07-10 00:00:00+00:00,49.823502,49.002531471938475,48.938,5069
validation,2017-07-11 00:00:00+00:00,49.706501,49.88920112790039,49.823502,5070
validation,2017-07-12 00:00:00+00:00,50.3255,49.77204584601826,49.706501,5071
validation,2017-07-13 00:00:00+00:00,50.031502,50.39186108118516,50.3255,5072
validation,2017-07-14 00:00:00+00:00,50.0905,50.09747540445774,50.031502,5073
validation,2017-07-17 00:00:00+00:00,50.501999,50.15655120142086,50.0905,5074
validation,2017-07-18 00:00:00+00:00,51.2225,50.56859281934908,50.501999,5075
validation,2017-07-19 00:00:00+00:00,51.343498,51.2900438988387,51.2225,5076
validation,2017-07-20 00:00:00+00:00,51.435001,51.41120145131411,51.343498,5077
validation,2017-07-21 00:00:00+00:00,51.283501,51.502825110582506,51.435001,5078
validation,2017-07-24 00:00:00+00:00,51.947498,51.35112533703233,51.283501,5079
validation,2017-07-25 00:00:00+00:00,51.9935,52.015997908240244,51.947498,5080
validation,2017-07-26 00:00:00+00:00,52.639999,52.06206056819308,51.9935,5081
validation,2017-07-27 00:00:00+00:00,52.299999,52.70941206588561,52.639999,5082
validation,2017-07-28 00:00:00+00:00,51.001999,52.36896372920533,52.299999,5083
validation,2017-07-31 00:00:00+00:00,49.389,51.069252137996536,51.001999,5084
validation,2017-08-01 00:00:00+00:00,49.809502,49.45412617735848,49.389,5085
validation,2017-08-02 00:00:00+00:00,49.794498,49.87518266697827,49.809502,5086
validation,2017-08-03 00:00:00+00:00,49.346001,49.86015888214429,49.794498,5087
validation,2017-08-04 00:00:00+00:00,49.379002,49.411070477273434,49.346001,5088
validation,2017-08-07 00:00:00+00:00,49.613499,49.444114993622804,49.379002,5089
validation,2017-08-08 00:00:00+00:00,49.492001,49.67892121011255,49.613499,5090
validation,2017-08-09 00:00:00+00:00,49.100498,49.55726299831849,49.492001,5091
validation,2017-08-10 00:00:00+00:00,47.846001,49.16524374786162,49.100498,5092
validation,2017-08-11 00:00:00+00:00,48.399502,47.90909252133107,47.846001,5093
validation,2017-08-14 00:00:00+00:00,49.165001,48.46332338839244,48.399502,5094
validation,2017-08-15 00:00:00+00:00,49.137001,49.229831803923055,49.165001,5095
validation,2017-08-16 00:00:00+00:00,48.909,49.201794882078794,49.137001,5096
validation,2017-08-17 00:00:00+00:00,48.0285,48.97349323145692,48.909,5097
validation,2017-08-18 00:00:00+00:00,47.9235,48.09183217131875,48.0285,5098
validation,2017-08-21 00:00:00+00:00,47.664501,47.98669371440278,47.9235,5099
validation,2017-08-22 00:00:00+00:00,48.345001,47.72735318866204,47.664501,5100
validation,2017-08-23 00:00:00+00:00,47.900002,48.40875052134123,48.345001,5101
validation,2017-08-24 00:00:00+00:00,47.622501,47.96316472906363,47.900002,5102
validation,2017-08-25 00:00:00+00:00,47.263,47.68529780589565,47.622501,5103
validation,2017-08-28 00:00:00+00:00,47.300999,47.32532275446949,47.263,5104
validation,2017-08-29 00:00:00+00:00,47.702999,47.36337186136806,47.300999,5105
validation,2017-08-30 00:00:00+00:00,48.379501,47.765901953560615,47.702999,5106
validation,2017-08-31 00:00:00+00:00,49.029999,48.4432960143279,48.379501,5107
validation,2017-09-01 00:00:00+00:00,48.912498,49.09465178525097,49.029999,5108
validation,2017-09-05 00:00:00+00:00,48.2635,48.97699584405018,48.912498,5109
validation,2017-09-06 00:00:00+00:00,48.389999,48.32714205108306,48.2635,5110
validation,2017-09-07 00:00:00+00:00,48.973499,48.45380785738223,48.389999,5111
validation,2017-09-08 00:00:00+00:00,48.294998,49.038077282243805,48.973499,5112
validation,2017-09-11 00:00:00+00:00,48.897999,48.35868158552057,48.294998,5113
validation,2017-09-12 00:00:00+00:00,49.129002,48.96247772512804,48.897999,5114
validation,2017-09-13 00:00:00+00:00,49.98,49.19378533429908,49.129002,5115
validation,2017-09-14 00:00:00+00:00,49.6105,50.04590549199977,49.98,5116
validation,2017-09-15 00:00:00+00:00,49.3395,49.675918255519306,49.6105,5117
validation,2017-09-18 00:00:00+00:00,48.709499,49.404560904812385,49.3395,5118
validation,2017-09-19 00:00:00+00:00,48.493,48.77372916199795,48.709499,5119
validation,2017-09-20 00:00:00+00:00,48.6605,48.55694467834224,48.493,5120
validation,2017-09-21 00:00:00+00:00,48.232498,48.724665550089135,48.6605,5121
validation,2017-09-22 00:00:00+00:00,47.755001,48.29609917068964,48.232498,5122
validation,2017-09-25 00:00:00+00:00,46.989498,47.817972525337225,47.755001,5123
validation,2017-09-26 00:00:00+00:00,46.93,47.051460104532055,46.989498,5124
validation,2017-09-27 00:00:00+00:00,47.543499,46.99188364825029,46.93,5125
validation,2017-09-28 00:00:00+00:00,47.82,47.60619163091208,47.543499,5126
validation,2017-09-29 00:00:00+00:00,48.067501,47.88305723544276,47.82,5127
validation,2017-10-02 00:00:00+00:00,47.959499,48.13088459949189,48.067501,5128
validation,2017-10-03 00:00:00+00:00,47.855,48.022740184026766,47.959499,5129
validation,2017-10-04 00:00:00+00:00,48.272499,47.91810338774808,47.855,5130
validation,2017-10-05 00:00:00+00:00,49.0425,48.33615291750007,48.272499,5131
validation,2017-10-06 00:00:00+00:00,49.479,49.10716926953579,49.0425,5132
validation,2017-10-09 00:00:00+00:00,49.5495,49.54424485471502,49.479,5133
validation,2017-10-10 00:00:00+00:00,49.360001,49.61483781864432,49.5495,5134
validation,2017-10-11 00:00:00+00:00,49.75,49.425088938195564,49.360001,5135
validation,2017-10-12 00:00:00+00:00,50.046501,49.815602205421946,49.75,5136
validation,2017-10-13 00:00:00+00:00,50.146999,50.11249418269852,50.046501,5137
validation,2017-10-16 00:00:00+00:00,50.317001,50.213124703109386,50.146999,5138
validation,2017-10-17 00:00:00+00:00,50.456501,50.383350874086794,50.317001,5139
validation,2017-10-18 00:00:00+00:00,49.849998,50.52303482398944,50.456501,5140
validation,2017-10-19 00:00:00+00:00,49.330502,49.91573206651416,49.849998,5141
validation,2017-10-20 00:00:00+00:00,49.1455,49.39555103971401,49.330502,5142
validation,2017-10-23 00:00:00+00:00,48.314999,49.21030508917717,49.1455,5143
validation,2017-10-24 00:00:00+00:00,48.794998,48.378708959585104,48.314999,5144
validation,2017-10-25 00:00:00+00:00,48.6455,48.85934090416803,48.794998,5145
validation,2017-10-26 00:00:00+00:00,48.621498,48.70964577052971,48.6455,5146
validation,2017-10-27 00:00:00+00:00,55.047501,48.68561212059736,48.621498,5147
validation,2017-10-30 00:00:00+00:00,55.5425,55.12008868781038,55.047501,5148
validation,2017-10-31 00:00:00+00:00,55.264,55.61574041195273,55.5425,5149
validation,2017-11-01 00:00:00+00:00,55.183998,55.3368731714661,55.264,5150
validation,2017-11-02 00:00:00+00:00,54.710999,55.25676567784523,55.183998,5151
validation,2017-11-03 00:00:00+00:00,55.580002,54.78314296372337,54.710999,5152
validation,2017-11-06 00:00:00+00:00,56.033001,55.65329186348856,55.580002,5153
validation,2017-11-07 00:00:00+00:00,56.158501,56.10688820486452,56.033001,5154
validation,2017-11-08 00:00:00+00:00,56.644001,56.232553693845034,56.158501,5155
validation,2017-11-09 00:00:00+00:00,56.456501,56.718693892251714,56.644001,5156
validation,2017-11-10 00:00:00+00:00,56.267502,56.530946647758924,56.456501,5157
validation,2017-11-13 00:00:00+00:00,56.4585,56.34169842662882,56.267502,5158
validation,2017-11-14 00:00:00+00:00,56.841999,56.53294828371487,56.4585,5159
validation,2017-11-15 00:00:00+00:00,56.334499,56.916952979798836,56.841999,5160
validation,2017-11-16 00:00:00+00:00,56.864498,56.40878377137167,56.334499,5161
validation,2017-11-17 00:00:00+00:00,56.493999,56.93948164781933,56.864498,5162
validation,2017-11-20 00:00:00+00:00,56.315498,56.5684940940202,56.493999,5163
validation,2017-11-21 00:00:00+00:00,56.974499,56.38975771594442,56.315498,5164
validation,2017-11-22 00:00:00+00:00,57.807999,57.04962769924041,56.974499,5165
validation,2017-11-24 00:00:00+00:00,59.299999,57.884226783425724,57.807999,5166
validation,2017-11-27 00:00:00+00:00,59.7915,59.37819419026973,59.299999,5167
validation,2017-11-28 00:00:00+00:00,59.68,59.870343301818814,59.7915,5168
validation,2017-11-29 00:00:00+00:00,58.063499,59.758696273760435,59.68,5169
validation,2017-11-30 00:00:00+00:00,58.837502,58.14006369525457,58.063499,5170
validation,2017-12-01 00:00:00+00:00,58.1175,58.915087324476744,58.837502,5171
validation,2017-12-04 00:00:00+00:00,56.697498,58.194135902987135,58.1175,5172
validation,2017-12-05 00:00:00+00:00,57.078499,56.77226143539108,56.697498,5173
validation,2017-12-06 00:00:00+00:00,57.6175,57.15376483751908,57.078499,5174
validation,2017-12-07 00:00:00+00:00,57.989498,57.69347658433968,57.6175,5175
validation,2017-12-08 00:00:00+00:00,58.099998,58.065965114776105,57.989498,5176
validation,2017-12-11 00:00:00+00:00,58.445999,58.1766108241972,58.099998,5177
validation,2017-12-12 00:00:00+00:00,58.254002,58.523068074019875,58.445999,5178
validation,2017-12-13 00:00:00+00:00,58.206501,58.33081789961516,58.254002,5179
validation,2017-12-14 00:00:00+00:00,58.713001,58.28325426302502,58.206501,5180
validation,2017-12-15 00:00:00+00:00,58.957001,58.79042215281489,58.713001,5181
validation,2017-12-18 00:00:00+00:00,59.528999,59.034743900314844,58.957001,5182
validation,2017-12-19 00:00:00+00:00,59.368999,59.60749615821026,59.528999,5183
validation,2017-12-20 00:00:00+00:00,58.881001,59.44728517624308,59.368999,5184
validation,2017-12-21 00:00:00+00:00,58.737999,58.95864368388043,58.881001,5185
validation,2017-12-22 00:00:00+00:00,58.417999,58.81545311610999,58.737999,5186
validation,2017-12-26 00:00:00+00:00,58.838001,58.49503115217562,58.417999,5187
validation,2017-12-27 00:00:00+00:00,59.112999,58.91558698247675,58.838001,5188
validation,2017-12-28 00:00:00+00:00,59.305,59.19094760509558,59.112999,5189
validation,2017-12-29 00:00:00+00:00,58.473499,59.38320178477484,59.305,5190
validation,2018-01-02 00:00:00+00:00,59.4505,58.55060433654548,58.473499,5191
validation,2018-01-03 00:00:00+00:00,60.209999,59.52889364650125,59.4505,5192
validation,2018-01-04 00:00:00+00:00,60.4795,60.2893941502081,60.209999,5193
validation,2018-01-05 00:00:00+00:00,61.457001,60.55925052427772,60.4795,5194
validation,2018-01-08 00:00:00+00:00,62.343498,61.53804049355213,61.457001,5195
validation,2018-01-09 00:00:00+00:00,62.634998,62.42570646155816,62.343498,5196
validation,2018-01-10 00:00:00+00:00,62.716499,62.717590844329635,62.634998,5197
validation,2018-01-11 00:00:00+00:00,63.834,62.7991993145878,62.716499,5198
validation,2018-01-12 00:00:00+00:00,65.260002,63.918173893083505,63.834,5199
validation,2018-01-16 00:00:00+00:00,65.242996,65.34605627250333,65.260002,5200
validation,2018-01-17 00:00:00+00:00,64.75,65.32902784775749,65.242996,5201
validation,2018-01-18 00:00:00+00:00,64.666,64.83538176484565,64.75,5202
validation,2018-01-19 00:00:00+00:00,64.728996,64.75127099931287,64.666,5203
validation,2018-01-22 00:00:00+00:00,66.365501,64.81435006818789,64.728996,5204
validation,2018-01-23 00:00:00+00:00,68.126999,66.45301302471421,66.365501,5205
validation,2018-01-24 00:00:00+00:00,67.875504,68.21683380167192,68.126999,5206
validation,2018-01-25 00:00:00+00:00,68.897499,67.96500717098546,67.875504,5207
validation,2018-01-26 00:00:00+00:00,70.102501,68.98834981170766,68.897499,5208
validation,2018-01-29 00:00:00+00:00,70.884003,70.1949407722853,70.102501,5209
validation,2018-01-30 00:00:00+00:00,71.890999,70.97747328996856,70.884003,5210
validation,2018-01-31 00:00:00+00:00,72.544502,71.98579715244998,71.890999,5211
validation,2018-02-01 00:00:00+00:00,69.5,72.64016188587811,72.544502,5212
validation,2018-02-02 00:00:00+00:00,71.497498,69.59164529199649,69.5,5213
validation,2018-02-05 00:00:00+00:00,69.5,71.5917772673558,71.497498,5214
validation,2018-02-06 00:00:00+00:00,72.141998,69.59164529199649,69.5,5215
validation,2018-02-07 00:00:00+00:00,70.838997,72.23712712909237,72.141998,5216
validation,2018-02-08 00:00:00+00:00,67.525002,70.93240794337846,70.838997,5217
validation,2018-02-09 00:00:00+00:00,66.980003,67.61404298597631,67.525002,5218
validation,2018-02-12 00:00:00+00:00,69.311501,67.06832532996921,66.980003,5219
validation,2018-02-13 00:00:00+00:00,70.725502,69.40289773018503,69.311501,5220
validation,2018-02-14 00:00:00+00:00,72.552498,70.81876328463868,70.725502,5221
validation,2018-02-15 00:00:00+00:00,73.087997,72.64816842970193,72.552498,5222
validation,2018-02-16 00:00:00+00:00,72.434502,73.18437355865473,73.087997,5223
validation,2018-02-20 00:00:00+00:00,73.417503,72.53001683577568,72.434502,5224
validation,2018-02-21 00:00:00+00:00,74.146004,73.51431405755521,73.417503,5225
validation,2018-02-22 00:00:00+00:00,74.266998,74.24377568614321,74.146004,5226
validation,2018-02-23 00:00:00+00:00,75.0,74.36492923334406,74.266998,5227
validation,2018-02-26 00:00:00+00:00,76.097504,75.09889779711851,75.0,5228
validation,2018-02-27 00:00:00+00:00,75.598999,76.19784900682423,76.097504,5229
validation,2018-02-28 00:00:00+00:00,75.622498,75.69868665953953,75.598999,5230
validation,2018-03-01 00:00:00+00:00,74.672501,75.72221664619731,75.622498,5231
validation,2018-03-02 00:00:00+00:00,75.012497,74.77096694472306,74.672501,5232
validation,2018-03-05 00:00:00+00:00,76.180496,75.11141127612878,75.012497,5233
validation,2018-03-06 00:00:00+00:00,76.882004,76.28095044317061,76.180496,5234
validation,2018-03-07 00:00:00+00:00,77.25,76.98338347778208,76.882004,5235
validation,2018-03-08 00:00:00+00:00,77.593002,77.35186473103207,77.25,5236
validation,2018-03-09 00:00:00+00:00,78.944504,77.69531902626149,77.593002,5237
validation,2018-03-12 00:00:00+00:00,79.919502,79.04860316720284,78.944504,5238
validation,2018-03-13 00:00:00+00:00,79.408997,80.0248868359281,79.919502,5239
validation,2018-03-14 00:00:00+00:00,79.550003,79.51370866499587,79.408997,5240
validation,2018-03-15 00:00:00+00:00,79.115997,79.65490060076628,79.550003,5241
validation,2018-03-16 00:00:00+00:00,78.584,79.22032230426845,79.115997,5242
validation,2018-03-19 00:00:00+00:00,77.246498,78.68762379318348,78.584,5243
validation,2018-03-20 00:00:00+00:00,79.3255,77.34835811316425,77.246498,5244
validation,2018-03-21 00:00:00+00:00,79.093002,79.43010156273766,79.3255,5245
validation,2018-03-22 00:00:00+00:00,77.246002,79.19729698220387,79.093002,5246
validation,2018-03-23 00:00:00+00:00,74.778,77.34786145912017,77.246002,5247
validation,2018-03-26 00:00:00+00:00,77.792999,74.87660505963905,74.778,5248
validation,2018-03-27 00:00:00+00:00,74.852501,77.89557974976456,77.792999,5249
validation,2018-03-28 00:00:00+00:00,71.570999,74.95120429943614,74.852501,5250
validation,2018-03-29 00:00:00+00:00,72.366997,71.66537518851561,71.570999,5251
validation,2018-04-02 00:00:00+00:00,68.599503,72.46242282116509,72.366997,5252
validation,2018-04-03 00:00:00+00:00,69.602501,68.68996086306832,68.599503,5253
validation,2018-04-04 00:00:00+00:00,70.528503,69.69428145363786,69.602501,5254
validation,2018-04-05 00:00:00+00:00,72.587502,70.62150451441022,70.528503,5255
validation,2018-04-06 00:00:00+00:00,70.261497,72.6832185872818,72.587502,5256
validation,2018-04-09 00:00:00+00:00,70.304001,70.35414643034065,70.261497,5257
validation,2018-04-10 00:00:00+00:00,71.810997,70.39670647770023,70.304001,5258
validation,2018-04-11 00:00:00+00:00,71.352501,71.90568965882912,71.810997,5259
validation,2018-04-12 00:00:00+00:00,72.425003,71.44658906890395,71.352501,5260
validation,2018-04-13 00:00:00+00:00,71.539497,72.52050531004002,72.425003,5261
validation,2018-04-16 00:00:00+00:00,72.074997,71.63383164880355,71.539497,5262
validation,2018-04-17 00:00:00+00:00,75.191498,72.17003777907497,72.074997,5263
validation,2018-04-18 00:00:00+00:00,76.391998,75.2906483135232,75.191498,5264
validation,2018-04-19 00:00:00+00:00,77.845497,76.49273133759576,76.391998,5265
validation,2018-04-20 00:00:00+00:00,76.374496,77.94814697558526,77.845497,5266
validation,2018-04-23 00:00:00+00:00,75.892998,76.47520625880581,76.374496,5267
validation,2018-04-24 00:00:00+00:00,73.004501,75.9930733375856,75.892998,5268
validation,2018-04-25 00:00:00+00:00,73.008499,73.10076745771515,73.004501,5269
validation,2018-04-26 00:00:00+00:00,75.898003,73.10477072962705,73.008499,5270
validation,2018-04-27 00:00:00+00:00,78.630997,75.99808493736525,75.898003,5271
validation,2018-04-30 00:00:00+00:00,78.306503,78.73468276518042,78.630997,5272
validation,2018-05-01 00:00:00+00:00,79.112999,78.40976087529006,78.306503,5273
validation,2018-05-02 00:00:00+00:00,78.484001,79.21732035099384,79.112999,5274
validation,2018-05-03 00:00:00+00:00,78.603996,78.58749293077263,78.484001,5275
validation,2018-05-04 00:00:00+00:00,79.047501,78.70764616065482,78.603996,5276
validation,2018-05-07 00:00:00+00:00,80.007004,79.1517359828883,79.047501,5277
validation,2018-05-08 00:00:00+00:00,79.619499,80.11250421932868,80.007004,5278
validation,2018-05-09 00:00:00+00:00,80.400002,79.72448824078373,79.619499,5279
validation,2018-05-10 00:00:00+00:00,80.454002,80.50602044114832,80.400002,5280
validation,2018-05-11 00:00:00+00:00,80.1455,80.56009164756225,80.454002,5281
validation,2018-05-14 00:00:00+00:00,80.077003,80.25118284531948,80.1455,5282
validation,2018-05-15 00:00:00+00:00,78.806,80.1825955226207,80.077003,5283
validation,2018-05-16 00:00:00+00:00,79.363998,78.90991653066294,78.806,5284
validation,2018-05-17 00:00:00+00:00,79.087997,79.46865032763623,79.363998,5285
validation,2018-05-18 00:00:00+00:00,78.718498,79.1922853824242,79.087997,5286
validation,2018-05-21 00:00:00+00:00,79.273003,78.82229914726237,78.718498,5287
validation,2018-05-22 00:00:00+00:00,79.07,79.37753533823559,79.273003,5288
validation,2018-05-23 00:00:00+00:00,80.093002,79.1742646509088,79.07,5289
validation,2018-05-24 00:00:00+00:00,80.153503,80.19861561949878,80.093002,5290
validation,2018-05-25 00:00:00+00:00,80.5075,80.25919639837376,80.153503,5291
validation,2018-05-29 00:00:00+00:00,80.643501,80.61366019202023,80.5075,5292
validation,2018-05-30 00:00:00+00:00,81.244499,80.74984052801099,80.643501,5293
validation,2018-05-31 00:00:00+00:00,81.481003,81.35163102638796,81.244499,5294
validation,2018-06-01 00:00:00+00:00,82.077003,81.58844688938275,81.481003,5295
validation,2018-06-04 00:00:00+00:00,83.263496,82.18523279721053,82.077003,5296
validation,2018-06-05 00:00:00+00:00,84.817497,83.37329035113048,83.263496,5297
validation,2018-06-06 00:00:00+00:00,84.787498,84.92934051480542,84.817497,5298
validation,2018-06-07 00:00:00+00:00,84.464996,84.89930195700519,84.787498,5299
validation,2018-06-08 00:00:00+00:00,84.199501,84.57637469384031,84.464996,5300
validation,2018-06-11 00:00:00+00:00,84.456001,84.3105296022317,84.199501,5301
validation,2018-06-12 00:00:00+00:00,84.9375,84.56736783269784,84.456001,5302
validation,2018-06-13 00:00:00+00:00,85.242996,85.0495017552367,84.9375,5303
validation,2018-06-14 00:00:00+00:00,86.193001,85.35540059365576,85.242996,5304
validation,2018-06-15 00:00:00+00:00,85.7985,86.30665830567911,86.193001,5305
validation,2018-06-18 00:00:00+00:00,86.189499,85.91163710194763,85.7985,5306
validation,2018-06-19 00:00:00+00:00,86.738998,86.30315168781131,86.189499,5307
validation,2018-06-20 00:00:00+00:00,87.503998,86.85337527768621,86.738998,5308
validation,2018-06-21 00:00:00+00:00,86.511002,87.61938403521683,87.503998,5309
validation,2018-06-22 00:00:00+00:00,85.783501,86.62507863365754,86.511002,5310
validation,2018-06-25 00:00:00+00:00,83.157501,85.89661832370685,85.783501,5311
validation,2018-06-26 00:00:00+00:00,84.554497,83.2671555821704,83.157501,5312
validation,2018-06-27 00:00:00+00:00,83.025497,84.66599371319684,84.554497,5313
validation,2018-06-28 00:00:00+00:00,85.072502,83.13497751677292,83.025497,5314
validation,2018-06-29 00:00:00+00:00,84.989998,85.18468177390879,85.072502,5315
validation,2018-07-02 00:00:00+00:00,85.689003,85.10206898105741,84.989998,5316
validation,2018-07-03 00:00:00+00:00,84.697998,85.80199571511974,85.689003,5317
validation,2018-07-05 00:00:00+00:00,84.986504,84.8096839389673,84.697998,5318
validation,2018-07-06 00:00:00+00:00,85.531502,85.09857037373871,84.986504,5319
validation,2018-07-09 00:00:00+00:00,86.950996,85.64428702842717,85.531502,5320
validation,2018-07-10 00:00:00+00:00,87.153503,87.06565282615547,86.950996,5321
validation,2018-07-11 00:00:00+00:00,87.75,87.26842685943815,87.153503,5322
validation,2018-07-12 00:00:00+00:00,89.831001,87.86571042262865,87.75,5323
validation,2018-07-13 00:00:00+00:00,90.651497,89.94945550815801,89.831001,5324
validation,2018-07-16 00:00:00+00:00,91.124496,90.77103344478394,90.651497,5325
validation,2018-07-17 00:00:00+00:00,92.196503,91.24465615890578,91.124496,5326
validation,2018-07-18 00:00:00+00:00,92.146004,92.31807674731641,92.196503,5327
validation,2018-07-19 00:00:00+00:00,90.648499,92.26751115745165,92.146004,5328
validation,2018-07-20 00:00:00+00:00,90.684998,90.76803149150932,90.648499,5329
validation,2018-07-23 00:00:00+00:00,90.099998,90.80457862045195,90.684998,5330
validation,2018-07-24 00:00:00+00:00,91.461998,90.21880721763442,90.099998,5331
validation,2018-07-25 00:00:00+00:00,93.180496,91.58260320163009,91.461998,5332
validation,2018-07-26 00:00:00+00:00,90.400002,93.30336727718414,93.180496,5333
validation,2018-07-27 00:00:00+00:00,90.863503,90.51920681409744,90.400002,5334
validation,2018-07-30 00:00:00+00:00,88.960999,90.98331900380228,90.863503,5335
validation,2018-07-31 00:00:00+00:00,88.872002,89.07830629107416,88.960999,5336
validation,2018-08-01 00:00:00+00:00,89.858498,88.98919193631082,88.872002,5337
validation,2018-08-02 00:00:00+00:00,91.716499,89.9769887667277,89.858498,5338
validation,2018-08-03 00:00:00+00:00,91.164497,91.83743979614029,91.716499,5339
validation,2018-08-06 00:00:00+00:00,92.387497,91.28470990571623,91.164497,5340
validation,2018-08-07 00:00:00+00:00,93.124001,92.5093225991279,92.387497,5341
validation,2018-08-08 00:00:00+00:00,94.325996,93.24679778077017,93.124001,5342
validation,2018-08-09 00:00:00+00:00,94.926003,94.45037777620546,94.325996,5343
validation,2018-08-10 00:00:00+00:00,94.315002,95.05117596781285,94.926003,5344
validation,2018-08-13 00:00:00+00:00,94.809998,94.43936927910704,94.315002,5345
validation,2018-08-14 00:00:00+00:00,95.982498,94.93501799929346,94.809998,5346
validation,2018-08-15 00:00:00+00:00,94.130997,96.10906410152177,95.982498,5347
validation,2018-08-16 00:00:00+00:00,94.325996,94.25512164325158,94.130997,5348
validation,2018-08-17 00:00:00+00:00,94.111,94.45037777620546,94.325996,5349
validation,2018-08-20 00:00:00+00:00,93.835503,94.2350982744616,94.111,5350
validation,2018-08-21 00:00:00+00:00,94.170998,93.95923799384276,93.835503,5351
validation,2018-08-22 00:00:00+00:00,95.245003,94.29517539006201,94.170998,5352
validation,2018-08-23 00:00:00+00:00,95.144997,95.37059661310994,95.245003,5353
validation,2018-08-24 00:00:00+00:00,95.269501,95.27045874146863,95.144997,5354
validation,2018-08-27 00:00:00+00:00,96.384003,95.3951269170864,95.269501,5355
validation,2018-08-28 00:00:00+00:00,96.640999,96.51109854098885,96.384003,5356
validation,2018-08-29 00:00:00+00:00,99.904999,96.76843342549908,96.640999,5357
validation,2018-08-30 00:00:00+00:00,100.119003,100.0367374576297,99.904999,5358
validation,2018-08-31 00:00:00+00:00,100.635498,100.25102365128535,100.119003,5359
validation,2018-09-04 00:00:00+00:00,101.975502,100.76819972085498,100.635498,5360
validation,2018-09-05 00:00:00+00:00,99.740997,102.10997070010472,101.975502,5361
validation,2018-09-06 00:00:00+00:00,97.915497,99.87251919847604,99.740997,5362
validation,2018-09-07 00:00:00+00:00,97.6035,98.04461202609419,97.915497,5363
validation,2018-09-10 00:00:00+00:00,96.9505,97.73220361521408,97.6035,5364
validation,2018-09-11 00:00:00+00:00,99.357498,97.07834254506051,96.9505,5365
validation,2018-09-12 00:00:00+00:00,99.5,99.48851450239209,99.357498,5366
validation,2018-09-13 00:00:00+00:00,99.4935,99.63120441084389,99.5,5367
validation,2018-09-14 00:00:00+00:00,98.509499,99.62469583970147,99.4935,5368
validation,2018-09-17 00:00:00+00:00,95.401497,98.63939729928464,98.509499,5369
validation,2018-09-18 00:00:00+00:00,97.052498,95.52729697193477,95.401497,5370
validation,2018-09-19 00:00:00+00:00,96.320999,97.18047504342731,97.052498,5371
validation,2018-09-20 00:00:00+00:00,97.214996,96.44801146156472,96.320999,5372
validation,2018-09-21 00:00:00+00:00,95.750504,97.34318731935046,97.214996,5373
validation,2018-09-24 00:00:00+00:00,96.718002,95.87676418558117,95.750504,5374
validation,2018-09-25 00:00:00+00:00,98.727501,96.84553796452671,96.718002,5375
validation,2018-09-26 00:00:00+00:00,98.7425,98.8576867648522,98.727501,5376
validation,2018-09-27 00:00:00+00:00,100.649002,98.87270554309299,98.7425,5377
validation,2018-09-28 00:00:00+00:00,100.150002,100.78172152773301,100.649002,5378
validation,2018-10-01 00:00:00+00:00,100.218002,100.28206352772285,100.150002,5379
validation,2018-10-02 00:00:00+00:00,98.565498,100.35015319505891,100.218002,5380
validation,2018-10-03 00:00:00+00:00,97.638,98.69547014165452,98.565498,5381
validation,2018-10-04 00:00:00+00:00,95.471001,97.76674910820077,97.638,5382
validation,2018-10-05 00:00:00+00:00,94.482498,95.59689262250131,95.471001,5383
validation,2018-10-08 00:00:00+00:00,93.221001,94.60708614557939,94.482498,5384
validation,2018-10-09 00:00:00+00:00,93.515999,93.34392568858776,93.221001,5385
validation,2018-10-10 00:00:00+00:00,87.762497,93.63931268395248,93.515999,5386
validation,2018-10-11 00:00:00+00:00,85.968002,87.87822390163892,87.762497,5387
validation,2018-10-12 00:00:00+00:00,89.430496,86.08136261360639,85.968002,5388
validation,2018-10-15 00:00:00+00:00,88.047501,89.54842238732822,89.430496,5389
validation,2018-10-16 00:00:00+00:00,90.998001,88.16360371854252,88.047501,5390
validation,2018-10-17 00:00:00+00:00,91.586502,91.11799435788117,90.998001,5391
validation,2018-10-18 00:00:00+00:00,88.536003,91.70727137724786,91.586502,5392
validation,2018-10-19 00:00:00+00:00,88.2015,88.65274987549836,88.536003,5393
validation,2018-10-22 00:00:00+00:00,89.464996,88.3178057873673,88.2015,5394
validation,2018-10-23 00:00:00+00:00,88.434998,89.58296788031488,89.464996,5395
validation,2018-10-24 00:00:00+00:00,83.209999,88.5516116865384,88.434998,5396
validation,2018-10-25 00:00:00+00:00,89.108498,83.31972280799111,83.209999,5397
validation,2018-10-26 00:00:00+00:00,82.140503,89.22599978875651,89.108498,5398
validation,2018-10-29 00:00:00+00:00,76.944,82.24881653067874,82.140503,5399
validation,2018-10-30 00:00:00+00:00,76.521004,77.04546122801982,76.944,5400
validation,2018-10-31 00:00:00+00:00,79.900497,76.62190744971862,76.521004,5401
validation,2018-11-01 00:00:00+00:00,83.276497,80.00585677522632,79.900497,5402
validation,2018-11-02 00:00:00+00:00,83.276497,83.38630849473395,83.276497,5403
validation,2018-11-05 00:00:00+00:00,81.389999,83.38630849473395,83.276497,5404
validation,2018-11-06 00:00:00+00:00,82.140503,81.49732288811437,81.389999,5405
validation,2018-11-07 00:00:00+00:00,87.774498,82.24881653067874,82.140503,5406
validation,2018-11-08 00:00:00+00:00,87.745499,87.8902407266051,87.774498,5407
validation,2018-11-09 00:00:00+00:00,85.621498,87.86120348744218,87.745499,5408
validation,2018-11-12 00:00:00+00:00,81.842499,85.73440170050915,85.621498,5409
validation,2018-11-13 00:00:00+00:00,81.558502,81.95041957149031,81.842499,5410
validation,2018-11-14 00:00:00+00:00,79.9505,81.66604808245448,81.558502,5411
validation,2018-11-15 00:00:00+00:00,80.972,80.05592571104698,79.9505,5412
validation,2018-11-16 00:00:00+00:00,79.670502,81.07877269904372,80.972,5413
validation,2018-11-19 00:00:00+00:00,75.614502,79.77555849524167,79.670502,5414
validation,2018-11-20 00:00:00+00:00,74.773003,75.71421010237351,75.614502,5415
validation,2018-11-21 00:00:00+00:00,75.836502,74.87160147040848,74.773003,5416
validation,2018-11-23 00:00:00+00:00,75.102997,75.93650283985298,75.836502,5417
validation,2018-11-26 00:00:00+00:00,79.066498,75.20203061280398,75.102997,5418
validation,2018-11-27 00:00:00+00:00,79.070999,79.170758033041,79.066498,5419
validation,2018-11-28 00:00:00+00:00,83.887497,79.17526496822747,79.070999,5420
validation,2018-11-29 00:00:00+00:00,83.678497,83.99811418212114,83.887497,5421
validation,2018-11-30 00:00:00+00:00,84.508499,83.7888385869265,83.678497,5422
validation,2018-12-03 00:00:00+00:00,88.617996,84.61993505851855,84.508499,5423
validation,2018-12-04 00:00:00+00:00,83.419998,88.7348509945261,88.617996,5424
validation,2018-12-06 00:00:00+00:00,84.959503,83.52999872050441,83.419998,5425
validation,2018-12-07 00:00:00+00:00,81.456497,85.0715337692131,84.959503,5426
validation,2018-12-10 00:00:00+00:00,82.051498,81.56390857485721,81.456497,5427
validation,2018-12-11 00:00:00+00:00,82.162003,82.1596941653663,82.051498,5428
validation,2018-12-12 00:00:00+00:00,83.177002,82.2703448813806,82.162003,5429
validation,2018-12-13 00:00:00+00:00,82.918999,83.2866822969163,83.177002,5430
validation,2018-12-14 00:00:00+00:00,79.595497,83.02833908453829,82.918999,5431
validation,2018-12-17 00:00:00+00:00,76.045502,79.70045459085136,79.595497,5432
validation,2018-12-18 00:00:00+00:00,77.573997,76.14577843504762,76.045502,5433
validation,2018-12-19 00:00:00+00:00,74.753998,77.6762889655597,77.573997,5434
validation,2018-12-20 00:00:00+00:00,73.041496,74.85257140970668,74.753998,5435
validation,2018-12-21 00:00:00+00:00,68.872498,73.13781124070186,73.041496,5436
validation,2018-12-24 00:00:00+00:00,67.197998,68.96331584445664,68.872498,5437
validation,2018-12-26 00:00:00+00:00,73.544998,67.28660778630632,67.197998,5438
validation,2018-12-27 00:00:00+00:00,73.082001,73.64197717721714,73.544998,5439
validation,2018-12-28 00:00:00+00:00,73.901001,73.1783696521055,73.082001,5440
validation,2018-12-31 00:00:00+00:00,75.098503,73.99844961605002,73.901001,5441
validation,2019-01-02 00:00:00+00:00,76.956497,75.19753068684797,75.098503,5442
validation,2019-01-03 00:00:00+00:00,75.014,77.0579747070301,76.956497,5443
validation,2019-01-04 00:00:00+00:00,78.769501,75.11291625804063,75.014,5444
validation,2019-01-07 00:00:00+00:00,81.475502,78.87336940172032,78.769501,5445
validation,2019-01-08 00:00:00+00:00,82.829002,81.582938635559,81.475502,5446
validation,2019-01-09 00:00:00+00:00,82.971001,82.93822341113766,82.829002,5447
validation,2019-01-10 00:00:00+00:00,82.810997,83.0804096563149,82.971001,5448
validation,2019-01-11 00:00:00+00:00,82.028,82.92019466907317,82.810997,5449
validation,2019-01-14 00:00:00+00:00,80.860497,82.13616518002716,82.028,5450
validation,2019-01-15 00:00:00+00:00,83.727997,80.96712266702943,80.860497,5451
validation,2019-01-16 00:00:00+00:00,84.189003,83.8384038594726,83.727997,5452
validation,2019-01-17 00:00:00+00:00,84.661003,84.30001775917738,84.189003,5453
validation,2019-01-18 00:00:00+00:00,84.809998,84.77264015598057,84.661003,5454
validation,2019-01-22 00:00:00+00:00,81.608498,84.92183162634433,84.809998,5455
validation,2019-01-23 00:00:00+00:00,82.000999,81.71611000904467,81.608498,5456
validation,2019-01-24 00:00:00+00:00,82.746498,82.10912857550156,82.000999,5457
validation,2019-01-25 00:00:00+00:00,83.528503,82.85561061828628,82.746498,5458
validation,2019-01-28 00:00:00+00:00,81.894501,83.63864679924409,83.528503,5459
validation,2019-01-29 00:00:00+00:00,79.694,82.00249014326693,81.894501,5460
validation,2019-01-30 00:00:00+00:00,83.5215,79.79908748058084,79.694,5461
validation,2019-01-31 00:00:00+00:00,85.936501,83.63163456482711,83.5215,5462
validation,2019-02-01 00:00:00+00:00,81.311501,86.04982007521298,85.936501,5463
validation,2019-02-04 00:00:00+00:00,81.665497,81.418721377724,81.311501,5464
validation,2019-02-05 00:00:00+00:00,82.940498,81.77318417005185,81.665497,5465
validation,2019-02-06 00:00:00+00:00,82.013,83.0498664339215,82.940498,5466
validation,2019-02-07 00:00:00+00:00,80.718498,82.12114540046774,82.013,5467
validation,2019-02-08 00:00:00+00:00,79.411003,80.82493642185219,80.718498,5468
validation,2019-02-11 00:00:00+00:00,79.550003,79.51571731018228,79.411003,5469
validation,2019-02-12 00:00:00+00:00,81.900497,79.65490060076628,79.550003,5470
validation,2019-02-13 00:00:00+00:00,82.0,82.00849404981615,81.900497,5471
validation,2019-02-14 00:00:00+00:00,81.1325,82.1081282581829,82.0,5472
validation,2019-02-15 00:00:00+00:00,80.397499,81.23948434032955,81.1325,5473
validation,2019-02-19 00:00:00+00:00,81.378998,80.50351414059917,80.397499,5474
validation,2019-02-20 00:00:00+00:00,81.105003,81.48630738178548,81.378998,5475
validation,2019-02-21 00:00:00+00:00,80.972,81.21195108175986,81.105003,5476
validation,2019-02-22 00:00:00+00:00,81.578003,81.07877269904372,80.972,5477
validation,2019-02-25 00:00:00+00:00,81.650002,81.68557479720036,81.578003,5478
validation,2019-02-26 00:00:00+00:00,81.82,81.75766873776696,81.650002,5479
validation,2019-02-27 00:00:00+00:00,82.054497,81.92789090346982,81.82,5480
validation,2019-02-28 00:00:00+00:00,81.991501,82.16269711995956,82.054497,5481
validation,2019-03-01 00:00:00+00:00,83.586502,82.09961805108453,81.991501,5482
validation,2019-03-04 00:00:00+00:00,84.808502,83.69672227888856,83.586502,5483
validation,2019-03-05 00:00:00+00:00,84.621498,84.92033365366295,84.808502,5484
validation,2019-03-06 00:00:00+00:00,83.447502,84.73308306321425,84.621498,5485
validation,2019-03-07 00:00:00+00:00,81.297501,83.55753898830456,83.447502,5486
validation,2019-03-08 00:00:00+00:00,81.040001,81.40470291680185,81.297501,5487
validation,2019-03-11 00:00:00+00:00,83.530998,81.14686336769843,81.040001,5488
validation,2019-03-12 00:00:00+00:00,83.654999,83.64114508924413,83.530998,5489
validation,2019-03-13 00:00:00+00:00,84.540497,83.76530960158735,83.654999,5490
validation,2019-03-14 00:00:00+00:00,84.310997,84.65197525227472,84.540497,5491
validation,2019-03-15 00:00:00+00:00,85.617996,84.42217262501553,84.310997,5492
validation,2019-03-18 00:00:00+00:00,87.107498,85.73089508264135,85.617996,5493
validation,2019-03-19 00:00:00+00:00,88.092499,87.2223611955294,87.107498,5494
validation,2019-03-20 00:00:00+00:00,89.863503,88.20866105458353,88.092499,5495
validation,2019-03-21 00:00:00+00:00,90.962997,89.98200036650736,89.863503,5496
validation,2019-03-22 00:00:00+00:00,88.238503,91.0829442003013,90.962997,5497
validation,2019-03-25 00:00:00+00:00,88.712997,88.35485758090313,88.238503,5498
validation,2019-03-26 00:00:00+00:00,89.188004,88.82997726638774,88.712997,5499
validation,2019-03-27 00:00:00+00:00,88.285004,89.3056106283333,89.188004,5500
validation,2019-03-28 00:00:00+00:00,88.670998,88.40141989885598,88.285004,5501
validation,2019-03-29 00:00:00+00:00,89.037498,88.78792288493999,88.670998,5502
validation,2019-04-01 00:00:00+00:00,90.709503,89.15490616550858,89.037498,5503
validation,2019-04-02 00:00:00+00:00,90.698997,90.82911593365885,90.709503,5504
validation,2019-04-03 00:00:00+00:00,91.035004,90.81859608005544,90.698997,5505
validation,2019-04-04 00:00:00+00:00,90.943001,91.155046151417,91.035004,5506
validation,2019-04-05 00:00:00+00:00,91.863998,91.06292183282994,90.943001,5507
validation,2019-04-08 00:00:00+00:00,92.492996,91.98513329382264,91.863998,5508
validation,2019-04-09 00:00:00+00:00,91.792,92.61496071404389,92.492996,5509
validation,2019-04-10 00:00:00+00:00,92.366501,91.91304035457469,91.792,5510
validation,2019-04-11 00:00:00+00:00,92.203499,92.48829891301926,92.366501,5511
validation,2019-04-12 00:00:00+00:00,92.153,92.32508197250291,92.203499,5512
validation,2019-04-15 00:00:00+00:00,92.2435,92.27451638263817,92.153,5513
validation,2019-04-16 00:00:00+00:00,93.152,92.36513571931334,92.2435,5514
validation,2019-04-17 00:00:00+00:00,93.240997,93.27483370129578,93.152,5515
validation,2019-04-18 00:00:00+00:00,93.084503,93.3639480560591,93.240997,5516
validation,2019-04-22 00:00:00+00:00,94.365501,93.20724769723428,93.084503,5517
validation,2019-04-23 00:00:00+00:00,96.188499,94.48993486897179,94.365501,5518
validation,2019-04-24 00:00:00+00:00,95.087502,96.31533674212314,96.188499,5519
validation,2019-04-25 00:00:00+00:00,95.112503,95.21288792641735,95.087502,5520
validation,2019-04-26 00:00:00+00:00,97.531502,95.23792189366837,95.112503,5521
validation,2019-04-29 00:00:00+00:00,96.921501,97.66011067596612,97.531502,5522
validation,2019-04-30 00:00:00+00:00,96.325996,97.04930530589759,96.921501,5523
validation,2019-05-01 00:00:00+00:00,95.575996,96.45301505079529,96.325996,5524
validation,2019-05-02 00:00:00+00:00,95.041,95.7020260728241,95.575996,5525
validation,2019-05-03 00:00:00+00:00,98.123001,95.16632460714587,95.041,5526
validation,2019-05-06 00:00:00+00:00,97.527496,98.25238964860743,98.123001,5527
validation,2019-05-07 00:00:00+00:00,96.050003,97.65609939350512,97.527496,5528
validation,2019-05-08 00:00:00+00:00,95.888496,96.17665811613234,96.050003,5529
validation,2019-05-09 00:00:00+00:00,94.9935,96.01493814697876,95.888496,5530
validation,2019-05-10 00:00:00+00:00,94.499001,95.11876197187436,94.9935,5531
validation,2019-05-13 00:00:00+00:00,91.134003,94.62361090705068,94.499001,5532
validation,2019-05-14 00:00:00+00:00,92.005997,91.25417569519055,91.134003,5533
validation,2019-05-15 00:00:00+00:00,93.557503,92.12731953899988,92.005997,5534
validation,2019-05-16 00:00:00+00:00,95.378502,93.68087141267478,93.557503,5535
validation,2019-05-17 00:00:00+00:00,93.449997,95.50427164987018,95.378502,5536
validation,2019-05-20 00:00:00+00:00,92.948502,93.57322365125374,93.449997,5537
validation,2019-05-21 00:00:00+00:00,92.875999,93.07106736124354,92.948502,5538
validation,2019-05-22 00:00:00+00:00,92.984001,92.99846875608374,92.875999,5539
validation,2019-05-23 00:00:00+00:00,90.774002,93.10661317154887,92.984001,5540
validation,2019-05-24 00:00:00+00:00,91.164001,90.89369998444575,90.774002,5541
validation,2019-05-28 00:00:00+00:00,91.821503,91.28421325167213,91.164001,5542
validation,2019-05-29 00:00:00+00:00,90.959503,91.94258225833082,91.821503,5543
validation,2019-05-30 00:00:00+00:00,90.816002,91.0794455929826,90.959503,5544
validation,2019-05-31 00:00:00+00:00,88.753502,90.93575536721212,90.816002,5545
validation,2019-06-03 00:00:00+00:00,84.634499,88.87053567779137,88.753502,5546
validation,2019-06-04 00:00:00+00:00,86.477997,84.74610120681771,84.634499,5547
validation,2019-06-05 00:00:00+00:00,86.925003,86.59203011203361,86.477997,5548
validation,2019-06-06 00:00:00+00:00,87.718002,87.03962555081627,86.925003,5549
validation,2019-06-07 00:00:00+00:00,90.2015,87.83367022887249,87.718002,5550
validation,2019-06-10 00:00:00+00:00,93.031502,90.32044306195714,90.2015,5551
validation,2019-06-11 00:00:00+00:00,93.184998,93.15417680813901,93.031502,5552
validation,2019-06-12 00:00:00+00:00,92.765999,93.30787521368923,93.184998,5553
validation,2019-06-13 00:00:00+00:00,93.514999,92.88832370598129,92.765999,5554
validation,2019-06-14 00:00:00+00:00,93.483498,93.63831136531519,93.514999,5555
validation,2019-06-17 00:00:00+00:00,94.301498,93.60676882692177,93.483498,5556
validation,2019-06-18 00:00:00+00:00,95.068497,94.425847472229,94.301498,5557
validation,2019-06-19 00:00:00+00:00,95.439499,95.19385786571556,95.068497,5558
validation,2019-06-20 00:00:00+00:00,95.9095,95.56534908278925,95.439499,5559
validation,2019-06-21 00:00:00+00:00,95.565002,96.0359698436365,95.9095,5560
validation,2019-06-24 00:00:00+00:00,95.695,95.69101757572568,95.565002,5561
validation,2019-06-25 00:00:00+00:00,93.913498,95.82118699593673,95.695,5562
validation,2019-06-26 00:00:00+00:00,94.891502,94.03733584095858,93.913498,5563
validation,2019-06-27 00:00:00+00:00,95.213997,95.01662947350755,94.891502,5564
validation,2019-06-28 00:00:00+00:00,94.681503,95.33954972744198,95.213997,5565
validation,2019-07-01 00:00:00+00:00,96.109497,94.80635356099427,94.681503,5566
validation,2019-07-02 00:00:00+00:00,96.7155,96.23623056713957,96.109497,5567
validation,2019-07-03 00:00:00+00:00,96.949997,96.8430326652962,96.7155,5568
validation,2019-07-05 00:00:00+00:00,97.1455,97.07783888178594,96.949997,5569
validation,2019-07-08 00:00:00+00:00,97.615997,97.27359967933302,97.1455,5570
validation,2019-07-09 00:00:00+00:00,99.415001,97.74471709422436,97.615997,5571
validation,2019-07-10 00:00:00+00:00,100.870499,99.54609332799247,99.415001,5572
validation,2019-07-11 00:00:00+00:00,100.053497,101.00351060193792,100.870499,5573
validation,2019-07-12 00:00:00+00:00,100.550003,100.18543127263071,100.053497,5574
validation,2019-07-15 00:00:00+00:00,101.0495,100.68259198395947,100.550003,5575
validation,2019-07-16 00:00:00+00:00,100.495003,101.18274763933235,101.0495,5576
validation,2019-07-17 00:00:00+00:00,99.601501,100.62751945890824,100.495003,5577
validation,2019-07-18 00:00:00+00:00,98.894997,99.73283925384796,99.601501,5578
validation,2019-07-19 00:00:00+00:00,98.225998,99.02540363132455,98.894997,5579
validation,2019-07-22 00:00:00+00:00,99.281502,98.3555224642929,98.225998,5580
validation,2019-07-23 00:00:00+00:00,99.724503,99.41241829123223,99.281502,5581
validation,2019-07-24 00:00:00+00:00,100.040497,99.8560034488725,99.724503,5582
validation,2019-07-25 00:00:00+00:00,98.691002,100.17241413034589,100.040497,5583
validation,2019-07-26 00:00:00+00:00,97.152496,98.82113963590957,98.691002,5584
validation,2019-07-29 00:00:00+00:00,95.622498,97.28060490451952,97.152496,5585
validation,2019-07-30 00:00:00+00:00,94.926498,95.74858939209558,95.622498,5586
validation,2019-07-31 00:00:00+00:00,93.338997,95.05167162053831,94.926498,5587
validation,2019-08-01 00:00:00+00:00,92.765999,93.46207728251402,93.338997,5588
validation,2019-08-02 00:00:00+00:00,91.162003,92.88832370598129,92.765999,5589
validation,2019-08-05 00:00:00+00:00,88.2565,91.28221261703482,91.162003,5590
validation,2019-08-06 00:00:00+00:00,89.391502,88.37287831241854,88.2565,5591
validation,2019-08-07 00:00:00+00:00,89.669998,89.50937696838554,89.391502,5592
validation,2019-08-08 00:00:00+00:00,91.644501,89.78824020359762,89.669998,5593
validation,2019-08-09 00:00:00+00:00,90.378998,91.76534685689234,91.644501,5594
validation,2019-08-12 00:00:00+00:00,89.246002,90.4981751174397,90.378998,5595
validation,2019-08-13 00:00:00+00:00,91.217003,89.36368510665912,89.246002,5596
validation,2019-08-14 00:00:00+00:00,88.148003,91.33728514208603,91.217003,5597
validation,2019-08-15 00:00:00+00:00,88.806,88.26423824422794,88.148003,5598
validation,2019-08-16 00:00:00+00:00,89.628502,88.92310290361208,88.806,5599
validation,2019-08-19 00:00:00+00:00,90.806,89.74668948542443,89.628502,5600
validation,2019-08-20 00:00:00+00:00,90.069,90.9257401782019,90.806,5601
validation,2019-08-21 00:00:00+00:00,91.177002,90.18776834251557,90.069,5602
validation,2019-08-22 00:00:00+00:00,90.233002,91.2972313952756,91.177002,5603
validation,2019-08-23 00:00:00+00:00,87.481003,90.3519866016692,90.233002,5604
validation,2019-08-26 00:00:00+00:00,88.443497,87.59635871315224,87.481003,5605
validation,2019-08-27 00:00:00+00:00,88.091499,88.56012189363676,88.443497,5606
validation,2019-08-28 00:00:00+00:00,88.212502,88.20765973594622,88.091499,5607
validation,2019-08-29 00:00:00+00:00,89.32,88.32882229501483,88.212502,5608
validation,2019-08-30 00:00:00+00:00,88.814499,89.43778068318166,89.32,5609
validation,2019-09-03 00:00:00+00:00,89.491997,88.93161311071044,88.814499,5610
validation,2019-09-04 00:00:00+00:00,90.030998,89.61000448484047,89.491997,5611
validation,2019-09-05 00:00:00+00:00,92.036003,90.14971623166107,90.030998,5612
validation,2019-09-06 00:00:00+00:00,91.675499,92.15736510603055,92.036003,5613
validation,2019-09-09 00:00:00+00:00,91.567497,91.7963857320112,91.675499,5614
validation,2019-09-10 00:00:00+00:00,91.027496,91.68824131654608,91.567497,5615
validation,2019-09-11 00:00:00+00:00,91.149498,91.14752825108819,91.027496,5616
validation,2019-09-12 00:00:00+00:00,92.177498,91.26969112747543,91.149498,5617
validation,2019-09-13 00:00:00+00:00,91.967003,92.2990466866146,92.177498,5618
validation,2019-09-16 00:00:00+00:00,90.391998,92.08827412005722,91.967003,5619
validation,2019-09-17 00:00:00+00:00,91.127502,90.51119225972454,90.391998,5620
validation,2019-09-18 00:00:00+00:00,90.873001,91.24766612272951,91.127502,5621
validation,2019-09-19 00:00:00+00:00,91.074997,90.9928295282193,90.873001,5622
validation,2019-09-20 00:00:00+00:00,89.708,91.19509188767833,91.074997,5623
validation,2019-09-23 00:00:00+00:00,89.264999,89.82629231445209,89.708,5624
validation,2019-09-24 00:00:00+00:00,87.080498,89.38270715681182,89.264999,5625
validation,2019-09-25 00:00:00+00:00,88.416496,87.19532559232245,87.080498,5626
validation,2019-09-26 00:00:00+00:00,86.991997,88.53308528911116,88.416496,5627
validation,2019-09-27 00:00:00+00:00,86.272499,87.1067078916032,86.991997,5628
validation,2019-09-30 00:00:00+00:00,86.795502,86.38626113470679,86.272499,5629
validation,2019-10-01 00:00:00+00:00,86.782501,86.90995378596793,86.795502,5630
validation,2019-10-02 00:00:00+00:00,85.661499,86.89693564236445,86.782501,5631
validation,2019-10-03 00:00:00+00:00,86.221001,85.7744554473196,85.661499,5632
validation,2019-10-04 00:00:00+00:00,86.982498,86.33469522752337,86.221001,5633
validation,2019-10-07 00:00:00+00:00,86.633003,87.09719636586755,86.982498,5634
validation,2019-10-08 00:00:00+00:00,85.275497,86.74724050872615,86.633003,5635
validation,2019-10-09 00:00:00+00:00,86.099503,85.38794445068648,85.275497,5636
validation,2019-10-10 00:00:00+00:00,86.013,86.21303701572931,86.099503,5637
validation,2019-10-11 00:00:00+00:00,86.596001,86.1264199496474,86.013,5638
validation,2019-10-14 00:00:00+00:00,86.821503,86.71018971650896,86.596001,5639
validation,2019-10-15 00:00:00+00:00,88.369003,86.93598907185624,86.821503,5640
validation,2019-10-16 00:00:00+00:00,88.871498,88.48552966307012,88.369003,5641
validation,2019-10-17 00:00:00+00:00,89.374001,88.98868727171762,88.871498,5642
validation,2019-10-18 00:00:00+00:00,87.875504,89.49185289091423,89.374001,5643
validation,2019-10-21 00:00:00+00:00,89.282997,87.99137991688372,87.875504,5644
validation,2019-10-22 00:00:00+00:00,88.286499,89.40072888964583,89.282997,5645
validation,2019-10-23 00:00:00+00:00,88.108498,88.40291687021875,88.286499,5646
validation,2019-10-24 00:00:00+00:00,89.039001,88.22468115146161,88.108498,5647
validation,2019-10-25 00:00:00+00:00,88.066498,89.15641114742043,89.039001,5648
validation,2019-10-28 00:00:00+00:00,88.853996,88.18262576869522,88.066498,5649
validation,2019-10-29 00:00:00+00:00,88.135498,88.97116219292768,88.853996,5650
validation,2019-10-30 00:00:00+00:00,88.999496,88.25171675466856,88.135498,5651
validation,2019-10-31 00:00:00+00:00,88.833,89.1168540546541,88.999496,5652
validation,2019-11-01 00:00:00+00:00,89.571999,88.95013850681904,88.833,5653
validation,2019-11-04 00:00:00+00:00,90.233002,89.69011197846136,89.571999,5654
validation,2019-11-05 00:00:00+00:00,90.085503,90.3519866016692,90.233002,5655
validation,2019-11-06 00:00:00+00:00,89.788498,90.20429310398684,90.085503,5656
validation,2019-11-07 00:00:00+00:00,89.410004,89.90689646211706,89.788498,5657
validation,2019-11-08 00:00:00+00:00,89.293999,89.52790336581276,89.410004,5658
validation,2019-11-11 00:00:00+00:00,88.582497,89.41174539729336,89.293999,5659
validation,2019-11-12 00:00:00+00:00,88.900002,88.69930518422076,88.582497,5660
validation,2019-11-13 00:00:00+00:00,87.655502,89.01722885815508,88.900002,5661
validation,2019-11-14 00:00:00+00:00,87.730003,87.77108781404156,87.655502,5662
validation,2019-11-15 00:00:00+00:00,86.974503,87.84568705383866,87.730003,5663
validation,2019-11-18 00:00:00+00:00,87.626503,87.08919082336236,86.974503,5664
validation,2019-11-19 00:00:00+00:00,87.639503,87.74205057487865,87.626503,5665
validation,2019-11-20 00:00:00+00:00,87.276497,87.75506771716348,87.639503,5666
validation,2019-11-21 00:00:00+00:00,86.735497,87.39158304391361,87.276497,5667
validation,2019-11-22 00:00:00+00:00,87.286003,86.84986966113705,86.735497,5668
validation,2019-11-25 00:00:00+00:00,88.692001,87.40110157887972,87.286003,5669
validation,2019-11-26 00:00:00+00:00,89.847,88.80895358027911,88.692001,5670
validation,2019-11-27 00:00:00+00:00,90.925499,89.96547560503608,89.847,5671
validation,2019-11-29 00:00:00+00:00,90.040001,91.04539675404001,90.925499,5672
validation,2019-12-02 00:00:00+00:00,89.080002,90.15873110335265,90.040001,5673
validation,2019-12-03 00:00:00+00:00,88.498001,89.19746621286815,89.080002,5674
validation,2019-12-04 00:00:00+00:00,88.0345,88.61469776464389,88.498001,5675
validation,2019-12-05 00:00:00+00:00,87.024002,88.15058557493906,88.0345,5676
validation,2019-12-06 00:00:00+00:00,87.580002,87.13875509458981,87.024002,5677
validation,2019-12-09 00:00:00+00:00,87.475502,87.69548825692578,87.580002,5678
validation,2019-12-10 00:00:00+00:00,86.960503,87.59085045932848,87.475502,5679
validation,2019-12-11 00:00:00+00:00,87.435997,87.07517236244024,86.960503,5680
validation,2019-12-12 00:00:00+00:00,88.016502,87.55129336656213,87.435997,5681
validation,2019-12-13 00:00:00+00:00,88.046997,88.13256384210503,88.016502,5682
validation,2019-12-16 00:00:00+00:00,88.460503,88.16309905394934,88.046997,5683
test,2019-12-17 00:00:00+00:00,89.532997,88.5771503183826,88.460503,5684
test,2019-12-18 00:00:00+00:00,89.2015,89.65105854896957,89.532997,5685
test,2019-12-19 00:00:00+00:00,89.613998,89.31912442466222,89.2015,5686
test,2019-12-20 00:00:00+00:00,89.324997,89.73216635990909,89.613998,5687
test,2019-12-23 00:00:00+00:00,89.650002,89.44278427241223,89.324997,5688
test,2019-12-24 00:00:00+00:00,89.460503,89.76821783612627,89.650002,5689
test,2019-12-26 00:00:00+00:00,93.438499,89.57846895567752,89.460503,5690
test,2019-12-27 00:00:00+00:00,93.489998,93.56171048956213,93.438499,5691
test,2019-12-30 00:00:00+00:00,92.344498,93.61327739806418,93.489998,5692
test,2019-12-31 00:00:00+00:00,92.391998,92.46626689904286,92.344498,5693
test,2020-01-02 00:00:00+00:00,94.900497,92.51382953431437,92.391998,5694
test,2020-01-03 00:00:00+00:00,93.748497,95.02563633465002,94.900497,5695
test,2020-01-06 00:00:00+00:00,95.143997,93.87211726448628,93.748497,5696
test,2020-01-07 00:00:00+00:00,95.343002,95.26945742283134,95.143997,5697
test,2020-01-08 00:00:00+00:00,94.598503,95.4687248382462,95.343002,5698
test,2020-01-09 00:00:00+00:00,95.052498,94.72324411409878,94.598503,5699
test,2020-01-10 00:00:00+00:00,94.157997,95.17783776883749,95.052498,5700
test,2020-01-13 00:00:00+00:00,94.565002,94.28215724645854,94.157997,5701
test,2020-01-14 00:00:00+00:00,93.472,94.68969893843077,94.565002,5702
test,2020-01-15 00:00:00+00:00,93.100998,93.59525566523014,93.472,5703
test,2020-01-16 00:00:00+00:00,93.897003,93.22376444815646,93.100998,5704
test,2020-01-17 00:00:00+00:00,93.236,94.0208190900364,93.897003,5705
test,2020-01-21 00:00:00+00:00,94.599998,93.35894446682855,93.236,5706
test,2020-01-22 00:00:00+00:00,94.373001,94.72474108546153,94.599998,5707
test,2020-01-23 00:00:00+00:00,94.228996,94.4974447587515,94.373001,5708
test,2020-01-24 00:00:00+00:00,93.082001,94.35324986838785,94.228996,5709
test,2020-01-27 00:00:00+00:00,91.417,93.20474239800377,93.082001,5710
test,2020-01-28 00:00:00+00:00,92.662498,91.53754586558911,91.417,5711
test,2020-01-29 00:00:00+00:00,92.900002,92.78468622570264,92.662498,5712
test,2020-01-30 00:00:00+00:00,93.533997,93.02250340733474,92.900002,5713
test,2020-01-31 00:00:00+00:00,100.435997,93.65733441678653,93.533997,5714
test,2020-02-03 00:00:00+00:00,100.209999,100.56843565139602,100.435997,5715
test,2020-02-04 00:00:00+00:00,102.483498,100.34213964200464,100.209999,5716
test,2020-02-05 00:00:00+00:00,101.9935,102.61863656257599,102.483498,5717
test,2020-02-06 00:00:00+00:00,102.511497,102.12799243293875,101.9935,5718
test,2020-02-07 00:00:00+00:00,103.963997,102.64667248310161,102.511497,5719
test,2020-02-10 00:00:00+00:00,106.695503,104.10108780377247,103.963997,5720
test,2020-02-11 00:00:00+00:00,107.540001,106.83619566945535,106.695503,5721
test,2020-02-12 00:00:00+00:00,108.0,107.68180725601363,107.540001,5722
test,2020-02-13 00:00:00+00:00,107.4935,108.14241282785065,108.0,5723
test,2020-02-14 00:00:00+00:00,106.7435,107.63524493806078,107.4935,5724
test,2020-02-18 00:00:00+00:00,107.783501,106.88425596008959,106.7435,5725
test,2020-02-19 00:00:00+00:00,108.511002,107.92562834419495,107.783501,5726
test,2020-02-20 00:00:00+00:00,107.654999,108.65408865414562,108.511002,5727
test,2020-02-21 00:00:00+00:00,104.7985,107.79695689666528,107.654999,5728
test,2020-02-24 00:00:00+00:00,100.4645,104.93669121055099,104.7985,5729
test,2020-02-25 00:00:00+00:00,98.637001,100.59697623651483,100.4645,5730
test,2020-02-26 00:00:00+00:00,98.9795,98.76706742817701,98.637001,5731
test,2020-02-27 00:00:00+00:00,94.214996,99.11001806013189,98.9795,5732
test,2020-02-28 00:00:00+00:00,94.1875,94.33923140746572,94.214996,5733
test,2020-03-02 00:00:00+00:00,97.697502,94.31169915021466,94.1875,5734
test,2020-03-03 00:00:00+00:00,95.449501,97.82632956975708,97.697502,5735
test,2020-03-04 00:00:00+00:00,98.791496,95.57536427179947,95.449501,5736
test,2020-03-05 00:00:00+00:00,96.2015,98.92176615104589,98.791496,5737
test,2020-03-06 00:00:00+00:00,95.054497,96.32835488572661,96.2015,5738
test,2020-03-09 00:00:00+00:00,90.030502,95.17983940479344,95.054497,5739
test,2020-03-10 00:00:00+00:00,94.591003,90.14921957761698,90.030502,5740
test,2020-03-11 00:00:00+00:00,91.042999,94.71573422431906,94.591003,5741
test,2020-03-12 00:00:00+00:00,83.830498,91.16305169392216,91.042999,5742
test,2020-03-13 00:00:00+00:00,89.25,83.94104002111398,83.830498,5743
test,2020-03-16 00:00:00+00:00,84.457497,89.36768837857102,89.25,5744
test,2020-03-17 00:00:00+00:00,90.391998,84.56886580537925,84.457497,5745
test,2020-03-18 00:00:00+00:00,91.5,90.51119225972454,90.391998,5746
test,2020-03-19 00:00:00+00:00,94.046501,91.62065531248457,91.5,5747
test,2020-03-20 00:00:00+00:00,92.304497,94.17051422367472,94.046501,5748
test,2020-03-23 00:00:00+00:00,95.141502,92.42621315223242,92.304497,5749
test,2020-03-24 00:00:00+00:00,97.004997,95.26695913283129,95.141502,5750
test,2020-03-25 00:00:00+00:00,94.292,97.13291140683717,97.004997,5751
test,2020-03-26 00:00:00+00:00,97.774498,94.41633694781198,94.292,5752
test,2020-03-27 00:00:00+00:00,95.004997,97.90342709955424,97.774498,5753
test,2020-03-30 00:00:00+00:00,98.197502,95.13027413224734,95.004997,5754
test,2020-03-31 00:00:00+00:00,97.486,98.32698888840454,98.197502,5755
test,2020-04-01 00:00:00+00:00,95.385002,97.61454867533193,97.486,5756
test,2020-04-02 00:00:00+00:00,95.941498,95.5107802210126,95.385002,5757
test,2020-04-03 00:00:00+00:00,95.329498,96.06801003739265,95.941498,5758
test,2020-04-06 00:00:00+00:00,99.879501,95.45520303136817,95.329498,5759
test,2020-04-07 00:00:00+00:00,100.580002,100.01120583501594,99.879501,5760
test,2020-04-08 00:00:00+00:00,102.150002,100.71263054175967,100.580002,5761
test,2020-04-09 00:00:00+00:00,102.138,102.28470080231268,102.150002,5762
test,2020-04-13 00:00:00+00:00,108.443497,102.27268297602788,102.138,5763
test,2020-04-14 00:00:00+00:00,114.166,108.58649463953503,108.443497,5764
test,2020-04-15 00:00:00+00:00,115.384003,114.31654354541108,114.166,5765
test,2020-04-16 00:00:00+00:00,120.4095,115.53615264959221,115.384003,5766
test,2020-04-17 00:00:00+00:00,118.75,120.56827645736188,120.4095,5767
test,2020-04-20 00:00:00+00:00,119.680496,118.90658817877097,118.75,5768
test,2020-04-21 00:00:00+00:00,116.405998,119.83831116549935,119.680496,5769
test,2020-04-22 00:00:00+00:00,118.1745,116.55949529031442,116.405998,5770
test,2020-04-23 00:00:00+00:00,119.972504,118.33032930300774,118.1745,5771
test,2020-04-24 00:00:00+00:00,120.511002,120.13070421813855,119.972504,5772
test,2020-04-27 00:00:00+00:00,118.800003,120.66991230168459,120.511002,5773
test,2020-04-28 00:00:00+00:00,115.704002,118.95665711459164,118.800003,5774
test,2020-04-29 00:00:00+00:00,118.635498,115.85657361220794,115.704002,5775
test,2020-04-30 00:00:00+00:00,123.699997,118.79193519216342,118.635498,5776
test,2020-05-01 00:00:00+00:00,114.302002,123.86311242942487,123.699997,5777
test,2020-05-04 00:00:00+00:00,115.7995,114.45272488272047,114.302002,5778
test,2020-05-05 00:00:00+00:00,115.889999,115.95219753943232,115.7995,5779
test,2020-05-06 00:00:00+00:00,117.563004,116.04281587478889,115.889999,5780
test,2020-05-07 00:00:00+00:00,118.380501,117.71802696157647,117.563004,5781
test,2020-05-08 00:00:00+00:00,118.980499,118.53660194360913,118.380501,5782
test,2020-05-11 00:00:00+00:00,120.449997,119.1373911233488,118.980499,5783
test,2020-05-12 00:00:00+00:00,117.847504,120.6088268582164,120.449997,5784
test,2020-05-13 00:00:00+00:00,118.396004,118.00290211388686,117.847504,5785
test,2020-05-14 00:00:00+00:00,119.442497,118.55212538644312,118.396004,5786
test,2020-05-15 00:00:00+00:00,120.488998,119.59999833114179,119.442497,5787
test,2020-05-18 00:00:00+00:00,121.313004,120.64787928638954,120.488998,5788
test,2020-05-19 00:00:00+00:00,122.466499,121.47297185143239,121.313004,5789
test,2020-05-20 00:00:00+00:00,124.897003,122.62798789295888,122.466499,5790
test,2020-05-21 00:00:00+00:00,122.336998,125.06169684617872,124.897003,5791
test,2020-05-22 00:00:00+00:00,121.844002,122.49831612811055,122.336998,5792
test,2020-05-26 00:00:00+00:00,121.093002,122.00467004519871,121.844002,5793
test,2020-05-27 00:00:00+00:00,120.519501,121.25267974859023,121.093002,5794
test,2020-05-28 00:00:00+00:00,120.055,120.67842250878296,120.519501,5795
test,2020-05-29 00:00:00+00:00,122.1185,120.21330900044084,120.055,5796
test,2020-06-01 00:00:00+00:00,123.552002,122.27953000849888,122.1185,5797
test,2020-06-02 00:00:00+00:00,123.620499,123.71492227769842,123.552002,5798
test,2020-06-03 00:00:00+00:00,123.919998,123.78350960039721,123.620499,5799
test,2020-06-04 00:00:00+00:00,123.029999,124.0834035309484,123.919998,5800
test,2020-06-05 00:00:00+00:00,124.150002,123.19223094507457,123.029999,5801
test,2020-06-08 00:00:00+00:00,126.203003,124.31371082280077,124.150002,5802
test,2020-06-09 00:00:00+00:00,130.042999,126.36941898648587,126.203003,5803
test,2020-06-10 00:00:00+00:00,132.372498,130.2144785484238,130.042999,5804
test,2020-06-11 00:00:00+00:00,127.898003,132.54704931268367,132.372498,5805
test,2020-06-12 00:00:00+00:00,127.250999,128.06665407670076,127.898003,5806
test,2020-06-15 00:00:00+00:00,128.634003,127.41879691309639,127.250999,5807
test,2020-06-16 00:00:00+00:00,130.763504,128.80362459374982,128.634003,5808
test,2020-06-17 00:00:00+00:00,132.048996,130.93593363318797,130.763504,5809
test,2020-06-18 00:00:00+00:00,132.699005,132.22312073088148,132.048996,5810
test,2020-06-19 00:00:00+00:00,133.750504,132.8739868569909,132.699005,5811
test,2020-06-22 00:00:00+00:00,135.690994,133.92687240278786,133.750504,5812
test,2020-06-23 00:00:00+00:00,138.220505,135.86992120527228,135.690994,5813
test,2020-06-24 00:00:00+00:00,136.720001,138.40276771281478,138.220505,5814
test,2020-06-25 00:00:00+00:00,137.729004,136.9002850922792,136.720001,5815
test,2020-06-26 00:00:00+00:00,134.643494,137.9106186012657,137.729004,5816
test,2020-06-29 00:00:00+00:00,134.018997,134.82103993270584,134.643494,5817
test,2020-06-30 00:00:00+00:00,137.940994,134.1957194476711,134.018997,5818
test,2020-07-01 00:00:00+00:00,143.934998,138.12288813918582,137.940994,5819
test,2020-07-02 00:00:00+00:00,144.514999,144.1247960564061,143.934998,5820
test,2020-07-06 00:00:00+00:00,152.852005,144.70556186735575,144.514999,5821
test,2020-07-07 00:00:00+00:00,150.005997,153.0535613543953,152.852005,5822
test,2020-07-08 00:00:00+00:00,154.055496,150.20380050210488,150.005997,5823
test,2020-07-09 00:00:00+00:00,159.1315,154.25863932251198,154.055496,5824
test,2020-07-10 00:00:00+00:00,160.0,159.3413367306955,159.1315,5825
test,2020-07-13 00:00:00+00:00,155.199997,160.21098196718614,160.0,5826
test,2020-07-14 00:00:00+00:00,154.199997,155.40464950421466,155.199997,5827
test,2020-07-15 00:00:00+00:00,150.443497,154.40333086691973,154.199997,5828
test,2020-07-16 00:00:00+00:00,149.994995,150.6418774059214,150.443497,5829
test,2020-07-17 00:00:00+00:00,148.098495,150.19278399445733,149.994995,5830
test,2020-07-20 00:00:00+00:00,159.841995,148.29378319882755,148.098495,5831
test,2020-07-21 00:00:00+00:00,156.914505,160.05276861590036,159.841995,5832
test,2020-07-22 00:00:00+00:00,154.995499,157.12141831840586,156.914505,5833
test,2020-07-23 00:00:00+00:00,149.327499,155.1998818455251,154.995499,5834
test,2020-07-24 00:00:00+00:00,150.445496,149.52440780933753,149.327499,5835
test,2020-07-27 00:00:00+00:00,152.760498,150.64387904187734,150.445496,5836
test,2020-07-28 00:00:00+00:00,150.016495,152.96193368985237,152.760498,5837
test,2020-07-29 00:00:00+00:00,151.676498,150.2143123451592,150.016495,5838
test,2020-07-30 00:00:00+00:00,152.593994,151.87650428702466,151.676498,5839
test,2020-07-31 00:00:00+00:00,158.233994,152.7952101314682,152.593994,5840
test,2020-08-03 00:00:00+00:00,155.594498,158.44264724581151,158.233994,5841
test,2020-08-04 00:00:00+00:00,156.941498,155.79967070794612,155.594498,5842
test,2020-08-05 00:00:00+00:00,160.251495,157.14844691238238,156.941498,5843
test,2020-08-06 00:00:00+00:00,161.25,160.46280859787265,160.251495,5844
test,2020-08-07 00:00:00+00:00,158.373001,161.46263026380478,161.25,5845
test,2020-08-10 00:00:00+00:00,157.408005,158.58183754562594,158.373001,5846
test,2020-08-11 00:00:00+00:00,154.033493,157.61556906591093,157.408005,5847
test,2020-08-12 00:00:00+00:00,158.112,154.23660730853558,154.033493,5848
test,2020-08-13 00:00:00+00:00,158.050995,158.32049237997336,158.112,5849
test,2020-08-14 00:00:00+00:00,157.401001,158.25940693650517,158.050995,5850
test,2020-08-17 00:00:00+00:00,159.120499,157.6085558301753,157.401001,5851
test,2020-08-18 00:00:00+00:00,165.624496,159.33032122436663,159.120499,5852
test,2020-08-19 00:00:00+00:00,163.024002,165.84289463737684,165.624496,5853
test,2020-08-20 00:00:00+00:00,164.8685,163.23897152900324,163.024002,5854
test,2020-08-21 00:00:00+00:00,164.235992,165.08590175285644,164.8685,5855
test,2020-08-24 00:00:00+00:00,165.373001,164.45255970421832,164.235992,5856
test,2020-08-25 00:00:00+00:00,167.324493,165.59106800669034,165.373001,5857
test,2020-08-26 00:00:00+00:00,172.092499,167.54513331682227,167.324493,5858
test,2020-08-27 00:00:00+00:00,170.0,172.31942658735625,172.092499,5859
test,2020-08-28 00:00:00+00:00,170.089996,170.2241683401353,170.0,5860
test,2020-08-31 00:00:00+00:00,172.548004,170.3142830122173,170.089996,5861
test,2020-09-01 00:00:00+00:00,174.955994,172.77553223323727,172.548004,5862
test,2020-09-02 00:00:00+00:00,176.572495,175.18669749865705,174.955994,5863
test,2020-09-03 00:00:00+00:00,168.399994,176.80533007716292,176.572495,5864
test,2020-09-04 00:00:00+00:00,164.731003,168.6220525125516,168.399994,5865
test,2020-09-08 00:00:00+00:00,157.492004,164.9482234441843,164.731003,5866
test,2020-09-09 00:00:00+00:00,163.430496,157.69967883012507,157.492004,5867
test,2020-09-10 00:00:00+00:00,158.755493,163.6460015471518,163.430496,5868
test,2020-09-11 00:00:00+00:00,155.811005,158.96483391384217,158.755493,5869
test,2020-09-14 00:00:00+00:00,155.148499,156.01646320215093,155.811005,5870
test,2020-09-15 00:00:00+00:00,157.806503,155.35308359703123,155.148499,5871
test,2020-09-16 00:00:00+00:00,153.904999,158.01459254023567,157.806503,5872
test,2020-09-17 00:00:00+00:00,150.436493,154.10794387155502,153.904999,5873
test,2020-09-18 00:00:00+00:00,147.745499,150.6348641701858,150.436493,5874
test,2020-09-21 00:00:00+00:00,148.023499,147.94032172513698,147.745499,5875
test,2020-09-22 00:00:00+00:00,156.449493,148.21868830630495,148.023499,5876
test,2020-09-23 00:00:00+00:00,149.992996,156.65579313624008,156.449493,5877
test,2020-09-24 00:00:00+00:00,150.989502,150.1907823585014,149.992996,5878
test,2020-09-25 00:00:00+00:00,154.7565,151.1886023884776,150.989502,5879
test,2020-09-28 00:00:00+00:00,158.702499,154.96056769253025,154.7565,5880
test,2020-09-29 00:00:00+00:00,157.244003,158.91177003397735,158.702499,5881
test,2020-09-30 00:00:00+00:00,157.436493,157.45135080675726,157.244003,5882
test,2020-10-01 00:00:00+00:00,161.063004,157.6440946312502,157.436493,5883
test,2020-10-02 00:00:00+00:00,156.25,161.2753876839052,161.063004,5884
test,2020-10-05 00:00:00+00:00,159.960007,156.45603707733022,156.25,5885
test,2020-10-06 00:00:00+00:00,154.998001,160.1709362309248,159.960007,5886
test,2020-10-07 00:00:00+00:00,159.7845,155.20238714475562,154.998001,5887
test,2020-10-08 00:00:00+00:00,159.527496,159.9951978008491,159.7845,5888
test,2020-10-09 00:00:00+00:00,164.332504,159.73785490578976,159.527496,5889
test,2020-10-12 00:00:00+00:00,172.1465,164.5491989685409,164.332504,5890
test,2020-10-13 00:00:00+00:00,172.181503,172.3734987950888,172.1465,5891
test,2020-10-14 00:00:00+00:00,168.185501,172.40854795135004,172.181503,5892
test,2020-10-15 00:00:00+00:00,166.932495,168.40727667408228,168.185501,5893
test,2020-10-16 00:00:00+00:00,163.635498,167.15261841363994,166.932495,5894
test,2020-10-19 00:00:00+00:00,160.360504,163.85127387043454,163.635498,5895
test,2020-10-20 00:00:00+00:00,160.850494,160.5719613412055,160.360504,5896
test,2020-10-21 00:00:00+00:00,159.246994,161.06259746029366,160.850494,5897
test,2020-10-22 00:00:00+00:00,158.820007,159.45698302539125,159.246994,5898
test,2020-10-23 00:00:00+00:00,160.220001,159.02943298440863,158.820007,5899
test,2020-10-26 00:00:00+00:00,160.352005,160.43127306870966,160.220001,5900
test,2020-10-27 00:00:00+00:00,164.316498,160.56345113410714,160.352005,5901
test,2020-10-28 00:00:00+00:00,158.139008,164.53317186243237,164.316498,5902
test,2020-10-29 00:00:00+00:00,160.550507,158.3475359937294,158.139008,5903
test,2020-10-30 00:00:00+00:00,151.807495,160.76221488624748,160.550507,5904
test,2020-11-02 00:00:00+00:00,150.223999,152.00767402455438,151.807495,5905
test,2020-11-03 00:00:00+00:00,152.420502,150.42208996767243,150.223999,5906
test,2020-11-04 00:00:00+00:00,162.057999,152.62148935844664,152.420502,5907
test,2020-11-05 00:00:00+00:00,166.100006,162.27169472142043,162.057999,5908
test,2020-11-06 00:00:00+00:00,165.568497,166.31903166259696,166.100006,5909
test,2020-11-09 00:00:00+00:00,157.186996,165.78682179500697,165.568497,5910
test,2020-11-10 00:00:00+00:00,151.751007,157.394268635201,157.186996,5911
test,2020-11-11 00:00:00+00:00,156.869507,151.95111153737085,151.751007,5912
test,2020-11-12 00:00:00+00:00,155.514008,157.0763609823649,156.869507,5913
test,2020-11-13 00:00:00+00:00,156.440506,155.71907457083026,155.514008,5914
test,2020-11-16 00:00:00+00:00,156.552994,156.64679428564673,156.440506,5915
test,2020-11-17 00:00:00+00:00,156.783005,156.75943061651878,156.552994,5916
test,2020-11-18 00:00:00+00:00,155.272995,156.9897449176016,156.783005,5917
test,2020-11-19 00:00:00+00:00,155.850998,155.47774376209992,155.272995,5918
test,2020-11-20 00:00:00+00:00,154.970001,156.0565089384123,155.850998,5919
test,2020-11-23 00:00:00+00:00,154.919495,155.17435022291136,154.970001,5920
test,2020-11-24 00:00:00+00:00,155.903,155.12377762381618,154.919495,5921
test,2020-11-25 00:00:00+00:00,159.253494,156.1085795101889,155.903,5922
test,2020-11-27 00:00:00+00:00,159.766998,159.46349159653366,159.253494,5923
test,2020-11-30 00:00:00+00:00,158.401993,159.97767272205917,159.766998,5924
test,2020-12-01 00:00:00+00:00,161.003998,158.61086777555843,158.401993,5925
test,2020-12-02 00:00:00+00:00,160.176498,161.21630387639297,161.003998,5926
test,2020-12-03 00:00:00+00:00,159.336502,160.38771270403143,160.176498,5927
test,2020-12-04 00:00:00+00:00,158.128998,159.54660905397824,159.336502,5928
test,2020-12-07 00:00:00+00:00,157.899994,158.3375127941701,158.128998,5929
test,2020-12-08 00:00:00+00:00,158.864502,158.108206820955,157.899994,5930
test,2020-12-09 00:00:00+00:00,155.210007,159.07398665717503,158.864502,5931
test,2020-12-10 00:00:00+00:00,155.074493,155.41467270377396,155.210007,5932
test,2020-12-11 00:00:00+00:00,155.820999,155.27898000995958,155.074493,5933
test,2020-12-14 00:00:00+00:00,157.848495,156.02647038061207,155.820999,5934
test,2020-12-15 00:00:00+00:00,158.255997,158.05663991245297,157.848495,5935
test,2020-12-16 00:00:00+00:00,162.048004,158.4646792597879,158.255997,5936
test,2020-12-17 00:00:00+00:00,161.804001,162.26168654164067,162.048004,5937
test,2020-12-18 00:00:00+00:00,160.082504,162.01736179018482,161.804001,5938
test,2020-12-21 00:00:00+00:00,160.309006,160.29359476003754,160.082504,5939
test,2020-12-22 00:00:00+00:00,160.326004,160.5203954340221,160.309006,5940
test,2020-12-23 00:00:00+00:00,159.263504,160.53741584821884,160.326004,5941
test,2020-12-24 00:00:00+00:00,158.634506,159.473514796093,159.263504,5942
test,2020-12-28 00:00:00+00:00,164.197998,158.84368737587175,158.634506,5943
test,2020-12-29 00:00:00+00:00,166.100006,164.41451560391295,164.197998,5944
test,2020-12-30 00:00:00+00:00,164.292496,166.31903166259696,166.100006,5945
test,2020-12-31 00:00:00+00:00,162.846497,164.5091382125,164.292496,5946
test,2021-01-04 00:00:00+00:00,159.331497,163.0612324642902,162.846497,5947
test,2021-01-05 00:00:00+00:00,160.925507,159.5415974541986,159.331497,5948
test,2021-01-06 00:00:00+00:00,156.919006,161.13770937523307,160.925507,5949
test,2021-01-07 00:00:00+00:00,158.108002,157.12592525359233,156.919006,5950
test,2021-01-08 00:00:00+00:00,159.134995,158.31648910806146,158.108002,5951
test,2021-01-11 00:00:00+00:00,155.710495,159.34483633933286,159.134995,5952
test,2021-01-12 00:00:00+00:00,156.041504,155.91582066591644,155.710495,5953
test,2021-01-13 00:00:00+00:00,158.294495,156.24726614672878,156.041504,5954
test,2021-01-14 00:00:00+00:00,156.373505,158.5032280246865,158.294495,5955
test,2021-01-15 00:00:00+00:00,155.212494,156.57970493562934,156.373505,5956
test,2021-01-19 00:00:00+00:00,156.037994,155.41716298322493,155.212494,5957
test,2021-01-20 00:00:00+00:00,163.169006,156.24375151831188,156.037994,5958
test,2021-01-21 00:00:00+00:00,165.349503,163.38416673668556,163.169006,5959
test,2021-01-22 00:00:00+00:00,164.611496,165.5675390213512,165.349503,5960
test,2021-01-25 00:00:00+00:00,164.699997,164.82855885779708,164.611496,5961
test,2021-01-26 00:00:00+00:00,166.306503,164.91717655851633,164.699997,5962
test,2021-01-27 00:00:00+00:00,161.628998,166.52580095724244,166.306503,5963
test,2021-01-28 00:00:00+00:00,161.880997,161.84212802470228,161.628998,5964
test,2021-01-29 00:00:00+00:00,160.309998,162.09445931998198,161.880997,5965
test,2021-02-01 00:00:00+00:00,167.143997,160.5213887421103,160.309998,5966
test,2021-02-02 00:00:00+00:00,169.0,167.36439930806512,167.143997,5967
test,2021-02-03 00:00:00+00:00,165.626495,169.22284970284036,169.0,5968
test,2021-02-04 00:00:00+00:00,166.550003,165.8448962733328,165.626495,5969
test,2021-02-05 00:00:00+00:00,167.607498,166.76962204542374,166.550003,5970
test,2021-02-08 00:00:00+00:00,166.147003,167.8285114977699,167.607498,5971
test,2021-02-09 00:00:00+00:00,165.25,166.36609063459392,166.147003,5972
test,2021-02-10 00:00:00+00:00,164.328995,165.46790481298444,165.25,5973
test,2021-02-11 00:00:00+00:00,163.106506,164.54568534144263,164.328995,5974
test,2021-02-12 00:00:00+00:00,163.885498,163.32158432185463,163.106506,5975
test,2021-02-16 00:00:00+00:00,163.447495,164.10160352975828,163.885498,5976
test,2021-02-17 00:00:00+00:00,165.432007,163.66302296266718,163.447495,5977
test,2021-02-18 00:00:00+00:00,166.411499,165.6501518142026,165.432007,5978
test,2021-02-19 00:00:00+00:00,162.494995,166.63093540888383,166.411499,5979
test,2021-02-22 00:00:00+00:00,159.037003,162.70926696064376,162.494995,5980
test,2021-02-23 00:00:00+00:00,159.725006,159.24671512342707,159.037003,5981
test,2021-02-24 00:00:00+00:00,157.976501,159.93562534984187,159.725006,5982
test,2021-02-25 00:00:00+00:00,152.858002,158.18481470593855,157.976501,5983
test,2021-02-26 00:00:00+00:00,154.6465,153.05956626226316,152.858002,5984
test,2021-03-01 00:00:00+00:00,157.307007,154.85042264242784,154.6465,5985
test,2021-03-02 00:00:00+00:00,154.726501,157.5144378861814,157.307007,5986
test,2021-03-03 00:00:00+00:00,150.25,154.93052913473008,154.726501,5987
test,2021-03-04 00:00:00+00:00,148.878494,150.44812525356073,150.25,5988
test,2021-03-05 00:00:00+00:00,150.022995,149.07481073459894,148.878494,5989
test,2021-03-08 00:00:00+00:00,147.597504,150.22082091630162,150.022995,5990
test,2021-03-09 00:00:00+00:00,153.142502,147.79213157341053,147.597504,5991
test,2021-03-10 00:00:00+00:00,152.882004,153.34444141457357,153.142502,5992
test,2021-03-11 00:00:00+00:00,155.679504,153.0835999121955,152.882004,5993
test,2021-03-12 00:00:00+00:00,154.474503,155.88478880002805,155.679504,5994
test,2021-03-15 00:00:00+00:00,154.084,154.67819884076903,154.474503,5995
test,2021-03-16 00:00:00+00:00,154.593002,154.28718090894944,154.084,5996
test,2021-03-17 00:00:00+00:00,156.786499,154.79685409796983,154.593002,5997
test,2021-03-18 00:00:00+00:00,151.399506,156.9932435249203,156.786499,5998
test,2021-03-19 00:00:00+00:00,153.748001,151.59914703504307,151.399506,5999
test,2021-03-22 00:00:00+00:00,155.543503,153.95073884813698,153.748001,6000
test,2021-03-23 00:00:00+00:00,156.875,155.74860846403726,155.543503,6001
test,2021-03-24 00:00:00+00:00,154.3535,157.08186122563956,156.875,6002
test,2021-03-25 00:00:00+00:00,152.313004,154.55703628170042,154.3535,6003
test,2021-03-26 00:00:00+00:00,152.601501,152.5138496075747,152.313004,6004
test,2021-03-29 00:00:00+00:00,153.786499,152.8027270304784,152.601501,6005
test,2021-03-30 00:00:00+00:00,152.764496,153.98928761303557,153.786499,6006
test,2021-03-31 00:00:00+00:00,154.703995,152.96593696176427,152.764496,6007
test,2021-04-01 00:00:00+00:00,158.050003,154.9079934574791,154.703995,6008
test,2021-04-05 00:00:00+00:00,161.336502,158.25841362841697,158.050003,6009
test,2021-04-06 00:00:00+00:00,161.190994,161.54924632856807,161.336502,6010
test,2021-04-07 00:00:00+00:00,163.969498,161.40354645629256,161.190994,6011
test,2021-04-08 00:00:00+00:00,164.964996,164.18571429529104,163.969498,6012
test,2021-04-09 00:00:00+00:00,168.610001,165.18252499608087,164.964996,6013
test,2021-04-12 00:00:00+00:00,168.969498,168.832336435614,168.610001,6014
test,2021-04-13 00:00:00+00:00,170.0,169.1923074817656,168.969498,6015
test,2021-04-14 00:00:00+00:00,166.649994,170.2241683401353,170.0,6016
test,2021-04-15 00:00:00+00:00,168.954498,166.8697448972855,166.649994,6017
test,2021-04-16 00:00:00+00:00,169.972,169.17728770220617,168.954498,6018
test,2021-04-19 00:00:00+00:00,168.600494,170.19613141829103,169.972,6019
test,2021-04-20 00:00:00+00:00,166.734497,168.82281689932924,168.600494,6020
test,2021-04-21 00:00:00+00:00,168.100998,166.95435932609283,166.734497,6021
test,2021-04-22 00:00:00+00:00,165.451996,168.32266224527498,168.100998,6022
test,2021-04-23 00:00:00+00:00,167.044006,165.67016717244348,165.451996,6023
test,2021-04-26 00:00:00+00:00,170.449997,167.26427645620333,167.044006,6024
test,2021-04-27 00:00:00+00:00,170.871506,170.67475872296208,170.449997,6025
test,2021-04-28 00:00:00+00:00,172.925003,171.09682354044963,170.871506,6026
test,2021-04-29 00:00:00+00:00,173.565506,173.15302835817883,172.925003,6027
test,2021-04-30 00:00:00+00:00,173.371002,173.79437594932213,173.565506,6028
test,2021-05-03 00:00:00+00:00,169.324493,173.59961546909372,173.371002,6029
test,2021-05-04 00:00:00+00:00,165.593506,169.5477705914121,169.324493,6030
test,2021-05-05 00:00:00+00:00,163.526993,165.81186377280707,165.593506,6031
test,2021-05-06 00:00:00+00:00,165.318497,163.74262579169485,163.526993,6032
test,2021-05-07 00:00:00+00:00,164.580505,165.53649213568323,165.318497,6033
test,2021-05-10 00:00:00+00:00,159.524506,164.79752699190868,164.580505,6034
test,2021-05-11 00:00:00+00:00,161.195496,159.73486096306425,159.524506,6035
test,2021-05-12 00:00:00+00:00,157.597,161.40805439279765,161.195496,6036
test,2021-05-13 00:00:00+00:00,158.073502,157.80481328176649,157.597,6037
test,2021-05-14 00:00:00+00:00,161.145004,158.28194361507477,158.073502,6038
test,2021-05-17 00:00:00+00:00,163.519501,161.35749581216336,161.145004,6039
test,2021-05-18 00:00:00+00:00,161.613998,163.73512391246422,163.519501,6040
test,2021-05-19 00:00:00+00:00,161.589996,161.82710824514288,161.613998,6041
test,2021-05-20 00:00:00+00:00,162.384003,161.80307459521052,161.589996,6042
test,2021-05-21 00:00:00+00:00,160.154007,162.59812860245313,162.384003,6043
test,2021-05-24 00:00:00+00:00,162.249496,160.36519204656003,160.154007,6044
test,2021-05-25 00:00:00+00:00,162.952499,162.4634442365065,162.249496,6045
test,2021-05-26 00:00:00+00:00,163.257996,163.16737424248075,162.952499,6046
test,2021-05-27 00:00:00+00:00,161.505493,163.4732740822184,163.257996,6047
test,2021-05-28 00:00:00+00:00,161.153503,161.7184601664032,161.505493,6048
test,2021-06-01 00:00:00+00:00,160.932495,161.36600601926173,161.153503,6049
test,2021-06-02 00:00:00+00:00,161.699493,161.14470658987045,160.932495,6050
test,2021-06-03 00:00:00+00:00,159.350494,161.91271598203838,161.699493,6051
test,2021-06-04 00:00:00+00:00,160.311005,159.56061950435128,159.350494,6052
test,2021-06-07 00:00:00+00:00,159.900497,160.52239706997804,160.311005,6053
test,2021-06-08 00:00:00+00:00,163.205505,160.1113477588194,159.900497,6054
test,2021-06-09 00:00:00+00:00,164.057495,163.42071386562816,163.205505,6055
test,2021-06-10 00:00:00+00:00,167.482498,164.27382733141707,164.057495,6056
test,2021-06-11 00:00:00+00:00,167.341507,167.70334666810805,167.482498,6057
test,2021-06-14 00:00:00+00:00,169.193497,167.56216975211723,167.341507,6058
test,2021-06-15 00:00:00+00:00,169.156494,169.41660185520104,169.193497,6059
test,2021-06-16 00:00:00+00:00,170.762497,169.3795500616652,169.156494,6060
test,2021-06-17 00:00:00+00:00,174.462006,170.98767079711675,170.762497,6061
test,2021-06-18 00:00:00+00:00,174.345001,174.692058107657,174.462006,6062
test,2021-06-21 00:00:00+00:00,172.697998,174.57489882050032,174.345001,6063
test,2021-06-22 00:00:00+00:00,175.272003,172.9257240209197,172.697998,6064
test,2021-06-23 00:00:00+00:00,175.190994,175.50312319991,175.272003,6065
test,2021-06-24 00:00:00+00:00,172.453995,175.42200737842134,175.190994,6066
test,2021-06-25 00:00:00+00:00,170.072998,172.6813992694638,172.453995,6067
test,2021-06-28 00:00:00+00:00,172.194504,170.29726259802055,170.072998,6068
test,2021-06-29 00:00:00+00:00,172.406998,172.4215660949535,172.194504,6069
test,2021-06-30 00:00:00+00:00,172.007996,172.63434029746685,172.406998,6070
test,2021-07-01 00:00:00+00:00,171.648499,172.23481215854892,172.007996,6071
test,2021-07-02 00:00:00+00:00,175.548996,171.8748411123973,171.648499,6072
test,2021-07-06 00:00:00+00:00,183.787003,175.7804814532102,175.548996,6073
test,2021-07-07 00:00:00+00:00,184.828995,184.02935139647616,183.787003,6074
test,2021-07-08 00:00:00+00:00,186.570496,185.07271740598836,184.828995,6075
test,2021-07-09 00:00:00+00:00,185.966995,186.81651481415608,186.570496,6076
test,2021-07-12 00:00:00+00:00,185.927505,186.21221801522998,185.966995,6077
test,2021-07-13 00:00:00+00:00,183.867996,186.1726759422432,185.927505,6078
test,2021-07-14 00:00:00+00:00,184.084,184.1104511968666,183.867996,6079
test,2021-07-15 00:00:00+00:00,181.559998,184.32674002779686,184.084,6080
test,2021-07-16 00:00:00+00:00,178.681503,181.79940978462722,181.559998,6081
test,2021-07-19 00:00:00+00:00,177.479507,178.91711909376698,178.681503,6082
test,2021-07-20 00:00:00+00:00,178.6595,177.71353809701307,177.479507,6083
test,2021-07-21 00:00:00+00:00,179.259995,178.89508707979058,178.6595,6084
test,2021-07-22 00:00:00+00:00,181.901505,179.496373914893,179.259995,6085
test,2021-07-23 00:00:00+00:00,182.832001,182.14136710849388,181.901505,6086
test,2021-07-26 00:00:00+00:00,184.990997,183.07309009522226,182.832001,6087
test,2021-07-27 00:00:00+00:00,181.319504,185.2349330278674,184.990997,6088
test,2021-07-28 00:00:00+00:00,181.516006,181.5585986602696,181.319504,6089
test,2021-07-29 00:00:00+00:00,179.996002,181.75535977513533,181.516006,6090
test,2021-07-30 00:00:00+00:00,166.379501,180.23335144117252,179.996002,6091
test,2021-08-02 00:00:00+00:00,166.574005,166.5988952151277,166.379501,6092
test,2021-08-03 00:00:00+00:00,168.311996,166.7936556953561,166.574005,6093
test,2021-08-04 00:00:00+00:00,167.735992,168.5339384751069,168.311996,6094
test,2021-08-05 00:00:00+00:00,168.7995,167.95717493475053,167.735992,6095
test,2021-08-06 00:00:00+00:00,167.246994,169.02208531606274,168.7995,6096
test,2021-08-09 00:00:00+00:00,167.093506,167.46753212375057,167.246994,6097
test,2021-08-10 00:00:00+00:00,166.033997,167.31384172874942,167.093506,6098
test,2021-08-11 00:00:00+00:00,164.605499,166.25293562066776,166.033997,6099
test,2021-08-12 00:00:00+00:00,165.175003,164.82255394992924,164.605499,6100
test,2021-08-13 00:00:00+00:00,164.698502,165.39280891914325,165.175003,6101
test,2021-08-16 00:00:00+00:00,164.949493,164.91567958715356,164.698502,6102
test,2021-08-17 00:00:00+00:00,162.098007,165.16700155324685,164.949493,6103
test,2021-08-18 00:00:00+00:00,160.061005,162.31175547746133,162.098007,6104
test,2021-08-19 00:00:00+00:00,159.387497,160.27206741065433,160.061005,6105
test,2021-08-20 00:00:00+00:00,159.997498,159.5976712978871,159.387497,6106
test,2021-08-23 00:00:00+00:00,163.293503,160.20847666795564,159.997498,6107
test,2021-08-24 00:00:00+00:00,165.289001,163.50882790307284,163.293503,6108
test,2021-08-25 00:00:00+00:00,164.959,165.5069572411576,165.289001,6109
test,2021-08-26 00:00:00+00:00,165.800003,165.17652108953163,164.959,6110
test,2021-08-27 00:00:00+00:00,167.481506,166.01863306745255,165.800003,6111
test,2021-08-30 00:00:00+00:00,171.078506,167.70235336001986,167.481506,6112
test,2021-08-31 00:00:00+00:00,173.539505,171.3040964983697,171.078506,6113
test,2021-09-01 00:00:00+00:00,173.949997,173.7683406634338,173.539505,6114
test,2021-09-02 00:00:00+00:00,173.156006,174.17937395349426,173.949997,6115
test,2021-09-03 00:00:00+00:00,173.902496,173.38433596734984,173.156006,6116
test,2021-09-07 00:00:00+00:00,175.464493,174.13181031690414,173.902496,6117
test,2021-09-08 00:00:00+00:00,176.274994,175.69586702440287,175.464493,6118
test,2021-09-09 00:00:00+00:00,174.207993,176.50743678124903,176.274994,6119
test,2021-09-10 00:00:00+00:00,173.457504,174.4377101566418,174.207993,6120
test,2021-09-13 00:00:00+00:00,172.858505,173.68623153385698,173.457504,6121
test,2021-09-14 00:00:00+00:00,172.5,173.08644267143598,172.858505,6122
test,2021-09-15 00:00:00+00:00,173.789505,172.72746493337257,172.5,6123
test,2021-09-16 00:00:00+00:00,174.412003,174.01867032275754,173.789505,6124
test,2021-09-17 00:00:00+00:00,173.126007,174.64198917183634,174.412003,6125
test,2021-09-20 00:00:00+00:00,167.786499,173.35429740954964,173.126007,6126
test,2021-09-21 00:00:00+00:00,167.181503,168.00774853516435,167.786499,6127
test,2021-09-22 00:00:00+00:00,169.002502,167.40195476487548,167.181503,6128
test,2021-09-23 00:00:00+00:00,170.800003,169.22535500207087,169.002502,6129
test,2021-09-24 00:00:00+00:00,171.276001,171.02522625392714,170.800003,6130
test,2021-09-27 00:00:00+00:00,170.289993,171.50185192264223,171.276001,6131
test,2021-09-28 00:00:00+00:00,165.798004,170.51454373572037,170.289993,6132
test,2021-09-29 00:00:00+00:00,165.056,166.0166314314966,165.798004,6133
test,2021-09-30 00:00:00+00:00,164.251999,165.27364899734926,165.056,6134
test,2021-10-01 00:00:00+00:00,164.162994,164.4685878116455,164.251999,6135
test,2021-10-04 00:00:00+00:00,159.488998,164.37946544633306,164.162994,6136
test,2021-10-05 00:00:00+00:00,161.050003,159.6993061408912,159.488998,6137
test,2021-10-06 00:00:00+00:00,163.100494,161.26236954030173,161.050003,6138
test,2021-10-07 00:00:00+00:00,165.121506,163.3155643942072,163.100494,6139
test,2021-10-08 00:00:00+00:00,164.431,165.33924137600388,165.121506,6140
test,2021-10-11 00:00:00+00:00,162.315002,164.64782484903992,164.431,6141
test,2021-10-12 00:00:00+00:00,162.366501,162.52903661516115,162.315002,6142
test,2021-10-13 00:00:00+00:00,164.214005,162.5806035236632,162.366501,6143
test,2021-10-14 00:00:00+00:00,164.992996,164.43054371134008,164.214005,6144
test,2021-10-15 00:00:00+00:00,170.451004,165.2105619179251,164.992996,6145
test,2021-10-18 00:00:00+00:00,172.337006,170.67576705082985,170.451004,6146
test,2021-10-19 00:00:00+00:00,172.207504,172.56425600340532,172.337006,6147
test,2021-10-20 00:00:00+00:00,170.753006,172.43458323723834,172.207504,6148
test,2021-10-21 00:00:00+00:00,171.750504,170.97816728193018,170.753006,6149
test,2021-10-22 00:00:00+00:00,166.777496,171.97698061999458,171.750504,6150
test,2021-10-25 00:00:00+00:00,166.018494,166.9974150261779,166.777496,6151
test,2021-10-26 00:00:00+00:00,168.803497,166.23741217783376,166.018494,6152
test,2021-10-27 00:00:00+00:00,169.624496,169.026087586656,168.803497,6153
test,2021-10-28 00:00:00+00:00,172.328506,169.84816918655648,169.624496,6154
test,2021-10-29 00:00:00+00:00,168.621506,172.55574479498833,172.328506,6155
test,2021-11-01 00:00:00+00:00,165.905502,168.8438566065361,168.621506,6156
test,2021-11-02 00:00:00+00:00,165.637497,166.12427118236855,165.905502,6157
test,2021-11-03 00:00:00+00:00,169.199997,165.8559127809803,165.637497,6158
test,2021-11-04 00:00:00+00:00,173.850006,169.42311042634344,169.199997,6159
test,2021-11-05 00:00:00+00:00,175.949493,174.07925110163254,173.850006,6160
test,2021-11-08 00:00:00+00:00,174.449005,176.1815065634909,175.949493,6161
test,2021-11-09 00:00:00+00:00,178.811493,174.67903996405354,174.449005,6162
test,2021-11-10 00:00:00+00:00,174.102493,179.04728050342896,178.811493,6163
test,2021-11-11 00:00:00+00:00,173.625,174.33207104040721,174.102493,6164
test,2021-11-12 00:00:00+00:00,176.257507,173.85394840032936,173.625,6165
test,2021-11-15 00:00:00+00:00,177.283997,176.48992672223866,176.257507,6166
test,2021-11-16 00:00:00+00:00,177.035004,177.51777029023552,177.283997,6167
test,2021-11-17 00:00:00+00:00,177.449997,177.26844895877954,177.035004,6168
test,2021-11-18 00:00:00+00:00,184.802994,177.68398918402647,177.449997,6169
test,2021-11-19 00:00:00+00:00,183.828506,185.0466821201001,184.802994,6170
test,2021-11-22 00:00:00+00:00,178.628494,184.07090912387983,183.828506,6171
test,2021-11-23 00:00:00+00:00,179.001999,178.86404019412262,178.628494,6172
test,2021-11-24 00:00:00+00:00,179.020493,179.23803771174548,179.001999,6173
test,2021-11-26 00:00:00+00:00,175.227997,179.25655609862358,179.020493,6174
test,2021-11-29 00:00:00+00:00,178.078506,175.45905917195716,175.227997,6175
test,2021-11-30 00:00:00+00:00,175.3535,178.31332695943408,178.078506,6176
test,2021-12-01 00:00:00+00:00,172.186005,175.5847276648936,175.3535,6177
test,2021-12-02 00:00:00+00:00,171.867996,172.41305588785514,172.186005,6178
test,2021-12-03 00:00:00+00:00,169.489502,172.09462754932764,171.867996,6179
test,2021-12-06 00:00:00+00:00,171.3685,169.71299717843348,169.489502,6180
test,2021-12-07 00:00:00+00:00,176.164505,171.59447289527338,171.3685,6181
test,2021-12-08 00:00:00+00:00,176.158005,176.39680208633297,176.164505,6182
test,2021-12-09 00:00:00+00:00,174.171005,176.39029351519056,176.158005,6183
test,2021-12-10 00:00:00+00:00,172.212006,174.40067338288557,174.171005,6184
test,2021-12-13 00:00:00+00:00,169.567505,172.43909117374346,172.212006,6185
test,2021-12-14 00:00:00+00:00,169.091507,169.79110303609843,169.567505,6186
test,2021-12-15 00:00:00+00:00,173.315002,169.31447736738332,169.091507,6187
test,2021-12-16 00:00:00+00:00,168.871002,173.5435416254052,173.315002,6188
test,2021-12-17 00:00:00+00:00,170.017502,169.0936816012666,168.871002,6189
test,2021-12-20 00:00:00+00:00,167.078995,170.24169341892522,170.017502,6190
test,2021-12-21 00:00:00+00:00,170.417007,167.29931159400365,167.078995,6191
test,2021-12-22 00:00:00+00:00,171.037003,170.64172522111772,170.417007,6192
test,2021-12-23 00:00:00+00:00,171.068497,171.26253877096602,171.037003,6193
test,2021-12-27 00:00:00+00:00,169.669495,171.29407430012898,171.068497,6194
test,2021-12-28 00:00:00+00:00,170.660995,169.89322752391615,169.669495,6195
test,2021-12-29 00:00:00+00:00,169.201004,170.88603495279406,170.660995,6196
test,2021-12-30 00:00:00+00:00,168.644501,169.4241187542112,169.201004,6197
test,2021-12-31 00:00:00+00:00,166.716995,168.86688192860066,168.644501,6198
test,2022-01-03 00:00:00+00:00,170.404495,166.9368342473029,166.716995,6199
test,2022-01-04 00:00:00+00:00,167.522003,170.6291967223279,170.404495,6200
test,2022-01-05 00:00:00+00:00,164.356995,167.7429037608744,167.522003,6201
test,2022-01-06 00:00:00+00:00,163.253998,164.57372226328692,164.356995,6202
test,2022-01-07 00:00:00+00:00,162.554001,163.4692708103065,163.253998,6203
test,2022-01-10 00:00:00+00:00,161.485992,162.76835076815598,162.554001,6204
test,2022-01-11 00:00:00+00:00,165.362,161.6989334516573,161.485992,6205
test,2022-01-12 00:00:00+00:00,165.207001,165.58005250036146,165.362,6206
test,2022-01-13 00:00:00+00:00,161.214005,165.42484911289938,165.207001,6207
test,2022-01-14 00:00:00+00:00,162.138,161.42658779945535,161.214005,6208
test,2022-01-18 00:00:00+00:00,158.917496,162.35180121372267,162.138,6209
test,2022-01-19 00:00:00+00:00,156.298996,159.12705053703985,158.917496,6210
test,2022-01-20 00:00:00+00:00,151.667496,156.50509768528312,156.298996,6211
test,2022-01-21 00:00:00+00:00,142.643005,151.86749041665175,151.667496,6212
test,2022-01-24 00:00:00+00:00,144.544006,142.8310993862515,142.643005,6213
test,2022-01-25 00:00:00+00:00,139.985992,144.73460711706778,144.544006,6214
test,2022-01-26 00:00:00+00:00,138.872498,140.17058274981667,139.985992,6215
test,2022-01-27 00:00:00+00:00,139.637497,139.0556204551006,138.872498,6216
test,2022-01-28 00:00:00+00:00,143.977997,139.82162821131257,139.637497,6217
test,2022-01-31 00:00:00+00:00,149.573502,144.16785175649113,143.977997,6218
test,2022-02-01 00:00:00+00:00,151.193497,149.770735198068,149.573502,6219
test,2022-02-02 00:00:00+00:00,150.612503,151.3928663838926,151.193497,6220
test,2022-02-03 00:00:00+00:00,138.845505,150.81110626353606,150.612503,6221
test,2022-02-04 00:00:00+00:00,157.639496,139.02859186112408,138.845505,6222
test,2022-02-07 00:00:00+00:00,157.935501,157.84736531857698,157.639496,6223
test,2022-02-08 00:00:00+00:00,161.413498,158.14376064180942,157.935501,6224
test,2022-02-09 00:00:00+00:00,161.189499,161.62634385836523,161.413498,6225
test,2022-02-10 00:00:00+00:00,159.003494,161.40204948492982,161.189499,6226
test,2022-02-11 00:00:00+00:00,153.293503,159.21316193720995,159.003494,6227
test,2022-02-14 00:00:00+00:00,155.167007,153.49564153012372,153.293503,6228
test,2022-02-15 00:00:00+00:00,156.510498,155.3716160023703,155.167007,6229
test,2022-02-16 00:00:00+00:00,158.100494,156.7168785797083,156.510498,6230
test,2022-02-17 00:00:00+00:00,154.652496,158.30897120773264,158.100494,6231
test,2022-02-18 00:00:00+00:00,152.601501,154.85642654897705,154.652496,6232
test,2022-02-22 00:00:00+00:00,150.197495,152.8027270304784,152.601501,6233
test,2022-02-23 00:00:00+00:00,144.826996,150.39555101850956,150.197495,6234
test,2022-02-24 00:00:00+00:00,151.358002,145.01797027823588,144.826996,6235
test,2022-02-25 00:00:00+00:00,153.788498,151.55758830632078,151.358002,6236
test,2022-02-28 00:00:00+00:00,153.563004,153.99128924899154,153.788498,6237
test,2022-03-01 00:00:00+00:00,151.141998,153.76549790419335,153.563004,6238
test,2022-03-02 00:00:00+00:00,152.052505,151.34129947539054,151.141998,6239
test,2022-03-03 00:00:00+00:00,147.898499,152.25300710387802,152.052505,6240
test,2022-03-04 00:00:00+00:00,145.641006,148.0935234766431,147.898499,6241
test,2022-03-07 00:00:00+00:00,137.453003,145.8330536621803,145.641006,6242
test,2022-03-08 00:00:00+00:00,136.014496,137.63425365605363,137.453003,6243
test,2022-03-09 00:00:00+00:00,139.279007,136.19384978707447,136.014496,6244
test,2022-03-10 00:00:00+00:00,146.817505,139.4626654930287,139.279007,6245
test,2022-03-11 00:00:00+00:00,145.524506,147.01110403763914,146.817505,6246
test,2022-03-14 00:00:00+00:00,141.852997,145.71640004093547,145.524506,6247
test,2022-03-15 00:00:00+00:00,147.366501,142.04004965223942,141.852997,6248
test,2022-03-16 00:00:00+00:00,153.104004,147.5608239642395,147.366501,6249
test,2022-03-17 00:00:00+00:00,157.238998,153.30589264967497,153.104004,6250
test,2022-03-18 00:00:00+00:00,161.250504,157.44633920697763,157.238998,6251
test,2022-03-21 00:00:00+00:00,161.491501,161.463134928398,161.250504,6252
test,2022-03-22 00:00:00+00:00,164.889008,161.70444971603015,161.491501,6253
test,2022-03-23 00:00:00+00:00,163.408005,165.10643679547007,164.889008,6254
test,2022-03-24 00:00:00+00:00,163.649506,163.6234808896804,163.408005,6255
test,2022-03-25 00:00:00+00:00,164.773499,163.86530034190577,163.649506,6256
test,2022-03-28 00:00:00+00:00,168.990494,164.99077548099476,164.773499,6257
test,2022-03-29 00:00:00+00:00,169.315002,169.21333116787426,168.990494,6258
test,2022-03-30 00:00:00+00:00,166.300995,169.53826707622554,169.315002,6259
test,2022-03-31 00:00:00+00:00,162.997498,166.5202856941882,166.300995,6260
test,2022-04-01 00:00:00+00:00,163.559998,163.2124325798404,162.997498,6261
test,2022-04-04 00:00:00+00:00,168.346497,163.77567431331877,163.559998,6262
test,2022-04-05 00:00:00+00:00,164.054993,168.56848496941222,168.346497,6263
test,2022-04-06 00:00:00+00:00,158.755997,164.27132203218656,164.054993,6264
test,2022-04-07 00:00:00+00:00,157.7845,158.96533857843536,158.755997,6265
test,2022-04-08 00:00:00+00:00,154.460495,157.99256052625927,157.7845,6266
test,2022-04-11 00:00:00+00:00,151.121994,154.6641723692978,154.460495,6267
test,2022-04-12 00:00:00+00:00,150.787506,151.32126909737008,151.121994,6268
test,2022-04-13 00:00:00+00:00,155.541,150.98634002901858,150.787506,6269
test,2022-04-14 00:00:00+00:00,151.706497,155.74610216348813,155.541,6270
test,2022-04-18 00:00:00+00:00,152.785004,151.90654284482488,151.706497,6271
test,2022-04-19 00:00:00+00:00,158.115494,152.98647200437787,152.785004,6272
test,2022-04-20 00:00:00+00:00,153.998001,158.32399098729206,158.115494,6273
test,2022-04-21 00:00:00+00:00,148.296005,154.20106850746072,153.998001,6274
test,2022-04-22 00:00:00+00:00,144.350006,148.49155364287967,148.296005,6275
test,2022-04-25 00:00:00+00:00,146.074005,144.5403513014326,144.350006,6276
test,2022-04-26 00:00:00+00:00,139.391006,146.26662363081036,146.074005,6277
test,2022-04-27 00:00:00+00:00,138.167007,139.5748121790871,139.391006,6278
test,2022-04-28 00:00:00+00:00,144.596497,138.3491991683568,138.167007,6279
test,2022-04-29 00:00:00+00:00,124.281502,144.78716733365803,144.596497,6280
test,2022-05-02 00:00:00+00:00,124.5,124.44538422360506,124.281502,6281
test,2022-05-03 00:00:00+00:00,124.253502,124.66417034321672,124.5,6282
test,2022-05-04 00:00:00+00:00,125.928497,124.4173473017608,124.253502,6283
test,2022-05-05 00:00:00+00:00,116.406998,126.09455101263659,125.928497,6284
test,2022-05-06 00:00:00+00:00,114.772499,116.56049660895171,116.406998,6285
test,2022-05-09 00:00:00+00:00,108.789001,114.92384229761181,114.772499,6286
test,2022-05-10 00:00:00+00:00,108.859001,108.93245423399497,108.789001,6287
test,2022-05-11 00:00:00+00:00,105.372002,109.00254653860563,108.859001,6288
test,2022-05-12 00:00:00+00:00,106.930496,105.5109494516769,105.372002,6289
test,2022-05-13 00:00:00+00:00,113.055,107.0714985399892,106.930496,6290
test,2022-05-16 00:00:00+00:00,110.810501,113.20407853937644,113.055,6291
test,2022-05-17 00:00:00+00:00,115.3685,110.95661985928665,110.810501,6292
test,2022-05-18 00:00:00+00:00,107.112503,115.52062920675822,115.3685,6293
test,2022-05-19 00:00:00+00:00,107.319,107.25374554120734,107.112503,6294
test,2022-05-20 00:00:00+00:00,107.591003,107.46051483585282,107.319,6295
test,2022-05-23 00:00:00+00:00,107.556999,107.73287650915294,107.591003,6296
test,2022-05-24 00:00:00+00:00,104.099998,107.69882767021038,107.556999,6297
test,2022-05-25 00:00:00+00:00,106.775002,104.23726813976322,104.099998,6298
test,2022-05-26 00:00:00+00:00,111.077499,106.91579949980165,106.775002,6299
test,2022-05-27 00:00:00+00:00,115.1465,111.22396993280711,111.077499,6300
test,2022-05-31 00:00:00+00:00,120.209503,115.29833646927875,115.1465,6301
test,2022-06-01 00:00:00+00:00,121.683998,120.36801573385881,120.209503,6302
test,2022-06-02 00:00:00+00:00,125.511002,121.84445505795698,121.683998,6303
test,2022-06-03 00:00:00+00:00,122.349998,125.67650548815917,125.511002,6304
test,2022-06-06 00:00:00+00:00,124.790001,122.51133327039538,122.349998,6305
test,2022-06-07 00:00:00+00:00,123.0,124.9545537493509,124.790001,6306
test,2022-06-08 00:00:00+00:00,121.18,123.16219238727436,123.0,6307
test,2022-06-09 00:00:00+00:00,116.150002,121.33979246739761,121.18,6308
test,2022-06-10 00:00:00+00:00,109.650002,116.30316172444147,116.150002,6309
test,2022-06-13 00:00:00+00:00,103.669998,109.79459058202454,109.650002,6310
test,2022-06-14 00:00:00+00:00,102.309998,103.8067011257264,103.669998,6311
test,2022-06-15 00:00:00+00:00,107.669998,102.4449077790053,102.309998,6312
test,2022-06-16 00:00:00+00:00,103.660004,107.81197567490607,107.669998,6313
test,2022-06-17 00:00:00+00:00,106.220001,103.79669394726528,103.660004,6314
test,2022-06-21 00:00:00+00:00,108.68,106.36006665478433,106.220001,6315
test,2022-06-22 00:00:00+00:00,108.949997,108.8233095012112,108.68,6316
test,2022-06-23 00:00:00+00:00,112.440002,109.0936625293249,108.949997,6317
test,2022-06-24 00:00:00+00:00,116.459999,112.58826958007735,112.440002,6318
test,2022-06-27 00:00:00+00:00,113.220001,116.61356749804698,116.459999,6319
test,2022-06-28 00:00:00+00:00,107.400002,113.36929711584874,113.220001,6320
test,2022-06-29 00:00:00+00:00,108.919998,107.54162364811098,107.400002,6321
test,2022-06-30 00:00:00+00:00,106.209999,109.0636239715247,108.919998,6322
test,2022-07-01 00:00:00+00:00,109.559998,106.35005146577411,106.209999,6323
test,2022-07-05 00:00:00+00:00,113.5,109.70446789939344,109.559998,6324
test,2022-07-06 00:00:00+00:00,114.330002,113.64966533297267,113.5,6325
test,2022-07-07 00:00:00+00:00,116.330002,114.48076180456472,114.330002,6326
test,2022-07-08 00:00:00+00:00,115.540001,116.48339907915455,116.330002,6327
test,2022-07-11 00:00:00+00:00,111.75,115.69235635437293,115.540001,6328
test,2022-07-12 00:00:00+00:00,109.220001,111.89735771770658,111.75,6329
test,2022-07-13 00:00:00+00:00,110.400002,109.36402256666908,109.220001,6330
test,2022-07-14 00:00:00+00:00,110.629997,110.54557955999572,110.400002,6331
test,2022-07-15 00:00:00+00:00,113.550003,110.77587783998037,110.629997,6332
test,2022-07-18 00:00:00+00:00,113.760002,113.69973426879334,113.550003,6333
test,2022-07-19 00:00:00+00:00,118.209999,113.91001018130663,113.760002,6334
test,2022-07-20 00:00:00+00:00,122.769997,118.36587511331308,118.209999,6335
test,2022-07-21 00:00:00+00:00,124.629997,122.93188609674061,122.769997,6336
test,2022-07-22 00:00:00+00:00,122.419998,124.79433876210915,124.629997,6337
test,2022-07-25 00:00:00+00:00,121.139999,122.58142557500604,122.419998,6338
test,2022-07-26 00:00:00+00:00,114.809998,121.29973872058719,121.139999,6339
test,2022-07-27 00:00:00+00:00,120.970001,114.96139074519174,114.809998,6340
test,2022-07-28 00:00:00+00:00,122.279999,121.12951655488432,120.970001,6341
test,2022-07-29 00:00:00+00:00,134.949997,122.44124196710338,122.279999,6342
test,2022-08-01 00:00:00+00:00,135.389999,135.12794709899265,134.949997,6343
test,2022-08-02 00:00:00+00:00,134.160004,135.56852930203968,135.389999,6344
test,2022-08-03 00:00:00+00:00,139.520004,134.33691238476013,134.160004,6345
test,2022-08-04 00:00:00+00:00,142.570007,139.7039802806609,139.520004,6346
test,2022-08-05 00:00:00+00:00,140.800003,142.75800512836628,142.570007,6347
test,2022-08-08 00:00:00+00:00,139.410004,140.98566713507972,140.800003,6348
test,2022-08-09 00:00:00+00:00,137.830002,139.59383523055843,139.410004,6349
test,2022-08-10 00:00:00+00:00,142.690002,138.0117497809952,137.830002,6350
test,2022-08-11 00:00:00+00:00,140.639999,142.87815835824847,142.690002,6351
test,2022-08-12 00:00:00+00:00,143.550003,140.82545214783798,140.639999,6352
test,2022-08-15 00:00:00+00:00,143.179993,143.73929338764074,143.550003,6353
test,2022-08-16 00:00:00+00:00,144.779999,143.36879547865524,143.179993,6354
test,2022-08-17 00:00:00+00:00,142.100006,144.97091130623895,144.779999,6355
test,2022-08-18 00:00:00+00:00,142.300003,142.28738436751902,142.100006,6356
test,2022-08-19 00:00:00+00:00,138.229996,142.4876450910221,142.300003,6357
test,2022-08-22 00:00:00+00:00,133.220001,138.41227122800134,138.229996,6358
test,2022-08-23 00:00:00+00:00,133.619995,133.395669861747,133.220001,6359
test,2022-08-24 00:00:00+00:00,133.800003,133.79619130875312,133.619995,6360
test,2022-08-25 00:00:00+00:00,137.279999,133.97643667401533,133.800003,6361
test,2022-08-26 00:00:00+00:00,130.75,137.46102152652708,137.279999,6362
test,2022-08-29 00:00:00+00:00,129.789993,130.92241182630994,130.75,6363
test,2022-08-30 00:00:00+00:00,128.729996,129.96113892527637,129.789993,6364
test,2022-08-31 00:00:00+00:00,126.769997,128.89974417369964,128.729996,6365
test,2022-09-01 00:00:00+00:00,127.82,126.93716064592027,126.769997,6366
test,2022-09-02 00:00:00+00:00,127.510002,127.98854821903583,127.82,6367
test,2022-09-06 00:00:00+00:00,126.110001,127.67814144411169,127.510002,6368
test,2022-09-07 00:00:00+00:00,129.479996,126.27629435058017,126.110001,6369
test,2022-09-08 00:00:00+00:00,129.820007,129.65073315167083,129.479996,6370
test,2022-09-09 00:00:00+00:00,133.270004,129.99119250285614,129.820007,6371
test,2022-09-12 00:00:00+00:00,136.449997,133.44573879756766,133.270004,6372
test,2022-09-13 00:00:00+00:00,126.82,136.62992505493503,136.449997,6373
test,2022-09-14 00:00:00+00:00,128.550003,126.98722958174092,126.82,6374
test,2022-09-15 00:00:00+00:00,126.279999,128.71951382821703,128.550003,6375
test,2022-09-16 00:00:00+00:00,123.529999,126.44651651628304,126.279999,6376
test,2022-09-19 00:00:00+00:00,124.660004,123.69289026372202,123.529999,6377
test,2022-09-20 00:00:00+00:00,122.190002,124.82438533045845,124.660004,6378
test,2022-09-21 00:00:00+00:00,118.540001,122.35112629370275,122.190002,6379
test,2022-09-22 00:00:00+00:00,117.309998,118.69631226625768,118.540001,6380
test,2022-09-23 00:00:00+00:00,113.779999,117.46468733842902,117.309998,6381
test,2022-09-26 00:00:00+00:00,115.150002,113.93003355009662,113.779999,6382
test,2022-09-27 00:00:00+00:00,114.410004,115.30184308714655,115.150002,6383
test,2022-09-28 00:00:00+00:00,118.010002,114.5608692981856,114.410004,6384
test,2022-09-29 00:00:00+00:00,114.800003,118.16561438981,118.010002,6385
test,2022-09-30 00:00:00+00:00,113.0,114.95138256541198,114.800003,6386
test,2022-10-03 00:00:00+00:00,115.879997,113.14900601432522,113.0,6387
test,2022-10-04 00:00:00+00:00,121.089996,116.03280068577865,115.879997,6388
test,2022-10-05 00:00:00+00:00,120.949997,121.24966978476652,121.089996,6389
test,2022-10-06 00:00:00+00:00,120.300003,121.10948617686387,120.949997,6390
test,2022-10-07 00:00:00+00:00,114.559998,120.458635070534,120.300003,6391
test,2022-10-10 00:00:00+00:00,113.669998,114.711061085868,114.559998,6392
test,2022-10-11 00:00:00+00:00,112.209999,113.81988749867554,113.669998,6393
test,2022-10-12 00:00:00+00:00,112.900002,112.35796328954359,112.209999,6394
test,2022-10-13 00:00:00+00:00,112.529999,113.048876153233,112.900002,6395
test,2022-10-14 00:00:00+00:00,106.900002,112.67838525347797,112.529999,6396
test,2022-10-17 00:00:00+00:00,113.790001,107.04096432946352,106.900002,6397
test,2022-10-18 00:00:00+00:00,116.360001,113.94004873910684,113.790001,6398
test,2022-10-19 00:00:00+00:00,115.07,116.51343763695476,116.360001,6399
test,2022-10-20 00:00:00+00:00,115.25,115.22173559352568,115.07,6400
test,2022-10-21 00:00:00+00:00,119.32,115.40197294823878,115.25,6401
test,2022-10-24 00:00:00+00:00,119.82,119.47733980202906,119.32,6402
test,2022-10-25 00:00:00+00:00,120.599998,119.97799912067651,119.82,6403
test,2022-10-26 00:00:00+00:00,115.660004,120.75902565512929,120.599998,6404
test,2022-10-27 00:00:00+00:00,110.959999,115.81251759480423,115.660004,6405
test,2022-10-28 00:00:00+00:00,103.410004,111.10631499292495,110.959999,6406
test,2022-10-31 00:00:00+00:00,102.440002,103.54636428794154,103.410004,6407
test,2022-11-01 00:00:00+00:00,96.790001,102.57508320712822,102.440002,6408
test,2022-11-02 00:00:00+00:00,92.120003,96.91763190509332,96.790001,6409
test,2022-11-03 00:00:00+00:00,89.300003,92.24147587156334,92.120003,6410
test,2022-11-04 00:00:00+00:00,90.980003,89.41775731439168,89.300003,6411
test,2022-11-07 00:00:00+00:00,90.529999,91.09997262504713,90.980003,6412
test,2022-11-08 00:00:00+00:00,89.980003,90.64937523298988,90.529999,6413
test,2022-11-09 00:00:00+00:00,86.139999,90.09865398775221,89.980003,6414
test,2022-11-10 00:00:00+00:00,96.629997,86.2535864152652,86.139999,6415
test,2022-11-11 00:00:00+00:00,100.790001,96.75741691785157,96.629997,6416
test,2022-11-14 00:00:00+00:00,98.489998,100.92290645427296,100.790001,6417
test,2022-11-15 00:00:00+00:00,98.940002,98.61987058453875,98.489998,6418
test,2022-11-16 00:00:00+00:00,97.120003,99.07046797659602,98.940002,6419
test,2022-11-17 00:00:00+00:00,94.849998,97.2480690580379,97.120003,6420
test,2022-11-18 00:00:00+00:00,94.139999,94.97507074478527,94.849998,6421
test,2022-11-21 00:00:00+00:00,92.459999,94.26413551362452,94.139999,6422
test,2022-11-22 00:00:00+00:00,93.199997,92.58192020296906,92.459999,6423
test,2022-11-23 00:00:00+00:00,94.129997,93.32289399193002,93.199997,6424
test,2022-11-25 00:00:00+00:00,93.410004,94.25412032461429,94.129997,6425
test,2022-11-28 00:00:00+00:00,93.949997,93.53317791499241,93.410004,6426
test,2022-11-29 00:00:00+00:00,92.419998,94.0738829699012,93.949997,6427
test,2022-11-30 00:00:00+00:00,96.540001,92.54186645615863,92.419998,6428
test,2022-12-01 00:00:00+00:00,95.5,96.66730224576959,96.540001,6429
test,2022-12-02 00:00:00+00:00,94.129997,95.62592986166423,95.5,6430
test,2022-12-05 00:00:00+00:00,91.010002,94.25412032461429,94.129997,6431
test,2022-12-06 00:00:00+00:00,88.25,91.13001118284734,91.010002,6432
test,2022-12-07 00:00:00+00:00,88.459999,88.36636974127612,88.25,6433
test,2022-12-08 00:00:00+00:00,90.349998,88.5766456537894,88.459999,6434
test,2022-12-09 00:00:00+00:00,89.089996,90.46913687695816,90.349998,6435
test,2022-12-12 00:00:00+00:00,90.550003,89.20747339132929,89.089996,6436
test,2022-12-13 00:00:00+00:00,92.489998,90.66940561101033,90.550003,6437
test,2022-12-14 00:00:00+00:00,91.580002,92.61195876076927,92.489998,6438
test,2022-12-15 00:00:00+00:00,88.449997,91.70076280610544,91.580002,6439
test,2022-12-16 00:00:00+00:00,87.860001,88.56663046477918,88.449997,6440
test,2022-12-19 00:00:00+00:00,84.919998,87.97585647404973,87.860001,6441
test,2022-12-20 00:00:00+00:00,85.190002,85.03197667644677,84.919998,6442
test,2022-12-21 00:00:00+00:00,86.769997,85.30233671379095,85.190002,6443
test,2022-12-22 00:00:00+00:00,83.790001,86.88441515412373,86.769997,6444
test,2022-12-23 00:00:00+00:00,85.25,83.90048962025944,83.790001,6445
test,2022-12-27 00:00:00+00:00,83.040001,85.36241382939137,85.25,6446
test,2022-12-28 00:00:00+00:00,81.82,83.14950064228826,83.040001,6447
test,2022-12-29 00:00:00+00:00,84.18,81.92789090346982,81.82,6448
test,2022-12-30 00:00:00+00:00,84.0,84.29100288748582,84.18,6449
test,2023-01-03 00:00:00+00:00,85.82,84.11076553277273,84.0,6450
test,2023-01-04 00:00:00+00:00,85.139999,85.93316545264946,85.82,6451
test,2023-01-05 00:00:00+00:00,83.120003,85.25226777797029,85.139999,6452
test,2023-01-06 00:00:00+00:00,86.080002,83.22960813590912,83.120003,6453
test,2023-01-09 00:00:00+00:00,87.360001,86.19351030098342,86.080002,6454
test,2023-01-10 00:00:00+00:00,89.870003,87.47519715540227,87.360001,6455
test,2023-01-11 00:00:00+00:00,95.089996,89.98850893764978,89.870003,6456
test,2023-01-12 00:00:00+00:00,95.269997,95.21538521509876,95.089996,6457
test,2023-01-13 00:00:00+00:00,98.120003,95.3956235711305,95.269997,6458
test,2023-01-17 00:00:00+00:00,96.050003,98.24938769533281,98.120003,6459
test,2023-01-18 00:00:00+00:00,95.459999,96.17665811613234,96.050003,6460
test,2023-01-19 00:00:00+00:00,93.68,95.58587611485379,95.459999,6461
test,2023-01-20 00:00:00+00:00,97.25,93.8035299417875,93.68,6462
test,2023-01-23 00:00:00+00:00,97.519997,97.37823747693034,97.25,6463
test,2023-01-24 00:00:00+00:00,96.32,97.64859050504406,97.519997,6464
test,2023-01-25 00:00:00+00:00,97.18,96.44701114424606,96.32,6465
test,2023-01-26 00:00:00+00:00,99.220001,97.3081451723197,97.18,6466
test,2023-01-27 00:00:00+00:00,102.239998,99.35083619371994,99.220001,6467
test,2023-01-30 00:00:00+00:00,100.550003,102.37481547439468,102.239998,6468
test,2023-01-31 00:00:00+00:00,103.129997,100.68259198395947,100.550003,6469
test,2023-02-01 00:00:00+00:00,105.150002,103.26598806026851,103.129997,6470
test,2023-02-02 00:00:00+00:00,112.910004,105.28865671419743,105.150002,6471
test,2023-02-03 00:00:00+00:00,103.389999,113.05889134224323,112.910004,6472
test,2023-02-06 00:00:00+00:00,102.18,103.52633290860247,103.389999,6473
test,2023-02-07 00:00:00+00:00,102.110001,102.31473835879426,102.18,6474
test,2023-02-08 00:00:00+00:00,100.050003,102.24464705550224,102.110001,6475
test,2023-02-09 00:00:00+00:00,98.239998,100.181932665312,100.050003,6476
test,2023-02-10 00:00:00+00:00,97.610001,98.36954092521502,98.239998,6477
test,2023-02-13 00:00:00+00:00,99.540001,97.73871318767513,97.610001,6478
test,2023-02-14 00:00:00+00:00,99.699997,99.67125815765432,99.540001,6479
test,2023-02-15 00:00:00+00:00,101.160004,99.83146513434696,99.699997,6480
test,2023-02-16 00:00:00+00:00,98.150002,101.29339735402799,101.160004,6481
test,2023-02-17 00:00:00+00:00,97.199997,98.27942625313302,98.150002,6482
test,2023-02-21 00:00:00+00:00,94.580002,97.32816854110968,97.199997,6483
test,2023-02-22 00:00:00+00:00,95.790001,94.70471871799018,94.580002,6484
test,2023-02-23 00:00:00+00:00,95.82,95.9163132677984,95.790001,6485
test,2023-02-24 00:00:00+00:00,93.5,95.9463518255986,95.82,6486
test,2023-02-27 00:00:00+00:00,93.760002,93.6232925870744,93.5,6487
test,2023-02-28 00:00:00+00:00,94.230003,93.88363743540836,93.760002,6488
test,2023-03-01 00:00:00+00:00,92.169998,94.3542581962556,94.230003,6489
test,2023-03-02 00:00:00+00:00,92.129997,92.2915367968349,92.169998,6490
test,2023-03-03 00:00:00+00:00,94.900002,92.25148305002446,92.129997,6491
test,2023-03-06 00:00:00+00:00,93.75,95.02514068192455,94.900002,6492
test,2023-03-07 00:00:00+00:00,93.550003,93.87362224639813,93.75,6493
test,2023-03-08 00:00:00+00:00,93.919998,93.67336152289506,93.550003,6494
test,2023-03-09 00:00:00+00:00,92.25,94.04384441210101,93.919998,6495
test,2023-03-10 00:00:00+00:00,90.730003,92.37164429045576,92.25,6496
test,2023-03-13 00:00:00+00:00,92.43,90.8496429657234,90.730003,6497
test,2023-03-14 00:00:00+00:00,94.879997,92.55188164516886,92.43,6498
test,2023-03-15 00:00:00+00:00,96.199997,95.00510930258548,94.879997,6499
test,2023-03-16 00:00:00+00:00,100.040001,96.32684990381476,96.199997,6500
test,2023-03-17 00:00:00+00:00,98.949997,100.17191747630179,100.040001,6501
test,2023-03-20 00:00:00+00:00,97.709999,99.08047615637577,98.949997,6502
test,2023-03-21 00:00:00+00:00,100.610001,97.83884304876734,97.709999,6503
test,2023-03-22 00:00:00+00:00,98.699997,100.74266909955988,100.610001,6504
test,2023-03-23 00:00:00+00:00,98.709999,98.83014649705204,98.699997,6505
test,2023-03-24 00:00:00+00:00,98.129997,98.84016168606226,98.709999,6506
test,2023-03-27 00:00:00+00:00,98.040001,98.25939487379395,98.129997,6507
test,2023-03-28 00:00:00+00:00,97.239998,98.16928020171196,98.040001,6508
test,2023-03-29 00:00:00+00:00,100.25,97.3682222879201,97.239998,6509
test,2023-03-30 00:00:00+00:00,102.0,100.38219338881507,100.25,6510
test,2023-03-31 00:00:00+00:00,103.290001,102.13450100408117,102.0,6511
test,2023-04-03 00:00:00+00:00,102.410004,103.42620304751026,103.290001,6512
test,2023-04-04 00:00:00+00:00,103.949997,102.54504565064663,102.410004,6513
test,2023-04-05 00:00:00+00:00,101.099998,104.08706934285034,103.949997,6514
test,2023-04-06 00:00:00+00:00,102.059998,101.23331222787847,101.099998,6515
test,2023-04-10 00:00:00+00:00,102.169998,102.19457811968158,102.059998,6516
test,2023-04-11 00:00:00+00:00,99.919998,102.30472316978404,102.169998,6517
test,2023-04-12 00:00:00+00:00,97.830002,100.05175623587049,99.919998,6518
test,2023-04-13 00:00:00+00:00,102.400002,97.95900428919865,97.830002,6519
test,2023-04-14 00:00:00+00:00,102.510002,102.53503046163641,102.400002,6520
test,2023-04-17 00:00:00+00:00,102.739998,102.64517551173886,102.510002,6521
test,2023-04-18 00:00:00+00:00,102.300003,102.87547479304213,102.739998,6522
test,2023-04-19 00:00:00+00:00,104.300003,102.43489959922556,102.300003,6523
test,2023-04-20 00:00:00+00:00,103.809998,104.43753687381539,104.300003,6524
test,2023-04-21 00:00:00+00:00,106.959999,103.94688573494768,103.809998,6525
test,2023-04-24 00:00:00+00:00,106.209999,107.1010404437453,106.959999,6526
test,2023-04-25 00:00:00+00:00,102.57,106.35005146577411,106.209999,6527
test,2023-04-26 00:00:00+00:00,104.980003,102.70525262733926,102.57,6528
test,2023-04-27 00:00:00+00:00,109.82,105.11843354717593,104.980003,6529
test,2023-04-28 00:00:00+00:00,105.449997,109.9648127477274,109.82,6530
test,2023-05-01 00:00:00+00:00,102.050003,105.5890472987927,105.449997,6531
test,2023-05-02 00:00:00+00:00,103.629997,102.18456993990183,102.050003,6532
test,2023-05-03 00:00:00+00:00,103.650002,103.76664737891598,103.629997,6533
test,2023-05-04 00:00:00+00:00,104.0,103.78667875825505,103.650002,6534
test,2023-05-05 00:00:00+00:00,105.660004,104.137138278671,104.0,6535
test,2023-05-08 00:00:00+00:00,105.830002,105.7993312218551,105.660004,6536
test,2023-05-09 00:00:00+00:00,106.620003,105.96955338755795,105.830002,6537
test,2023-05-10 00:00:00+00:00,110.190002,106.76059611233958,106.620003,6538
test,2023-05-11 00:00:00+00:00,112.18,110.3353026461638,110.190002,6539
test,2023-05-12 00:00:00+00:00,110.260002,112.3279247317434,112.18,6540
test,2023-05-15 00:00:00+00:00,111.199997,110.40539495077444,110.260002,6541
test,2023-05-16 00:00:00+00:00,113.400002,111.34662946323846,111.199997,6542
test,2023-05-17 00:00:00+00:00,115.5,113.54953547188046,113.400002,6543
test,2023-05-18 00:00:00+00:00,118.150002,115.6523026075625,115.5,6544
test,2023-05-19 00:00:00+00:00,116.25,118.3057989990313,118.150002,6545
test,2023-05-22 00:00:00+00:00,115.010002,116.4032915855337,116.25,6546
test,2023-05-23 00:00:00+00:00,114.989998,115.16165847792527,115.010002,6547
test,2023-05-24 00:00:00+00:00,116.75,115.14162809990482,114.989998,6548
test,2023-05-25 00:00:00+00:00,115.0,116.90395090418114,116.75,6549
test,2023-05-26 00:00:00+00:00,120.110001,115.15164328891504,115.0,6550
test,2023-05-30 00:00:00+00:00,121.660004,120.26838252681068,120.110001,6551
test,2023-05-31 00:00:00+00:00,120.580002,121.82042941857372,121.660004,6552
test,2023-06-01 00:00:00+00:00,122.769997,120.73900328765794,120.580002,6553
test,2023-06-02 00:00:00+00:00,124.25,122.93188609674061,122.769997,6554
test,2023-06-05 00:00:00+00:00,125.300003,124.413840683893,124.25,6555
test,2023-06-06 00:00:00+00:00,126.610001,125.46522825700858,125.300003,6556
test,2023-06-07 00:00:00+00:00,121.230003,126.77695366922762,126.610001,6557
test,2023-06-08 00:00:00+00:00,124.25,121.38986140321826,121.230003,6558
test,2023-06-09 00:00:00+00:00,123.43,124.413840683893,124.25,6559
test,2023-06-12 00:00:00+00:00,126.57,123.59275940131117,123.43,6560
test,2023-06-13 00:00:00+00:00,126.660004,126.73689992241718,126.57,6561
test,2023-06-14 00:00:00+00:00,126.419998,126.82702260504828,126.660004,6562
test,2023-06-15 00:00:00+00:00,127.110001,126.58670012418568,126.419998,6563
test,2023-06-16 00:00:00+00:00,125.489998,127.27761298787509,127.110001,6564
test,2023-06-20 00:00:00+00:00,125.779999,125.65547379150141,125.489998,6565
test,2023-06-21 00:00:00+00:00,124.830002,125.94585719763558,125.779999,6566
test,2023-06-22 00:00:00+00:00,130.149994,124.99460749616131,124.830002,6567
test,2023-06-23 00:00:00+00:00,129.330002,130.32161463602117,130.149994,6568
test,2023-06-26 00:00:00+00:00,127.330002,129.50054136398845,129.330002,6569
test,2023-06-27 00:00:00+00:00,129.179993,127.4979040893986,127.330002,6570
test,2023-06-28 00:00:00+00:00,129.039993,129.35033455652646,129.179993,6571
test,2023-06-29 00:00:00+00:00,127.900002,129.21014994730518,129.039993,6572
test,2023-06-30 00:00:00+00:00,130.360001,128.0686557126567,127.900002,6573
test,2023-07-03 00:00:00+00:00,130.220001,130.53189855908357,130.360001,6574
test,2023-07-05 00:00:00+00:00,130.380005,130.39171394986226,130.220001,6575
test,2023-07-06 00:00:00+00:00,128.360001,130.551928937104,130.380005,6576
test,2023-07-07 00:00:00+00:00,129.779999,128.52926128449374,128.360001,6577
test,2023-07-10 00:00:00+00:00,127.129997,129.95113174681524,129.779999,6578
test,2023-07-11 00:00:00+00:00,128.779999,127.29763535534644,127.129997,6579
test,2023-07-12 00:00:00+00:00,130.800003,128.9498131095203,128.779999,6580
test,2023-07-13 00:00:00+00:00,134.300003,130.9724807621306,130.800003,6581
test,2023-07-14 00:00:00+00:00,134.679993,134.47709599266278,134.300003,6582
test,2023-07-17 00:00:00+00:00,133.559998,134.85758706164847,134.679993,6583
test,2023-07-18 00:00:00+00:00,132.830002,133.73611519447138,133.559998,6584
test,2023-07-19 00:00:00+00:00,135.360001,133.00515659452063,132.830002,6585
test,2023-07-20 00:00:00+00:00,129.960007,135.53849174555813,135.360001,6586
test,2023-07-21 00:00:00+00:00,130.0,130.1313771120774,129.960007,6587
test,2023-07-24 00:00:00+00:00,128.800003,130.17142284833875,130.0,6588
test,2023-07-25 00:00:00+00:00,129.130005,128.96984348754077,128.800003,6589
test,2023-07-26 00:00:00+00:00,128.149994,129.30028064048537,129.130005,6590
test,2023-07-27 00:00:00+00:00,128.25,128.31897736143134,128.149994,6591
test,2023-07-28 00:00:00+00:00,132.210007,128.41911523307266,128.25,6592
test,2023-07-31 00:00:00+00:00,133.679993,132.38434404599096,132.210007,6593
test,2023-08-01 00:00:00+00:00,131.690002,133.85626842435357,133.679993,6594
test,2023-08-02 00:00:00+00:00,128.210007,131.86365334800442,131.690002,6595
test,2023-08-03 00:00:00+00:00,128.910004,128.3790694968113,128.210007,6596
test,2023-08-04 00:00:00+00:00,139.570007,129.07998953896183,128.910004,6597
test,2023-08-07 00:00:00+00:00,142.220001,139.75404921648155,139.570007,6598
test,2023-08-08 00:00:00+00:00,139.940002,142.40753759740122,142.220001,6599
test,2023-08-09 00:00:00+00:00,137.850006,140.12453210568745,139.940002,6600
test,2023-08-10 00:00:00+00:00,138.559998,138.03178015901565,137.850006,6601
test,2023-08-11 00:00:00+00:00,138.410004,138.74270838094594,138.559998,6602
test,2023-08-14 00:00:00+00:00,140.570007,138.5925165932635,138.410004,6603
test,2023-08-15 00:00:00+00:00,137.669998,140.75536785377645,140.570007,6604
test,2023-08-16 00:00:00+00:00,135.070007,137.85153479375344,137.669998,6605
test,2023-08-17 00:00:00+00:00,133.979996,135.24811534865444,135.070007,6606
test,2023-08-18 00:00:00+00:00,133.220001,134.15666701949795,133.979996,6607
test,2023-08-21 00:00:00+00:00,134.679993,133.395669861747,133.220001,6608
test,2023-08-22 00:00:00+00:00,134.25,134.85758706164847,134.679993,6609
test,2023-08-23 00:00:00+00:00,135.520004,134.42702705684212,134.25,6610
test,2023-08-24 00:00:00+00:00,131.839996,135.69870573148123,135.520004,6611
test,2023-08-25 00:00:00+00:00,133.259995,132.01384513568686,131.839996,6612
test,2023-08-28 00:00:00+00:00,133.139999,133.43571659932698,133.259995,6613
test,2023-08-29 00:00:00+00:00,134.910004,133.31556236812614,133.139999,6614
test,2023-08-30 00:00:00+00:00,135.070007,135.08790136273132,134.910004,6615
test,2023-08-31 00:00:00+00:00,138.009995,135.24811534865444,135.070007,6616
test,2023-09-01 00:00:00+00:00,138.119995,138.19198012647783,138.009995,6617
test,2023-09-05 00:00:00+00:00,137.270004,138.30212517658023,138.119995,6618
test,2023-09-06 00:00:00+00:00,135.360001,137.45101334674732,137.270004,6619
test,2023-09-07 00:00:00+00:00,137.850006,135.53849174555813,135.360001,6620
test,2023-09-08 00:00:00+00:00,138.229996,138.03178015901565,137.850006,6621
test,2023-09-11 00:00:00+00:00,143.100006,138.41227122800134,138.229996,6622
test,2023-09-12 00:00:00+00:00,141.229996,143.28870300481395,143.100006,6623
test,2023-09-13 00:00:00+00:00,144.850006,141.41622713988608,141.229996,6624
test,2023-09-14 00:00:00+00:00,144.720001,145.04101062008004,144.850006,6625
test,2023-09-15 00:00:00+00:00,140.389999,144.9108341906385,144.720001,6626
test,2023-09-18 00:00:00+00:00,139.979996,140.57512248851424,140.389999,6627
test,2023-09-19 00:00:00+00:00,137.630005,140.16457884326744,139.979996,6628
test,2023-09-20 00:00:00+00:00,135.289993,137.81148905749214,137.630005,6629
test,2023-09-21 00:00:00+00:00,129.330002,135.46839143039838,135.289993,6630
test,2023-09-22 00:00:00+00:00,129.119995,129.50054136398845,129.330002,6631
test,2023-09-25 00:00:00+00:00,131.270004,129.290257440926,129.119995,6632
test,2023-09-26 00:00:00+00:00,125.980003,131.44310152297783,131.270004,6633
test,2023-09-27 00:00:00+00:00,125.980003,126.1461249303691,125.980003,6634
test,2023-09-28 00:00:00+00:00,125.980003,126.1461249303691,125.980003,6635
test,2023-09-29 00:00:00+00:00,127.120003,126.1461249303691,125.980003,6636
test,2023-10-02 00:00:00+00:00,129.460007,127.2876281768853,127.120003,6637
test,2023-10-03 00:00:00+00:00,124.720001,129.63071779342994,129.460007,6638
test,2023-10-04 00:00:00+00:00,127.0,124.88446144474024,124.720001,6639
test,2023-10-05 00:00:00+00:00,125.959999,127.167466936454,127.0,6640
test,2023-10-06 00:00:00+00:00,127.959999,126.12609455234866,125.959999,6641
test,2023-10-09 00:00:00+00:00,128.259995,128.1287318269385,127.959999,6642
test,2023-10-10 00:00:00+00:00,129.479996,128.42912341285242,128.259995,6643
test,2023-10-11 00:00:00+00:00,131.830002,129.65073315167083,129.479996,6644
test,2023-10-12 00:00:00+00:00,132.330002,132.00383795722573,131.830002,6645
test,2023-10-13 00:00:00+00:00,129.789993,132.50449727587318,132.330002,6646
test,2023-10-16 00:00:00+00:00,132.550003,129.96113892527637,129.789993,6647
test,2023-10-17 00:00:00+00:00,131.470001,132.7247883773967,132.550003,6648
test,2023-10-18 00:00:00+00:00,128.130005,131.6433622464809,131.470001,6649
test,2023-10-19 00:00:00+00:00,128.399994,128.29896200319047,128.130005,6650
test,2023-10-20 00:00:00+00:00,125.169998,128.56930702075505,128.399994,6651
test,2023-10-23 00:00:00+00:00,126.559998,125.33505182756704,125.169998,6652
test,2023-10-24 00:00:00+00:00,128.559998,126.72688473340696,126.559998,6653
test,2023-10-25 00:00:00+00:00,121.389999,128.7295220079968,128.559998,6654
test,2023-10-26 00:00:00+00:00,119.57,121.55006837991091,121.389999,6655
test,2023-10-27 00:00:00+00:00,127.739998,119.72766946135279,119.57,6656
test,2023-10-30 00:00:00+00:00,132.710007,127.90844072541496,127.739998,6657
test,2023-10-31 00:00:00+00:00,133.089996,132.8850033646384,132.710007,6658
test,2023-11-01 00:00:00+00:00,137.0,133.2654934323055,133.089996,6659
test,2023-11-02 00:00:00+00:00,138.070007,137.18065330940314,137.0,6660
test,2023-11-03 00:00:00+00:00,138.600006,138.25207126053917,138.070007,6661
test,2023-11-06 00:00:00+00:00,139.740005,138.78276913698684,138.600006,6662
test,2023-11-07 00:00:00+00:00,142.710007,139.9242713821844,139.740005,6663
test,2023-11-08 00:00:00+00:00,142.080002,142.89818973758756,142.710007,6664
test,2023-11-09 00:00:00+00:00,140.600006,142.2673539894986,142.080002,6665
test,2023-11-10 00:00:00+00:00,143.559998,140.78540641157667,140.600006,6666
test,2023-11-13 00:00:00+00:00,142.589996,143.7493015674205,143.559998,6667
test,2023-11-14 00:00:00+00:00,145.800003,142.77802048660718,142.589996,6668
test,2023-11-15 00:00:00+00:00,143.199997,145.99226032155428,145.800003,6669
test,2023-11-16 00:00:00+00:00,142.830002,143.38882585667568,143.199997,6670
test,2023-11-17 00:00:00+00:00,145.179993,143.01834296746978,142.830002,6671
test,2023-11-20 00:00:00+00:00,146.130005,145.37143275324507,145.179993,6672
test,2023-11-21 00:00:00+00:00,143.899994,146.3226974744989,146.130005,6673
test,2023-11-22 00:00:00+00:00,146.710007,144.0897458988262,143.899994,6674
test,2023-11-24 00:00:00+00:00,146.740005,146.9034642867672,146.710007,6675
test,2023-11-27 00:00:00+00:00,147.729996,146.9335018432488,146.740005,6676
test,2023-11-28 00:00:00+00:00,147.029999,147.92479828230302,147.729996,6677
test,2023-11-29 00:00:00+00:00,146.320007,147.2238782401525,147.029999,6678
test,2023-11-30 00:00:00+00:00,146.089996,146.5129500182222,146.320007,6679
test,2023-12-01 00:00:00+00:00,147.029999,146.28263571713936,146.089996,6680
test,2023-12-04 00:00:00+00:00,144.839996,147.2238782401525,147.029999,6681
test,2023-12-05 00:00:00+00:00,146.880005,145.03098742052072,144.839996,6682
