timestamp,Open,High,Low,Close,Adj Close,Volume,target,log_return,model_target
1997-05-16 00:00:00+00:00,0.098438,0.098958,0.085417,0.086458,0.086458,294000000,0.086458,-0.1244614341520497,-0.1244614341520497
1997-05-19 00:00:00+00:00,0.088021,0.088542,0.08125,0.085417,0.085417,122136000,0.085417,-0.012113602671815852,-0.012113602671815852
1997-05-20 00:00:00+00:00,0.086458,0.0875,0.081771,0.081771,0.081771,109344000,0.081771,-0.043622486692816986,-0.043622486692816986
1997-05-21 00:00:00+00:00,0.081771,0.082292,0.06875,0.071354,0.071354,377064000,0.071354,-0.13626925350381774,-0.13626925350381774
1997-05-22 00:00:00+00:00,0.071875,0.072396,0.065625,0.069792,0.069792,235536000,0.069792,-0.02213401400006484,-0.02213401400006484
1997-05-23 00:00:00+00:00,0.070313,0.076042,0.066667,0.075,0.075,318744000,0.075,0.07196872351709172,0.07196872351709172
1997-05-27 00:00:00+00:00,0.075521,0.082292,0.072917,0.079167,0.079167,173952000,0.079167,0.054071431787727366,0.054071431787727366
1997-05-28 00:00:00+00:00,0.08125,0.081771,0.076563,0.076563,0.076563,91488000,0.076563,-0.033445613994071026,-0.033445613994071026
1997-05-29 00:00:00+00:00,0.077083,0.077083,0.073958,0.07526,0.07526,69456000,0.07526,-0.017165146164675633,-0.017165146164675633
1997-05-30 00:00:00+00:00,0.075,0.075521,0.073958,0.075,0.075,51888000,0.075,-0.0034606716289806803,-0.0034606716289806803
1997-06-02 00:00:00+00:00,0.075521,0.076563,0.075,0.075521,0.075521,11832000,0.075521,0.006922649738690523,0.006922649738690523
1997-06-03 00:00:00+00:00,0.076563,0.076563,0.073958,0.073958,0.073958,23664000,0.073958,-0.020913398765840543,-0.020913398765840543
1997-06-04 00:00:00+00:00,0.073958,0.074479,0.069792,0.070833,0.070833,61608000,0.070833,-0.043172370706224115,-0.043172370706224115
1997-06-05 00:00:00+00:00,0.070833,0.077083,0.06875,0.077083,0.077083,113448000,0.077083,0.08455776958781462,0.08455776958781462
1997-06-06 00:00:00+00:00,0.075781,0.085417,0.075521,0.082813,0.082813,156144000,0.082813,0.07170229050741263,0.07170229050741263
1997-06-09 00:00:00+00:00,0.082813,0.085417,0.082813,0.084375,0.084375,47040000,0.084375,0.018686095294530615,0.018686095294530615
1997-06-10 00:00:00+00:00,0.085417,0.085417,0.076563,0.079167,0.079167,109176000,0.079167,-0.06371160386865617,-0.06371160386865617
1997-06-11 00:00:00+00:00,0.079688,0.080208,0.076563,0.077083,0.077083,23760000,0.077083,-0.026676781933287114,-0.026676781933287114
1997-06-12 00:00:00+00:00,0.079167,0.082292,0.077604,0.080208,0.080208,32640000,0.080208,0.03974049713039707,0.03974049713039707
1997-06-13 00:00:00+00:00,0.08125,0.08125,0.079167,0.079167,0.079167,13872000,0.079167,-0.013063715197109799,-0.013063715197109799
1997-06-16 00:00:00+00:00,0.080208,0.080208,0.078125,0.078646,0.078646,18264000,0.078646,-0.006602775345751191,-0.006602775345751191
1997-06-17 00:00:00+00:00,0.079948,0.079948,0.07474,0.07526,0.07526,94128000,0.07526,-0.04400798481299548,-0.04400798481299548
1997-06-18 00:00:00+00:00,0.076042,0.076823,0.075,0.075521,0.075521,49296000,0.075521,0.00346197810970965,0.00346197810970965
1997-06-19 00:00:00+00:00,0.075521,0.076563,0.075,0.075521,0.075521,20064000,0.075521,0.0,0.0
1997-06-20 00:00:00+00:00,0.076563,0.077604,0.075,0.076302,0.076302,67752000,0.076302,0.01028838699166383,0.01028838699166383
1997-06-23 00:00:00+00:00,0.077083,0.077083,0.073958,0.075,0.075,20952000,0.075,-0.01721103673035425,-0.01721103673035425
1997-06-24 00:00:00+00:00,0.07526,0.076302,0.073958,0.075521,0.075521,15024000,0.075521,0.006922649738690523,0.006922649738690523
1997-06-25 00:00:00+00:00,0.076302,0.076302,0.074479,0.075521,0.075521,42120000,0.075521,0.0,0.0
1997-06-26 00:00:00+00:00,0.076042,0.076042,0.07526,0.075521,0.075521,63792000,0.075521,0.0,0.0
1997-06-27 00:00:00+00:00,0.075781,0.075781,0.073958,0.074479,0.074479,23760000,0.074479,-0.013893556819525222,-0.013893556819525222
1997-06-30 00:00:00+00:00,0.075521,0.079948,0.073958,0.077083,0.077083,54936000,0.077083,0.03436555693527504,0.03436555693527504
1997-07-01 00:00:00+00:00,0.077083,0.077083,0.075521,0.075781,0.075781,25848000,0.075781,-0.01703516179340741,-0.01703516179340741
1997-07-02 00:00:00+00:00,0.075781,0.079688,0.075521,0.079427,0.079427,77640000,0.079427,0.046990759229554584,0.046990759229554584
1997-07-03 00:00:00+00:00,0.079948,0.095833,0.079688,0.095573,0.095573,251544000,0.095573,0.1850519925622618,0.1850519925622618
1997-07-07 00:00:00+00:00,0.091667,0.101042,0.091667,0.1,0.1,161064000,0.1,0.045279832598931716,0.045279832598931716
1997-07-08 00:00:00+00:00,0.102083,0.116667,0.102083,0.115104,0.115104,310344000,0.115104,0.14066588152512194,0.14066588152512194
1997-07-09 00:00:00+00:00,0.115104,0.119271,0.113542,0.116146,0.116146,165240000,0.116146,0.009011952883764104,0.009011952883764104
1997-07-10 00:00:00+00:00,0.116667,0.128646,0.116667,0.128125,0.128125,181032000,0.128125,0.09815832949569507,0.09815832949569507
1997-07-11 00:00:00+00:00,0.126042,0.126042,0.110417,0.114583,0.114583,210624000,0.114583,-0.11170689867514169,-0.11170689867514169
1997-07-14 00:00:00+00:00,0.116146,0.116667,0.105729,0.106771,0.106771,92088000,0.106771,-0.07061309714442143,-0.07061309714442143
1997-07-15 00:00:00+00:00,0.106771,0.123958,0.106771,0.121875,0.121875,185496000,0.121875,0.13230957524490175,0.13230957524490175
1997-07-16 00:00:00+00:00,0.122396,0.12474,0.115104,0.116667,0.116667,60480000,0.116667,-0.04367220636388599,-0.04367220636388599
1997-07-17 00:00:00+00:00,0.117188,0.117188,0.107813,0.110938,0.110938,63384000,0.110938,-0.05035223625229354,-0.05035223625229354
1997-07-18 00:00:00+00:00,0.109375,0.110938,0.107813,0.107813,0.107813,15600000,0.107813,-0.028573241805747336,-0.028573241805747336
1997-07-21 00:00:00+00:00,0.108854,0.109896,0.107292,0.109115,0.109115,11496000,0.109115,0.012004127034878895,0.012004127034878895
1997-07-22 00:00:00+00:00,0.108333,0.109375,0.103125,0.106771,0.106771,31272000,0.106771,-0.02171601785785364,-0.02171601785785364
1997-07-23 00:00:00+00:00,0.109375,0.116667,0.108854,0.114583,0.114583,65184000,0.114583,0.07061309714442139,0.07061309714442139
1997-07-24 00:00:00+00:00,0.115104,0.115625,0.110938,0.113021,0.113021,24336000,0.113021,-0.013725809063470942,-0.013725809063470942
1997-07-25 00:00:00+00:00,0.110938,0.1125,0.110938,0.111458,0.111458,12408000,0.111458,-0.01392580383057618,-0.01392580383057618
1997-07-28 00:00:00+00:00,0.111458,0.119792,0.110938,0.116146,0.116146,51480000,0.116146,0.0412001820734938,0.0412001820734938
1997-07-29 00:00:00+00:00,0.118229,0.125,0.116667,0.123958,0.123958,96288000,0.123958,0.06509477815556111,0.06509477815556111
1997-07-30 00:00:00+00:00,0.125,0.12526,0.121354,0.122396,0.122396,50352000,0.122396,-0.012681108746869282,-0.012681108746869282
1997-07-31 00:00:00+00:00,0.121875,0.121875,0.116667,0.119792,0.119792,29088000,0.119792,-0.021504784317340014,-0.021504784317340014
1997-08-01 00:00:00+00:00,0.117188,0.120833,0.1125,0.120833,0.120833,71760000,0.120833,0.008652521513795796,0.008652521513795796
1997-08-04 00:00:00+00:00,0.11875,0.120573,0.115104,0.115625,0.115625,53424000,0.115625,-0.04405723116953582,-0.04405723116953582
1997-08-05 00:00:00+00:00,0.116667,0.116667,0.107292,0.110417,0.110417,60648000,0.110417,-0.046088088336899244,-0.046088088336899244
1997-08-06 00:00:00+00:00,0.110417,0.115625,0.109375,0.1125,0.1125,24864000,0.1125,0.018689114148784908,0.018689114148784908
1997-08-07 00:00:00+00:00,0.1125,0.113021,0.10625,0.108854,0.108854,40680000,0.108854,-0.03294568682100453,-0.03294568682100453
1997-08-08 00:00:00+00:00,0.108333,0.115104,0.105208,0.114583,0.114583,44232000,0.114583,0.05129191639406066,0.05129191639406066
1997-08-11 00:00:00+00:00,0.114583,0.116667,0.1125,0.116406,0.116406,24792000,0.116406,0.015784629143089465,0.015784629143089465
1997-08-12 00:00:00+00:00,0.114063,0.115104,0.109896,0.109896,0.109896,11424000,0.109896,-0.05754961633771646,-0.05754961633771646
1997-08-13 00:00:00+00:00,0.111458,0.111458,0.108333,0.109896,0.109896,11808000,0.109896,0.0,0.0
1997-08-14 00:00:00+00:00,0.108854,0.1125,0.10599,0.107813,0.107813,20832000,0.107813,-0.01913621912681962,-0.01913621912681962
1997-08-15 00:00:00+00:00,0.106771,0.107813,0.096875,0.105729,0.105729,31944000,0.105729,-0.01951902824990948,-0.01951902824990948
1997-08-18 00:00:00+00:00,0.102604,0.102604,0.098438,0.102083,0.102083,35688000,0.102083,-0.035093008766801555,-0.035093008766801555
1997-08-19 00:00:00+00:00,0.104688,0.110417,0.102604,0.108333,0.108333,20064000,0.108333,0.059423608854443775,0.059423608854443775
1997-08-20 00:00:00+00:00,0.109375,0.109375,0.103646,0.108333,0.108333,19992000,0.108333,0.0,0.0
1997-08-21 00:00:00+00:00,0.106771,0.108594,0.103646,0.105729,0.105729,12480000,0.105729,-0.024330600087642134,-0.024330600087642134
1997-08-22 00:00:00+00:00,0.105208,0.10625,0.104688,0.10625,0.10625,14256000,0.10625,0.004915591158351239,0.004915591158351239
1997-08-25 00:00:00+00:00,0.105208,0.113021,0.105208,0.110938,0.110938,22536000,0.110938,0.04317667889730559,0.04317667889730559
1997-08-26 00:00:00+00:00,0.111979,0.117708,0.111458,0.117188,0.117188,51480000,0.117188,0.05480799612046263,0.05480799612046263
1997-08-27 00:00:00+00:00,0.115365,0.116146,0.1125,0.115885,0.115885,27840000,0.115885,-0.01118116276777156,-0.01118116276777156
1997-08-28 00:00:00+00:00,0.115104,0.119792,0.114063,0.11875,0.11875,22944000,0.11875,0.02442212286022772,0.02442212286022772
1997-08-29 00:00:00+00:00,0.118229,0.11875,0.116146,0.116927,0.116927,14448000,0.116927,-0.01547063446726322,-0.01547063446726322
1997-09-02 00:00:00+00:00,0.117188,0.11875,0.116667,0.117708,0.117708,14640000,0.117708,0.0066571729226915545,0.0066571729226915545
1997-09-03 00:00:00+00:00,0.117188,0.120833,0.115625,0.116667,0.116667,39288000,0.116667,-0.008883258416053575,-0.008883258416053575
1997-09-04 00:00:00+00:00,0.118229,0.127604,0.117188,0.127604,0.127604,66960000,0.127604,0.08960799542760953,0.08960799542760953
1997-09-05 00:00:00+00:00,0.129167,0.133333,0.122917,0.125,0.125,38160000,0.125,-0.020617981079433696,-0.020617981079433696
1997-09-08 00:00:00+00:00,0.126563,0.151042,0.125,0.15,0.15,112968000,0.15,0.1823215567939546,0.1823215567939546
1997-09-09 00:00:00+00:00,0.157031,0.169271,0.151302,0.161979,0.161979,179424000,0.161979,0.07683140310385213,0.07683140310385213
1997-09-10 00:00:00+00:00,0.165625,0.166406,0.15625,0.165104,0.165104,77328000,0.165104,0.01910888117325069,0.01910888117325069
1997-09-11 00:00:00+00:00,0.166667,0.166667,0.152083,0.157813,0.157813,85248000,0.157813,-0.04516479059186697,-0.04516479059186697
1997-09-12 00:00:00+00:00,0.159375,0.184896,0.157813,0.184375,0.184375,66672000,0.184375,0.1555609393125927,0.1555609393125927
1997-09-15 00:00:00+00:00,0.183333,0.183854,0.152604,0.154688,0.154688,111672000,0.154688,-0.17556154201306656,-0.17556154201306656
1997-09-16 00:00:00+00:00,0.15625,0.177083,0.15599,0.167708,0.167708,128640000,0.167708,0.08081418684408531,0.08081418684408531
1997-09-17 00:00:00+00:00,0.172917,0.175,0.166667,0.170313,0.170313,52152000,0.170313,0.015413548707967153,0.015413548707967153
1997-09-18 00:00:00+00:00,0.171875,0.173438,0.164063,0.164583,0.164583,42576000,0.164583,-0.03422291840435494,-0.03422291840435494
1997-09-19 00:00:00+00:00,0.16901,0.204167,0.16875,0.197396,0.197396,178584000,0.197396,0.18179686114084112,0.18179686114084112
1997-09-22 00:00:00+00:00,0.2,0.233854,0.197396,0.225,0.225,338760000,0.225,0.13088853883486365,0.13088853883486365
1997-09-23 00:00:00+00:00,0.224479,0.232292,0.219792,0.23125,0.23125,153648000,0.23125,0.02739897418811456,0.02739897418811456
1997-09-24 00:00:00+00:00,0.232292,0.240625,0.214583,0.21875,0.21875,164016000,0.21875,-0.055569851154810765,-0.055569851154810765
1997-09-25 00:00:00+00:00,0.217188,0.217708,0.202604,0.203906,0.203906,99360000,0.203906,-0.07027042190094758,-0.07027042190094758
1997-09-26 00:00:00+00:00,0.203646,0.213021,0.202604,0.208333,0.208333,54624000,0.208333,0.021478657730235474,0.021478657730235474
1997-09-29 00:00:00+00:00,0.207292,0.209375,0.197917,0.202083,0.202083,47424000,0.202083,-0.030459256969324944,-0.030459256969324944
1997-09-30 00:00:00+00:00,0.2,0.217448,0.190104,0.216927,0.216927,105096000,0.216927,0.07088238731578518,0.07088238731578518
1997-10-01 00:00:00+00:00,0.221875,0.225,0.196875,0.201042,0.201042,99984000,0.201042,-0.07604704995861783,-0.07604704995861783
1997-10-02 00:00:00+00:00,0.202083,0.208854,0.199479,0.200521,0.200521,37536000,0.200521,-0.0025948620382744286,-0.0025948620382744286
1997-10-03 00:00:00+00:00,0.204167,0.20625,0.198958,0.200781,0.200781,23280000,0.200781,0.0012957824101521734,0.0012957824101521734
1997-10-06 00:00:00+00:00,0.2,0.20625,0.197135,0.20625,0.20625,40560000,0.20625,0.026874263388058414,0.026874263388058414
1997-10-07 00:00:00+00:00,0.204167,0.209375,0.202083,0.202865,0.202865,34848000,0.202865,-0.016548292030510878,-0.016548292030510878
1997-10-08 00:00:00+00:00,0.207292,0.208333,0.199219,0.20026,0.20026,56136000,0.20026,-0.012924210904622785,-0.012924210904622785
1997-10-09 00:00:00+00:00,0.2,0.201042,0.186979,0.1875,0.1875,79008000,0.1875,-0.06583767686919113,-0.06583767686919113
1997-10-10 00:00:00+00:00,0.186458,0.203125,0.183333,0.195052,0.195052,75744000,0.195052,0.03948734427071208,0.03948734427071208
1997-10-13 00:00:00+00:00,0.196354,0.202083,0.196354,0.2,0.2,16296000,0.2,0.025051176866859166,0.025051176866859166
1997-10-14 00:00:00+00:00,0.203125,0.205208,0.191667,0.198958,0.198958,30936000,0.198958,-0.005223619375225352,-0.005223619375225352
1997-10-15 00:00:00+00:00,0.198438,0.198438,0.188542,0.196094,0.196094,47112000,0.196094,-0.014499611072967577,-0.014499611072967577
1997-10-16 00:00:00+00:00,0.198958,0.198958,0.180208,0.18125,0.18125,69624000,0.18125,-0.07871684236505964,-0.07871684236505964
1997-10-17 00:00:00+00:00,0.180729,0.182813,0.176042,0.18125,0.18125,50688000,0.18125,0.0,0.0
1997-10-20 00:00:00+00:00,0.183854,0.19375,0.183333,0.191146,0.191146,98256000,0.191146,0.053160240214320684,0.053160240214320684
1997-10-21 00:00:00+00:00,0.197917,0.221875,0.192708,0.221354,0.221354,241920000,0.221354,0.14672569599416185,0.14672569599416185
1997-10-22 00:00:00+00:00,0.220833,0.23099,0.21875,0.226042,0.226042,104160000,0.226042,0.02095759277073843,0.02095759277073843
1997-10-23 00:00:00+00:00,0.211458,0.228125,0.209375,0.225,0.225,113136000,0.225,-0.00462042050958506,-0.00462042050958506
1997-10-24 00:00:00+00:00,0.2375,0.253125,0.227083,0.251302,0.251302,189840000,0.251302,0.11055500092865769,0.11055500092865769
1997-10-27 00:00:00+00:00,0.240104,0.250521,0.211458,0.213542,0.213542,121824000,0.213542,-0.16282186850002311,-0.16282186850002311
1997-10-28 00:00:00+00:00,0.195833,0.25,0.19375,0.247396,0.247396,234384000,0.247396,0.14715675704587988,0.14715675704587988
1997-10-29 00:00:00+00:00,0.257292,0.275,0.25,0.269531,0.269531,142536000,0.269531,0.08569311988423736,0.08569311988423736
1997-10-30 00:00:00+00:00,0.260417,0.267708,0.252083,0.25625,0.25625,95400000,0.25625,-0.050529881110554085,-0.050529881110554085
1997-10-31 00:00:00+00:00,0.268229,0.272917,0.248438,0.254167,0.254167,100536000,0.254167,-0.00816199916461106,-0.00816199916461106
1997-11-03 00:00:00+00:00,0.260938,0.260938,0.247396,0.253646,0.253646,39984000,0.253646,-0.0020519371611342234,-0.0020519371611342234
1997-11-04 00:00:00+00:00,0.25,0.252604,0.241146,0.247917,0.247917,47304000,0.247917,-0.02284558139823156,-0.02284558139823156
1997-11-05 00:00:00+00:00,0.248958,0.25599,0.24375,0.24375,0.24375,61872000,0.24375,-0.01695090285068448,-0.01695090285068448
1997-11-06 00:00:00+00:00,0.245833,0.245833,0.231771,0.233073,0.233073,58272000,0.233073,-0.044791400660901176,-0.044791400660901176
1997-11-07 00:00:00+00:00,0.220833,0.232031,0.219271,0.223958,0.223958,52536000,0.223958,-0.039893174942338135,-0.039893174942338135
1997-11-10 00:00:00+00:00,0.225,0.228125,0.210417,0.210417,0.210417,55296000,0.210417,-0.06236725819609626,-0.06236725819609626
1997-11-11 00:00:00+00:00,0.21224,0.215625,0.195833,0.197396,0.197396,86256000,0.197396,-0.06387941270906446,-0.06387941270906446
1997-11-12 00:00:00+00:00,0.188802,0.209375,0.183333,0.188542,0.188542,173664000,0.188542,-0.045891069629237356,-0.045891069629237356
1997-11-13 00:00:00+00:00,0.197396,0.198438,0.188542,0.192969,0.192969,85800000,0.192969,0.023208760501851774,0.023208760501851774
1997-11-14 00:00:00+00:00,0.196875,0.210417,0.189063,0.208333,0.208333,117384000,0.208333,0.0766082068248408,0.0766082068248408
1997-11-17 00:00:00+00:00,0.211458,0.227083,0.210938,0.21875,0.21875,147888000,0.21875,0.04879176417071211,0.04879176417071211
1997-11-18 00:00:00+00:00,0.21875,0.223958,0.217188,0.220833,0.220833,37320000,0.220833,0.009477234519442412,0.009477234519442412
1997-11-19 00:00:00+00:00,0.220313,0.226042,0.215625,0.225521,0.225521,50688000,0.225521,0.021006521235383442,0.021006521235383442
1997-11-20 00:00:00+00:00,0.228646,0.230208,0.225521,0.229167,0.229167,118464000,0.229167,0.016037714424463678,0.016037714424463678
1997-11-21 00:00:00+00:00,0.227604,0.229167,0.224479,0.224479,0.224479,52056000,0.224479,-0.020668833812628122,-0.020668833812628122
1997-11-24 00:00:00+00:00,0.21875,0.220833,0.211458,0.211458,0.211458,40392000,0.211458,-0.05975576439826501,-0.05975576439826501
1997-11-25 00:00:00+00:00,0.211979,0.216667,0.202083,0.210156,0.210156,66096000,0.210156,-0.006176285127592572,-0.006176285127592572
1997-11-26 00:00:00+00:00,0.211979,0.220573,0.211979,0.213021,0.213021,32616000,0.213021,0.01354064032036575,0.01354064032036575
1997-11-28 00:00:00+00:00,0.213542,0.216667,0.205729,0.20625,0.20625,32064000,0.20625,-0.03230172718410311,-0.03230172718410311
1997-12-01 00:00:00+00:00,0.211979,0.21875,0.206771,0.213542,0.213542,47664000,0.213542,0.03474450941826442,0.03474450941826442
1997-12-02 00:00:00+00:00,0.213021,0.215104,0.208854,0.211719,0.211719,25248000,0.211719,-0.008573610873768815,-0.008573610873768815
1997-12-03 00:00:00+00:00,0.209896,0.21875,0.209375,0.218229,0.218229,25800000,0.218229,0.03028504639971955,0.03028504639971955
1997-12-04 00:00:00+00:00,0.220052,0.227604,0.219271,0.225,0.225,60768000,0.225,0.030555432045414645,0.030555432045414645
1997-12-05 00:00:00+00:00,0.221875,0.229688,0.217708,0.229688,0.229688,53232000,0.229688,0.020621464071114544,0.020621464071114544
1997-12-08 00:00:00+00:00,0.227083,0.238542,0.226042,0.235417,0.235417,95328000,0.235417,0.024636543445207423,0.024636543445207423
1997-12-09 00:00:00+00:00,0.233333,0.238542,0.230208,0.234375,0.234375,26640000,0.234375,-0.004436012996066765,-0.004436012996066765
1997-12-10 00:00:00+00:00,0.229167,0.23125,0.219792,0.225521,0.225521,28896000,0.225521,-0.03850911573212561,-0.03850911573212561
1997-12-11 00:00:00+00:00,0.219792,0.241667,0.219792,0.234375,0.234375,100296000,0.234375,0.0385091157321255,0.0385091157321255
1997-12-12 00:00:00+00:00,0.232292,0.240104,0.220313,0.227083,0.227083,53448000,0.227083,-0.0316068073063167,-0.0316068073063167
1997-12-15 00:00:00+00:00,0.229167,0.233333,0.220313,0.229167,0.229167,33888000,0.229167,0.009135405998654814,0.009135405998654814
1997-12-16 00:00:00+00:00,0.232292,0.232292,0.222917,0.222917,0.222917,33744000,0.222917,-0.027651490548922006,-0.027651490548922006
1997-12-17 00:00:00+00:00,0.21875,0.222917,0.21276,0.219531,0.219531,122808000,0.219531,-0.015306052256555482,-0.015306052256555482
1997-12-18 00:00:00+00:00,0.217708,0.221354,0.211458,0.214583,0.214583,64080000,0.214583,-0.022796842700964586,-0.022796842700964586
1997-12-19 00:00:00+00:00,0.211458,0.226042,0.208333,0.225,0.225,95064000,0.225,0.04740379229384866,0.04740379229384866
1997-12-22 00:00:00+00:00,0.225,0.239063,0.221615,0.234896,0.234896,87048000,0.234896,0.04304246079268431,0.04304246079268431
1997-12-23 00:00:00+00:00,0.234375,0.236979,0.23125,0.23125,0.23125,23544000,0.23125,-0.015643486604569847,-0.015643486604569847
1997-12-24 00:00:00+00:00,0.23125,0.235417,0.223438,0.230208,0.230208,46728000,0.230208,-0.004516128319375888,-0.004516128319375888
1997-12-26 00:00:00+00:00,0.228125,0.232292,0.224479,0.226042,0.226042,9744000,0.226042,-0.018262425359153546,-0.018262425359153546
1997-12-29 00:00:00+00:00,0.229167,0.239063,0.226563,0.2375,0.2375,51048000,0.2375,0.049446800760690725,0.049446800760690725
1997-12-30 00:00:00+00:00,0.241667,0.245313,0.239063,0.242448,0.242448,125712000,0.242448,0.020619630919110572,0.020619630919110572
1997-12-31 00:00:00+00:00,0.24375,0.252083,0.242188,0.251042,0.251042,88920000,0.251042,0.034833001417051916,0.034833001417051916
1998-01-02 00:00:00+00:00,0.25,0.25,0.239844,0.247917,0.247917,33216000,0.247917,-0.012526243082217317,-0.012526243082217317
1998-01-05 00:00:00+00:00,0.244271,0.246875,0.235417,0.2375,0.2375,71808000,0.2375,-0.04292638925394523,-0.04292638925394523
1998-01-06 00:00:00+00:00,0.234896,0.24375,0.233333,0.241927,0.241927,83496000,0.241927,0.01846840428304306,0.01846840428304306
1998-01-07 00:00:00+00:00,0.241667,0.241667,0.234635,0.239063,0.239063,54504000,0.239063,-0.011908912235803211,-0.011908912235803211
1998-01-08 00:00:00+00:00,0.234896,0.235156,0.226563,0.230729,0.230729,120312000,0.230729,-0.035483253864381045,-0.035483253864381045
1998-01-09 00:00:00+00:00,0.233333,0.233333,0.211458,0.213021,0.213021,132864000,0.213021,-0.07985310925866122,-0.07985310925866122
1998-01-12 00:00:00+00:00,0.208333,0.219271,0.207292,0.215104,0.215104,148032000,0.215104,0.009730879703746897,0.009730879703746897
1998-01-13 00:00:00+00:00,0.217188,0.233333,0.216146,0.232292,0.232292,146424000,0.232292,0.0768735688542823,0.0768735688542823
1998-01-14 00:00:00+00:00,0.232813,0.24375,0.23125,0.24375,0.24375,170112000,0.24375,0.048147908921033815,0.048147908921033815
1998-01-15 00:00:00+00:00,0.239583,0.250521,0.239583,0.247656,0.247656,120288000,0.247656,0.015897576603566273,0.015897576603566273
1998-01-16 00:00:00+00:00,0.247917,0.248958,0.238542,0.239583,0.239583,51264000,0.239583,-0.03314077434338805,-0.03314077434338805
1998-01-20 00:00:00+00:00,0.241146,0.250521,0.240625,0.247656,0.247656,109344000,0.247656,0.03314077434338801,0.03314077434338801
1998-01-21 00:00:00+00:00,0.246875,0.258333,0.24375,0.253646,0.253646,174768000,0.253646,0.02389890764534974,0.02389890764534974
1998-01-22 00:00:00+00:00,0.253646,0.263542,0.251042,0.256771,0.256771,189432000,0.256771,0.012245042963137946,0.012245042963137946
1998-01-23 00:00:00+00:00,0.267188,0.267188,0.246875,0.246875,0.246875,182376000,0.246875,-0.03930250143462407,-0.03930250143462407
1998-01-26 00:00:00+00:00,0.248958,0.249479,0.236979,0.240625,0.240625,94248000,0.240625,-0.02564243061333767,-0.02564243061333767
1998-01-27 00:00:00+00:00,0.240885,0.243229,0.233333,0.2375,0.2375,82080000,0.2375,-0.013072081567352888,-0.013072081567352888
1998-01-28 00:00:00+00:00,0.2375,0.241667,0.23125,0.238542,0.238542,105864000,0.238542,0.004377771978735271,0.004377771978735271
1998-01-29 00:00:00+00:00,0.239583,0.249479,0.239063,0.247917,0.247917,96720000,0.247917,0.03854861727520998,0.03854861727520998
1998-01-30 00:00:00+00:00,0.25,0.253125,0.244271,0.245833,0.245833,74448000,0.245833,-0.008441569115898516,-0.008441569115898516
1998-02-02 00:00:00+00:00,0.247396,0.260417,0.246875,0.259896,0.259896,138264000,0.259896,0.05562910738144547,0.05562910738144547
1998-02-03 00:00:00+00:00,0.259375,0.2625,0.254688,0.257552,0.257552,88584000,0.257552,-0.009059909530314388,-0.009059909530314388
1998-02-04 00:00:00+00:00,0.253125,0.259375,0.252604,0.253125,0.253125,24696000,0.253125,-0.01733820360307004,-0.01733820360307004
1998-02-05 00:00:00+00:00,0.255729,0.255729,0.24375,0.246875,0.246875,116640000,0.246875,-0.025001302205417155,-0.025001302205417155
1998-02-06 00:00:00+00:00,0.246354,0.251042,0.24375,0.245313,0.245313,42456000,0.245313,-0.006347189464175471,-0.006347189464175471
1998-02-09 00:00:00+00:00,0.245833,0.247917,0.238542,0.242708,0.242708,52536000,0.242708,-0.010675871496756275,-0.010675871496756275
1998-02-10 00:00:00+00:00,0.24375,0.265885,0.241667,0.265104,0.265104,245928000,0.265104,0.08826312713248677,0.08826312713248677
1998-02-11 00:00:00+00:00,0.264583,0.273177,0.264063,0.264583,0.264583,129480000,0.264583,-0.00196720013146293,-0.00196720013146293
1998-02-12 00:00:00+00:00,0.263542,0.265104,0.259375,0.263021,0.263021,60720000,0.263021,-0.005921124796643207,-0.005921124796643207
1998-02-13 00:00:00+00:00,0.2625,0.263542,0.257292,0.259375,0.259375,168408000,0.259375,-0.0139589859138724,-0.0139589859138724
1998-02-17 00:00:00+00:00,0.260938,0.260938,0.253646,0.257292,0.257292,47520000,0.257292,-0.008063264291010981,-0.008063264291010981
1998-02-18 00:00:00+00:00,0.257292,0.257292,0.252604,0.253646,0.253646,59424000,0.253646,-0.01427203256707936,-0.01427203256707936
1998-02-19 00:00:00+00:00,0.255469,0.264583,0.254167,0.261458,0.261458,88728000,0.261458,0.030334064623955524,0.030334064623955524
1998-02-20 00:00:00+00:00,0.261458,0.264583,0.255729,0.263542,0.263542,54072000,0.263542,0.007939089318281946,0.007939089318281946
1998-02-23 00:00:00+00:00,0.264583,0.270833,0.260417,0.270313,0.270313,79560000,0.270313,0.02536779876636053,0.02536779876636053
1998-02-24 00:00:00+00:00,0.270833,0.283854,0.267708,0.270313,0.270313,278904000,0.270313,0.0,0.0
1998-02-25 00:00:00+00:00,0.273438,0.277083,0.263021,0.274479,0.274479,134904000,0.274479,0.015294208455391005,0.015294208455391005
1998-02-26 00:00:00+00:00,0.273177,0.304167,0.271875,0.303125,0.303125,307464000,0.303125,0.09927050640088615,0.09927050640088615
1998-02-27 00:00:00+00:00,0.301042,0.331771,0.299219,0.320833,0.320833,494136000,0.320833,0.05677547684050337,0.05677547684050337
1998-03-02 00:00:00+00:00,0.316146,0.321875,0.3125,0.317708,0.317708,219144000,0.317708,-0.009788016585462422,-0.009788016585462422
1998-03-03 00:00:00+00:00,0.314583,0.315625,0.297917,0.298958,0.298958,160320000,0.298958,-0.06082962665011219,-0.06082962665011219
1998-03-04 00:00:00+00:00,0.3,0.309375,0.291667,0.30599,0.30599,146280000,0.30599,0.023249326383148142,0.023249326383148142
1998-03-05 00:00:00+00:00,0.298958,0.325781,0.296875,0.3125,0.3125,240024000,0.3125,0.021052047496631882,0.021052047496631882
1998-03-06 00:00:00+00:00,0.315104,0.320833,0.307292,0.319792,0.319792,117744000,0.319792,0.023066315275729703,0.023066315275729703
1998-03-09 00:00:00+00:00,0.320313,0.357292,0.319792,0.347917,0.347917,461112000,0.347917,0.08429316112814278,0.08429316112814278
1998-03-10 00:00:00+00:00,0.35625,0.367708,0.345313,0.346289,0.346289,495000000,0.346289,-0.00469025904260723,-0.00469025904260723
1998-03-11 00:00:00+00:00,0.341667,0.34375,0.326042,0.331771,0.331771,246984000,0.331771,-0.04282871465058669,-0.04282871465058669
1998-03-12 00:00:00+00:00,0.328125,0.338021,0.321354,0.327083,0.327083,195984000,0.327083,-0.014231010567425964,-0.014231010567425964
1998-03-13 00:00:00+00:00,0.331771,0.336979,0.323958,0.327865,0.327865,130464000,0.327865,0.0023879769740760715,0.0023879769740760715
1998-03-16 00:00:00+00:00,0.33151,0.336458,0.329167,0.329167,0.329167,66240000,0.329167,0.003963282471097171,0.003963282471097171
1998-03-17 00:00:00+00:00,0.332292,0.334375,0.324479,0.332813,0.332813,62016000,0.332813,0.011015549919251614,0.011015549919251614
1998-03-18 00:00:00+00:00,0.330208,0.357292,0.330208,0.355469,0.355469,273192000,0.355469,0.06585727363174657,0.06585727363174657
1998-03-19 00:00:00+00:00,0.355729,0.364583,0.348958,0.35,0.35,242304000,0.35,-0.01550488983242129,-0.01550488983242129
1998-03-20 00:00:00+00:00,0.35,0.353646,0.346354,0.35,0.35,128256000,0.35,0.0,0.0
1998-03-23 00:00:00+00:00,0.348177,0.353125,0.344792,0.349219,0.349219,60096000,0.349219,-0.0022339219180036495,-0.0022339219180036495
1998-03-24 00:00:00+00:00,0.34375,0.361458,0.34375,0.351042,0.351042,113616000,0.351042,0.005206641861606463,0.005206641861606463
1998-03-25 00:00:00+00:00,0.354167,0.357292,0.3375,0.340365,0.340365,225792000,0.340365,-0.03088730322571947,-0.03088730322571947
1998-03-26 00:00:00+00:00,0.340625,0.348958,0.33125,0.344792,0.344792,157560000,0.344792,0.012922765462879354,0.012922765462879354
1998-03-27 00:00:00+00:00,0.351042,0.363021,0.344792,0.354167,0.354167,152928000,0.354167,0.026827216642267566,0.026827216642267566
1998-03-30 00:00:00+00:00,0.357813,0.364583,0.354688,0.357813,0.357813,110016000,0.357813,0.010241950255105499,0.010241950255105499
1998-03-31 00:00:00+00:00,0.355729,0.360417,0.348958,0.35638,0.35638,131304000,0.35638,-0.004012926262326873,-0.004012926262326873
1998-04-01 00:00:00+00:00,0.355208,0.376563,0.35013,0.375521,0.375521,289032000,0.375521,0.05231681777390848,0.05231681777390848
1998-04-02 00:00:00+00:00,0.379688,0.403125,0.373958,0.396094,0.396094,332856000,0.396094,0.053337161749989245,0.053337161749989245
1998-04-03 00:00:00+00:00,0.401042,0.401563,0.384375,0.3875,0.3875,233880000,0.3875,-0.02193570802976452,-0.02193570802976452
1998-04-06 00:00:00+00:00,0.392708,0.394792,0.367708,0.369271,0.369271,220488000,0.369271,-0.04818505696115087,-0.04818505696115087
1998-04-07 00:00:00+00:00,0.3625,0.363542,0.353125,0.358333,0.358333,232680000,0.358333,-0.030068070171588183,-0.030068070171588183
1998-04-08 00:00:00+00:00,0.359896,0.373958,0.35625,0.369271,0.369271,226296000,0.369271,0.030068070171588263,0.030068070171588263
1998-04-09 00:00:00+00:00,0.384896,0.4,0.381771,0.396875,0.396875,320688000,0.396875,0.07209057781470521,0.07209057781470521
1998-04-13 00:00:00+00:00,0.395313,0.401042,0.383333,0.392969,0.392969,219600000,0.392969,-0.009890641296042358,-0.009890641296042358
1998-04-14 00:00:00+00:00,0.391146,0.416146,0.388542,0.404948,0.404948,326472000,0.404948,0.030027935450545568,0.030027935450545568
1998-04-15 00:00:00+00:00,0.408333,0.416667,0.39375,0.400521,0.400521,223848000,0.400521,-0.010992464210754383,-0.010992464210754383
1998-04-16 00:00:00+00:00,0.400521,0.413802,0.388281,0.410417,0.410417,324888000,0.410417,0.02440751640989556,0.02440751640989556
1998-04-17 00:00:00+00:00,0.399219,0.405208,0.39375,0.395313,0.395313,140712000,0.395313,-0.03749585982332593,-0.03749585982332593
1998-04-20 00:00:00+00:00,0.397396,0.414583,0.390625,0.392708,0.392708,179592000,0.392708,-0.006611523015734686,-0.006611523015734686
1998-04-21 00:00:00+00:00,0.396875,0.397396,0.379688,0.38776,0.38776,167088000,0.38776,-0.012679741624419061,-0.012679741624419061
1998-04-22 00:00:00+00:00,0.388542,0.390104,0.3625,0.363542,0.363542,226032000,0.363542,-0.06449175790941455,-0.06449175790941455
1998-04-23 00:00:00+00:00,0.3625,0.3625,0.335417,0.3375,0.3375,245064000,0.3375,-0.07432932331512143,-0.07432932331512143
1998-04-24 00:00:00+00:00,0.341667,0.365625,0.339583,0.353646,0.353646,335712000,0.353646,0.04673090248760629,0.04673090248760629
1998-04-27 00:00:00+00:00,0.347396,0.352604,0.321354,0.344792,0.344792,377712000,0.344792,-0.02535507613596867,-0.02535507613596867
1998-04-28 00:00:00+00:00,0.386979,0.414583,0.371094,0.398438,0.398438,1391880000,0.398438,0.14461056602379682,0.14461056602379682
1998-04-29 00:00:00+00:00,0.405208,0.410938,0.390104,0.397917,0.397917,633144000,0.397917,-0.0013084618652045646,-0.0013084618652045646
1998-04-30 00:00:00+00:00,0.40625,0.408333,0.377083,0.382292,0.382292,449712000,0.382292,-0.04005872631376434,-0.04005872631376434
1998-05-01 00:00:00+00:00,0.386458,0.396354,0.377083,0.39375,0.39375,186144000,0.39375,0.029531475630792652,0.029531475630792652
1998-05-04 00:00:00+00:00,0.395833,0.399479,0.389063,0.396875,0.396875,154704000,0.396875,0.007905179507113247,0.007905179507113247
1998-05-05 00:00:00+00:00,0.391667,0.397917,0.388021,0.390495,0.390495,119976000,0.390495,-0.016206204546499757,-0.016206204546499757
1998-05-06 00:00:00+00:00,0.391667,0.391667,0.375521,0.376563,0.376563,148776000,0.376563,-0.03632980118143354,-0.03632980118143354
1998-05-07 00:00:00+00:00,0.379167,0.3875,0.367708,0.379167,0.379167,277752000,0.379167,0.0068913773584655435,0.0068913773584655435
1998-05-08 00:00:00+00:00,0.380208,0.386458,0.372917,0.384896,0.384896,95856000,0.384896,0.014996426648520801,0.014996426648520801
1998-05-11 00:00:00+00:00,0.38724,0.3875,0.360417,0.361979,0.361979,227448000,0.361979,-0.061386968832667935,-0.061386968832667935
1998-05-12 00:00:00+00:00,0.365625,0.383073,0.360938,0.380729,0.380729,232728000,0.380729,0.05050163686015332,0.05050163686015332
1998-05-13 00:00:00+00:00,0.377083,0.391667,0.373958,0.386979,0.386979,278880000,0.386979,0.016282592038075284,0.016282592038075284
1998-05-14 00:00:00+00:00,0.383333,0.394271,0.379167,0.38151,0.38151,172008000,0.38151,-0.014233365290804646,-0.014233365290804646
1998-05-15 00:00:00+00:00,0.382813,0.385417,0.372917,0.373438,0.373438,92568000,0.373438,-0.021385069229597504,-0.021385069229597504
1998-05-18 00:00:00+00:00,0.375,0.377604,0.361458,0.366927,0.366927,132360000,0.366927,-0.017589075283575263,-0.017589075283575263
1998-05-19 00:00:00+00:00,0.373438,0.377604,0.371875,0.376563,0.376563,68472000,0.376563,0.02592244573143045,0.02592244573143045
1998-05-20 00:00:00+00:00,0.376563,0.38125,0.367708,0.369271,0.369271,80976000,0.369271,-0.019554572086771933,-0.019554572086771933
1998-05-21 00:00:00+00:00,0.372917,0.375,0.363802,0.369792,0.369792,68064000,0.369792,0.0014098935714644545,0.0014098935714644545
1998-05-22 00:00:00+00:00,0.368229,0.369271,0.35625,0.358333,0.358333,117240000,0.358333,-0.031477963743052714,-0.031477963743052714
1998-05-26 00:00:00+00:00,0.358594,0.361979,0.336979,0.341146,0.341146,217680000,0.341146,-0.04915218351560196,-0.04915218351560196
1998-05-27 00:00:00+00:00,0.334896,0.364063,0.332292,0.360938,0.360938,464688000,0.360938,0.05639566028557803,0.05639566028557803
1998-05-28 00:00:00+00:00,0.363542,0.365625,0.355208,0.358073,0.358073,188256000,0.358073,-0.007969322202357021,-0.007969322202357021
1998-05-29 00:00:00+00:00,0.357813,0.370833,0.35625,0.367188,0.367188,172824000,0.367188,0.025137102245497363,0.025137102245497363
1998-06-01 00:00:00+00:00,0.366667,0.36875,0.347135,0.356771,0.356771,160872000,0.356771,-0.02877985909806843,-0.02877985909806843
1998-06-02 00:00:00+00:00,0.363542,0.370833,0.345833,0.364063,0.364063,164028000,0.364063,0.02023281020802434,0.02023281020802434
1998-06-03 00:00:00+00:00,0.373958,0.377083,0.35,0.352083,0.352083,131628000,0.352083,-0.03345998632647139,-0.03345998632647139
1998-06-04 00:00:00+00:00,0.357813,0.366146,0.34375,0.365625,0.365625,99912000,0.365625,0.037741274728857216,0.037741274728857216
1998-06-05 00:00:00+00:00,0.364583,0.369792,0.359375,0.36875,0.36875,68544000,0.36875,0.00851068966790883,0.00851068966790883
1998-06-08 00:00:00+00:00,0.365104,0.385938,0.3625,0.385417,0.385417,109260000,0.385417,0.044206957368986444,0.044206957368986444
1998-06-09 00:00:00+00:00,0.386979,0.432292,0.385417,0.427083,0.427083,388728000,0.427083,0.10265250870748291,0.10265250870748291
1998-06-10 00:00:00+00:00,0.430208,0.46875,0.425,0.451042,0.451042,485700000,0.451042,0.054582087821995806,0.054582087821995806
1998-06-11 00:00:00+00:00,0.460417,0.521875,0.458333,0.520833,0.520833,717024000,0.520833,0.14386899138974704,0.14386899138974704
1998-06-12 00:00:00+00:00,0.529167,0.529167,0.485417,0.508333,0.508333,433116000,0.508333,-0.024292708306759576,-0.024292708306759576
1998-06-15 00:00:00+00:00,0.495833,0.570833,0.492708,0.547917,0.547917,674028000,0.547917,0.07498707098731647,0.07498707098731647
1998-06-16 00:00:00+00:00,0.55625,0.614583,0.554167,0.613542,0.613542,783348000,0.613542,0.1131249058426136,0.1131249058426136
1998-06-17 00:00:00+00:00,0.632292,0.676563,0.628125,0.658333,0.658333,805308000,0.658333,0.0704621608724578,0.0704621608724578
1998-06-18 00:00:00+00:00,0.675,0.6875,0.597917,0.601042,0.601042,632796000,0.601042,-0.0910460667169485,-0.0910460667169485
1998-06-19 00:00:00+00:00,0.592188,0.635417,0.566667,0.631771,0.631771,733572000,0.631771,0.049862171092141964,0.049862171092141964
1998-06-22 00:00:00+00:00,0.622917,0.686458,0.602083,0.678125,0.678125,726360000,0.678125,0.07080465001576058,0.07080465001576058
1998-06-23 00:00:00+00:00,0.675521,0.772917,0.670833,0.772396,0.772396,749268000,0.772396,0.13016573514822105,0.13016573514822105
1998-06-24 00:00:00+00:00,0.791667,0.839583,0.742708,0.831771,0.831771,1174092000,0.831771,0.07405979067396141,0.07405979067396141
1998-06-25 00:00:00+00:00,0.833333,0.872917,0.8,0.825521,0.825521,1089300000,0.825521,-0.007542460386591824,-0.007542460386591824
1998-06-26 00:00:00+00:00,0.8125,0.835417,0.78125,0.785417,0.785417,622992000,0.785417,-0.049799915233110684,-0.049799915233110684
1998-06-29 00:00:00+00:00,0.789583,0.830208,0.789583,0.822917,0.822917,490152000,0.822917,0.04664055811322728,0.04664055811322728
1998-06-30 00:00:00+00:00,0.815104,0.845833,0.80625,0.83125,0.83125,437544000,0.83125,0.010075246925532608,0.010075246925532608
1998-07-01 00:00:00+00:00,0.848438,0.954167,0.839583,0.951042,0.951042,565092000,0.951042,0.13462763363797886,0.13462763363797886
1998-07-02 00:00:00+00:00,0.964583,1.045833,0.9375,1.033333,1.033333,1045596000,1.033333,0.08298655361638804,0.08298655361638804
1998-07-06 00:00:00+00:00,1.061458,1.172917,1.045833,1.1625,1.1625,937668000,1.1625,0.1177833582370807,0.1177833582370807
1998-07-07 00:00:00+00:00,1.191667,1.197917,1.008333,1.017708,1.017708,945036000,1.017708,-0.1330198184317923,-0.1330198184317923
1998-07-08 00:00:00+00:00,0.932292,0.991667,0.853125,0.892708,0.892708,1166232000,0.892708,-0.13104877930731992,-0.13104877930731992
1998-07-09 00:00:00+00:00,0.921875,0.970833,0.875,0.879167,0.879167,589860000,0.879167,-0.015284671459339386,-0.015284671459339386
1998-07-10 00:00:00+00:00,0.858333,0.882292,0.817708,0.829167,0.829167,499644000,0.829167,-0.058553285888452204,-0.058553285888452204
1998-07-13 00:00:00+00:00,0.804167,0.9,0.785417,0.896875,0.896875,384960000,0.896875,0.07849491657337827,0.07849491657337827
1998-07-14 00:00:00+00:00,0.904167,0.964583,0.891667,0.958333,0.958333,507168000,0.958333,0.06627881778920768,0.06627881778920768
1998-07-15 00:00:00+00:00,0.966667,0.978125,0.914583,0.9375,0.9375,352200000,0.9375,-0.021978558892627835,-0.021978558892627835
1998-07-16 00:00:00+00:00,0.945313,0.958333,0.904167,0.944792,0.944792,279984000,0.944792,0.007748039602229979,0.007748039602229979
1998-07-17 00:00:00+00:00,0.936458,1.004167,0.932292,0.998438,0.998438,356520000,0.998438,0.05522726034150581,0.05522726034150581
1998-07-20 00:00:00+00:00,1.009375,1.167708,0.997917,1.145833,1.145833,718500000,1.145833,0.1376951046092824,0.1376951046092824
1998-07-21 00:00:00+00:00,1.14375,1.225,1.066667,1.100521,1.100521,946560000,1.100521,-0.04034817937778346,-0.04034817937778346
1998-07-22 00:00:00+00:00,1.116667,1.165625,1.0875,1.116667,1.116667,559488000,1.116667,0.014564651638620267,0.014564651638620267
1998-07-23 00:00:00+00:00,1.083333,1.154167,1.058333,1.063542,1.063542,556212000,1.063542,-0.048743508555331695,-0.048743508555331695
1998-07-24 00:00:00+00:00,1.077083,1.095833,0.975,1.035417,1.035417,579480000,1.035417,-0.026800602994722124,-0.026800602994722124
1998-07-27 00:00:00+00:00,0.992708,1.061458,0.963542,1.046354,1.046354,576612000,1.046354,0.010507496383639119,0.010507496383639119
1998-07-28 00:00:00+00:00,1.036979,1.05,0.983333,0.991146,0.991146,414936000,0.991146,-0.054205170080017066,-0.054205170080017066
1998-07-29 00:00:00+00:00,1.004167,1.0125,0.895833,0.898438,0.898438,392892000,0.898438,-0.09820414946463485,-0.09820414946463485
1998-07-30 00:00:00+00:00,0.93125,0.958333,0.879167,0.947917,0.947917,635484000,0.947917,0.053609245732086405,0.053609245732086405
1998-07-31 00:00:00+00:00,0.954167,0.959375,0.909375,0.923958,0.923958,268812000,0.923958,-0.02560032961630031,-0.02560032961630031
1998-08-03 00:00:00+00:00,0.914583,0.929167,0.89375,0.902083,0.902083,258264000,0.902083,-0.02396008249553,-0.02396008249553
1998-08-04 00:00:00+00:00,0.917708,0.951042,0.901042,0.915625,0.915625,561300000,0.915625,0.01490035863782162,0.01490035863782162
1998-08-05 00:00:00+00:00,0.940104,0.942708,0.833333,0.884896,0.884896,461208000,0.884896,-0.034136768227122125,-0.034136768227122125
1998-08-06 00:00:00+00:00,0.869792,0.9375,0.858854,0.9125,0.9125,372072000,0.9125,0.03071796147833647,0.03071796147833647
1998-08-07 00:00:00+00:00,0.927083,0.990625,0.911458,0.966667,0.966667,468660000,0.966667,0.05766598667733587,0.05766598667733587
1998-08-10 00:00:00+00:00,0.975,1.015625,0.958333,1.013542,1.013542,370320000,1.013542,0.04735233345197687,0.04735233345197687
1998-08-11 00:00:00+00:00,0.9625,1.057292,0.960417,1.033333,1.033333,563172000,1.033333,0.019338373638471303,0.019338373638471303
1998-08-12 00:00:00+00:00,1.05625,1.095833,1.033854,1.086458,1.086458,402816000,1.086458,0.05013336348926303,0.05013336348926303
1998-08-13 00:00:00+00:00,1.088542,1.125,1.058333,1.0625,1.0625,492588000,1.0625,-0.022298241915121902,-0.022298241915121902
1998-08-14 00:00:00+00:00,1.089063,1.089583,1.002083,1.022917,1.022917,388200000,1.022917,-0.03796627205832344,-0.03796627205832344
1998-08-17 00:00:00+00:00,1.00625,1.026563,0.9875,0.997396,0.997396,292356000,0.997396,-0.02526574606337864,-0.02526574606337864
1998-08-18 00:00:00+00:00,1.009896,1.076042,0.992708,1.072396,1.072396,360012000,1.072396,0.07250279372646729,0.07250279372646729
1998-08-19 00:00:00+00:00,1.09375,1.114583,1.058333,1.072917,1.072917,385632000,1.072917,0.00048571002016260887,0.00048571002016260887
1998-08-20 00:00:00+00:00,1.052083,1.08125,1.045833,1.076042,1.076042,317724000,1.076042,0.0029083869936932373,0.0029083869936932373
1998-08-21 00:00:00+00:00,1.060417,1.085677,1.027083,1.080729,1.080729,302724000,1.080729,0.004346318991035983,0.004346318991035983
1998-08-24 00:00:00+00:00,1.085417,1.125,1.084375,1.122917,1.122917,278988000,1.122917,0.03829395042693552,0.03829395042693552
1998-08-25 00:00:00+00:00,1.145313,1.145833,1.089583,1.096875,1.096875,287028000,1.096875,-0.023464536180933984,-0.023464536180933984
1998-08-26 00:00:00+00:00,1.08125,1.085417,1.056771,1.060417,1.060417,327816000,1.060417,-0.03380300068171015,-0.03380300068171015
1998-08-27 00:00:00+00:00,1.036458,1.041667,0.991667,0.991667,0.991667,320544000,0.991667,-0.06703014052650283,-0.06703014052650283
1998-08-28 00:00:00+00:00,0.997917,1.007292,0.860417,0.882422,0.882422,780720000,0.882422,-0.11671696581389567,-0.11671696581389567
1998-08-31 00:00:00+00:00,0.878646,0.896875,0.692708,0.697917,0.697917,820008000,0.697917,-0.2345702151150289,-0.2345702151150289
1998-09-01 00:00:00+00:00,0.634375,0.721875,0.541667,0.666276,0.666276,1349016000,0.666276,-0.046396185408226695,-0.046396185408226695
1998-09-02 00:00:00+00:00,0.692708,0.8,0.683333,0.732292,0.732292,946572000,0.732292,0.09447534241398417,0.09447534241398417
1998-09-03 00:00:00+00:00,0.696875,0.752083,0.672917,0.715625,0.715625,509424000,0.715625,-0.02302305478024619,-0.02302305478024619
1998-09-04 00:00:00+00:00,0.722396,0.75,0.683333,0.71875,0.71875,356244000,0.71875,0.004357305368955847,0.004357305368955847
1998-09-08 00:00:00+00:00,0.783333,0.789583,0.75,0.76875,0.76875,438732000,0.76875,0.06725222700916747,0.06725222700916747
1998-09-09 00:00:00+00:00,0.745833,0.769792,0.694792,0.704167,0.704167,357924000,0.704167,-0.08775027518483945,-0.08775027518483945
1998-09-10 00:00:00+00:00,0.661458,0.670833,0.627083,0.663542,0.663542,639396000,0.663542,-0.059423391488807924,-0.059423391488807924
1998-09-11 00:00:00+00:00,0.653125,0.673958,0.6125,0.633854,0.633854,472248000,0.633854,-0.04577350844093762,-0.04577350844093762
1998-09-14 00:00:00+00:00,0.669792,0.670833,0.6125,0.614063,0.614063,301200000,0.614063,-0.03172111525942955,-0.03172111525942955
1998-09-15 00:00:00+00:00,0.590104,0.622917,0.586458,0.608333,0.608333,344568000,0.608333,-0.009375099343586584,-0.009375099343586584
1998-09-16 00:00:00+00:00,0.61875,0.716146,0.595833,0.704167,0.704167,782376000,0.704167,0.14629311453276161,0.14629311453276161
1998-09-17 00:00:00+00:00,0.670313,0.695833,0.6375,0.641667,0.641667,849156000,0.641667,-0.09294606640172884,-0.09294606640172884
1998-09-18 00:00:00+00:00,0.647917,0.676563,0.647396,0.664063,0.664063,334848000,0.664063,0.034307546959569946,0.034307546959569946
1998-09-21 00:00:00+00:00,0.633333,0.723958,0.633333,0.7125,0.7125,475344000,0.7125,0.07040288764907628,0.07040288764907628
1998-09-22 00:00:00+00:00,0.735417,0.7625,0.730208,0.734896,0.734896,606108000,0.734896,0.030949080459803498,0.030949080459803498
1998-09-23 00:00:00+00:00,0.756771,0.879167,0.75,0.876042,0.876042,911676000,0.876042,0.1756850423899271,0.1756850423899271
1998-09-24 00:00:00+00:00,0.892708,0.973958,0.845833,0.851042,0.851042,1022484000,0.851042,-0.028952553935488363,-0.028952553935488363
1998-09-25 00:00:00+00:00,0.820833,0.921875,0.820833,0.910417,0.910417,731976000,0.910417,0.06744125525139887,0.06744125525139887
1998-09-28 00:00:00+00:00,0.969792,1.0,0.932292,0.963542,0.963542,772092000,0.963542,0.05671334167011981,0.05671334167011981
1998-09-29 00:00:00+00:00,0.977083,0.996354,0.929167,0.942708,0.942708,766716000,0.942708,-0.02185949334960797,-0.02185949334960797
1998-09-30 00:00:00+00:00,0.929167,0.9625,0.906771,0.930208,0.930208,588612000,0.930208,-0.013348367574933639,-0.013348367574933639
1998-10-01 00:00:00+00:00,0.9,0.925,0.833333,0.855208,0.855208,687840000,0.855208,-0.08406350284999235,-0.08406350284999235
1998-10-02 00:00:00+00:00,0.877604,0.932292,0.841667,0.91875,0.91875,689916000,0.91875,0.07166933632301384,0.07166933632301384
1998-10-05 00:00:00+00:00,0.907292,0.925,0.841667,0.872526,0.872526,489924000,0.872526,-0.05162159746752419,-0.05162159746752419
1998-10-06 00:00:00+00:00,0.929167,0.935417,0.866667,0.902604,0.902604,563436000,0.902604,0.033891465965482134,0.033891465965482134
1998-10-07 00:00:00+00:00,0.855208,0.872917,0.760417,0.778646,0.778646,856680000,0.778646,-0.147727405193108,-0.147727405193108
1998-10-08 00:00:00+00:00,0.690625,0.733333,0.666667,0.718229,0.718229,607692000,0.718229,-0.08076805413052339,-0.08076805413052339
1998-10-09 00:00:00+00:00,0.752083,0.765625,0.697917,0.759896,0.759896,414540000,0.759896,0.05639312211000548,0.05639312211000548
1998-10-12 00:00:00+00:00,0.809375,0.841667,0.775,0.776563,0.776563,436344000,0.776563,0.021696190776641637,0.021696190776641637
1998-10-13 00:00:00+00:00,0.765104,0.794792,0.755208,0.761458,0.761458,213708000,0.761458,-0.019642756074580194,-0.019642756074580194
1998-10-14 00:00:00+00:00,0.758854,0.813542,0.747917,0.779167,0.779167,311808000,0.779167,0.022990383788687813,0.022990383788687813
1998-10-15 00:00:00+00:00,0.785417,0.815625,0.770833,0.808854,0.808854,339420000,0.808854,0.03739303075404708,0.03739303075404708
1998-10-16 00:00:00+00:00,0.821875,0.849479,0.808333,0.828646,0.828646,428100000,0.828646,0.024174612373265823,0.024174612373265823
1998-10-19 00:00:00+00:00,0.825,0.890625,0.825,0.88125,0.88125,333624000,0.88125,0.061548310697037985,0.061548310697037985
1998-10-20 00:00:00+00:00,0.90625,0.9375,0.888542,0.889583,0.889583,383352000,0.889583,0.009411459475016388,0.009411459475016388
1998-10-21 00:00:00+00:00,0.911979,0.91875,0.880208,0.916667,0.916667,252360000,0.916667,0.029991452027309996,0.029991452027309996
1998-10-22 00:00:00+00:00,0.896875,0.982292,0.894792,0.955729,0.955729,533904000,0.955729,0.041730134433239426,0.041730134433239426
1998-10-23 00:00:00+00:00,0.954167,0.985938,0.951042,0.967708,0.967708,272496000,0.967708,0.012455988815585173,0.012455988815585173
1998-10-26 00:00:00+00:00,0.992708,1.015625,0.972917,1.011979,1.011979,390336000,1.011979,0.04473270976633421,0.04473270976633421
1998-10-27 00:00:00+00:00,1.034375,1.05,0.967188,0.969271,0.969271,403284000,0.969271,-0.04311885609085377,-0.04311885609085377
1998-10-28 00:00:00+00:00,0.974479,0.995833,0.952083,0.975521,0.975521,397836000,0.975521,0.006427444700179144,0.006427444700179144
1998-10-29 00:00:00+00:00,1.010938,1.060417,0.991667,1.054167,1.054167,658644000,1.054167,0.07753447331986049,0.07753447331986049
1998-10-30 00:00:00+00:00,1.055208,1.081771,1.038542,1.053646,1.053646,423648000,1.053646,-0.0004943512641873905,-0.0004943512641873905
1998-11-02 00:00:00+00:00,1.067708,1.095313,1.0375,1.091667,1.091667,629880000,1.091667,0.035449355435745046,0.035449355435745046
1998-11-03 00:00:00+00:00,1.092708,1.108854,1.047917,1.050521,1.050521,367764000,1.050521,-0.03841965417873581,-0.03841965417873581
1998-11-04 00:00:00+00:00,1.094792,1.1,1.055208,1.081771,1.081771,407664000,1.081771,0.029313281338806552,0.029313281338806552
1998-11-05 00:00:00+00:00,1.064063,1.084375,1.052083,1.070833,1.070833,294648000,1.070833,-0.01016266265350776,-0.01016266265350776
1998-11-06 00:00:00+00:00,1.05,1.06875,1.033333,1.038021,1.038021,377880000,1.038021,-0.03112083451621177,-0.03112083451621177
1998-11-09 00:00:00+00:00,1.015625,1.061979,1.00625,1.057292,1.057292,436872000,1.057292,0.018394906531970324,0.018394906531970324
1998-11-10 00:00:00+00:00,1.06875,1.166667,1.067708,1.097917,1.097917,687516000,1.097917,0.03770382595980077,0.03770382595980077
1998-11-11 00:00:00+00:00,1.113542,1.11875,1.04375,1.055208,1.055208,329268000,1.055208,-0.03967684435132728,-0.03967684435132728
1998-11-12 00:00:00+00:00,1.045833,1.107292,1.041667,1.091667,1.091667,239496000,1.091667,0.03396798186920488,0.03396798186920488
1998-11-13 00:00:00+00:00,1.099479,1.1125,1.047656,1.064583,1.064583,178812000,1.064583,-0.02512271257239746,-0.02512271257239746
1998-11-16 00:00:00+00:00,1.070833,1.082292,1.029167,1.052083,1.052083,237948000,1.052083,-0.011811164648482883,-0.011811164648482883
1998-11-17 00:00:00+00:00,1.078125,1.285417,1.070833,1.2375,1.2375,1222836000,1.2375,0.16232120691901838,0.16232120691901838
1998-11-18 00:00:00+00:00,1.263542,1.421875,1.2625,1.366667,1.366667,1182672000,1.366667,0.09928171348385333,0.09928171348385333
1998-11-19 00:00:00+00:00,1.425,1.4625,1.275,1.277083,1.277083,777912000,1.277083,-0.06779635792174031,-0.06779635792174031
1998-11-20 00:00:00+00:00,1.458333,1.514583,1.375,1.505208,1.505208,1338252000,1.505208,0.16435252360851757,0.16435252360851757
1998-11-23 00:00:00+00:00,1.590625,1.820833,1.550521,1.816667,1.816667,1355628000,1.816667,0.1880724088619257,0.1880724088619257
1998-11-24 00:00:00+00:00,1.866667,1.942708,1.708333,1.7875,1.7875,1633512000,1.7875,-0.016185507907239043,-0.016185507907239043
1998-11-25 00:00:00+00:00,1.804167,1.8625,1.708333,1.752604,1.752604,550452000,1.752604,-0.019715313625611772,-0.019715313625611772
1998-11-27 00:00:00+00:00,1.810417,1.816667,1.775,1.805208,1.805208,191736000,1.805208,0.02957313864239868,0.02957313864239868
1998-11-30 00:00:00+00:00,1.830208,1.835417,1.597917,1.6,1.6,595044000,1.6,-0.12067219135707709,-0.12067219135707709
1998-12-01 00:00:00+00:00,1.545833,1.747917,1.516667,1.745833,1.745833,943092000,1.745833,0.08722817640360507,0.08722817640360507
1998-12-02 00:00:00+00:00,1.724479,1.729167,1.646354,1.6625,1.6625,592980000,1.6625,-0.04890931210146836,-0.04890931210146836
1998-12-03 00:00:00+00:00,1.659375,1.704167,1.541667,1.579167,1.579167,436728000,1.579167,-0.05142500072566528,-0.05142500072566528
1998-12-04 00:00:00+00:00,1.629167,1.641667,1.520833,1.570833,1.570833,445152000,1.570833,-0.0052914409178015836,-0.0052914409178015836
1998-12-07 00:00:00+00:00,1.608333,1.616667,1.542708,1.591667,1.591667,315480000,1.591667,0.013175842784240192,0.013175842784240192
1998-12-08 00:00:00+00:00,1.580208,1.715625,1.570833,1.700521,1.700521,510996000,1.700521,0.06615278000924202,0.06615278000924202
1998-12-09 00:00:00+00:00,1.711458,1.869271,1.683333,1.802083,1.802083,930132000,1.802083,0.05800854336093957,0.05800854336093957
1998-12-10 00:00:00+00:00,1.813542,1.866667,1.746875,1.776042,1.776042,607236000,1.776042,-0.014555925119825324,-0.014555925119825324
1998-12-11 00:00:00+00:00,1.750521,1.866667,1.75,1.858333,1.858333,509352000,1.858333,0.04529255636685725,0.04529255636685725
1998-12-14 00:00:00+00:00,1.842708,1.916667,1.816667,1.852083,1.852083,775020000,1.852083,-0.0033688976714104134,-0.0033688976714104134
1998-12-15 00:00:00+00:00,1.891667,2.025,1.879167,2.022917,2.022917,760308000,2.022917,0.08822957753350463,0.08822957753350463
1998-12-16 00:00:00+00:00,2.159375,2.514583,2.158333,2.408333,2.408333,2035944000,2.408333,0.17439427775411856,0.17439427775411856
1998-12-17 00:00:00+00:00,2.2,2.429167,2.171354,2.30625,2.30625,1352700000,2.30625,-0.04331197811537174,-0.04331197811537174
1998-12-18 00:00:00+00:00,2.358333,2.408333,2.315625,2.389063,2.389063,459036000,2.389063,0.03527841005573839,0.03527841005573839
1998-12-21 00:00:00+00:00,2.529167,2.68125,2.5,2.65625,2.65625,667680000,2.65625,0.10601411482815118,0.10601411482815118
1998-12-22 00:00:00+00:00,2.724479,2.741667,2.571875,2.686458,2.686458,635208000,2.686458,0.01130824364976476,0.01130824364976476
1998-12-23 00:00:00+00:00,2.733333,2.75,2.659375,2.708333,2.708333,291276000,2.708333,0.008109719130406222,0.008109719130406222
1998-12-24 00:00:00+00:00,2.685417,2.725,2.658333,2.706771,2.706771,108276000,2.706771,-0.0005769049101632799,-0.0005769049101632799
1998-12-28 00:00:00+00:00,2.758333,3.015625,2.708333,2.932813,2.932813,597972000,2.932813,0.08020561915699521,0.08020561915699521
1998-12-29 00:00:00+00:00,2.916667,2.917708,2.7375,2.769271,2.769271,492156000,2.769271,-0.057377922050769095,-0.057377922050769095
1998-12-30 00:00:00+00:00,2.775,2.860417,2.532292,2.677083,2.677083,651672000,2.677083,-0.03385633975306662,-0.03385633975306662
1998-12-31 00:00:00+00:00,2.64375,2.758333,2.634375,2.677083,2.677083,365964000,2.677083,0.0,0.0
1999-01-04 00:00:00+00:00,2.730729,2.966667,2.665625,2.957813,2.957813,785844000,2.957813,0.09972237498567957,0.09972237498567957
1999-01-05 00:00:00+00:00,2.739063,3.24375,2.6625,3.1125,3.1125,1257464000,3.1125,0.050976117891389346,0.050976117891389346
1999-01-06 00:00:00+00:00,3.409375,3.509375,3.35,3.45,3.45,723532000,3.45,0.1029479692524424,0.1029479692524424
1999-01-07 00:00:00+00:00,3.428125,4.00625,3.325,3.971875,3.971875,945492000,3.971875,0.1408640443524133,0.1408640443524133
1999-01-08 00:00:00+00:00,4.60625,4.978125,3.8,4.00625,4.00625,1333244000,4.00625,0.0086173662911612,0.0086173662911612
1999-01-11 00:00:00+00:00,4.6,4.625,4.190625,4.615625,4.615625,778460000,4.615625,0.1415916450507644,0.1415916450507644
1999-01-12 00:00:00+00:00,4.5125,4.55,3.975,4.084375,4.084375,488864000,4.084375,-0.12227856890715785,-0.12227856890715785
1999-01-13 00:00:00+00:00,3.125,4.0875,3.125,3.7,3.7,597528000,3.7,-0.09883589818027087,-0.09883589818027087
1999-01-14 00:00:00+00:00,3.75,3.98125,3.4,3.45,3.45,418248000,3.45,-0.06995858860691034,-0.06995858860691034
1999-01-15 00:00:00+00:00,3.5,3.751563,3.440625,3.509375,3.509375,402652000,3.509375,0.01706372790140247,0.01706372790140247
1999-01-19 00:00:00+00:00,3.7625,3.7625,3.40625,3.495313,3.495313,228108000,3.495313,-0.004015030759543124,-0.004015030759543124
1999-01-20 00:00:00+00:00,3.376563,3.425,2.74375,2.825,2.825,610704000,2.825,-0.21291456358672348,-0.21291456358672348
1999-01-21 00:00:00+00:00,2.6125,2.759375,2.314063,2.65,2.65,940964000,2.65,-0.06394872460027352,-0.06394872460027352
1999-01-22 00:00:00+00:00,2.4875,3.146875,2.46875,3.075,3.075,875316000,3.075,0.14874526126035043,0.14874526126035043
1999-01-25 00:00:00+00:00,3.0375,3.084375,2.75,2.809375,2.809375,546476000,2.809375,-0.09034286258063319,-0.09034286258063319
1999-01-26 00:00:00+00:00,2.815625,3.03125,2.765625,2.877344,2.877344,490696000,2.877344,0.023905607739241493,0.023905607739241493
1999-01-27 00:00:00+00:00,3.353125,3.49375,3.0,3.140625,3.140625,700452000,3.140625,0.08755417828231421,0.08755417828231421
1999-01-28 00:00:00+00:00,3.160938,3.21875,3.00625,3.071875,3.071875,475012000,3.071875,-0.022133700346009654,-0.022133700346009654
1999-01-29 00:00:00+00:00,3.040625,3.040625,2.875,2.923438,2.923438,327920000,2.923438,-0.04952780340150289,-0.04952780340150289
1999-02-01 00:00:00+00:00,2.94375,3.057813,2.875,2.896875,2.896875,255620000,2.896875,-0.009127751179808458,-0.009127751179808458
1999-02-02 00:00:00+00:00,2.909375,2.910938,2.7125,2.75625,2.75625,260972000,2.75625,-0.049761509559063825,-0.049761509559063825
1999-02-03 00:00:00+00:00,2.725,3.15,2.7125,3.14375,3.14375,375820000,3.14375,0.13154529465289322,0.13154529465289322
1999-02-04 00:00:00+00:00,3.13125,3.16875,2.90625,2.95,2.95,232992000,2.95,-0.06361118451418372,-0.06361118451418372
1999-02-05 00:00:00+00:00,2.925,3.071875,2.807813,2.896875,2.896875,171320000,2.896875,-0.018172600579645544,-0.018172600579645544
1999-02-08 00:00:00+00:00,2.859375,2.878125,2.64375,2.728125,2.728125,251964000,2.728125,-0.06001800972625304,-0.06001800972625304
1999-02-09 00:00:00+00:00,2.698438,2.7,2.498438,2.5,2.5,256520000,2.5,-0.08732382817167483,-0.08732382817167483
1999-02-10 00:00:00+00:00,2.45625,2.584375,2.375,2.435938,2.435938,264100000,2.435938,-0.02595883391033513,-0.02595883391033513
1999-02-11 00:00:00+00:00,2.5125,2.754688,2.4875,2.746875,2.746875,275860000,2.746875,0.12013200392758487,0.12013200392758487
1999-02-12 00:00:00+00:00,2.7,2.746875,2.590625,2.6125,2.6125,155308000,2.6125,-0.05015628460047548,-0.05015628460047548
1999-02-16 00:00:00+00:00,2.671875,2.7125,2.425,2.465625,2.465625,155596000,2.465625,-0.05786229223882719,-0.05786229223882719
1999-02-17 00:00:00+00:00,2.460938,2.551563,2.3125,2.3375,2.3375,193372000,2.3375,-0.05336334287139708,-0.05336334287139708
1999-02-18 00:00:00+00:00,2.4125,2.4125,2.10625,2.2375,2.2375,431252000,2.2375,-0.04372281101383169,-0.04372281101383169
1999-02-19 00:00:00+00:00,2.359375,2.5625,2.275,2.546875,2.546875,538364000,2.546875,0.1295079462802172,0.1295079462802172
1999-02-22 00:00:00+00:00,2.54375,2.740625,2.45,2.6625,2.6625,384244000,2.6625,0.044398413588452985,0.044398413588452985
1999-02-23 00:00:00+00:00,2.753125,2.925,2.7375,2.879688,2.879688,422784000,2.879688,0.07841642391049823,0.07841642391049823
1999-02-24 00:00:00+00:00,2.940625,3.054688,2.75625,2.773438,2.773438,495728000,2.773438,-0.03759424910856917,-0.03759424910856917
1999-02-25 00:00:00+00:00,2.915625,3.140625,2.865625,3.125,3.125,733796000,3.125,0.1193465773508922,0.1193465773508922
1999-02-26 00:00:00+00:00,3.16875,3.25,3.025,3.203125,3.203125,507308000,3.203125,0.024692612590371414,0.024692612590371414
1999-03-01 00:00:00+00:00,3.175,3.401563,3.1,3.325,3.325,387380000,3.325,0.03734277832908117,0.03734277832908117
1999-03-02 00:00:00+00:00,3.360938,3.39375,3.026563,3.032813,3.032813,332064000,3.032813,-0.09197910242906593,-0.09197910242906593
1999-03-03 00:00:00+00:00,3.09375,3.1875,3.00625,3.0875,3.0875,310576000,3.0875,0.01787113027534402,0.01787113027534402
1999-03-04 00:00:00+00:00,3.1375,3.175,2.896875,3.003125,3.003125,357748000,3.003125,-0.02770828877757533,-0.02770828877757533
1999-03-05 00:00:00+00:00,3.098438,3.1125,2.959375,3.0375,3.0375,243524000,3.0375,0.01138139549014675,0.01138139549014675
1999-03-08 00:00:00+00:00,3.035938,3.160938,2.98125,3.054688,3.054688,209252000,3.054688,0.005642651081932804,0.005642651081932804
1999-03-09 00:00:00+00:00,3.128125,3.33125,3.085938,3.248438,3.248438,325840000,3.248438,0.06149680567583785,0.06149680567583785
1999-03-10 00:00:00+00:00,3.41875,3.473438,3.35,3.428125,3.428125,282352000,3.428125,0.05383919905702047,0.05383919905702047
1999-03-11 00:00:00+00:00,3.49375,3.56875,3.275,3.371875,3.371875,325044000,3.371875,-0.01654449501709555,-0.01654449501709555
1999-03-12 00:00:00+00:00,3.35,3.384375,3.215625,3.332813,3.332813,186652000,3.332813,-0.011652277323299575,-0.011652277323299575
1999-03-15 00:00:00+00:00,3.325,3.475,3.275,3.473438,3.473438,140416000,3.473438,0.04132818941902336,0.04132818941902336
1999-03-16 00:00:00+00:00,3.475,3.509375,3.31875,3.345313,3.345313,150688000,3.345313,-0.03758461986126433,-0.03758461986126433
1999-03-17 00:00:00+00:00,3.282813,3.3375,3.20625,3.275,3.275,157348000,3.275,-0.021242392611606674,-0.021242392611606674
1999-03-18 00:00:00+00:00,3.321875,3.5,3.309375,3.460938,3.460938,246004000,3.460938,0.05522178150781889,0.05522178150781889
1999-03-19 00:00:00+00:00,3.546875,3.576563,3.375,3.376563,3.376563,214504000,3.376563,-0.024681322362283743,-0.024681322362283743
1999-03-22 00:00:00+00:00,3.329688,3.4125,3.2625,3.3,3.3,131968000,3.3,-0.02293585976031579,-0.02293585976031579
1999-03-23 00:00:00+00:00,3.215625,3.246875,2.95,2.984375,2.984375,224336000,2.984375,-0.10053212378547648,-0.10053212378547648
1999-03-24 00:00:00+00:00,2.929688,3.1,2.85,3.092188,3.092188,230876000,3.092188,0.03548858625970434,0.03548858625970434
1999-03-25 00:00:00+00:00,3.223438,3.5,3.204688,3.496875,3.496875,321996000,3.496875,0.12299078157149072,0.12299078157149072
1999-03-26 00:00:00+00:00,3.5,3.69375,3.434375,3.476563,3.476563,498440000,3.476563,-0.005825550451315637,-0.005825550451315637
1999-03-29 00:00:00+00:00,3.75,3.7875,3.7,3.740625,3.740625,377760000,3.740625,0.07320854769736343,0.07320854769736343
1999-03-30 00:00:00+00:00,3.8,4.2375,3.788281,4.117188,4.117188,523548000,4.117188,0.0959176962996619,0.0959176962996619
1999-03-31 00:00:00+00:00,4.28125,4.45,4.128125,4.304688,4.304688,441884000,4.304688,0.044534255321877575,0.044534255321877575
1999-04-01 00:00:00+00:00,4.484375,4.503125,4.1875,4.275,4.275,231464000,4.275,-0.006920558997016937,-0.006920558997016937
1999-04-05 00:00:00+00:00,4.315625,4.6875,4.29375,4.6625,4.6625,318336000,4.6625,0.08676768258121031,0.08676768258121031
1999-04-06 00:00:00+00:00,4.6125,4.89375,4.4875,4.571875,4.571875,290636000,4.571875,-0.019628379743581694,-0.019628379743581694
1999-04-07 00:00:00+00:00,4.665625,4.682813,4.28125,4.395313,4.395313,263332000,4.395313,-0.03938465933266515,-0.03938465933266515
1999-04-08 00:00:00+00:00,4.370313,4.603125,4.15,4.475,4.475,229756000,4.475,0.017967605833131537,0.017967605833131537
1999-04-09 00:00:00+00:00,4.453125,4.65,4.39375,4.571875,4.571875,136780000,4.571875,0.021417053499533573,0.021417053499533573
1999-04-12 00:00:00+00:00,4.403125,4.70625,4.4,4.610938,4.610938,171384000,4.610938,0.008507901800681587,0.008507901800681587
1999-04-13 00:00:00+00:00,4.66875,4.8,4.45625,4.459375,4.459375,160776000,4.459375,-0.03342268534396961,-0.03342268534396961
1999-04-14 00:00:00+00:00,4.55,4.6125,4.165625,4.2,4.2,199056000,4.2,-0.059924096393741494,-0.059924096393741494
1999-04-15 00:00:00+00:00,4.146875,4.2625,3.775,4.18125,4.18125,329968000,4.18125,-0.004474280394921077,-0.004474280394921077
1999-04-16 00:00:00+00:00,4.596875,4.7875,4.517188,4.75,4.75,633204000,4.75,0.12753437315214813,0.12753437315214813
1999-04-19 00:00:00+00:00,4.725,4.725,3.875,3.973438,3.973438,567396000,3.973438,-0.17851290314252855,-0.17851290314252855
1999-04-20 00:00:00+00:00,3.932813,4.357813,3.8375,4.3,4.3,400100000,4.3,0.07898330779549542,0.07898330779549542
1999-04-21 00:00:00+00:00,4.309375,4.55,4.225,4.48125,4.48125,221640000,4.48125,0.04128700266627688,0.04128700266627688
1999-04-22 00:00:00+00:00,4.607813,4.775,4.448438,4.751563,4.751563,250764000,4.751563,0.05857159118639127,0.05857159118639127
1999-04-23 00:00:00+00:00,4.821875,5.4125,4.79375,5.253125,5.253125,634336000,5.253125,0.10034952106265853,0.10034952106265853
1999-04-26 00:00:00+00:00,5.225,5.396875,5.1,5.179688,5.179688,279700000,5.179688,-0.014078314817682628,-0.014078314817682628
1999-04-27 00:00:00+00:00,5.425,5.53125,5.05,5.146875,5.146875,357908000,5.146875,-0.006355088413292673,-0.006355088413292673
1999-04-28 00:00:00+00:00,5.0,5.05,4.559375,4.8375,4.8375,389476000,4.8375,-0.061991676027967735,-0.061991676027967735
1999-04-29 00:00:00+00:00,4.310938,4.54375,4.125,4.20625,4.20625,844168000,4.20625,-0.1398265439449994,-0.1398265439449994
1999-04-30 00:00:00+00:00,4.425,4.5,4.125,4.301563,4.301563,355528000,4.301563,0.022406930614814666,0.022406930614814666
1999-05-03 00:00:00+00:00,4.171875,4.176563,3.753125,3.773438,3.773438,523728000,3.773438,-0.13099192278759272,-0.13099192278759272
1999-05-04 00:00:00+00:00,3.815625,4.0125,3.5125,3.575,3.575,433928000,3.575,-0.05402134609215168,-0.05402134609215168
1999-05-05 00:00:00+00:00,3.596875,3.70625,3.346875,3.6625,3.6625,554196000,3.6625,0.024180798197214613,0.024180798197214613
1999-05-06 00:00:00+00:00,3.7,3.775,3.39375,3.434375,3.434375,365688000,3.434375,-0.06431101573333654,-0.06431101573333654
1999-05-07 00:00:00+00:00,3.51875,3.6,3.275,3.409375,3.409375,333080000,3.409375,-0.007305968570550606,-0.007305968570550606
1999-05-10 00:00:00+00:00,3.415625,3.675,3.35,3.671875,3.671875,284824000,3.671875,0.07417344074518865,0.07417344074518865
1999-05-11 00:00:00+00:00,3.767188,3.846875,3.6,3.709375,3.709375,278828000,3.709375,0.010160968031408804,0.010160968031408804
1999-05-12 00:00:00+00:00,3.701563,3.715625,3.5375,3.573438,3.573438,146548000,3.573438,-0.037335241225547815,-0.037335241225547815
1999-05-13 00:00:00+00:00,3.609375,3.696875,3.4,3.4,3.4,229980000,3.4,-0.0497527259682324,-0.0497527259682324
1999-05-14 00:00:00+00:00,3.328125,3.36875,3.245313,3.309375,3.309375,225336000,3.309375,-0.027016081814481438,-0.027016081814481438
1999-05-17 00:00:00+00:00,3.25,3.45,3.0375,3.440625,3.440625,417164000,3.440625,0.03889379112127332,0.03889379112127332
1999-05-18 00:00:00+00:00,3.410938,3.4375,3.273438,3.315625,3.315625,248156000,3.315625,-0.03700699810869681,-0.03700699810869681
1999-05-19 00:00:00+00:00,3.348438,3.490625,3.3375,3.489063,3.489063,252384000,3.489063,0.05098707597119011,0.05098707597119011
1999-05-20 00:00:00+00:00,3.41875,3.45,3.2625,3.270313,3.270313,137880000,3.270313,-0.06474751980854279,-0.06474751980854279
1999-05-21 00:00:00+00:00,3.26875,3.3,3.14375,3.214063,3.214063,160112000,3.214063,-0.017349830117271797,-0.017349830117271797
1999-05-24 00:00:00+00:00,3.215625,3.234375,2.9,2.9375,2.9375,285076000,2.9375,-0.08997698939530895,-0.08997698939530895
1999-05-25 00:00:00+00:00,2.93125,3.028125,2.784375,2.789063,2.789063,310204000,2.789063,-0.05185318233856285,-0.05185318233856285
1999-05-26 00:00:00+00:00,2.829688,3.046875,2.6125,3.023438,3.023438,423172000,3.023438,0.08068889735311344,0.08068889735311344
1999-05-27 00:00:00+00:00,2.990625,3.014063,2.85,2.864063,2.864063,271468000,2.864063,-0.05415334842165997,-0.05415334842165997
1999-05-28 00:00:00+00:00,2.890625,3.009375,2.8,2.96875,2.96875,193604000,2.96875,0.035899742737646206,0.035899742737646206
1999-06-01 00:00:00+00:00,2.7875,2.8375,2.624609,2.645313,2.645313,401528000,2.645313,-0.11535159400782904,-0.11535159400782904
1999-06-02 00:00:00+00:00,2.61875,2.875,2.428125,2.803125,2.803125,738128000,2.803125,0.05794547147203878,0.05794547147203878
1999-06-03 00:00:00+00:00,2.848438,2.8625,2.6125,2.626563,2.626563,346232000,2.626563,-0.06505871884726469,-0.06505871884726469
1999-06-04 00:00:00+00:00,2.640625,2.75,2.540625,2.710938,2.710938,389836000,2.710938,0.031618553047506284,0.031618553047506284
1999-06-07 00:00:00+00:00,2.714063,2.996875,2.7,2.934375,2.934375,338028000,2.934375,0.0791997829492253,0.0791997829492253
1999-06-08 00:00:00+00:00,3.0,3.034375,2.759375,2.789063,2.789063,276888000,2.789063,-0.05078878628277618,-0.05078878628277618
1999-06-09 00:00:00+00:00,2.848438,2.8625,2.74375,2.85,2.85,178084000,2.85,0.021613297148844697,0.021613297148844697
1999-06-10 00:00:00+00:00,2.796875,2.953125,2.753125,2.898438,2.898438,254212000,2.898438,0.016852976913982565,0.016852976913982565
1999-06-11 00:00:00+00:00,2.878125,2.925,2.61875,2.645313,2.645313,277732000,2.645313,-0.0913825764015565,-0.0913825764015565
1999-06-14 00:00:00+00:00,2.598438,2.6125,2.24375,2.3,2.3,415292000,2.3,-0.1398802718578812,-0.1398802718578812
1999-06-15 00:00:00+00:00,2.30625,2.49375,2.265625,2.4125,2.4125,366188000,2.4125,0.047754431295900034,0.047754431295900034
1999-06-16 00:00:00+00:00,2.532813,2.825,2.525,2.792188,2.792188,434144000,2.792188,0.1461619636457593,0.1461619636457593
1999-06-17 00:00:00+00:00,2.790625,2.978125,2.740625,2.823438,2.823438,380828000,2.823438,0.011129773450829937,0.011129773450829937
1999-06-18 00:00:00+00:00,2.798438,2.8625,2.7375,2.782813,2.782813,159440000,2.782813,-0.014493004717324922,-0.014493004717324922
1999-06-21 00:00:00+00:00,2.839063,3.089063,2.79375,3.0875,3.0875,324544000,3.0875,0.1038994153438274,0.1038994153438274
1999-06-22 00:00:00+00:00,3.079688,3.2375,2.9125,2.9375,2.9375,334588000,2.9375,-0.04980282248381825,-0.04980282248381825
1999-06-23 00:00:00+00:00,2.889063,3.032813,2.803125,2.94375,2.94375,328596000,2.94375,0.0021253993123135366,0.0021253993123135366
1999-06-24 00:00:00+00:00,2.953125,2.970313,2.825,2.840625,2.840625,167104000,2.840625,-0.03566018039888422,-0.03566018039888422
1999-06-25 00:00:00+00:00,2.910938,2.9375,2.703125,2.754688,2.754688,195036000,2.754688,-0.03071991083077873,-0.03071991083077873
1999-06-28 00:00:00+00:00,2.775,2.796875,2.560938,2.767188,2.767188,337436000,2.767188,0.004527454565047954,0.004527454565047954
1999-06-29 00:00:00+00:00,2.75625,2.95625,2.71875,2.901563,2.901563,312960000,2.901563,0.04741791520194516,0.04741791520194516
1999-06-30 00:00:00+00:00,2.9125,3.23125,2.875,3.128125,3.128125,338124000,3.128125,0.07518422620152722,0.07518422620152722
1999-07-01 00:00:00+00:00,3.13125,3.1625,2.95,3.059375,3.059375,287656000,3.059375,-0.022223136784710124,-0.022223136784710124
1999-07-02 00:00:00+00:00,3.08125,3.15,3.01875,3.101563,3.101563,144168000,3.101563,0.013695531239890162,0.013695531239890162
1999-07-06 00:00:00+00:00,3.2,3.332813,3.1375,3.171875,3.171875,297724000,3.171875,0.02241671770548715,0.02241671770548715
1999-07-07 00:00:00+00:00,3.153125,3.1875,3.0,3.046875,3.046875,199760000,3.046875,-0.04020642047804048,-0.04020642047804048
1999-07-08 00:00:00+00:00,3.140625,3.1875,3.032813,3.134375,3.134375,212488000,3.134375,0.028313316964088384,0.028313316964088384
1999-07-09 00:00:00+00:00,3.153125,3.19375,3.101563,3.1375,3.1375,111636000,3.1375,0.000996512289739076,0.000996512289739076
1999-07-12 00:00:00+00:00,3.125,3.1375,2.9,2.934375,2.934375,213064000,2.934375,-0.06693182104341154,-0.06693182104341154
1999-07-13 00:00:00+00:00,2.90625,3.179688,2.875,3.153125,3.153125,409064000,3.153125,0.07189954114534605,0.07189954114534605
1999-07-14 00:00:00+00:00,3.184375,3.375,3.145313,3.375,3.375,388072000,3.375,0.06800129976465645,0.06800129976465645
1999-07-15 00:00:00+00:00,3.375,3.5375,3.334375,3.489063,3.489063,455260000,3.489063,0.03323789446690767,0.03323789446690767
1999-07-16 00:00:00+00:00,3.46875,3.5625,3.403125,3.440625,3.440625,205948000,3.440625,-0.01398007786249326,-0.01398007786249326
1999-07-19 00:00:00+00:00,3.4,3.415625,3.2875,3.292188,3.292188,188768000,3.292188,-0.04410075160374438,-0.04410075160374438
1999-07-20 00:00:00+00:00,3.228125,3.234375,3.001563,3.003125,3.003125,344436000,3.003125,-0.09189897614864312,-0.09189897614864312
1999-07-21 00:00:00+00:00,3.025,3.20625,3.00625,3.135938,3.135938,342688000,3.135938,0.043274918708040885,0.043274918708040885
1999-07-22 00:00:00+00:00,2.910938,2.928125,2.61875,2.670313,2.670313,1150944000,2.670313,-0.16073263787870284,-0.16073263787870284
1999-07-23 00:00:00+00:00,2.745313,2.86875,2.579688,2.864063,2.864063,601612000,2.864063,0.07004555205730974,0.07004555205730974
1999-07-26 00:00:00+00:00,2.760938,2.8875,2.625,2.648438,2.648438,612552000,2.648438,-0.07827121381179224,-0.07827121381179224
1999-07-27 00:00:00+00:00,2.725,2.759375,2.503125,2.525,2.525,475396000,2.525,-0.04772896952405261,-0.04772896952405261
1999-07-28 00:00:00+00:00,2.549609,2.653125,2.490625,2.64375,2.64375,515672000,2.64375,0.04595730108512794,0.04595730108512794
1999-07-29 00:00:00+00:00,2.559375,2.609375,2.5,2.539063,2.539063,374960000,2.539063,-0.04040324847927308,-0.04040324847927308
1999-07-30 00:00:00+00:00,2.553125,2.56875,2.4375,2.501563,2.501563,241140000,2.501563,-0.014879378815122647,-0.014879378815122647
1999-08-02 00:00:00+00:00,2.459375,2.553125,2.348438,2.35,2.35,339356000,2.35,-0.06250040836198766,-0.06250040836198766
1999-08-03 00:00:00+00:00,2.425,2.425,2.240625,2.371875,2.371875,582780000,2.371875,0.009265453445790191,0.009265453445790191
1999-08-04 00:00:00+00:00,2.34375,2.409375,2.2,2.210938,2.210938,448228000,2.210938,-0.07026392172985302,-0.07026392172985302
1999-08-05 00:00:00+00:00,2.189063,2.45,2.05,2.43125,2.43125,750340000,2.43125,0.09498866851261462,0.09498866851261462
1999-08-06 00:00:00+00:00,2.415625,2.4875,2.23125,2.239063,2.239063,424376000,2.239063,-0.0823480536024441,-0.0823480536024441
1999-08-09 00:00:00+00:00,2.2875,2.2875,2.114063,2.1375,2.1375,260828000,2.1375,-0.04642055295339691,-0.04642055295339691
1999-08-10 00:00:00+00:00,2.134375,2.304688,2.05,2.275,2.275,463900000,2.275,0.06234313057413535,0.06234313057413535
1999-08-11 00:00:00+00:00,2.309375,2.38125,2.129688,2.273438,2.273438,513100000,2.273438,-0.0006868292197910745,-0.0006868292197910745
1999-08-12 00:00:00+00:00,2.275,2.39375,2.234375,2.29375,2.29375,262816000,2.29375,0.008894809637620755,0.008894809637620755
1999-08-13 00:00:00+00:00,2.375,2.435938,2.353125,2.435938,2.435938,215696000,2.435938,0.06014386514307638,0.06014386514307638
1999-08-16 00:00:00+00:00,2.45625,2.521875,2.3875,2.457813,2.457813,255064000,2.457813,0.008940032173650409,0.008940032173650409
1999-08-17 00:00:00+00:00,2.5125,2.7375,2.496875,2.73125,2.73125,473376000,2.73125,0.10548744972429315,0.10548744972429315
1999-08-18 00:00:00+00:00,2.878125,2.9375,2.8125,2.828125,2.828125,568308000,2.828125,0.0348545680443905,0.0348545680443905
1999-08-19 00:00:00+00:00,2.76875,2.779688,2.628125,2.653125,2.653125,365700000,2.653125,-0.06387575738857879,-0.06387575738857879
1999-08-20 00:00:00+00:00,2.65625,2.839063,2.628125,2.835938,2.835938,285624000,2.835938,0.06663455613618295,0.06663455613618295
1999-08-23 00:00:00+00:00,2.898438,3.0125,2.89375,2.959375,2.959375,384120000,2.959375,0.042605350738547945,0.042605350738547945
1999-08-24 00:00:00+00:00,2.9,3.1375,2.898438,3.001563,3.001563,500200000,3.001563,0.014155055602425566,0.014155055602425566
1999-08-25 00:00:00+00:00,3.070313,3.325,3.0375,3.321875,3.321875,418828000,3.321875,0.10139622955344417,0.10139622955344417
1999-08-26 00:00:00+00:00,3.325,3.389063,3.1875,3.214063,3.214063,384884000,3.214063,-0.03299351368258937,-0.03299351368258937
1999-08-27 00:00:00+00:00,3.2625,3.263281,3.125,3.2125,3.2125,258456000,3.2125,-0.0004864186442480644,-0.0004864186442480644
1999-08-30 00:00:00+00:00,3.189063,3.25,2.946875,2.98125,2.98125,369888000,2.98125,-0.07470677456682386,-0.07470677456682386
1999-08-31 00:00:00+00:00,2.959375,3.117188,2.804688,3.109375,3.109375,655848000,3.109375,0.04207906571030627,0.04207906571030627
1999-09-01 00:00:00+00:00,3.175,3.175,2.9375,2.976563,2.976563,439232000,2.976563,-0.04365246217874824,-0.04365246217874824
1999-09-02 00:00:00+00:00,2.875,3.096875,2.86875,3.003125,3.003125,336774000,3.003125,0.008884133990447924,0.008884133990447924
1999-09-03 00:00:00+00:00,3.18125,3.2,3.03125,3.121875,3.121875,328718000,3.121875,0.0387803696782612,0.0387803696782612
1999-09-07 00:00:00+00:00,3.190625,3.21875,3.10625,3.146875,3.146875,180174000,3.146875,0.007976114070008818,0.007976114070008818
1999-09-08 00:00:00+00:00,3.1,3.1625,3.046875,3.071875,3.071875,139520000,3.071875,-0.024121772571395795,-0.024121772571395795
1999-09-09 00:00:00+00:00,3.175,3.221875,3.11875,3.18125,3.18125,183664000,3.18125,0.0349860769633016,0.0349860769633016
1999-09-10 00:00:00+00:00,3.296875,3.4,3.24375,3.325,3.325,248418000,3.325,0.04419547279112175,0.04419547279112175
1999-09-13 00:00:00+00:00,3.28125,3.3,3.125,3.165625,3.165625,154952000,3.165625,-0.04911916565290636,-0.04911916565290636
1999-09-14 00:00:00+00:00,3.1375,3.321875,3.1375,3.3,3.3,175656000,3.3,0.04157196001752334,0.04157196001752334
1999-09-15 00:00:00+00:00,3.3875,3.396875,3.25,3.278125,3.278125,156346000,3.278125,-0.006650855869909462,-0.006650855869909462
1999-09-16 00:00:00+00:00,3.246875,3.290625,3.1375,3.2625,3.2625,141178000,3.2625,-0.004777839953713197,-0.004777839953713197
1999-09-17 00:00:00+00:00,3.28125,3.3,3.1375,3.190625,3.190625,144790000,3.190625,-0.02227695027791855,-0.02227695027791855
1999-09-20 00:00:00+00:00,3.184375,3.25,3.134375,3.1375,3.1375,119142000,3.1375,-0.016790517912990896,-0.016790517912990896
1999-09-21 00:00:00+00:00,3.08125,3.196875,3.05,3.1125,3.1125,164650000,3.1125,-0.008000042667076376,-0.008000042667076376
1999-09-22 00:00:00+00:00,3.14375,3.325,3.034375,3.3,3.3,200750000,3.3,0.058496206681608626,0.058496206681608626
1999-09-23 00:00:00+00:00,3.35,3.4375,3.061719,3.1125,3.1125,287472000,3.1125,-0.058496206681608494,-0.058496206681608494
1999-09-24 00:00:00+00:00,3.1,3.3,3.075,3.25,3.25,219450000,3.25,0.043228734550820214,0.043228734550820214
1999-09-27 00:00:00+00:00,3.309375,3.39375,3.09375,3.128125,3.128125,287662000,3.128125,-0.03822121282019786,-0.03822121282019786
1999-09-28 00:00:00+00:00,3.125,3.325,3.05625,3.29375,3.29375,315376000,3.29375,0.05159294978608714,0.05159294978608714
1999-09-29 00:00:00+00:00,3.325,4.25,3.2875,4.0375,4.0375,1587488000,4.0375,0.20359895524123936,0.20359895524123936
1999-09-30 00:00:00+00:00,3.990625,4.075,3.8125,3.996875,3.996875,620924000,3.996875,-0.010112882763704362,-0.010112882763704362
1999-10-01 00:00:00+00:00,3.85,3.9625,3.832813,3.8625,3.8625,208606000,3.8625,-0.034198163561206654,-0.034198163561206654
1999-10-04 00:00:00+00:00,3.971875,3.9875,3.7875,3.853125,3.853125,195148000,3.853125,-0.002430134853291782,-0.002430134853291782
1999-10-05 00:00:00+00:00,3.85625,3.9875,3.7375,3.921875,3.921875,328402000,3.921875,0.017685348401540086,0.017685348401540086
1999-10-06 00:00:00+00:00,3.978125,4.18125,3.975,4.121875,4.121875,310644000,4.121875,0.04973830115143038,0.04973830115143038
1999-10-07 00:00:00+00:00,4.28125,4.5,4.175,4.365625,4.365625,492188000,4.365625,0.05745320653964703,0.05745320653964703
1999-10-08 00:00:00+00:00,4.34375,4.475,4.221875,4.4625,4.4625,229174000,4.4625,0.02194778364256796,0.02194778364256796
1999-10-11 00:00:00+00:00,4.45625,4.46875,4.3375,4.41875,4.41875,133848000,4.41875,-0.009852296443011707,-0.009852296443011707
1999-10-12 00:00:00+00:00,4.384375,4.425,4.24375,4.246875,4.246875,144628000,4.246875,-0.03967343230537431,-0.03967343230537431
1999-10-13 00:00:00+00:00,4.125,4.25,3.978125,3.996875,3.996875,231236000,3.996875,-0.060670612572301066,-0.060670612572301066
1999-10-14 00:00:00+00:00,4.025,4.16875,3.921875,3.979688,3.979688,254260000,3.979688,-0.004309381521333426,-0.004309381521333426
1999-10-15 00:00:00+00:00,3.79375,3.853125,3.696875,3.753125,3.753125,243738000,3.753125,-0.05861459797752578,-0.05861459797752578
1999-10-18 00:00:00+00:00,3.753125,3.825,3.553125,3.703125,3.703125,215876000,3.703125,-0.013411768510751884,-0.013411768510751884
1999-10-19 00:00:00+00:00,3.88125,3.9125,3.78125,3.83125,3.83125,155600000,3.83125,0.03401406292692504,0.03401406292692504
1999-10-20 00:00:00+00:00,3.915625,4.03125,3.817188,4.025,4.025,154710000,4.025,0.049333790168142405,0.049333790168142405
1999-10-21 00:00:00+00:00,3.896875,4.140625,3.853125,4.0375,4.0375,179220000,4.0375,0.003100777678247964,0.003100777678247964
1999-10-22 00:00:00+00:00,4.071875,4.18125,3.9,3.93125,3.93125,146096000,3.93125,-0.026668247082161294,-0.026668247082161294
1999-10-25 00:00:00+00:00,3.95,4.15,3.896875,4.1375,4.1375,143618000,4.1375,0.05113429923656768,0.05113429923656768
1999-10-26 00:00:00+00:00,4.15625,4.215625,4.00625,4.0625,4.0625,154230000,4.0625,-0.018293193047325487,-0.018293193047325487
1999-10-27 00:00:00+00:00,3.96875,3.96875,3.740625,3.796875,3.796875,256704000,3.796875,-0.06762018767497927,-0.06762018767497927
1999-10-28 00:00:00+00:00,3.475,3.65625,3.29375,3.55,3.55,714528000,3.55,-0.06723075649355226,-0.06723075649355226
1999-10-29 00:00:00+00:00,3.6375,3.640625,3.4625,3.53125,3.53125,193776000,3.53125,-0.005295687574710344,-0.005295687574710344
1999-11-01 00:00:00+00:00,3.403125,3.59375,3.315625,3.45625,3.45625,256482000,3.45625,-0.0214677296241062,-0.0214677296241062
1999-11-02 00:00:00+00:00,3.4875,3.5,3.253125,3.321875,3.321875,264864000,3.321875,-0.03965480374033218,-0.03965480374033218
1999-11-03 00:00:00+00:00,3.409375,3.425,3.25,3.290625,3.290625,215442000,3.290625,-0.009451866207972436,-0.009451866207972436
1999-11-04 00:00:00+00:00,3.359375,3.39375,3.05,3.153125,3.153125,335184000,3.153125,-0.042683491780366484,-0.042683491780366484
1999-11-05 00:00:00+00:00,3.2375,3.275,3.1125,3.246875,3.246875,221828000,3.246875,0.029298970745618394,0.029298970745618394
1999-11-08 00:00:00+00:00,3.240625,4.0,3.175,3.9,3.9,646788000,3.9,0.18328355783014544,0.18328355783014544
1999-11-09 00:00:00+00:00,4.1,4.153125,3.5,3.540625,3.540625,529542000,3.540625,-0.09667328790136667,-0.09667328790136667
1999-11-10 00:00:00+00:00,3.578125,3.75,3.50625,3.6,3.6,230134000,3.6,0.016630580227830365,0.016630580227830365
1999-11-11 00:00:00+00:00,3.7375,3.83125,3.56875,3.65,3.65,185878000,3.65,0.01379332213233577,0.01379332213233577
1999-11-12 00:00:00+00:00,3.6875,3.75,3.540625,3.746875,3.746875,206392000,3.746875,0.026194991639342007,0.026194991639342007
1999-11-15 00:00:00+00:00,3.78125,3.8,3.665625,3.675,3.675,128744000,3.675,-0.019369026568942103,-0.019369026568942103
1999-11-16 00:00:00+00:00,3.7125,3.98125,3.6875,3.946875,3.946875,304774000,3.946875,0.07137099389191894,0.07137099389191894
1999-11-17 00:00:00+00:00,3.896875,4.0,3.771875,3.825,3.825,133148000,3.825,-0.0313656592782196,-0.0313656592782196
1999-11-18 00:00:00+00:00,3.8375,3.909375,3.7625,3.896875,3.896875,116208000,3.896875,0.018616482607764995,0.018616482607764995
1999-11-19 00:00:00+00:00,3.89375,3.90625,3.803125,3.896875,3.896875,115212000,3.896875,0.0,0.0
1999-11-22 00:00:00+00:00,3.89375,4.125,3.8,4.025,4.025,214168000,4.025,0.032349960984262564,0.032349960984262564
1999-11-23 00:00:00+00:00,4.01875,4.28125,3.8125,4.0875,4.0875,366650000,4.0875,0.015408625352845061,0.015408625352845061
1999-11-24 00:00:00+00:00,4.2125,4.3875,4.1625,4.3625,4.3625,289662000,4.3625,0.06511175130517374,0.06511175130517374
1999-11-26 00:00:00+00:00,4.553125,4.75625,4.53125,4.65625,4.65625,229920000,4.65625,0.06516511561718702,0.06516511561718702
1999-11-29 00:00:00+00:00,4.775,4.84375,4.50625,4.521875,4.521875,361074000,4.521875,-0.029283672308021,-0.029283672308021
1999-11-30 00:00:00+00:00,4.413281,4.44375,4.190625,4.253125,4.253125,269310000,4.253125,-0.06127272398001771,-0.06127272398001771
1999-12-01 00:00:00+00:00,4.3625,4.39375,4.098438,4.25,4.25,213272000,4.25,-0.0007350239213683204,-0.0007350239213683204
1999-12-02 00:00:00+00:00,4.3,4.565625,4.28125,4.453125,4.453125,190774000,4.453125,0.04668711397265326,0.04668711397265326
1999-12-03 00:00:00+00:00,4.625,4.66875,4.303125,4.328125,4.328125,223024000,4.328125,-0.028471674081312,-0.028471674081312
1999-12-06 00:00:00+00:00,4.34375,4.49375,4.234375,4.3875,4.3875,183984000,4.3875,0.013625165964317528,0.013625165964317528
1999-12-07 00:00:00+00:00,4.4,4.4,4.21875,4.303125,4.303125,134542000,4.303125,-0.01941808585710174,-0.01941808585710174
1999-12-08 00:00:00+00:00,4.340625,4.65,4.3,4.428125,4.428125,257344000,4.428125,0.028634740962025538,0.028634740962025538
1999-12-09 00:00:00+00:00,4.775,5.65,4.671875,5.18125,5.18125,827292000,5.18125,0.15707009600456,0.15707009600456
1999-12-10 00:00:00+00:00,5.596875,5.6,5.221875,5.334375,5.334375,298580000,5.334375,0.029125387099200272,0.029125387099200272
1999-12-13 00:00:00+00:00,5.33125,5.33125,5.075,5.125,5.125,173074000,5.125,-0.04004120197619644,-0.04004120197619644
1999-12-14 00:00:00+00:00,5.1875,5.2,4.678125,4.78125,4.78125,202158000,4.78125,-0.0694285064317629,-0.0694285064317629
1999-12-15 00:00:00+00:00,4.64375,4.971875,4.55,4.825,4.825,202670000,4.825,0.0091087161982403,0.0091087161982403
1999-12-16 00:00:00+00:00,4.9125,4.9375,4.675,4.74375,4.74375,140088000,4.74375,-0.016982772629146194,-0.016982772629146194
1999-12-17 00:00:00+00:00,4.859375,4.88125,4.690625,4.703125,4.703125,119118000,4.703125,-0.008600780772599232,-0.008600780772599232
1999-12-20 00:00:00+00:00,4.8875,5.1,4.753125,4.85,4.85,211332000,4.85,0.030751523560187788,0.030751523560187788
1999-12-21 00:00:00+00:00,4.828125,5.021875,4.775,4.99375,4.99375,190190000,4.99375,0.02920842558305603,0.02920842558305603
1999-12-22 00:00:00+00:00,5.028125,5.028125,4.775,4.884375,4.884375,118420000,4.884375,-0.02214579590474331,-0.02214579590474331
1999-12-23 00:00:00+00:00,4.9,4.95,4.453125,4.5,4.5,258292000,4.5,-0.08196393785143039,-0.08196393785143039
1999-12-27 00:00:00+00:00,4.3875,4.4125,4.0,4.05625,4.05625,330476000,4.05625,-0.10381849530601085,-0.10381849530601085
1999-12-28 00:00:00+00:00,4.153125,4.325,4.078125,4.115625,4.115625,206086000,4.115625,0.014531804479245639,0.014531804479245639
1999-12-29 00:00:00+00:00,4.171875,4.26875,4.13125,4.175,4.175,118260000,4.175,0.014323652353310016,0.014323652353310016
1999-12-30 00:00:00+00:00,4.23125,4.25625,3.925,3.953125,3.953125,185132000,3.953125,-0.054607952934970415,-0.054607952934970415
1999-12-31 00:00:00+00:00,3.965625,3.96875,3.8,3.80625,3.80625,145414000,3.80625,-0.03786195289177829,-0.03786195289177829
2000-01-03 00:00:00+00:00,4.075,4.478125,3.952344,4.46875,4.46875,322352000,4.46875,0.16046427498411064,0.16046427498411064
2000-01-04 00:00:00+00:00,4.26875,4.575,4.0875,4.096875,4.096875,349748000,4.096875,-0.08688423949025319,-0.08688423949025319
2000-01-05 00:00:00+00:00,3.525,3.75625,3.4,3.4875,3.4875,769148000,3.4875,-0.16103934082244356,-0.16103934082244356
2000-01-06 00:00:00+00:00,3.565625,3.634375,3.2,3.278125,3.278125,375040000,3.278125,-0.06191353454495894,-0.06191353454495894
2000-01-07 00:00:00+00:00,3.35,3.525,3.309375,3.478125,3.478125,210108000,3.478125,0.05922174287924768,0.05922174287924768
2000-01-10 00:00:00+00:00,3.628125,3.63125,3.278125,3.459375,3.459375,295158000,3.459375,-0.005405418566907935,-0.005405418566907935
2000-01-11 00:00:00+00:00,3.34375,3.5,3.25,3.3375,3.3375,210654000,3.3375,-0.035865913188496815,-0.035865913188496815
2000-01-12 00:00:00+00:00,3.39375,3.4,3.15,3.178125,3.178125,216090000,3.178125,-0.04893062347158014,-0.04893062347158014
2000-01-13 00:00:00+00:00,3.246875,3.359375,3.15625,3.296875,3.296875,208962000,3.296875,0.03668364986160693,0.03668364986160693
2000-01-14 00:00:00+00:00,3.3375,3.43125,3.2,3.2125,3.2125,137072000,3.2125,-0.025925599895056495,-0.025925599895056495
2000-01-18 00:00:00+00:00,3.171875,3.259375,3.15,3.20625,3.20625,107698000,3.20625,-0.0019474202843955666,-0.0019474202843955666
2000-01-19 00:00:00+00:00,3.20625,3.375,3.15,3.340625,3.340625,164910000,3.340625,0.041055885294330456,0.041055885294330456
2000-01-20 00:00:00+00:00,3.346875,3.35,3.196875,3.2375,3.2375,119560000,3.2375,-0.03135648820561701,-0.03135648820561701
2000-01-21 00:00:00+00:00,3.23125,3.23125,3.0,3.103125,3.103125,229238000,3.103125,-0.042391758774255744,-0.042391758774255744
2000-01-24 00:00:00+00:00,3.378125,3.66875,3.375,3.50625,3.50625,583404000,3.50625,0.12213742203746916,0.12213742203746916
2000-01-25 00:00:00+00:00,3.5,3.5625,3.3,3.4625,3.4625,188682000,3.4625,-0.012556218775412594,-0.012556218775412594
2000-01-26 00:00:00+00:00,3.43125,3.5,3.2375,3.240625,3.240625,131160000,3.240625,-0.0662246590777017,-0.0662246590777017
2000-01-27 00:00:00+00:00,3.259375,3.3875,3.23125,3.346875,3.346875,135680000,3.346875,0.03226086221822126,0.03226086221822126
2000-01-28 00:00:00+00:00,3.25,3.321875,3.0,3.084375,3.084375,275558000,3.084375,-0.08167803101426713,-0.08167803101426713
2000-01-31 00:00:00+00:00,3.01875,3.2375,2.921875,3.228125,3.228125,213958000,3.228125,0.045552429686156845,0.045552429686156845
2000-02-01 00:00:00+00:00,3.375,3.53125,3.21875,3.371875,3.371875,268092000,3.371875,0.043567496138496094,0.043567496138496094
2000-02-02 00:00:00+00:00,3.396875,3.6125,3.3875,3.471875,3.471875,280518000,3.471875,0.029225824381495295,0.029225824381495295
2000-02-03 00:00:00+00:00,4.05625,4.296875,3.86875,4.209375,4.209375,875000000,4.209375,0.192619386770734,0.192619386770734
2000-02-04 00:00:00+00:00,4.1375,4.1375,3.89375,3.928125,3.928125,220460000,3.928125,-0.06915196782011648,-0.06915196782011648
2000-02-07 00:00:00+00:00,3.809375,3.84375,3.65625,3.75,3.75,202580000,3.75,-0.0464063728141558,-0.0464063728141558
2000-02-08 00:00:00+00:00,3.7,4.2,3.671875,4.15625,4.15625,389456000,4.15625,0.10285738543970782,0.10285738543970782
2000-02-09 00:00:00+00:00,4.027344,4.186719,4.000781,4.0125,4.0125,191608000,4.0125,-0.03519873696589293,-0.03519873696589293
2000-02-10 00:00:00+00:00,3.925,3.99375,3.775,3.809375,3.809375,199592000,3.809375,-0.05194935476863494,-0.05194935476863494
2000-02-11 00:00:00+00:00,3.85625,3.95625,3.775,3.809375,3.809375,166180000,3.809375,0.0,0.0
2000-02-14 00:00:00+00:00,3.784375,3.7875,3.678125,3.721875,3.721875,103394000,3.721875,-0.023237560125971564,-0.023237560125971564
2000-02-15 00:00:00+00:00,3.671875,3.809375,3.53125,3.690625,3.690625,128490000,3.690625,-0.008431753157937765,-0.008431753157937765
2000-02-16 00:00:00+00:00,3.6375,3.671875,3.53125,3.534375,3.534375,85204000,3.534375,-0.0432593400812418,-0.0432593400812418
2000-02-17 00:00:00+00:00,3.5625,3.565625,3.4,3.45,3.45,122592000,3.45,-0.024162249279079707,-0.024162249279079707
2000-02-18 00:00:00+00:00,3.421875,3.45,3.19375,3.2375,3.2375,174528000,3.2375,-0.06357280401761231,-0.06357280401761231
2000-02-22 00:00:00+00:00,3.246875,3.325,3.153125,3.178125,3.178125,113716000,3.178125,-0.018510026770868323,-0.018510026770868323
2000-02-23 00:00:00+00:00,3.24375,3.5875,3.234375,3.521875,3.521875,168824000,3.521875,0.10270211799121626,0.10270211799121626
2000-02-24 00:00:00+00:00,3.528125,3.56875,3.28125,3.421875,3.421875,117386000,3.421875,-0.028804871789175127,-0.028804871789175127
2000-02-25 00:00:00+00:00,3.371875,3.46875,3.259375,3.45625,3.45625,97410000,3.45625,0.009995539831678836,0.009995539831678836
2000-02-28 00:00:00+00:00,3.328125,3.359375,3.20625,3.2875,3.2875,101154000,3.2875,-0.05005678878462483,-0.05005678878462483
2000-02-29 00:00:00+00:00,3.3,3.448438,3.29375,3.44375,3.44375,142970000,3.44375,0.04643359641520464,0.04643359641520464
2000-03-01 00:00:00+00:00,3.38125,3.425,3.25,3.29375,3.29375,111534000,3.29375,-0.04453426061155217,-0.04453426061155217
2000-03-02 00:00:00+00:00,3.246875,3.25,3.109375,3.128125,3.128125,159602000,3.128125,-0.051592949786087174,-0.051592949786087174
2000-03-03 00:00:00+00:00,3.1625,3.2375,3.103125,3.125,3.125,121190000,3.125,-0.0009995003330834993,-0.0009995003330834993
2000-03-06 00:00:00+00:00,3.14375,3.3625,3.140625,3.196875,3.196875,153316000,3.196875,0.02273948696948934,0.02273948696948934
2000-03-07 00:00:00+00:00,3.24375,3.290625,3.10625,3.175,3.175,83576000,3.175,-0.006866137813199274,-0.006866137813199274
2000-03-08 00:00:00+00:00,3.1625,3.2375,3.028125,3.18125,3.18125,118814000,3.18125,0.0019665689720408473,0.0019665689720408473
2000-03-09 00:00:00+00:00,3.15,3.45,3.109375,3.440625,3.440625,166250000,3.440625,0.07837893961221191,0.07837893961221191
2000-03-10 00:00:00+00:00,3.3625,3.426563,3.25,3.34375,3.34375,74270000,3.34375,-0.028560209266728077,-0.028560209266728077
2000-03-13 00:00:00+00:00,3.2,3.33125,3.15,3.265625,3.265625,112686000,3.265625,-0.023641763057040424,-0.023641763057040424
2000-03-14 00:00:00+00:00,3.303125,3.346875,3.16875,3.28125,3.28125,96106000,3.28125,0.0047732787526575905,0.0047732787526575905
2000-03-15 00:00:00+00:00,3.2375,3.25625,3.1,3.1875,3.1875,121654000,3.1875,-0.028987536873252298,-0.028987536873252298
2000-03-16 00:00:00+00:00,3.1125,3.31875,3.0,3.3125,3.3125,194062000,3.3125,0.03846628082779614,0.03846628082779614
2000-03-17 00:00:00+00:00,3.303125,3.31875,3.225,3.240625,3.240625,105970000,3.240625,-0.021936978876585436,-0.021936978876585436
2000-03-20 00:00:00+00:00,3.175,3.225,3.11875,3.209375,3.209375,116270000,3.209375,-0.009689998300969057,-0.009689998300969057
2000-03-21 00:00:00+00:00,3.25625,3.65,3.1125,3.61875,3.61875,341658000,3.61875,0.12005244820438232,0.12005244820438232
2000-03-22 00:00:00+00:00,3.54375,3.7,3.4625,3.534375,3.534375,231328000,3.534375,-0.02359218201682007,-0.02359218201682007
2000-03-23 00:00:00+00:00,3.475,3.546875,3.375,3.384375,3.384375,108842000,3.384375,-0.043367229115129836,-0.043367229115129836
2000-03-24 00:00:00+00:00,3.73125,3.7625,3.565625,3.634375,3.634375,194920000,3.634375,0.07126790551767377,0.07126790551767377
2000-03-27 00:00:00+00:00,3.6125,3.75625,3.5875,3.65625,3.65625,94972000,3.65625,0.006000875273137338,0.006000875273137338
2000-03-28 00:00:00+00:00,3.61875,3.6375,3.473438,3.50625,3.50625,103952000,3.50625,-0.04189094170916014,-0.04189094170916014
2000-03-29 00:00:00+00:00,3.475,3.49375,3.25,3.3125,3.3125,117730000,3.3125,-0.056843898976528834,-0.056843898976528834
2000-03-30 00:00:00+00:00,3.225,3.36875,3.2,3.325,3.325,100680000,3.325,0.0037664827954768648,0.0037664827954768648
2000-03-31 00:00:00+00:00,3.3375,3.35625,3.15,3.35,3.35,102310000,3.35,0.007490671729157659,0.007490671729157659
2000-04-03 00:00:00+00:00,3.271875,3.284375,3.1,3.178125,3.178125,97308000,3.178125,-0.05266894558218737,-0.05266894558218737
2000-04-04 00:00:00+00:00,3.14375,3.271875,2.7875,3.196875,3.196875,286360000,3.196875,0.005882369903066392,0.005882369903066392
2000-04-05 00:00:00+00:00,3.0875,3.246875,3.025,3.109375,3.109375,98000000,3.109375,-0.027752028793033685,-0.027752028793033685
2000-04-06 00:00:00+00:00,3.171875,3.275,3.09375,3.2125,3.2125,120654000,3.2125,0.03262770885651763,0.03262770885651763
2000-04-07 00:00:00+00:00,3.25625,3.43125,3.20625,3.378125,3.378125,121046000,3.378125,0.0502713716240979,0.0502713716240979
2000-04-10 00:00:00+00:00,3.3625,3.421875,3.1625,3.16875,3.16875,90472000,3.16875,-0.06398363348807974,-0.06398363348807974
2000-04-11 00:00:00+00:00,3.125,3.3,3.0625,3.16875,3.16875,94132000,3.16875,0.0,0.0
2000-04-12 00:00:00+00:00,3.2,3.21875,2.8125,2.81875,2.81875,173910000,2.81875,-0.11704366408850482,-0.11704366408850482
2000-04-13 00:00:00+00:00,2.89375,2.9375,2.396875,2.4,2.4,213580000,2.4,-0.1608247869149516,-0.1608247869149516
2000-04-14 00:00:00+00:00,2.39375,2.61875,2.040625,2.34375,2.34375,401490000,2.34375,-0.023716526617316044,-0.023716526617316044
2000-04-17 00:00:00+00:00,2.2625,2.6,2.23125,2.353125,2.353125,243618000,2.353125,0.003992021269537457,0.003992021269537457
2000-04-18 00:00:00+00:00,2.38125,2.8125,2.35625,2.746875,2.746875,214700000,2.746875,0.1547196698852835,0.1547196698852835
2000-04-19 00:00:00+00:00,2.765625,2.765625,2.584375,2.671875,2.671875,107476000,2.671875,-0.027683428748416856,-0.027683428748416856
2000-04-20 00:00:00+00:00,2.66875,2.684375,2.49375,2.61875,2.61875,98506000,2.61875,-0.020083368454677165,-0.020083368454677165
2000-04-24 00:00:00+00:00,2.46875,2.578125,2.24375,2.490625,2.490625,133866000,2.490625,-0.05016342169186796,-0.05016342169186796
2000-04-25 00:00:00+00:00,2.590625,2.70625,2.5125,2.621875,2.621875,143008000,2.621875,0.051356027676991226,0.051356027676991226
2000-04-26 00:00:00+00:00,2.665625,2.871875,2.622656,2.675,2.675,240128000,2.675,0.0200596696745358,0.0200596696745358
2000-04-27 00:00:00+00:00,2.465625,2.7625,2.425,2.64375,2.64375,225320000,2.64375,-0.011751016535518853,-0.011751016535518853
2000-04-28 00:00:00+00:00,2.7,2.78125,2.65625,2.759375,2.759375,136676000,2.759375,0.04280584099773685,0.04280584099773685
2000-05-01 00:00:00+00:00,2.8,3.015625,2.7625,2.996875,2.996875,171570000,2.996875,0.0825658742794784,0.0825658742794784
2000-05-02 00:00:00+00:00,2.959375,3.0,2.79375,2.80625,2.80625,148558000,2.80625,-0.06572100658123865,-0.06572100658123865
2000-05-03 00:00:00+00:00,2.7625,2.828125,2.65,2.70625,2.70625,108496000,2.70625,-0.03628515973976448,-0.03628515973976448
2000-05-04 00:00:00+00:00,2.7125,2.825,2.65625,2.753125,2.753125,94504000,2.753125,0.017172717373744387,0.017172717373744387
2000-05-05 00:00:00+00:00,2.73125,2.93125,2.70625,2.925,2.925,81242000,2.925,0.06055785054141251,0.06055785054141251
2000-05-08 00:00:00+00:00,2.840625,2.9625,2.771875,2.800781,2.800781,79000000,2.800781,-0.04339617382457467,-0.04339617382457467
2000-05-09 00:00:00+00:00,2.825,2.8875,2.65,2.8125,2.8125,91036000,2.8125,0.004175460671293486,0.004175460671293486
2000-05-10 00:00:00+00:00,2.726563,2.76875,2.45,2.665625,2.665625,174230000,2.665625,-0.05363521583263169,-0.05363521583263169
2000-05-11 00:00:00+00:00,2.696875,2.7875,2.546875,2.74375,2.74375,111616000,2.74375,0.02888704614343763,0.02888704614343763
2000-05-12 00:00:00+00:00,2.734375,2.825,2.65625,2.6875,2.6875,79392000,2.6875,-0.02071420438756322,-0.02071420438756322
2000-05-15 00:00:00+00:00,2.68125,2.825,2.54375,2.803125,2.803125,82508000,2.803125,0.04212347281124282,0.04212347281124282
2000-05-16 00:00:00+00:00,2.85625,2.99375,2.8,2.953125,2.953125,128644000,2.953125,0.0521290654349466,0.0521290654349466
2000-05-17 00:00:00+00:00,2.859375,3.11875,2.85,3.05,3.05,139972000,3.05,0.032277658919349764,0.032277658919349764
2000-05-18 00:00:00+00:00,3.01875,3.04375,2.75625,2.76875,2.76875,94540000,2.76875,-0.0967456358080115,-0.0967456358080115
2000-05-19 00:00:00+00:00,2.73125,2.7875,2.6125,2.63125,2.63125,92218000,2.63125,-0.05093693636275414,-0.05093693636275414
2000-05-22 00:00:00+00:00,2.65,2.65625,2.34375,2.59375,2.59375,165456000,2.59375,-0.014354313451683167,-0.014354313451683167
2000-05-23 00:00:00+00:00,2.525,2.59375,2.325,2.334375,2.334375,116744000,2.334375,-0.10536051565782628,-0.10536051565782628
2000-05-24 00:00:00+00:00,2.321875,2.4875,2.021875,2.428125,2.428125,233332000,2.428125,0.03937516523483019,0.03937516523483019
2000-05-25 00:00:00+00:00,2.475,2.5,2.275,2.275,2.275,98390000,2.275,-0.06513930217096149,-0.06513930217096149
2000-05-26 00:00:00+00:00,2.3125,2.3875,2.2,2.325,2.325,72420000,2.325,0.02173998663640604,0.02173998663640604
2000-05-30 00:00:00+00:00,2.365625,2.59375,2.365625,2.5875,2.5875,112264000,2.5875,0.10697211955216773,0.10697211955216773
2000-05-31 00:00:00+00:00,2.5375,2.6125,2.40625,2.415625,2.415625,137640000,2.415625,-0.06873410579783769,-0.06873410579783769
2000-06-01 00:00:00+00:00,2.44375,2.55625,2.31875,2.509375,2.509375,152444000,2.509375,0.03807566535933978,0.03807566535933978
2000-06-02 00:00:00+00:00,2.61875,2.90625,2.6125,2.89375,2.89375,166450000,2.89375,0.14251952069941767,0.14251952069941767
2000-06-05 00:00:00+00:00,2.751563,2.8125,2.625,2.725,2.725,136264000,2.725,-0.06008481073719965,-0.06008481073719965
2000-06-06 00:00:00+00:00,2.7,2.728125,2.5125,2.528125,2.528125,97062000,2.528125,-0.07499050685048786,-0.07499050685048786
2000-06-07 00:00:00+00:00,2.59375,2.609375,2.50625,2.590625,2.590625,76824000,2.590625,0.024421238076803357,0.024421238076803357
2000-06-08 00:00:00+00:00,2.628125,2.671875,2.58125,2.59375,2.59375,60806000,2.59375,0.0012055456553484675,0.0012055456553484675
2000-06-09 00:00:00+00:00,2.596875,2.6625,2.59375,2.609375,2.609375,38446000,2.609375,0.006006024060211949,0.006006024060211949
2000-06-12 00:00:00+00:00,2.609375,2.609375,2.35,2.421875,2.421875,79720000,2.421875,-0.0745686954975085,-0.0745686954975085
2000-06-13 00:00:00+00:00,2.409375,2.475,2.3125,2.45,2.45,95770000,2.45,0.011545990997060948,0.011545990997060948
2000-06-14 00:00:00+00:00,2.465625,2.49375,2.3,2.321875,2.321875,100410000,2.321875,-0.05371297563264879,-0.05371297563264879
2000-06-15 00:00:00+00:00,2.35,2.396875,2.265625,2.315625,2.315625,71094000,2.315625,-0.0026954194216723226,-0.0026954194216723226
2000-06-16 00:00:00+00:00,2.3625,2.371875,2.26875,2.3,2.3,61418000,2.3,-0.006770506567210602,-0.006770506567210602
2000-06-19 00:00:00+00:00,2.275,2.29375,2.175,2.265625,2.265625,103030000,2.265625,-0.015058463874201388,-0.015058463874201388
2000-06-20 00:00:00+00:00,2.29375,2.43125,2.25625,2.30625,2.30625,123982000,2.30625,0.017772169745797668,0.017772169745797668
2000-06-21 00:00:00+00:00,2.271875,2.346875,2.253125,2.303125,2.303125,71466000,2.303125,-0.0013559324111358441,-0.0013559324111358441
2000-06-22 00:00:00+00:00,2.309375,2.321875,2.08125,2.1,2.1,210322000,2.1,-0.0923295516661871,-0.0923295516661871
2000-06-23 00:00:00+00:00,1.83125,1.85,1.623438,1.69375,1.69375,1036764000,1.69375,-0.21499233908350332,-0.21499233908350332
2000-06-26 00:00:00+00:00,1.765625,1.766406,1.640625,1.696875,1.696875,421528000,1.696875,0.001843318494289093,0.001843318494289093
2000-06-27 00:00:00+00:00,1.6875,1.925,1.675,1.825,1.825,352764000,1.825,0.07279166289429174,0.07279166289429174
2000-06-28 00:00:00+00:00,1.84375,1.996875,1.80625,1.89375,1.89375,297486000,1.89375,0.03697900324108743,0.03697900324108743
2000-06-29 00:00:00+00:00,1.85625,1.925,1.80625,1.85625,1.85625,179730000,1.85625,-0.020000666706669543,-0.020000666706669543
2000-06-30 00:00:00+00:00,1.85,1.8625,1.775,1.815625,1.815625,129038000,1.815625,-0.022128562510733654,-0.022128562510733654
2000-07-03 00:00:00+00:00,1.834375,1.875,1.825,1.85,1.85,35248000,1.85,0.018755878032094497,0.018755878032094497
2000-07-05 00:00:00+00:00,1.85,1.925,1.81875,1.825,1.825,84272000,1.825,-0.013605652055778709,-0.013605652055778709
2000-07-06 00:00:00+00:00,1.84375,1.86875,1.7375,1.803125,1.803125,135342000,1.803125,-0.012058716320127377,-0.012058716320127377
2000-07-07 00:00:00+00:00,1.80625,1.85,1.7625,1.80625,1.80625,77412000,1.80625,0.0017316021642778939,0.0017316021642778939
2000-07-10 00:00:00+00:00,1.81875,1.81875,1.75,1.753125,1.753125,84812000,1.753125,-0.029852963149681045,-0.029852963149681045
2000-07-11 00:00:00+00:00,1.759375,1.7625,1.63125,1.65625,1.65625,197930000,1.65625,-0.056843898976528834,-0.056843898976528834
2000-07-12 00:00:00+00:00,1.771875,1.80625,1.7125,1.753125,1.753125,225318000,1.753125,0.05684389897652889,0.05684389897652889
2000-07-13 00:00:00+00:00,1.78125,1.8,1.74375,1.75,1.75,171950000,1.75,-0.0017841217935014426,-0.0017841217935014426
2000-07-14 00:00:00+00:00,1.81875,2.160156,1.815625,2.13125,2.13125,448722000,2.13125,0.19709287411426726,0.19709287411426726
2000-07-17 00:00:00+00:00,2.14375,2.196875,2.0125,2.05625,2.05625,130600000,2.05625,-0.03582472651814498,-0.03582472651814498
2000-07-18 00:00:00+00:00,2.00625,2.18125,1.975,2.0875,2.0875,159168000,2.0875,0.0150832422113285,0.0150832422113285
2000-07-19 00:00:00+00:00,2.075,2.078125,1.95,2.04375,2.04375,94874000,2.04375,-0.02118082207944691,-0.02118082207944691
2000-07-20 00:00:00+00:00,2.046875,2.16875,1.975,2.015625,2.015625,138914000,2.015625,-0.013857034661426354,-0.013857034661426354
2000-07-21 00:00:00+00:00,2.021875,2.125,2.021875,2.05625,2.05625,94258000,2.05625,0.019954614529544615,0.019954614529544615
2000-07-24 00:00:00+00:00,2.053125,2.06875,1.903125,1.9375,1.9375,115564000,1.9375,-0.05948545328617988,-0.05948545328617988
2000-07-25 00:00:00+00:00,1.8375,1.9375,1.6625,1.88125,1.88125,555050000,1.88125,-0.029462032730316105,-0.029462032730316105
2000-07-26 00:00:00+00:00,1.753125,1.835938,1.703125,1.803125,1.803125,310956000,1.803125,-0.04241517880072147,-0.04241517880072147
2000-07-27 00:00:00+00:00,1.571875,1.6,1.4875,1.56875,1.56875,471586000,1.56875,-0.13924214681637037,-0.13924214681637037
2000-07-28 00:00:00+00:00,1.571875,1.60625,1.45,1.5,1.5,248940000,1.5,-0.04481401578979266,-0.04481401578979266
2000-07-31 00:00:00+00:00,1.503125,1.5125,1.39375,1.50625,1.50625,189576000,1.50625,0.004158010148663677,0.004158010148663677
2000-08-01 00:00:00+00:00,1.53125,1.6125,1.5125,1.5125,1.5125,163128000,1.5125,0.004140792666031387,0.004140792666031387
2000-08-02 00:00:00+00:00,1.5125,1.6,1.510938,1.540625,1.540625,99058000,1.540625,0.018424267326058286,0.018424267326058286
2000-08-03 00:00:00+00:00,1.471875,1.5875,1.465625,1.575,1.575,102882000,1.575,0.022067094028678604,0.022067094028678604
2000-08-04 00:00:00+00:00,1.596875,1.709375,1.575,1.625,1.625,97422000,1.625,0.03125254350410453,0.03125254350410453
2000-08-07 00:00:00+00:00,1.6,1.7125,1.58125,1.690625,1.690625,88062000,1.690625,0.03959046727100856,0.03959046727100856
2000-08-08 00:00:00+00:00,1.6625,1.66875,1.621875,1.646875,1.646875,101012000,1.646875,-0.02621873030511919,-0.02621873030511919
2000-08-09 00:00:00+00:00,1.61875,1.61875,1.51875,1.54375,1.54375,177488000,1.54375,-0.06466503135343994,-0.06466503135343994
2000-08-10 00:00:00+00:00,1.575,1.5875,1.4875,1.521875,1.521875,121460000,1.521875,-0.014271394105332682,-0.014271394105332682
2000-08-11 00:00:00+00:00,1.525,1.7,1.515625,1.684375,1.684375,182324000,1.684375,0.10145144782640719,0.10145144782640719
2000-08-14 00:00:00+00:00,1.675,1.759375,1.634375,1.74375,1.74375,124344000,1.74375,0.03464339147231384,0.03464339147231384
2000-08-15 00:00:00+00:00,1.73125,1.915625,1.71875,1.878125,1.878125,169944000,1.878125,0.07423597215389664,0.07423597215389664
2000-08-16 00:00:00+00:00,1.878125,1.99375,1.876563,1.93125,1.93125,196664000,1.93125,0.027893522922483167,0.027893522922483167
2000-08-17 00:00:00+00:00,1.9,1.953125,1.84375,1.9125,1.9125,99482000,1.9125,-0.009756174945364572,-0.009756174945364572
2000-08-18 00:00:00+00:00,1.9625,2.00625,1.946875,1.95,1.95,147422000,1.95,0.019418085857101516,0.019418085857101516
2000-08-21 00:00:00+00:00,1.954688,1.99375,1.825,1.875,1.875,80750000,1.875,-0.03922071315328127,-0.03922071315328127
2000-08-22 00:00:00+00:00,1.90625,1.909375,1.803125,1.825,1.825,70164000,1.825,-0.027028672387919374,-0.027028672387919374
2000-08-23 00:00:00+00:00,1.81875,1.975,1.75,1.940625,1.940625,94426000,1.940625,0.061430099105251684,0.061430099105251684
2000-08-24 00:00:00+00:00,1.978125,2.025,1.940625,1.96875,1.96875,94380000,1.96875,0.01438873745209967,0.01438873745209967
2000-08-25 00:00:00+00:00,1.95625,2.003125,1.928125,1.996875,1.996875,54172000,1.996875,0.014184634991956381,0.014184634991956381
2000-08-28 00:00:00+00:00,1.940625,2.125,1.928125,1.95625,1.95625,183570000,1.95625,-0.020554083277436238,-0.020554083277436238
2000-08-29 00:00:00+00:00,1.975,2.04375,1.94375,1.98125,1.98125,90422000,1.98125,0.012698583337127343,0.012698583337127343
2000-08-30 00:00:00+00:00,2.11875,2.198438,2.1,2.146875,2.146875,258392000,2.146875,0.08028533778512355,0.08028533778512355
2000-08-31 00:00:00+00:00,2.15625,2.159375,2.071875,2.075,2.075,92326000,2.075,-0.03405214274591541,-0.03405214274591541
2000-09-01 00:00:00+00:00,2.10625,2.125,2.05,2.075,2.075,66942000,2.075,0.0,0.0
2000-09-05 00:00:00+00:00,2.046875,2.315625,2.0125,2.284375,2.284375,203364000,2.284375,0.09613131027334458,0.09613131027334458
2000-09-06 00:00:00+00:00,2.3625,2.48125,2.284375,2.29375,2.29375,285264000,2.29375,0.004095568864737202,0.004095568864737202
2000-09-07 00:00:00+00:00,2.340625,2.35,2.15,2.175,2.175,148124000,2.175,-0.053159368280096035,-0.053159368280096035
2000-09-08 00:00:00+00:00,2.203125,2.25,2.125,2.146875,2.146875,101778000,2.146875,-0.013015368112070136,-0.013015368112070136
2000-09-11 00:00:00+00:00,2.13125,2.260938,2.109375,2.11875,2.11875,108942000,2.11875,-0.013187004281953801,-0.013187004281953801
2000-09-12 00:00:00+00:00,2.16875,2.209375,2.1125,2.134375,2.134375,76430000,2.134375,0.007347571630394542,0.007347571630394542
2000-09-13 00:00:00+00:00,2.065625,2.15625,2.05,2.121875,2.121875,81700000,2.121875,-0.005873732012093825,-0.005873732012093825
2000-09-14 00:00:00+00:00,2.209375,2.3,2.1875,2.24375,2.24375,139270000,2.24375,0.05584844148952786,0.05584844148952786
2000-09-15 00:00:00+00:00,2.26875,2.271875,2.14375,2.18125,2.18125,123604000,2.18125,-0.028250466285851733,-0.028250466285851733
2000-09-18 00:00:00+00:00,2.175,2.23125,2.09375,2.140625,2.140625,88904000,2.140625,-0.018800264500147146,-0.018800264500147146
2000-09-19 00:00:00+00:00,2.103125,2.1375,1.95625,2.0375,2.0375,144616000,2.0375,-0.0493742763355723,-0.0493742763355723
2000-09-20 00:00:00+00:00,2.021875,2.025,1.86875,1.875,1.875,194896000,1.875,-0.08311490671050668,-0.08311490671050668
2000-09-21 00:00:00+00:00,1.871875,2.025,1.8625,2.003125,2.003125,148512000,2.003125,0.06609980170452348,0.06609980170452348
2000-09-22 00:00:00+00:00,1.91875,2.10625,1.915625,2.071875,2.071875,119924000,2.071875,0.03374553326519259,0.03374553326519259
2000-09-25 00:00:00+00:00,2.060938,2.128125,2.0,2.01875,2.01875,109198000,2.01875,-0.025975486403260677,-0.025975486403260677
2000-09-26 00:00:00+00:00,2.03125,2.05625,1.978125,1.9875,1.9875,85208000,1.9875,-0.015600940442479548,-0.015600940442479548
2000-09-27 00:00:00+00:00,1.934375,1.98125,1.775,1.89375,1.89375,200618000,1.89375,-0.04831857727080768,-0.04831857727080768
2000-09-28 00:00:00+00:00,1.865625,2.0125,1.85625,2.0,2.0,117158000,2.0,0.054588190284402996,0.054588190284402996
2000-09-29 00:00:00+00:00,1.95,2.0625,1.88125,1.921875,1.921875,130342000,1.921875,-0.039845908547199674,-0.039845908547199674
2000-10-02 00:00:00+00:00,1.909375,1.921875,1.7625,1.79375,1.79375,109554000,1.79375,-0.06899287148695143,-0.06899287148695143
2000-10-03 00:00:00+00:00,1.8375,1.8625,1.75,1.753125,1.753125,107598000,1.753125,-0.022908490796870025,-0.022908490796870025
2000-10-04 00:00:00+00:00,1.671875,1.853125,1.625,1.8,1.8,156822000,1.8,0.02638675517319503,0.02638675517319503
2000-10-05 00:00:00+00:00,1.759375,1.83125,1.6,1.678125,1.678125,139326000,1.678125,-0.07010956618702648,-0.07010956618702648
2000-10-06 00:00:00+00:00,1.625,1.6625,1.509375,1.578125,1.578125,177422000,1.578125,-0.061439665233504914,-0.061439665233504914
2000-10-09 00:00:00+00:00,1.5125,1.528125,1.36875,1.503125,1.503125,254550000,1.503125,-0.048691159169598576,-0.048691159169598576
2000-10-10 00:00:00+00:00,1.4875,1.635938,1.44375,1.521875,1.521875,145310000,1.521875,0.01239685297682872,0.01239685297682872
2000-10-11 00:00:00+00:00,1.396875,1.5125,1.38125,1.390625,1.390625,157794000,1.390625,-0.09018984091634964,-0.09018984091634964
2000-10-12 00:00:00+00:00,1.41875,1.440625,1.23125,1.25625,1.25625,160652000,1.25625,-0.10162219354721909,-0.10162219354721909
2000-10-13 00:00:00+00:00,1.2125,1.44375,1.175,1.421875,1.421875,152668000,1.421875,0.12384533033192927,0.12384533033192927
2000-10-16 00:00:00+00:00,1.40625,1.415625,1.20625,1.215625,1.215625,142954000,1.215625,-0.15671807533250418,-0.15671807533250418
2000-10-17 00:00:00+00:00,1.24375,1.259375,1.04375,1.096875,1.096875,302810000,1.096875,-0.10279312015258045,-0.10279312015258045
2000-10-18 00:00:00+00:00,0.99375,1.26875,0.96875,1.25625,1.25625,375774000,1.25625,0.13566586515315518,0.13566586515315518
2000-10-19 00:00:00+00:00,1.328125,1.40625,1.209375,1.3875,1.3875,217498000,1.3875,0.09937247381320356,0.09937247381320356
2000-10-20 00:00:00+00:00,1.384375,1.5625,1.35625,1.540625,1.540625,232438000,1.540625,0.10468461161046523,0.10468461161046523
2000-10-23 00:00:00+00:00,1.484375,1.51875,1.38125,1.5,1.5,203992000,1.5,-0.026723070140753393,-0.026723070140753393
2000-10-24 00:00:00+00:00,1.49375,1.69375,1.440625,1.478125,1.478125,273532000,1.478125,-0.014690715410003706,-0.014690715410003706
2000-10-25 00:00:00+00:00,1.7,1.825,1.5875,1.59375,1.59375,571458000,1.59375,0.07531533722643849,0.07531533722643849
2000-10-26 00:00:00+00:00,1.609375,1.875,1.55,1.84375,1.84375,356510000,1.84375,0.14571181118139379,0.14571181118139379
2000-10-27 00:00:00+00:00,1.696875,1.875,1.69375,1.78125,1.78125,247414000,1.78125,-0.03448617607116932,-0.03448617607116932
2000-10-30 00:00:00+00:00,1.653125,1.71875,1.513281,1.64375,1.64375,250204000,1.64375,-0.08033514809088599,-0.08033514809088599
2000-10-31 00:00:00+00:00,1.634375,1.84375,1.603125,1.83125,1.83125,198390000,1.83125,0.10801857683930283,0.10801857683930283
2000-11-01 00:00:00+00:00,1.790625,2.0,1.784375,1.86875,1.86875,221984000,1.86875,0.020270964373618985,0.020270964373618985
2000-11-02 00:00:00+00:00,1.903125,1.99375,1.875,1.9875,1.9875,139794000,1.9875,0.06160780938949058,0.06160780938949058
2000-11-03 00:00:00+00:00,1.95,2.04375,1.84375,1.878125,1.878125,119248000,1.878125,-0.05660362880491461,-0.05660362880491461
2000-11-06 00:00:00+00:00,1.928125,1.93125,1.7375,1.828125,1.828125,128892000,1.828125,-0.026983087303351062,-0.026983087303351062
2000-11-07 00:00:00+00:00,1.825,1.971875,1.778125,1.846875,1.846875,109906000,1.846875,0.010204170174241668,0.010204170174241668
2000-11-08 00:00:00+00:00,1.8,1.85,1.6625,1.69375,1.69375,116706000,1.69375,-0.08655001596645198,-0.08655001596645198
2000-11-09 00:00:00+00:00,1.634375,1.65,1.49375,1.5625,1.5625,143392000,1.5625,-0.08065790301745453,-0.08065790301745453
2000-11-10 00:00:00+00:00,1.5375,1.59375,1.5,1.503125,1.503125,105112000,1.503125,-0.038740828316430484,-0.038740828316430484
2000-11-13 00:00:00+00:00,1.440625,1.505469,1.371875,1.390625,1.390625,167550000,1.390625,-0.07779298793952097,-0.07779298793952097
2000-11-14 00:00:00+00:00,1.4375,1.49375,1.2875,1.446875,1.446875,156758000,1.446875,0.039652771919993786,0.039652771919993786
2000-11-15 00:00:00+00:00,1.43125,1.540625,1.421875,1.475,1.475,105264000,1.475,0.019251931499321525,0.019251931499321525
2000-11-16 00:00:00+00:00,1.434375,1.525,1.3875,1.390625,1.390625,82696000,1.390625,-0.05890470341931524,-0.05890470341931524
2000-11-17 00:00:00+00:00,1.4,1.48125,1.34375,1.371875,1.371875,99920000,1.371875,-0.013574869091068874,-0.013574869091068874
2000-11-20 00:00:00+00:00,1.3,1.396875,1.25,1.290625,1.290625,128766000,1.290625,-0.06105182011413865,-0.06105182011413865
2000-11-21 00:00:00+00:00,1.33125,1.34375,1.18125,1.2125,1.2125,123950000,1.2125,-0.062442253337759275,-0.062442253337759275
2000-11-22 00:00:00+00:00,1.19375,1.375,1.10625,1.259375,1.259375,237542000,1.259375,0.037931222323409626,0.037931222323409626
2000-11-24 00:00:00+00:00,1.321094,1.45625,1.303125,1.446875,1.446875,152786000,1.446875,0.13879049213955116,0.13879049213955116
2000-11-27 00:00:00+00:00,1.4875,1.5375,1.35,1.4,1.4,128228000,1.4,-0.03293382167124888,-0.03293382167124888
2000-11-28 00:00:00+00:00,1.3,1.309375,1.23125,1.251563,1.251563,226550000,1.251563,-0.11207906640602677,-0.11207906640602677
2000-11-29 00:00:00+00:00,1.25625,1.375,1.2125,1.346875,1.346875,229264000,1.346875,0.07339392409478959,0.07339392409478959
2000-11-30 00:00:00+00:00,1.2375,1.309375,1.14375,1.234375,1.234375,262470000,1.234375,-0.08722232520262597,-0.08722232520262597
2000-12-01 00:00:00+00:00,1.246875,1.3375,1.15,1.23125,1.23125,155148000,1.23125,-0.0025348556031880663,-0.0025348556031880663
2000-12-04 00:00:00+00:00,1.259375,1.359375,1.1625,1.328125,1.328125,165110000,1.328125,0.07573825962648298,0.07573825962648298
2000-12-05 00:00:00+00:00,1.35625,1.38125,1.2375,1.26875,1.26875,199398000,1.26875,-0.04573600932268416,-0.04573600932268416
2000-12-06 00:00:00+00:00,1.234375,1.3,1.18125,1.18125,1.18125,176516000,1.18125,-0.0714589639821451,-0.0714589639821451
2000-12-07 00:00:00+00:00,1.153125,1.171875,1.00625,1.06875,1.06875,212950000,1.06875,-0.1000834585569824,-0.1000834585569824
2000-12-08 00:00:00+00:00,1.165625,1.234375,1.0625,1.171875,1.171875,259396000,1.171875,0.09211528890780553,0.09211528890780553
2000-12-11 00:00:00+00:00,1.14375,1.30625,1.0875,1.265625,1.265625,218084000,1.265625,0.0769610411361284,0.0769610411361284
2000-12-12 00:00:00+00:00,1.225,1.375,1.215625,1.29375,1.29375,146136000,1.29375,0.021978906718775167,0.021978906718775167
2000-12-13 00:00:00+00:00,1.328125,1.33125,1.175,1.1875,1.1875,125636000,1.1875,-0.08569472110488284,-0.08569472110488284
2000-12-14 00:00:00+00:00,1.203125,1.234375,1.129688,1.134375,1.134375,140416000,1.134375,-0.0457684184555807,-0.0457684184555807
2000-12-15 00:00:00+00:00,1.1125,1.2125,1.1,1.14375,1.14375,174274000,1.14375,0.008230499136515662,0.008230499136515662
2000-12-18 00:00:00+00:00,1.0375,1.059375,0.946875,0.99375,0.99375,320704000,0.99375,-0.14058195062118944,-0.14058195062118944
2000-12-19 00:00:00+00:00,1.015625,1.04375,0.86875,0.9125,0.9125,264370000,0.9125,-0.08529758051189519,-0.08529758051189519
2000-12-20 00:00:00+00:00,0.809375,0.89375,0.78125,0.834375,0.834375,441014000,0.834375,-0.08950514386803222,-0.08950514386803222
2000-12-21 00:00:00+00:00,0.81875,0.8875,0.74375,0.759375,0.759375,177028000,0.759375,-0.09418721505970107,-0.09418721505970107
2000-12-22 00:00:00+00:00,0.765625,0.827344,0.7625,0.778125,0.778125,187740000,0.778125,0.024391453124159048,0.024391453124159048
2000-12-26 00:00:00+00:00,0.815625,0.925,0.8125,0.846875,0.846875,180256000,0.846875,0.08466592441499347,0.08466592441499347
2000-12-27 00:00:00+00:00,0.8,0.871875,0.778125,0.84375,0.84375,131976000,0.84375,-0.003696861881326203,-0.003696861881326203
2000-12-28 00:00:00+00:00,0.83125,0.9125,0.83125,0.86875,0.86875,169112000,0.86875,0.02919915469226235,0.02919915469226235
2000-12-29 00:00:00+00:00,0.8375,0.85625,0.75,0.778125,0.778125,196994000,0.778125,-0.1101682172259296,-0.1101682172259296
2001-01-02 00:00:00+00:00,0.790625,0.8,0.68125,0.69375,0.69375,184070000,0.69375,-0.11477551459242818,-0.11477551459242818
2001-01-03 00:00:00+00:00,0.68125,0.89375,0.678125,0.878125,0.878125,293608000,0.878125,0.23567728746146646,0.23567728746146646
2001-01-04 00:00:00+00:00,0.85,0.878125,0.771875,0.775,0.775,212410000,0.775,-0.12492592316876366,-0.12492592316876366
2001-01-05 00:00:00+00:00,0.775,0.79375,0.678125,0.728125,0.728125,175976000,0.728125,-0.062390292599281555,-0.062390292599281555
2001-01-08 00:00:00+00:00,0.721875,0.778125,0.6875,0.746875,0.746875,208894000,0.746875,0.02542509836580996,0.02542509836580996
2001-01-09 00:00:00+00:00,0.728125,0.83125,0.728125,0.81875,0.81875,469104000,0.81875,0.09188095182958626,0.09188095182958626
2001-01-10 00:00:00+00:00,0.792188,0.85,0.778125,0.825,0.825,220050000,0.825,0.0076045993852192125,0.0076045993852192125
2001-01-11 00:00:00+00:00,0.7875,0.865625,0.78125,0.85,0.85,255132000,0.85,0.02985296314968113,0.02985296314968113
2001-01-12 00:00:00+00:00,0.867188,0.925,0.85625,0.884375,0.884375,168684000,0.884375,0.03964483134724038,0.03964483134724038
2001-01-16 00:00:00+00:00,0.915625,0.91875,0.8625,0.903125,0.903125,120340000,0.903125,0.020979790469194466,0.020979790469194466
2001-01-17 00:00:00+00:00,0.94375,0.978125,0.8875,0.91875,0.91875,183320000,0.91875,0.017153079226249493,0.017153079226249493
2001-01-18 00:00:00+00:00,0.91875,0.975,0.896875,0.975,0.975,82316000,0.975,0.059423420470800806,0.059423420470800806
2001-01-19 00:00:00+00:00,1.01875,1.01875,0.934375,0.996875,0.996875,123550000,0.996875,0.022187914975362138,0.022187914975362138
2001-01-22 00:00:00+00:00,0.975,0.996875,0.925,0.925,0.925,87972000,0.925,-0.07483164846078412,-0.07483164846078412
2001-01-23 00:00:00+00:00,0.91875,0.965625,0.9125,0.947656,0.947656,94886000,0.947656,0.02419782969132574,0.02419782969132574
2001-01-24 00:00:00+00:00,0.959375,1.11875,0.95,1.09375,1.09375,276962000,1.09375,0.14337587046807318,0.14337587046807318
2001-01-25 00:00:00+00:00,1.084375,1.0875,0.95,0.95,0.95,141328000,0.95,-0.1409054530772377,-0.1409054530772377
2001-01-26 00:00:00+00:00,0.946875,1.025,0.94375,0.975,0.975,101892000,0.975,0.025975486403260736,0.025975486403260736
2001-01-29 00:00:00+00:00,0.95625,1.0375,0.940625,1.00625,1.00625,154260000,1.00625,0.03154835773492606,0.03154835773492606
2001-01-30 00:00:00+00:00,1.028125,1.034375,0.933594,0.946875,0.946875,245466000,0.946875,-0.060818740035039225,-0.060818740035039225
2001-01-31 00:00:00+00:00,0.946875,0.978125,0.853125,0.865625,0.865625,409516000,0.865625,-0.08971529932203069,-0.08971529932203069
2001-02-01 00:00:00+00:00,0.859375,0.859375,0.7875,0.8125,0.8125,189374000,0.8125,-0.06333587517181076,-0.06333587517181076
2001-02-02 00:00:00+00:00,0.80625,0.809375,0.7125,0.71875,0.71875,242022000,0.71875,-0.12260232209233239,-0.12260232209233239
2001-02-05 00:00:00+00:00,0.73125,0.746875,0.715625,0.721875,0.721875,183796000,0.721875,0.004338401598598141,0.004338401598598141
2001-02-06 00:00:00+00:00,0.690625,0.79375,0.678125,0.790625,0.790625,381518000,0.790625,0.09097177820572659,0.09097177820572659
2001-02-07 00:00:00+00:00,0.759375,0.790625,0.728125,0.75,0.75,151358000,0.75,-0.05275056538552897,-0.05275056538552897
2001-02-08 00:00:00+00:00,0.765625,0.79375,0.71875,0.71875,0.71875,105904000,0.71875,-0.04255961441879589,-0.04255961441879589
2001-02-09 00:00:00+00:00,0.715625,0.7375,0.66875,0.66875,0.66875,149080000,0.66875,-0.07210329390134394,-0.07210329390134394
2001-02-12 00:00:00+00:00,0.70625,0.75,0.685156,0.725,0.725,105906000,0.725,0.08076135664445859,0.08076135664445859
2001-02-13 00:00:00+00:00,0.75,0.753125,0.6875,0.6875,0.6875,95908000,0.6875,-0.05310982531394841,-0.05310982531394841
2001-02-14 00:00:00+00:00,0.70625,0.7375,0.675,0.721875,0.721875,162468000,0.721875,0.04879016416943205,0.04879016416943205
2001-02-15 00:00:00+00:00,0.675,0.73125,0.675,0.725,0.725,327690000,0.725,0.00431966114451638,0.00431966114451638
2001-02-16 00:00:00+00:00,0.68125,0.70625,0.665625,0.684375,0.684375,129812000,0.684375,-0.05766564184980923,-0.05766564184980923
2001-02-20 00:00:00+00:00,0.68125,0.684375,0.621875,0.625,0.625,131782000,0.625,-0.09075436326846407,-0.09075436326846407
2001-02-21 00:00:00+00:00,0.6125,0.625,0.565625,0.596875,0.596875,151052000,0.596875,-0.04604393850140673,-0.04604393850140673
2001-02-22 00:00:00+00:00,0.6,0.60625,0.56875,0.596875,0.596875,164984000,0.596875,0.0,0.0
2001-02-23 00:00:00+00:00,0.59375,0.603125,0.553125,0.590625,0.590625,102998000,0.590625,-0.010526412986987617,-0.010526412986987617
2001-02-26 00:00:00+00:00,0.603125,0.6125,0.575,0.596875,0.596875,124582000,0.596875,0.010526412986987603,0.010526412986987603
2001-02-27 00:00:00+00:00,0.590625,0.60625,0.58125,0.5875,0.5875,154652000,0.5875,-0.01583146521668074,-0.01583146521668074
2001-02-28 00:00:00+00:00,0.5625,0.5875,0.496875,0.509375,0.509375,292596000,0.509375,-0.14269176202318687,-0.14269176202318687
2001-03-01 00:00:00+00:00,0.49375,0.534375,0.479688,0.521875,0.521875,219934000,0.521875,0.024243611609992635,0.024243611609992635
2001-03-02 00:00:00+00:00,0.501563,0.53125,0.5,0.5,0.5,150912000,0.5,-0.042819997182928185,-0.042819997182928185
2001-03-05 00:00:00+00:00,0.61875,0.653125,0.575,0.63125,0.63125,470014000,0.63125,0.2330938821673778,0.2330938821673778
2001-03-06 00:00:00+00:00,0.653906,0.7,0.5625,0.59375,0.59375,463830000,0.59375,-0.06124362524071855,-0.06124362524071855
2001-03-07 00:00:00+00:00,0.596875,0.628125,0.571875,0.6125,0.6125,212882000,0.6125,0.03109058707003118,0.03109058707003118
2001-03-08 00:00:00+00:00,0.596875,0.6,0.58125,0.584375,0.584375,99152000,0.584375,-0.047006042375930715,-0.047006042375930715
2001-03-09 00:00:00+00:00,0.571875,0.625,0.56875,0.6125,0.6125,177134000,0.6125,0.04700604237593079,0.04700604237593079
2001-03-12 00:00:00+00:00,0.56875,0.584375,0.525,0.53125,0.53125,114330000,0.53125,-0.1423162221802555,-0.1423162221802555
2001-03-13 00:00:00+00:00,0.540625,0.553125,0.525,0.55,0.55,66614000,0.55,0.03468555798789011,0.03468555798789011
2001-03-14 00:00:00+00:00,0.5125,0.546875,0.50625,0.53125,0.53125,62488000,0.53125,-0.0346855579878901,-0.0346855579878901
2001-03-15 00:00:00+00:00,0.56875,0.571875,0.540625,0.54375,0.54375,116498000,0.54375,0.023256862164267183,0.023256862164267183
2001-03-16 00:00:00+00:00,0.53125,0.553125,0.5125,0.55,0.55,139684000,0.55,0.01142869582362285,0.01142869582362285
2001-03-19 00:00:00+00:00,0.559375,0.565625,0.50625,0.525,0.525,135490000,0.525,-0.04652001563489293,-0.04652001563489293
2001-03-20 00:00:00+00:00,0.528125,0.575,0.50625,0.5125,0.5125,125894000,0.5125,-0.02409755157906064,-0.02409755157906064
2001-03-21 00:00:00+00:00,0.51875,0.521875,0.5,0.5,0.5,110132000,0.5,-0.02469261259037141,-0.02469261259037141
2001-03-22 00:00:00+00:00,0.503125,0.5125,0.478125,0.509375,0.509375,131892000,0.509375,0.018576385572935457,0.018576385572935457
2001-03-23 00:00:00+00:00,0.528125,0.540625,0.496875,0.509375,0.509375,75088000,0.509375,0.0,0.0
2001-03-26 00:00:00+00:00,0.535,0.5645,0.531,0.547,0.547,137012000,0.547,0.07126431842685416,0.07126431842685416
2001-03-27 00:00:00+00:00,0.546,0.59,0.5255,0.582,0.582,112064000,0.582,0.062021645309456516,0.062021645309456516
2001-03-28 00:00:00+00:00,0.555,0.558,0.5375,0.54,0.54,67738000,0.54,-0.0749013081731176,-0.0749013081731176
2001-03-29 00:00:00+00:00,0.5285,0.5515,0.5,0.5,0.5,92768000,0.5,-0.07696104113612844,-0.07696104113612844
2001-03-30 00:00:00+00:00,0.506,0.542,0.4955,0.5115,0.5115,71168000,0.5115,0.02273948696948934,0.02273948696948934
2001-04-02 00:00:00+00:00,0.5165,0.5265,0.425,0.455,0.455,176078000,0.455,-0.11705016644073064,-0.11705016644073064
2001-04-03 00:00:00+00:00,0.4355,0.4575,0.425,0.4315,0.4315,97314000,0.4315,-0.05302990842746782,-0.05302990842746782
2001-04-04 00:00:00+00:00,0.4285,0.45,0.405,0.42,0.42,114162000,0.42,-0.027012799246068645,-0.027012799246068645
2001-04-05 00:00:00+00:00,0.451,0.465,0.436,0.456,0.456,108484000,0.456,0.08223809823697222,0.08223809823697222
2001-04-06 00:00:00+00:00,0.445,0.445,0.41,0.4185,0.4185,105622000,0.4185,-0.0858159195848562,-0.0858159195848562
2001-04-09 00:00:00+00:00,0.592,0.595,0.535,0.559,0.559,468114000,0.559,0.28947258322556935,0.28947258322556935
2001-04-10 00:00:00+00:00,0.562,0.675,0.56,0.6005,0.6005,377208000,0.6005,0.07161316836493896,0.07161316836493896
2001-04-11 00:00:00+00:00,0.655,0.6825,0.609,0.666,0.666,268436000,0.666,0.10352702902035088,0.10352702902035088
2001-04-12 00:00:00+00:00,0.6525,0.7505,0.65,0.7335,0.7335,230600000,0.7335,0.09653792704264724,0.09653792704264724
2001-04-16 00:00:00+00:00,0.725,0.727,0.6825,0.7015,0.7015,126202000,0.7015,-0.044606698040520774,-0.044606698040520774
2001-04-17 00:00:00+00:00,0.6905,0.7435,0.6875,0.737,0.737,101470000,0.737,0.04936699264682105,0.04936699264682105
2001-04-18 00:00:00+00:00,0.783,0.908,0.7775,0.827,0.827,391100000,0.827,0.1152168028343546,0.1152168028343546
2001-04-19 00:00:00+00:00,0.845,0.845,0.7845,0.7995,0.7995,174852000,0.7995,-0.03381816274968232,-0.03381816274968232
2001-04-20 00:00:00+00:00,0.781,0.81,0.7485,0.789,0.789,170442000,0.789,-0.013220211428134605,-0.013220211428134605
2001-04-23 00:00:00+00:00,0.8195,0.873,0.801,0.81,0.81,233792000,0.81,0.02626792682061032,0.02626792682061032
2001-04-24 00:00:00+00:00,0.822,0.84,0.774,0.784,0.784,141652000,0.784,-0.03262522731607661,-0.03262522731607661
2001-04-25 00:00:00+00:00,0.7845,0.805,0.73,0.8045,0.8045,186342000,0.8045,0.0258119460820301,0.0258119460820301
2001-04-26 00:00:00+00:00,0.8125,0.825,0.75,0.7715,0.7715,119212000,0.7715,-0.041884294629222454,-0.041884294629222454
2001-04-27 00:00:00+00:00,0.786,0.7865,0.751,0.7635,0.7635,88920000,0.7635,-0.010423547144528447,-0.010423547144528447
2001-04-30 00:00:00+00:00,0.7815,0.845,0.7795,0.789,0.789,115606000,0.789,0.032853196187187156,0.032853196187187156
2001-05-01 00:00:00+00:00,0.795,0.85,0.79,0.8445,0.8445,102158000,0.8445,0.06797841540198052,0.06797841540198052
2001-05-02 00:00:00+00:00,0.857,0.8715,0.842,0.8555,0.8555,149944000,0.8555,0.012941357084393439,0.012941357084393439
2001-05-03 00:00:00+00:00,0.8415,0.85,0.8125,0.8375,0.8375,100200000,0.8375,-0.02126482963302674,-0.02126482963302674
2001-05-04 00:00:00+00:00,0.8175,0.88,0.7965,0.878,0.878,131690000,0.878,0.04722532993589519,0.04722532993589519
2001-05-07 00:00:00+00:00,0.868,0.8765,0.8255,0.846,0.846,101674000,0.846,-0.03712723402889346,-0.03712723402889346
2001-05-08 00:00:00+00:00,0.814,0.8245,0.78,0.809,0.809,143830000,0.809,-0.044720442547731484,-0.044720442547731484
2001-05-09 00:00:00+00:00,0.7775,0.783,0.75,0.7505,0.7505,93420000,0.7505,-0.0750592659849752,-0.0750592659849752
2001-05-10 00:00:00+00:00,0.77,0.782,0.73,0.731,0.731,100252000,0.731,-0.02632619132373809,-0.02632619132373809
2001-05-11 00:00:00+00:00,0.7275,0.74,0.7,0.734,0.734,69738000,0.734,0.004095568864736981,0.004095568864736981
2001-05-14 00:00:00+00:00,0.7265,0.7265,0.658,0.6665,0.6665,123884000,0.6665,-0.09646888899575222,-0.09646888899575222
2001-05-15 00:00:00+00:00,0.6675,0.715,0.657,0.677,0.677,122624000,0.677,0.01563113329351173,0.01563113329351173
2001-05-16 00:00:00+00:00,0.6725,0.719,0.655,0.7065,0.7065,145580000,0.7065,0.042651929212307184,0.042651929212307184
2001-05-17 00:00:00+00:00,0.7045,0.75,0.7015,0.739,0.739,135108000,0.739,0.044974718823619565,0.044974718823619565
2001-05-18 00:00:00+00:00,0.7415,0.75,0.725,0.736,0.736,101436000,0.736,-0.004067802219325587,-0.004067802219325587
2001-05-21 00:00:00+00:00,0.7475,0.821,0.7375,0.819,0.819,144648000,0.819,0.1068539651241932,0.1068539651241932
2001-05-22 00:00:00+00:00,0.8395,0.85,0.795,0.8125,0.8125,146180000,0.8125,-0.007968169649176845,-0.007968169649176845
2001-05-23 00:00:00+00:00,0.81,0.84,0.756,0.78,0.78,178530000,0.78,-0.04082199452025505,-0.04082199452025505
2001-05-24 00:00:00+00:00,0.7855,0.8375,0.7625,0.8375,0.8375,106698000,0.8375,0.07112734401558404,0.07112734401558404
2001-05-25 00:00:00+00:00,0.8325,0.8765,0.8185,0.8545,0.8545,138574000,0.8545,0.0200952388564242,0.0200952388564242
2001-05-29 00:00:00+00:00,0.8605,0.877,0.835,0.861,0.861,187898000,0.861,0.007578001872085084,0.007578001872085084
2001-05-30 00:00:00+00:00,0.827,0.85,0.781,0.783,0.783,177028000,0.783,-0.09496180843692761,-0.09496180843692761
2001-05-31 00:00:00+00:00,0.792,0.86,0.7875,0.8345,0.8345,192640000,0.8345,0.06370004711108664,0.06370004711108664
2001-06-01 00:00:00+00:00,0.861,0.8655,0.8195,0.8475,0.8475,129372000,0.8475,0.015458096152715602,0.015458096152715602
2001-06-04 00:00:00+00:00,0.866,0.87,0.8075,0.8455,0.8455,122820000,0.8455,-0.002362670915970392,-0.002362670915970392
2001-06-05 00:00:00+00:00,0.853,0.896,0.8,0.822,0.822,255162000,0.822,-0.028187773282455204,-0.028187773282455204
2001-06-06 00:00:00+00:00,0.8335,0.836,0.774,0.7995,0.7995,194722000,0.7995,-0.02775386278217099,-0.02775386278217099
2001-06-07 00:00:00+00:00,0.791,0.8115,0.7845,0.8065,0.8065,68904000,0.8065,0.008717365291254728,0.008717365291254728
2001-06-08 00:00:00+00:00,0.8125,0.8165,0.7825,0.785,0.785,50166000,0.785,-0.027020179782855112,-0.027020179782855112
2001-06-11 00:00:00+00:00,0.775,0.7775,0.7225,0.743,0.743,99420000,0.743,-0.05498767306464937,-0.05498767306464937
2001-06-12 00:00:00+00:00,0.73,0.7395,0.716,0.732,0.732,86674000,0.732,-0.014915530756447632,-0.014915530756447632
2001-06-13 00:00:00+00:00,0.748,0.7575,0.7055,0.706,0.706,75688000,0.706,-0.036165276468069524,-0.036165276468069524
2001-06-14 00:00:00+00:00,0.706,0.706,0.658,0.6645,0.6645,101766000,0.6645,-0.06058035933994207,-0.06058035933994207
2001-06-15 00:00:00+00:00,0.6505,0.673,0.615,0.6245,0.6245,153432000,0.6245,-0.06208354858766753,-0.06208354858766753
2001-06-18 00:00:00+00:00,0.6225,0.635,0.5835,0.5915,0.5915,114342000,0.5915,-0.054289646147190916,-0.054289646147190916
2001-06-19 00:00:00+00:00,0.6225,0.6325,0.56,0.568,0.568,122190000,0.568,-0.040540264697290246,-0.040540264697290246
2001-06-20 00:00:00+00:00,0.5635,0.635,0.56,0.6265,0.6265,213046000,0.6265,0.09802735561497175,0.09802735561497175
2001-06-21 00:00:00+00:00,0.634,0.66,0.6295,0.654,0.654,195548000,0.654,0.04295857712107587,0.04295857712107587
2001-06-22 00:00:00+00:00,0.6565,0.6635,0.619,0.62,0.62,126334000,0.62,-0.05338787341806156,-0.05338787341806156
2001-06-25 00:00:00+00:00,0.6355,0.657,0.6285,0.6405,0.6405,138940000,0.6405,0.0325296432976516,0.0325296432976516
2001-06-26 00:00:00+00:00,0.627,0.687,0.602,0.6625,0.6625,132790000,0.6625,0.033771436523588376,0.033771436523588376
2001-06-27 00:00:00+00:00,0.6905,0.7125,0.6825,0.702,0.702,152488000,0.702,0.05791284616543375,0.05791284616543375
2001-06-28 00:00:00+00:00,0.7115,0.7295,0.6885,0.718,0.718,110334000,0.718,0.022536165022413127,0.022536165022413127
2001-06-29 00:00:00+00:00,0.7155,0.7325,0.686,0.7075,0.7075,89780000,0.7075,-0.014731939530831382,-0.014731939530831382
2001-07-02 00:00:00+00:00,0.705,0.7355,0.6925,0.7265,0.7265,126690000,0.7265,0.02650085349294496,0.02650085349294496
2001-07-03 00:00:00+00:00,0.7245,0.725,0.7,0.7065,0.7065,54022000,0.7065,-0.027915280885755525,-0.027915280885755525
2001-07-05 00:00:00+00:00,0.714,0.7725,0.71,0.7635,0.7635,241664000,0.7635,0.07758992253410497,0.07758992253410497
2001-07-06 00:00:00+00:00,0.745,0.786,0.74,0.7635,0.7635,181824000,0.7635,0.0,0.0
2001-07-09 00:00:00+00:00,0.7675,0.795,0.7555,0.7905,0.7905,160020000,0.7905,0.034752531990839594,0.034752531990839594
2001-07-10 00:00:00+00:00,0.804,0.806,0.78,0.7805,0.7805,172854000,0.7805,-0.012730916694039996,-0.012730916694039996
2001-07-11 00:00:00+00:00,0.7715,0.79,0.7475,0.767,0.767,116436000,0.767,-0.017447938588230474,-0.017447938588230474
2001-07-12 00:00:00+00:00,0.785,0.827,0.785,0.8245,0.8245,119530000,0.8245,0.07229034063239735,0.07229034063239735
2001-07-13 00:00:00+00:00,0.813,0.85,0.805,0.849,0.849,136966000,0.849,0.02928204431169362,0.02928204431169362
2001-07-16 00:00:00+00:00,0.847,0.871,0.8005,0.8005,0.8005,146316000,0.8005,-0.0588226538745779,-0.0588226538745779
2001-07-17 00:00:00+00:00,0.792,0.8245,0.7915,0.8175,0.8175,74124000,0.8175,0.021014370334639005,0.021014370334639005
2001-07-18 00:00:00+00:00,0.8035,0.8325,0.794,0.798,0.798,73462000,0.798,-0.024142305321599635,-0.024142305321599635
2001-07-19 00:00:00+00:00,0.8075,0.84,0.807,0.8245,0.8245,104256000,0.8245,0.03266854454984476,0.03266854454984476
2001-07-20 00:00:00+00:00,0.8265,0.8625,0.8225,0.849,0.849,74714000,0.849,0.02928204431169362,0.02928204431169362
2001-07-23 00:00:00+00:00,0.851,0.8565,0.798,0.8015,0.8015,173278000,0.8015,-0.05757421426173962,-0.05757421426173962
2001-07-24 00:00:00+00:00,0.681,0.7,0.595,0.603,0.603,651458000,0.603,-0.2845677753224223,-0.2845677753224223
2001-07-25 00:00:00+00:00,0.6145,0.6155,0.5535,0.5755,0.5755,251194000,0.5755,-0.046677968565248064,-0.046677968565248064
2001-07-26 00:00:00+00:00,0.5835,0.6375,0.5615,0.6165,0.6165,210050000,0.6165,0.06881909444246166,0.06881909444246166
2001-07-27 00:00:00+00:00,0.6165,0.6215,0.585,0.6125,0.6125,181518000,0.6125,-0.006509380185516894,-0.006509380185516894
2001-07-30 00:00:00+00:00,0.6105,0.6375,0.599,0.6275,0.6275,103620000,0.6275,0.024194728587056756,0.024194728587056756
2001-07-31 00:00:00+00:00,0.632,0.643,0.6115,0.6245,0.6245,87578000,0.6245,-0.00479234144030638,-0.00479234144030638
2001-08-01 00:00:00+00:00,0.6365,0.643,0.6085,0.625,0.625,110212000,0.625,0.0008003201707691157,0.0008003201707691157
2001-08-02 00:00:00+00:00,0.6295,0.63,0.605,0.6095,0.6095,77450000,0.6095,-0.025112700815075214,-0.025112700815075214
2001-08-03 00:00:00+00:00,0.612,0.6195,0.6055,0.6075,0.6075,61698000,0.6075,-0.0032867737066226976,-0.0032867737066226976
2001-08-06 00:00:00+00:00,0.609,0.61,0.5925,0.595,0.595,53236000,0.595,-0.020790769669073894,-0.020790769669073894
2001-08-07 00:00:00+00:00,0.5945,0.595,0.576,0.58,0.58,51204000,0.58,-0.025533302005164762,-0.025533302005164762
2001-08-08 00:00:00+00:00,0.5755,0.5775,0.5515,0.5555,0.5555,67468000,0.5555,-0.04315949446078028,-0.04315949446078028
2001-08-09 00:00:00+00:00,0.557,0.5585,0.5125,0.523,0.523,120980000,0.523,-0.06028714501476169,-0.06028714501476169
2001-08-10 00:00:00+00:00,0.529,0.5325,0.497,0.4975,0.4975,183746000,0.4975,-0.04998590746627545,-0.04998590746627545
2001-08-13 00:00:00+00:00,0.505,0.515,0.4885,0.506,0.506,96630000,0.506,0.01694111268881809,0.01694111268881809
2001-08-14 00:00:00+00:00,0.516,0.552,0.5135,0.5265,0.5265,96142000,0.5265,0.03971466228656453,0.03971466228656453
2001-08-15 00:00:00+00:00,0.527,0.5415,0.5,0.504,0.504,67170000,0.504,-0.04367506350266153,-0.04367506350266153
2001-08-16 00:00:00+00:00,0.504,0.5075,0.47,0.4905,0.4905,124542000,0.4905,-0.02715098906595086,-0.02715098906595086
2001-08-17 00:00:00+00:00,0.4755,0.5045,0.4725,0.4995,0.4995,107212000,0.4995,0.018182319083190547,0.018182319083190547
2001-08-20 00:00:00+00:00,0.5095,0.5205,0.4975,0.52,0.52,72280000,0.52,0.0402212134868649,0.0402212134868649
2001-08-21 00:00:00+00:00,0.535,0.5395,0.494,0.4945,0.4945,102766000,0.4945,-0.050281660512706286,-0.050281660512706286
2001-08-22 00:00:00+00:00,0.508,0.5115,0.4795,0.51,0.51,82524000,0.51,0.03086357465560462,0.03086357465560462
2001-08-23 00:00:00+00:00,0.5065,0.508,0.4785,0.4815,0.4815,80014000,0.4815,-0.05750449448019124,-0.05750449448019124
2001-08-24 00:00:00+00:00,0.492,0.515,0.486,0.5115,0.5115,75598000,0.5115,0.06044135415350093,0.06044135415350093
2001-08-27 00:00:00+00:00,0.5045,0.5135,0.4955,0.5065,0.5065,52360000,0.5065,-0.009823261702943092,-0.009823261702943092
2001-08-28 00:00:00+00:00,0.506,0.5075,0.478,0.4985,0.4985,64582000,0.4985,-0.01592073428684494,-0.01592073428684494
2001-08-29 00:00:00+00:00,0.502,0.5025,0.4505,0.4595,0.4595,76072000,0.4595,-0.08146464760615128,-0.08146464760615128
2001-08-30 00:00:00+00:00,0.453,0.4745,0.4275,0.4345,0.4345,117028000,0.4345,-0.05594299709029509,-0.05594299709029509
2001-08-31 00:00:00+00:00,0.435,0.465,0.4345,0.447,0.447,72832000,0.447,0.028362649908122078,0.028362649908122078
2001-09-04 00:00:00+00:00,0.4475,0.4595,0.426,0.4295,0.4295,97154000,0.4295,-0.03993685318925881,-0.03993685318925881
2001-09-05 00:00:00+00:00,0.433,0.434,0.3425,0.3825,0.3825,421468000,0.3825,-0.11589308815771944,-0.11589308815771944
2001-09-06 00:00:00+00:00,0.392,0.4095,0.3835,0.4075,0.4075,142632000,0.4075,0.06331227941432686,0.06331227941432686
2001-09-07 00:00:00+00:00,0.398,0.4305,0.3925,0.4255,0.4255,142442000,0.4255,0.0432240153325114,0.0432240153325114
2001-09-10 00:00:00+00:00,0.42,0.4325,0.403,0.4315,0.4315,116672000,0.4315,0.014002562510053926,0.014002562510053926
2001-09-17 00:00:00+00:00,0.365,0.4025,0.3525,0.3745,0.3745,211470000,0.3745,-0.14167570756620848,-0.14167570756620848
2001-09-18 00:00:00+00:00,0.3795,0.3875,0.3625,0.3645,0.3645,125418000,0.3645,-0.027065251508561317,-0.027065251508561317
2001-09-19 00:00:00+00:00,0.3675,0.3725,0.332,0.3655,0.3655,188730000,0.3655,0.0027397277411202693,0.0027397277411202693
2001-09-20 00:00:00+00:00,0.3555,0.382,0.3525,0.374,0.374,172618000,0.374,0.02298951822469878,0.02298951822469878
2001-09-21 00:00:00+00:00,0.3475,0.386,0.3345,0.374,0.374,257322000,0.374,0.0,0.0
2001-09-24 00:00:00+00:00,0.385,0.3915,0.367,0.373,0.373,102054000,0.373,-0.002677377770716403,-0.002677377770716403
2001-09-25 00:00:00+00:00,0.3745,0.3785,0.351,0.3545,0.3545,97262000,0.3545,-0.05087007367163339,-0.05087007367163339
2001-09-26 00:00:00+00:00,0.36,0.3615,0.3,0.3175,0.3175,156782000,0.3175,-0.11023052763943579,-0.11023052763943579
2001-09-27 00:00:00+00:00,0.3235,0.332,0.2835,0.31,0.31,165500000,0.31,-0.02390552085355448,-0.02390552085355448
2001-09-28 00:00:00+00:00,0.3125,0.3235,0.2915,0.2985,0.2985,139344000,0.2985,-0.037802364646535164,-0.037802364646535164
2001-10-01 00:00:00+00:00,0.2955,0.305,0.2755,0.3005,0.3005,159888000,0.3005,0.006677821142605448,0.006677821142605448
2001-10-02 00:00:00+00:00,0.3085,0.3085,0.2975,0.304,0.304,113554000,0.304,0.011579947430959418,0.011579947430959418
2001-10-03 00:00:00+00:00,0.3085,0.3605,0.301,0.338,0.338,106470000,0.338,0.10601819407679715,0.10601819407679715
2001-10-04 00:00:00+00:00,0.3545,0.3935,0.334,0.352,0.352,124344000,0.352,0.04058528011507809,0.04058528011507809
2001-10-05 00:00:00+00:00,0.3485,0.395,0.337,0.36,0.36,118018000,0.36,0.022472855852058576,0.022472855852058576
2001-10-08 00:00:00+00:00,0.3535,0.365,0.3455,0.356,0.356,78688000,0.356,-0.011173300598125189,-0.011173300598125189
2001-10-09 00:00:00+00:00,0.3555,0.356,0.3335,0.3455,0.3455,55336000,0.3455,-0.029938087644305857,-0.029938087644305857
2001-10-10 00:00:00+00:00,0.345,0.3655,0.34,0.363,0.363,61660000,0.363,0.04941019105712619,0.04941019105712619
2001-10-11 00:00:00+00:00,0.377,0.408,0.375,0.3925,0.3925,133306000,0.3925,0.07813370295761234,0.07813370295761234
2001-10-12 00:00:00+00:00,0.388,0.4075,0.3735,0.4035,0.4035,72592000,0.4035,0.02763995048754036,0.02763995048754036
2001-10-15 00:00:00+00:00,0.412,0.46,0.4115,0.444,0.444,172036000,0.444,0.09564807472222125,0.09564807472222125
2001-10-16 00:00:00+00:00,0.4615,0.4875,0.4555,0.478,0.478,165992000,0.478,0.07378617005923112,0.07378617005923112
2001-10-17 00:00:00+00:00,0.499,0.4995,0.4425,0.446,0.446,178890000,0.446,-0.06929178047139185,-0.06929178047139185
2001-10-18 00:00:00+00:00,0.4455,0.4615,0.419,0.4235,0.4235,87066000,0.4235,-0.05176543792795508,-0.05176543792795508
2001-10-19 00:00:00+00:00,0.4245,0.426,0.375,0.4005,0.4005,140146000,0.4005,-0.05583974758369503,-0.05583974758369503
2001-10-22 00:00:00+00:00,0.4035,0.4415,0.402,0.4385,0.4385,84620000,0.4385,0.09064604530382382,0.09064604530382382
2001-10-23 00:00:00+00:00,0.4625,0.48,0.4425,0.4775,0.4775,244528000,0.4775,0.08520434810854724,0.08520434810854724
2001-10-24 00:00:00+00:00,0.4025,0.4075,0.37,0.382,0.382,533848000,0.382,-0.2231435513142097,-0.2231435513142097
2001-10-25 00:00:00+00:00,0.3695,0.389,0.3575,0.3885,0.3885,185356000,0.3885,0.01687256120112706,0.01687256120112706
2001-10-26 00:00:00+00:00,0.3815,0.4005,0.3755,0.378,0.378,122142000,0.378,-0.027398974188114503,-0.027398974188114503
2001-10-29 00:00:00+00:00,0.3805,0.383,0.352,0.3525,0.3525,103236000,0.3525,-0.06984357336726445,-0.06984357336726445
2001-10-30 00:00:00+00:00,0.3505,0.3515,0.316,0.321,0.321,201110000,0.321,-0.09360949912230737,-0.09360949912230737
2001-10-31 00:00:00+00:00,0.3395,0.351,0.3275,0.349,0.349,154830000,0.349,0.0836307990724113,0.0836307990724113
2001-11-01 00:00:00+00:00,0.354,0.355,0.33,0.3475,0.3475,101070000,0.3475,-0.004307257197580332,-0.004307257197580332
2001-11-02 00:00:00+00:00,0.3475,0.3475,0.3335,0.3355,0.3355,73942000,0.3355,-0.03514270859311021,-0.03514270859311021
2001-11-05 00:00:00+00:00,0.355,0.36,0.348,0.3495,0.3495,125756000,0.3495,0.040881605262128334,0.040881605262128334
2001-11-06 00:00:00+00:00,0.354,0.3565,0.3455,0.3525,0.3525,112156000,0.3525,0.008547060578458348,0.008547060578458348
2001-11-07 00:00:00+00:00,0.3505,0.384,0.35,0.3715,0.3715,194312000,0.3715,0.052498241905490586,0.052498241905490586
2001-11-08 00:00:00+00:00,0.383,0.3835,0.337,0.3485,0.3485,189794000,0.3485,-0.06391063395723533,-0.06391063395723533
2001-11-09 00:00:00+00:00,0.3525,0.361,0.3485,0.356,0.356,88008000,0.356,0.02129250065145185,0.02129250065145185
2001-11-12 00:00:00+00:00,0.358,0.362,0.34,0.3525,0.3525,76546000,0.3525,-0.00988010859970711,-0.00988010859970711
2001-11-13 00:00:00+00:00,0.372,0.3765,0.36,0.3645,0.3645,122726000,0.3645,0.033475929196389545,0.033475929196389545
2001-11-14 00:00:00+00:00,0.3815,0.4745,0.38,0.4745,0.4745,590596000,0.4745,0.2637350666012697,0.2637350666012697
2001-11-15 00:00:00+00:00,0.461,0.495,0.4375,0.4525,0.4525,418964000,0.4525,-0.04747385491000162,-0.04747385491000162
2001-11-16 00:00:00+00:00,0.4605,0.4675,0.4375,0.4475,0.4475,261240000,0.4475,-0.011111225425070722,-0.011111225425070722
2001-11-19 00:00:00+00:00,0.4675,0.475,0.45,0.4595,0.4595,200228000,0.4595,0.026462404080831652,0.026462404080831652
2001-11-20 00:00:00+00:00,0.4535,0.465,0.43,0.43,0.43,149040000,0.43,-0.06635373310813371,-0.06635373310813371
2001-11-21 00:00:00+00:00,0.437,0.4485,0.402,0.44,0.44,179932000,0.44,0.02298951822469878,0.02298951822469878
2001-11-23 00:00:00+00:00,0.445,0.457,0.428,0.454,0.454,81456000,0.454,0.03132247112904107,0.03132247112904107
2001-11-26 00:00:00+00:00,0.4915,0.611,0.49,0.6105,0.6105,1013784000,0.6105,0.29618109550941135,0.29618109550941135
2001-11-27 00:00:00+00:00,0.6025,0.6125,0.561,0.574,0.574,686176000,0.574,-0.061648897231193066,-0.061648897231193066
2001-11-28 00:00:00+00:00,0.562,0.62,0.559,0.5795,0.5795,970324000,0.5795,0.009536266460240177,0.009536266460240177
2001-11-29 00:00:00+00:00,0.5945,0.595,0.5395,0.5575,0.5575,405480000,0.5575,-0.03870315944553255,-0.03870315944553255
2001-11-30 00:00:00+00:00,0.565,0.5775,0.54,0.566,0.566,177776000,0.566,0.01513157486890911,0.01513157486890911
2001-12-03 00:00:00+00:00,0.551,0.554,0.524,0.5245,0.5245,190518000,0.5245,-0.07614865036683104,-0.07614865036683104
2001-12-04 00:00:00+00:00,0.5465,0.6025,0.5355,0.5965,0.5965,289994000,0.5965,0.12863381370161908,0.12863381370161908
2001-12-05 00:00:00+00:00,0.62,0.64,0.5875,0.588,0.588,478244000,0.588,-0.014352293639343938,-0.014352293639343938
2001-12-06 00:00:00+00:00,0.602,0.62,0.5925,0.605,0.605,249692000,0.605,0.02850151013221463,0.02850151013221463
2001-12-07 00:00:00+00:00,0.6145,0.615,0.575,0.5855,0.5855,141760000,0.5855,-0.03276227499306934,-0.03276227499306934
2001-12-10 00:00:00+00:00,0.5775,0.6075,0.572,0.5825,0.5825,170318000,0.5825,-0.005136997597916357,-0.005136997597916357
2001-12-11 00:00:00+00:00,0.6,0.6215,0.589,0.612,0.612,282680000,0.612,0.04940309707247033,0.04940309707247033
2001-12-12 00:00:00+00:00,0.6215,0.6215,0.5815,0.5955,0.5955,161502000,0.5955,-0.02733089371697119,-0.02733089371697119
2001-12-13 00:00:00+00:00,0.577,0.59,0.5425,0.5445,0.5445,157482000,0.5445,-0.08953344642233965,-0.08953344642233965
2001-12-14 00:00:00+00:00,0.555,0.56,0.5035,0.55,0.55,200492000,0.55,0.010050335853501506,0.010050335853501506
2001-12-17 00:00:00+00:00,0.555,0.557,0.509,0.5405,0.5405,171986000,0.5405,-0.017423641147253803,-0.017423641147253803
2001-12-18 00:00:00+00:00,0.5525,0.568,0.531,0.543,0.543,147084000,0.543,0.0046146828546726835,0.0046146828546726835
2001-12-19 00:00:00+00:00,0.5365,0.5575,0.5255,0.5355,0.5355,140074000,0.5355,-0.013908430046132113,-0.013908430046132113
2001-12-20 00:00:00+00:00,0.5285,0.5415,0.507,0.5075,0.5075,157024000,0.5075,-0.0537041789718611,-0.0537041789718611
2001-12-21 00:00:00+00:00,0.5155,0.553,0.5,0.5,0.5,278898000,0.5,-0.014888612493750524,-0.014888612493750524
2001-12-24 00:00:00+00:00,0.5075,0.511,0.4755,0.4915,0.4915,124738000,0.4915,-0.017146158834970514,-0.017146158834970514
2001-12-26 00:00:00+00:00,0.5485,0.564,0.5435,0.555,0.555,363970000,0.555,0.12150617415921337,0.12150617415921337
2001-12-27 00:00:00+00:00,0.5665,0.5745,0.5285,0.53,0.53,216802000,0.53,-0.046091107200266976,-0.046091107200266976
2001-12-28 00:00:00+00:00,0.5455,0.554,0.5345,0.545,0.545,205158000,0.545,0.027908788117076658,0.027908788117076658
2001-12-31 00:00:00+00:00,0.5535,0.5595,0.537,0.541,0.541,120694000,0.541,-0.007366515816762554,-0.007366515816762554
2002-01-02 00:00:00+00:00,0.5465,0.55,0.524,0.548,0.548,130392000,0.548,0.012856008101533955,0.012856008101533955
2002-01-03 00:00:00+00:00,0.5565,0.597,0.5525,0.595,0.595,217514000,0.595,0.08228611859761405,0.08228611859761405
2002-01-04 00:00:00+00:00,0.601,0.62,0.5975,0.6125,0.6125,253746000,0.6125,0.028987536873252406,0.028987536873252406
2002-01-07 00:00:00+00:00,0.604,0.6255,0.604,0.617,0.617,243658000,0.617,0.007320081486505631,0.007320081486505631
2002-01-08 00:00:00+00:00,0.6135,0.616,0.5875,0.5925,0.5925,120822000,0.5925,-0.04051815089610145,-0.04051815089610145
2002-01-09 00:00:00+00:00,0.598,0.6085,0.565,0.5765,0.5765,217592000,0.5765,-0.027375533300172606,-0.027375533300172606
2002-01-10 00:00:00+00:00,0.583,0.5835,0.5435,0.552,0.552,162518000,0.552,-0.04342729343201837,-0.04342729343201837
2002-01-11 00:00:00+00:00,0.5515,0.567,0.5465,0.5515,0.5515,85536000,0.5515,-0.0009062075835382089,-0.0009062075835382089
2002-01-14 00:00:00+00:00,0.54,0.5415,0.5045,0.5055,0.5055,119466000,0.5055,-0.08709380023303119,-0.08709380023303119
2002-01-15 00:00:00+00:00,0.517,0.521,0.508,0.5145,0.5145,101846000,0.5145,0.01764751681357814,0.01764751681357814
2002-01-16 00:00:00+00:00,0.5005,0.5005,0.4515,0.4565,0.4565,300798000,0.4565,-0.11960685523908104,-0.11960685523908104
2002-01-17 00:00:00+00:00,0.491,0.4925,0.47,0.487,0.487,332614000,0.487,0.06467542304756649,0.06467542304756649
2002-01-18 00:00:00+00:00,0.48,0.5275,0.4695,0.508,0.508,229870000,0.508,0.04221732449589224,0.04221732449589224
2002-01-22 00:00:00+00:00,0.637,0.6395,0.607,0.63,0.63,1132918000,0.63,0.21523837180709648,0.21523837180709648
2002-01-23 00:00:00+00:00,0.6245,0.63,0.595,0.6235,0.6235,360632000,0.6235,-0.010371054265487194,-0.010371054265487194
2002-01-24 00:00:00+00:00,0.6375,0.703,0.6355,0.7005,0.7005,469372000,0.7005,0.11644560065697043,0.11644560065697043
2002-01-25 00:00:00+00:00,0.678,0.7695,0.6695,0.722,0.722,605530000,0.722,0.030230773115764473,0.030230773115764473
2002-01-28 00:00:00+00:00,0.743,0.7885,0.738,0.775,0.775,460320000,0.775,0.07083789046052083,0.07083789046052083
2002-01-29 00:00:00+00:00,0.777,0.7775,0.6985,0.711,0.711,404898000,0.711,-0.08619059955010618,-0.08619059955010618
2002-01-30 00:00:00+00:00,0.699,0.7125,0.66,0.695,0.695,295036000,0.695,-0.022760584238448768,-0.022760584238448768
2002-01-31 00:00:00+00:00,0.706,0.7245,0.6705,0.7095,0.7095,209706000,0.7095,0.020648651035305353,0.020648651035305353
2002-02-01 00:00:00+00:00,0.7035,0.7045,0.6675,0.6865,0.6865,156028000,0.6865,-0.032954271392071605,-0.032954271392071605
2002-02-04 00:00:00+00:00,0.6455,0.6545,0.6215,0.6265,0.6265,382716000,0.6265,-0.09145745087190287,-0.09145745087190287
2002-02-05 00:00:00+00:00,0.599,0.6145,0.558,0.575,0.575,286314000,0.575,-0.0857787335387725,-0.0857787335387725
2002-02-06 00:00:00+00:00,0.595,0.6,0.56,0.563,0.563,177188000,0.563,-0.021090412657660117,-0.021090412657660117
2002-02-07 00:00:00+00:00,0.5625,0.5925,0.553,0.562,0.562,143448000,0.562,-0.0017777782459991608,-0.0017777782459991608
2002-02-08 00:00:00+00:00,0.5755,0.6335,0.575,0.626,0.626,121712000,0.626,0.10784852120640732,0.10784852120640732
2002-02-11 00:00:00+00:00,0.632,0.675,0.627,0.665,0.665,189394000,0.665,0.06043666955575559,0.06043666955575559
2002-02-12 00:00:00+00:00,0.6515,0.662,0.625,0.645,0.645,149268000,0.645,-0.03053672386008165,-0.03053672386008165
2002-02-13 00:00:00+00:00,0.655,0.6665,0.653,0.6645,0.6645,120816000,0.6645,0.029784561357527495,0.029784561357527495
2002-02-14 00:00:00+00:00,0.667,0.713,0.665,0.694,0.694,185630000,0.694,0.043437082353504484,0.043437082353504484
2002-02-15 00:00:00+00:00,0.6955,0.702,0.6635,0.6705,0.6705,145308000,0.6705,-0.03444825778507127,-0.03444825778507127
2002-02-19 00:00:00+00:00,0.6475,0.692,0.64,0.6505,0.6505,165838000,0.6505,-0.03028240476917333,-0.03028240476917333
2002-02-20 00:00:00+00:00,0.6595,0.67,0.6075,0.648,0.648,160322000,0.648,-0.0038506016002851457,-0.0038506016002851457
2002-02-21 00:00:00+00:00,0.6455,0.6825,0.645,0.663,0.663,165524000,0.663,0.022884293833587806,0.022884293833587806
2002-02-22 00:00:00+00:00,0.6525,0.6615,0.635,0.6535,0.6535,157308000,0.6535,-0.01443245712158593,-0.01443245712158593
2002-02-25 00:00:00+00:00,0.6545,0.687,0.65,0.6865,0.6865,114694000,0.6865,0.049263692143749115,0.049263692143749115
2002-02-26 00:00:00+00:00,0.6755,0.7245,0.6725,0.72,0.72,166210000,0.72,0.04764498680207525,0.04764498680207525
2002-02-27 00:00:00+00:00,0.7275,0.7365,0.706,0.7135,0.7135,171012000,0.7135,-0.009068775093209856,-0.009068775093209856
2002-02-28 00:00:00+00:00,0.7145,0.7375,0.6965,0.705,0.705,121048000,0.705,-0.011984634104622492,-0.011984634104622492
2002-03-01 00:00:00+00:00,0.7065,0.77,0.706,0.7695,0.7695,196784000,0.7695,0.08754315046666533,0.08754315046666533
2002-03-04 00:00:00+00:00,0.771,0.8245,0.77,0.824,0.824,278564000,0.824,0.06842957663053773,0.06842957663053773
2002-03-05 00:00:00+00:00,0.8,0.834,0.7765,0.7985,0.7985,176194000,0.7985,-0.03143556225440459,-0.03143556225440459
2002-03-06 00:00:00+00:00,0.741,0.8295,0.741,0.8165,0.8165,285254000,0.8165,0.022291944755452608,0.022291944755452608
2002-03-07 00:00:00+00:00,0.8205,0.8475,0.77,0.781,0.781,185446000,0.781,-0.04445176257083381,-0.04445176257083381
2002-03-08 00:00:00+00:00,0.8125,0.848,0.7965,0.8175,0.8175,188696000,0.8175,0.04567575293172237,0.04567575293172237
2002-03-11 00:00:00+00:00,0.802,0.844,0.793,0.8355,0.8355,132494000,0.8355,0.021779445264039948,0.021779445264039948
2002-03-12 00:00:00+00:00,0.8175,0.8295,0.802,0.8155,0.8155,112382000,0.8155,-0.02422892597437982,-0.02422892597437982
2002-03-13 00:00:00+00:00,0.8025,0.817,0.782,0.787,0.787,111188000,0.787,-0.03557317364366534,-0.03557317364366534
2002-03-14 00:00:00+00:00,0.7495,0.775,0.714,0.724,0.724,303386000,0.724,-0.08343685603168698,-0.08343685603168698
2002-03-15 00:00:00+00:00,0.7135,0.7145,0.6775,0.7015,0.7015,246414000,0.7015,-0.03157049284320064,-0.03157049284320064
2002-03-18 00:00:00+00:00,0.7075,0.764,0.707,0.7505,0.7505,196636000,0.7505,0.06751875153100094,0.06751875153100094
2002-03-19 00:00:00+00:00,0.7575,0.77,0.728,0.733,0.733,97874000,0.733,-0.023593949186865058,-0.023593949186865058
2002-03-20 00:00:00+00:00,0.724,0.7565,0.715,0.725,0.725,143586000,0.725,-0.010974047031976675,-0.010974047031976675
2002-03-21 00:00:00+00:00,0.731,0.762,0.728,0.7585,0.7585,111558000,0.7585,0.04517114393391219,0.04517114393391219
2002-03-22 00:00:00+00:00,0.756,0.78,0.755,0.7765,0.7765,103700000,0.7765,0.023453843800154806,0.023453843800154806
2002-03-25 00:00:00+00:00,0.7735,0.7865,0.736,0.737,0.737,102322000,0.737,-0.052208750399405146,-0.052208750399405146
2002-03-26 00:00:00+00:00,0.732,0.7725,0.7275,0.7415,0.7415,98502000,0.7415,0.006087269388650209,0.006087269388650209
2002-03-27 00:00:00+00:00,0.695,0.7175,0.685,0.7125,0.7125,162926000,0.7125,-0.039895249435181274,-0.039895249435181274
2002-03-28 00:00:00+00:00,0.72,0.7325,0.7125,0.715,0.715,62450000,0.715,0.0035026305512020745,0.0035026305512020745
2002-04-01 00:00:00+00:00,0.714,0.74,0.707,0.74,0.74,95358000,0.74,0.03436764350420782,0.03436764350420782
2002-04-02 00:00:00+00:00,0.732,0.7545,0.7095,0.7125,0.7125,95428000,0.7125,-0.03787027405540985,-0.03787027405540985
2002-04-03 00:00:00+00:00,0.7185,0.7225,0.68,0.6835,0.6835,90682000,0.6835,-0.041553255978801336,-0.041553255978801336
2002-04-04 00:00:00+00:00,0.6865,0.69,0.6615,0.677,0.677,114634000,0.677,-0.009555383251729235,-0.009555383251729235
2002-04-05 00:00:00+00:00,0.6835,0.702,0.6655,0.675,0.675,90000000,0.675,-0.002958582039745154,-0.002958582039745154
2002-04-08 00:00:00+00:00,0.6485,0.698,0.648,0.6975,0.6975,105556000,0.6975,0.032789822822990755,0.032789822822990755
2002-04-09 00:00:00+00:00,0.7035,0.7295,0.678,0.68,0.68,129180000,0.68,-0.025409715525368214,-0.025409715525368214
2002-04-10 00:00:00+00:00,0.688,0.7,0.6525,0.674,0.674,105134000,0.674,-0.008862687257845317,-0.008862687257845317
2002-04-11 00:00:00+00:00,0.664,0.664,0.626,0.637,0.637,119152000,0.637,-0.05646045534014375,-0.05646045534014375
2002-04-12 00:00:00+00:00,0.645,0.6805,0.6425,0.6655,0.6655,107582000,0.6655,0.04376898226300289,0.04376898226300289
2002-04-15 00:00:00+00:00,0.671,0.705,0.6675,0.6945,0.6945,95074000,0.6945,0.042653524359232246,0.042653524359232246
2002-04-16 00:00:00+00:00,0.709,0.7145,0.686,0.7005,0.7005,73620000,0.7005,0.008602203582663288,0.008602203582663288
2002-04-17 00:00:00+00:00,0.712,0.75,0.712,0.741,0.741,155122000,0.741,0.056206259519025185,0.056206259519025185
2002-04-18 00:00:00+00:00,0.735,0.743,0.6975,0.713,0.713,77528000,0.713,-0.038519204881790975,-0.038519204881790975
2002-04-19 00:00:00+00:00,0.719,0.737,0.7075,0.7265,0.7265,74552000,0.7265,0.018757062596041697,0.018757062596041697
2002-04-22 00:00:00+00:00,0.729,0.7425,0.7075,0.7155,0.7155,105806000,0.7155,-0.01525688401383203,-0.01525688401383203
2002-04-23 00:00:00+00:00,0.7175,0.7375,0.694,0.703,0.703,161538000,0.703,-0.017624707185840815,-0.017624707185840815
2002-04-24 00:00:00+00:00,0.7615,0.8425,0.7525,0.8395,0.8395,689188000,0.8395,0.17744958470693062,0.17744958470693062
2002-04-25 00:00:00+00:00,0.8255,0.8525,0.8205,0.841,0.841,234604000,0.841,0.0017851834553524546,0.0017851834553524546
2002-04-26 00:00:00+00:00,0.843,0.8475,0.816,0.8455,0.8455,162714000,0.8455,0.005336508365686896,0.005336508365686896
2002-04-29 00:00:00+00:00,0.8375,0.85,0.795,0.809,0.809,168304000,0.809,-0.04412925128014331,-0.04412925128014331
2002-04-30 00:00:00+00:00,0.8065,0.838,0.7965,0.8345,0.8345,128416000,0.8345,0.03103382604339808,0.03103382604339808
2002-05-01 00:00:00+00:00,0.8275,0.8525,0.821,0.8245,0.8245,154026000,0.8245,-0.012055601102236139,-0.012055601102236139
2002-05-02 00:00:00+00:00,0.8215,0.8325,0.8125,0.816,0.816,96380000,0.816,-0.01036278703554666,-0.01036278703554666
2002-05-03 00:00:00+00:00,0.8115,0.82,0.7875,0.8025,0.8025,103220000,0.8025,-0.01668249995993602,-0.01668249995993602
2002-05-06 00:00:00+00:00,0.797,0.8245,0.7875,0.806,0.806,107052000,0.806,0.00435188750245734,0.00435188750245734
2002-05-07 00:00:00+00:00,0.8055,0.8175,0.8015,0.8055,0.8055,110874000,0.8055,-0.0006205398895992555,-0.0006205398895992555
2002-05-08 00:00:00+00:00,0.8275,0.873,0.825,0.866,0.866,157768000,0.866,0.07242170594540606,0.07242170594540606
2002-05-09 00:00:00+00:00,0.856,0.9115,0.855,0.8865,0.8865,220046000,0.8865,0.023396216951827288,0.023396216951827288
2002-05-10 00:00:00+00:00,0.8945,0.898,0.84,0.847,0.847,151456000,0.847,-0.0455804308622082,-0.0455804308622082
2002-05-13 00:00:00+00:00,0.8585,0.8815,0.8425,0.866,0.866,134002000,0.866,0.02218421391038072,0.02218421391038072
2002-05-14 00:00:00+00:00,0.902,0.9725,0.901,0.9405,0.9405,293194000,0.9405,0.0825267401786499,0.0825267401786499
2002-05-15 00:00:00+00:00,0.934,1.02,0.9175,0.997,0.997,257962000,0.997,0.05833912122075319,0.05833912122075319
2002-05-16 00:00:00+00:00,0.9755,0.9975,0.9645,0.9805,0.9805,156314000,0.9805,-0.016688124325437363,-0.016688124325437363
2002-05-17 00:00:00+00:00,0.9985,1.0,0.9405,0.958,0.958,128938000,0.958,-0.023214867665540508,-0.023214867665540508
2002-05-20 00:00:00+00:00,0.94,0.974,0.9385,0.9695,0.9695,169216000,0.9695,0.011932696711846076,0.011932696711846076
2002-05-21 00:00:00+00:00,0.977,0.99,0.9275,0.938,0.938,155270000,0.938,-0.03303052567648195,-0.03303052567648195
2002-05-22 00:00:00+00:00,0.9335,0.9565,0.911,0.9375,0.9375,101504000,0.9375,-0.000533191161658724,-0.000533191161658724
2002-05-23 00:00:00+00:00,0.942,0.9775,0.9305,0.9725,0.9725,112964000,0.9725,0.03665331764803558,0.03665331764803558
2002-05-24 00:00:00+00:00,0.97,0.9845,0.953,0.9735,0.9735,85006000,0.9735,0.0010277493196530732,0.0010277493196530732
2002-05-28 00:00:00+00:00,0.9785,0.9805,0.9385,0.953,0.953,79066000,0.953,-0.021282921158052356,-0.021282921158052356
2002-05-29 00:00:00+00:00,0.941,0.955,0.94,0.9455,0.9455,72282000,0.9455,-0.007901015555689825,-0.007901015555689825
2002-05-30 00:00:00+00:00,0.935,0.947,0.904,0.9185,0.9185,148642000,0.9185,-0.028971983443331916,-0.028971983443331916
2002-05-31 00:00:00+00:00,0.925,0.9445,0.91,0.9115,0.9115,101628000,0.9115,-0.007650310536462644,-0.007650310536462644
2002-06-03 00:00:00+00:00,0.9155,0.925,0.8965,0.898,0.898,74328000,0.898,-0.014921525816518075,-0.014921525816518075
2002-06-04 00:00:00+00:00,0.89,0.907,0.8735,0.8985,0.8985,136994000,0.8985,0.0005566379214141182,0.0005566379214141182
2002-06-05 00:00:00+00:00,0.899,0.909,0.8725,0.8995,0.8995,87450000,0.8995,0.0011123471669739848,0.0011123471669739848
2002-06-06 00:00:00+00:00,0.8945,0.9205,0.888,0.9085,0.9085,105000000,0.9085,0.009955834445638046,0.009955834445638046
2002-06-07 00:00:00+00:00,0.8945,0.9325,0.8925,0.929,0.929,107160000,0.929,0.02231385097761278,0.02231385097761278
2002-06-10 00:00:00+00:00,0.895,0.906,0.851,0.865,0.865,221648000,0.865,-0.07137923188195924,-0.07137923188195924
2002-06-11 00:00:00+00:00,0.8655,0.8895,0.856,0.857,0.857,110416000,0.857,-0.009291588334099527,-0.009291588334099527
2002-06-12 00:00:00+00:00,0.8525,0.8575,0.813,0.854,0.854,146624000,0.854,-0.003506724809209966,-0.003506724809209966
2002-06-13 00:00:00+00:00,0.85,0.875,0.837,0.8715,0.8715,97858000,0.8715,0.02028467117150593,0.02028467117150593
2002-06-14 00:00:00+00:00,0.857,0.87,0.813,0.841,0.841,159464000,0.841,-0.03562420498712769,-0.03562420498712769
2002-06-17 00:00:00+00:00,0.8475,0.924,0.843,0.9205,0.9205,181032000,0.9205,0.09032534070018461,0.09032534070018461
2002-06-18 00:00:00+00:00,0.9065,0.958,0.9045,0.939,0.939,159242000,0.939,0.01989847853513039,0.01989847853513039
2002-06-19 00:00:00+00:00,0.9245,0.955,0.9135,0.915,0.915,148406000,0.915,-0.02589141393274148,-0.02589141393274148
2002-06-20 00:00:00+00:00,0.916,0.919,0.867,0.8775,0.8775,173940000,0.8775,-0.04184710993550049,-0.04184710993550049
2002-06-21 00:00:00+00:00,0.88,0.8895,0.867,0.8765,0.8765,103536000,0.8765,-0.0011402509787316452,-0.0011402509787316452
2002-06-24 00:00:00+00:00,0.8715,0.889,0.847,0.8755,0.8755,119136000,0.8755,-0.0011415526353826184,-0.0011415526353826184
2002-06-25 00:00:00+00:00,0.8445,0.8475,0.752,0.767,0.767,306080000,0.767,-0.13230835035865024,-0.13230835035865024
2002-06-26 00:00:00+00:00,0.7345,0.7965,0.734,0.7925,0.7925,165444000,0.7925,0.032705704384179475,0.032705704384179475
2002-06-27 00:00:00+00:00,0.8055,0.8235,0.765,0.793,0.793,123840000,0.793,0.0006307158834123459,0.0006307158834123459
2002-06-28 00:00:00+00:00,0.7845,0.818,0.77,0.8125,0.8125,124758000,0.8125,0.024292692569044483,0.024292692569044483
2002-07-01 00:00:00+00:00,0.8085,0.8085,0.676,0.6775,0.6775,270730000,0.6775,-0.18170636145003666,-0.18170636145003666
2002-07-02 00:00:00+00:00,0.68,0.708,0.65,0.666,0.666,173398000,0.666,-0.01711988221346671,-0.01711988221346671
2002-07-03 00:00:00+00:00,0.669,0.723,0.6445,0.7125,0.7125,154074000,0.7125,0.06749024160241651,0.06749024160241651
2002-07-05 00:00:00+00:00,0.7195,0.7615,0.7185,0.7605,0.7605,67338000,0.7605,0.0651961995565419,0.0651961995565419
2002-07-08 00:00:00+00:00,0.7475,0.7925,0.734,0.747,0.747,117800000,0.747,-0.01791092656653022,-0.01791092656653022
2002-07-09 00:00:00+00:00,0.7525,0.8015,0.749,0.78,0.78,150572000,0.78,0.043228734550820214,0.043228734550820214
2002-07-10 00:00:00+00:00,0.7825,0.797,0.7325,0.748,0.748,135224000,0.748,-0.04189094170916026,-0.04189094170916026
2002-07-11 00:00:00+00:00,0.733,0.792,0.7,0.7775,0.7775,146342000,0.7775,0.03868066607891184,0.03868066607891184
2002-07-12 00:00:00+00:00,0.7875,0.8095,0.7625,0.7715,0.7715,140000000,0.7715,-0.007746972250173726,-0.007746972250173726
2002-07-15 00:00:00+00:00,0.7735,0.799,0.75,0.797,0.797,120522000,0.797,0.032518006986999505,0.032518006986999505
2002-07-16 00:00:00+00:00,0.7845,0.8535,0.783,0.8145,0.8145,215814000,0.8145,0.021719749251884763,0.021719749251884763
2002-07-17 00:00:00+00:00,0.842,0.858,0.766,0.808,0.808,146442000,0.808,-0.00801236952100442,-0.00801236952100442
2002-07-18 00:00:00+00:00,0.796,0.8295,0.7765,0.7775,0.7775,137134000,0.7775,-0.03847841446770627,-0.03847841446770627
2002-07-19 00:00:00+00:00,0.768,0.7855,0.7535,0.7645,0.7645,122116000,0.7645,-0.016861618684272217,-0.016861618684272217
2002-07-22 00:00:00+00:00,0.7575,0.7825,0.75,0.775,0.775,186658000,0.775,0.013641003984230038,0.013641003984230038
2002-07-23 00:00:00+00:00,0.777,0.794,0.72,0.7275,0.7275,225828000,0.7275,-0.0632490303076994,-0.0632490303076994
2002-07-24 00:00:00+00:00,0.6185,0.708,0.613,0.705,0.705,395326000,0.705,-0.03141619623337904,-0.03141619623337904
2002-07-25 00:00:00+00:00,0.6855,0.7005,0.62,0.6245,0.6245,187204000,0.6245,-0.12124647324663616,-0.12124647324663616
2002-07-26 00:00:00+00:00,0.636,0.6555,0.625,0.6465,0.6465,111134000,0.6465,0.034621868646279745,0.034621868646279745
2002-07-29 00:00:00+00:00,0.6625,0.723,0.6615,0.7165,0.7165,140990000,0.7165,0.10280504905631455,0.10280504905631455
2002-07-30 00:00:00+00:00,0.7095,0.745,0.704,0.7385,0.7385,111178000,0.7385,0.030242854703208033,0.030242854703208033
2002-07-31 00:00:00+00:00,0.7225,0.733,0.707,0.7225,0.7225,76020000,0.7225,-0.021903681984847333,-0.021903681984847333
2002-08-01 00:00:00+00:00,0.7155,0.725,0.6995,0.708,0.708,121336000,0.708,-0.02027332629286755,-0.02027332629286755
2002-08-02 00:00:00+00:00,0.7065,0.707,0.6725,0.692,0.692,83572000,0.692,-0.022858138076050208,-0.022858138076050208
2002-08-05 00:00:00+00:00,0.6825,0.6895,0.639,0.6435,0.6435,77146000,0.6435,-0.07266392858148815,-0.07266392858148815
2002-08-06 00:00:00+00:00,0.6635,0.695,0.657,0.687,0.687,94038000,0.687,0.06541226518616802,0.06541226518616802
2002-08-07 00:00:00+00:00,0.6965,0.697,0.6425,0.68,0.68,111114000,0.68,-0.010241494052197018,-0.010241494052197018
2002-08-08 00:00:00+00:00,0.662,0.705,0.653,0.695,0.695,109416000,0.695,0.021819047394639673,0.021819047394639673
2002-08-09 00:00:00+00:00,0.6805,0.7375,0.68,0.713,0.713,95558000,0.713,0.025569574849503823,0.025569574849503823
2002-08-12 00:00:00+00:00,0.707,0.7245,0.6975,0.723,0.723,70066000,0.723,0.013927801744468804,0.013927801744468804
2002-08-13 00:00:00+00:00,0.715,0.7335,0.695,0.6965,0.6965,104688000,0.6965,-0.03734142893890428,-0.03734142893890428
2002-08-14 00:00:00+00:00,0.6965,0.703,0.666,0.6955,0.6955,138704000,0.6955,-0.0014367818563627496,-0.0014367818563627496
2002-08-15 00:00:00+00:00,0.7025,0.7375,0.696,0.731,0.731,100932000,0.731,0.0497824483862809,0.0497824483862809
2002-08-16 00:00:00+00:00,0.7195,0.7505,0.7155,0.745,0.745,73042000,0.745,0.01897075862978093,0.01897075862978093
2002-08-19 00:00:00+00:00,0.742,0.776,0.7335,0.775,0.775,85542000,0.775,0.03947881097378742,0.03947881097378742
2002-08-20 00:00:00+00:00,0.769,0.7995,0.7655,0.799,0.799,154026000,0.799,0.030497916412927706,0.030497916412927706
2002-08-21 00:00:00+00:00,0.7975,0.7985,0.76,0.769,0.769,145684000,0.769,-0.038269976260630674,-0.038269976260630674
2002-08-22 00:00:00+00:00,0.7665,0.7975,0.746,0.7865,0.7865,137082000,0.7865,0.022501752992688542,0.022501752992688542
2002-08-23 00:00:00+00:00,0.78,0.786,0.7475,0.7585,0.7585,100776000,0.7585,-0.03624992370974567,-0.03624992370974567
2002-08-26 00:00:00+00:00,0.7645,0.772,0.734,0.7465,0.7465,128192000,0.7465,-0.01594718180934174,-0.01594718180934174
2002-08-27 00:00:00+00:00,0.752,0.7635,0.725,0.726,0.726,71578000,0.726,-0.027845602154449138,-0.027845602154449138
2002-08-28 00:00:00+00:00,0.724,0.7485,0.7175,0.7285,0.7285,99710000,0.7285,0.003437610810463552,0.003437610810463552
2002-08-29 00:00:00+00:00,0.7215,0.7595,0.7105,0.757,0.757,135836000,0.757,0.03837562780218928,0.03837562780218928
2002-08-30 00:00:00+00:00,0.7455,0.769,0.7375,0.747,0.747,68794000,0.747,-0.013298068304631488,-0.013298068304631488
2002-09-03 00:00:00+00:00,0.7355,0.7515,0.7245,0.73,0.73,93604000,0.73,-0.023020650990380555,-0.023020650990380555
2002-09-04 00:00:00+00:00,0.733,0.748,0.713,0.7415,0.7415,88608000,0.7415,0.0156306274355501,0.0156306274355501
2002-09-05 00:00:00+00:00,0.729,0.736,0.712,0.7125,0.7125,106404000,0.7125,-0.039895249435181274,-0.039895249435181274
2002-09-06 00:00:00+00:00,0.728,0.774,0.728,0.7655,0.7655,99906000,0.7655,0.07174930295493281,0.07174930295493281
2002-09-09 00:00:00+00:00,0.756,0.8325,0.753,0.8255,0.8255,176450000,0.8255,0.07546004826244439,0.07546004826244439
2002-09-10 00:00:00+00:00,0.8265,0.8675,0.821,0.8565,0.8565,224976000,0.8565,0.03686505440399192,0.03686505440399192
2002-09-11 00:00:00+00:00,0.8575,0.8925,0.852,0.8555,0.8555,133264000,0.8555,-0.0011682244319264163,-0.0011682244319264163
2002-09-12 00:00:00+00:00,0.8415,0.8565,0.8305,0.8375,0.8375,141302000,0.8375,-0.02126482963302674,-0.02126482963302674
2002-09-13 00:00:00+00:00,0.8345,0.8495,0.825,0.8305,0.8305,73098000,0.8305,-0.008393334645871933,-0.008393334645871933
2002-09-16 00:00:00+00:00,0.8255,0.8465,0.8225,0.8355,0.8355,59250000,0.8355,0.0060024189820989116,0.0060024189820989116
2002-09-17 00:00:00+00:00,0.85,0.8875,0.8385,0.8675,0.8675,172424000,0.8675,0.03758516378556582,0.03758516378556582
2002-09-18 00:00:00+00:00,0.861,0.8965,0.8475,0.8865,0.8865,167820000,0.8865,0.021665613693248265,0.021665613693248265
2002-09-19 00:00:00+00:00,0.87,0.882,0.8585,0.8605,0.8605,96822000,0.8605,-0.02976750986266832,-0.02976750986266832
2002-09-20 00:00:00+00:00,0.8725,0.882,0.7725,0.793,0.793,252112000,0.793,-0.08169039401674617,-0.08169039401674617
2002-09-23 00:00:00+00:00,0.78,0.822,0.7795,0.8025,0.8025,148090000,0.8025,0.011908633369322949,0.011908633369322949
2002-09-24 00:00:00+00:00,0.7935,0.8185,0.78,0.7965,0.7965,141458000,0.7965,-0.007504725654067693,-0.007504725654067693
2002-09-25 00:00:00+00:00,0.8085,0.8195,0.7645,0.7865,0.7865,186780000,0.7865,-0.01263440685177072,-0.01263440685177072
2002-09-26 00:00:00+00:00,0.7965,0.8675,0.7855,0.8575,0.8575,232700000,0.8575,0.08642845654176255,0.08642845654176255
2002-09-27 00:00:00+00:00,0.8425,0.87,0.841,0.8505,0.8505,140674000,0.8505,-0.008196767204178515,-0.008196767204178515
2002-09-30 00:00:00+00:00,0.832,0.8425,0.7925,0.7965,0.7965,184798000,0.7965,-0.06559728248581335,-0.06559728248581335
2002-10-01 00:00:00+00:00,0.8115,0.853,0.8005,0.8475,0.8475,184346000,0.8475,0.062063709904502114,0.062063709904502114
2002-10-02 00:00:00+00:00,0.8405,0.882,0.835,0.8505,0.8505,164472000,0.8505,0.0035335725813110445,0.0035335725813110445
2002-10-03 00:00:00+00:00,0.8395,0.8625,0.833,0.8375,0.8375,127082000,0.8375,-0.015403148136694914,-0.015403148136694914
2002-10-04 00:00:00+00:00,0.8475,0.8575,0.819,0.8275,0.8275,152988000,0.8275,-0.012012156448003545,-0.012012156448003545
2002-10-07 00:00:00+00:00,0.8275,0.848,0.8185,0.832,0.832,114962000,0.832,0.0054233335699905155,0.0054233335699905155
2002-10-08 00:00:00+00:00,0.844,0.853,0.823,0.847,0.847,121960000,0.847,0.0178682538308459,0.0178682538308459
2002-10-09 00:00:00+00:00,0.835,0.8565,0.83,0.843,0.843,121670000,0.843,-0.004733736650198969,-0.004733736650198969
2002-10-10 00:00:00+00:00,0.858,0.8985,0.8575,0.898,0.898,210572000,0.898,0.06320311030034426,0.06320311030034426
2002-10-11 00:00:00+00:00,0.909,0.937,0.905,0.923,0.923,192570000,0.923,0.027459166200652505,0.027459166200652505
2002-10-14 00:00:00+00:00,0.909,0.9615,0.9085,0.96,0.96,197448000,0.96,0.0393040499590297,0.0393040499590297
2002-10-15 00:00:00+00:00,0.992,1.007,0.9325,0.947,0.947,280184000,0.947,-0.013634191275803686,-0.013634191275803686
2002-10-16 00:00:00+00:00,0.9135,0.983,0.9125,0.9745,0.9745,174842000,0.9745,0.028625425761537353,0.028625425761537353
2002-10-17 00:00:00+00:00,1.005,1.011,0.9215,0.937,0.937,283618000,0.937,-0.03924123670919334,-0.03924123670919334
2002-10-18 00:00:00+00:00,0.924,0.9645,0.918,0.952,0.952,131366000,0.952,0.01588175255294297,0.01588175255294297
2002-10-21 00:00:00+00:00,0.9445,0.9765,0.936,0.963,0.963,135154000,0.963,0.011488377006760201,0.011488377006760201
2002-10-22 00:00:00+00:00,0.9505,0.9955,0.945,0.969,0.969,172914000,0.969,0.0062112000926406764,0.0062112000926406764
2002-10-23 00:00:00+00:00,0.976,0.991,0.9685,0.9875,0.9875,132962000,0.9875,0.018911884884510774,0.018911884884510774
2002-10-24 00:00:00+00:00,0.9975,1.013,0.99,0.993,0.993,258598000,0.993,0.005554167269895644,0.005554167269895644
2002-10-25 00:00:00+00:00,0.942,0.968,0.924,0.965,0.965,318000000,0.965,-0.02860256270618669,-0.02860256270618669
2002-10-28 00:00:00+00:00,0.964,0.9865,0.92,0.9295,0.9295,175996000,0.9295,-0.03748129417748715,-0.03748129417748715
2002-10-29 00:00:00+00:00,0.9255,0.946,0.9035,0.9285,0.9285,144840000,0.9285,-0.0010764263687381775,-0.0010764263687381775
2002-10-30 00:00:00+00:00,0.9425,0.961,0.9235,0.954,0.954,137776000,0.954,0.027093290655526018,0.027093290655526018
2002-10-31 00:00:00+00:00,0.9515,0.974,0.9425,0.968,0.968,136452000,0.968,0.014568415828290413,0.014568415828290413
2002-11-01 00:00:00+00:00,0.961,0.995,0.9545,0.99,0.99,110988000,0.99,0.022472855852058576,0.022472855852058576
2002-11-04 00:00:00+00:00,0.9695,0.9905,0.9295,0.939,0.939,259270000,0.939,-0.0528894639203727,-0.0528894639203727
2002-11-05 00:00:00+00:00,0.9315,0.9435,0.91,0.936,0.936,158848000,0.936,-0.003200002730670791,-0.003200002730670791
2002-11-06 00:00:00+00:00,0.9385,0.9695,0.913,0.967,0.967,159468000,0.967,0.03258301897570216,0.03258301897570216
2002-11-07 00:00:00+00:00,0.9425,0.965,0.9385,0.956,0.956,128394000,0.956,-0.011440582401893055,-0.011440582401893055
2002-11-08 00:00:00+00:00,0.952,0.983,0.9405,0.9755,0.9755,140642000,0.9755,0.02019224701176462,0.02019224701176462
2002-11-11 00:00:00+00:00,0.97,0.9775,0.94,0.95,0.95,114992000,0.95,-0.02648817546857942,-0.02648817546857942
2002-11-12 00:00:00+00:00,0.9505,0.9995,0.9505,0.991,0.991,209244000,0.991,0.04225254973540143,0.04225254973540143
2002-11-13 00:00:00+00:00,0.9805,1.05,0.9805,1.0205,1.0205,364124000,1.0205,0.02933344791991136,0.02933344791991136
2002-11-14 00:00:00+00:00,1.0495,1.0745,1.0475,1.0605,1.0605,263546000,1.0605,0.03844779175483779,0.03844779175483779
2002-11-15 00:00:00+00:00,1.0575,1.1175,1.0545,1.1105,1.1105,245168000,1.1105,0.046069869329744995,0.046069869329744995
2002-11-18 00:00:00+00:00,1.1325,1.187,1.1075,1.121,1.121,506670000,1.121,0.00941077973767765,0.00941077973767765
2002-11-19 00:00:00+00:00,1.094,1.0945,1.0615,1.0645,1.0645,245178000,1.0645,-0.05171593873862576,-0.05171593873862576
2002-11-20 00:00:00+00:00,1.0675,1.15,1.061,1.145,1.145,265888000,1.145,0.07289943165480589,0.07289943165480589
2002-11-21 00:00:00+00:00,1.1665,1.1925,1.1605,1.17,1.17,225770000,1.17,0.02159911180346172,0.02159911180346172
2002-11-22 00:00:00+00:00,1.16,1.214,1.155,1.1995,1.1995,233732000,1.1995,0.02490105448794759,0.02490105448794759
2002-11-25 00:00:00+00:00,1.2015,1.225,1.191,1.2125,1.2125,201822000,1.2125,0.010779540531889013,0.010779540531889013
2002-11-26 00:00:00+00:00,1.201,1.21,1.169,1.17,1.17,128116000,1.17,-0.03568059501983645,-0.03568059501983645
2002-11-27 00:00:00+00:00,1.186,1.212,1.1855,1.204,1.204,113320000,1.204,0.02864559807696466,0.02864559807696466
2002-11-29 00:00:00+00:00,1.2075,1.219,1.1665,1.1675,1.1675,51546000,1.1675,-0.03078463632571396,-0.03078463632571396
2002-12-02 00:00:00+00:00,1.2075,1.25,1.2,1.2055,1.2055,223050000,1.2055,0.03202970807817339,0.03202970807817339
2002-12-03 00:00:00+00:00,1.1915,1.199,1.169,1.187,1.187,118022000,1.187,-0.01546530301155771,-0.01546530301155771
2002-12-04 00:00:00+00:00,1.174,1.19,1.148,1.1695,1.1695,157578000,1.1695,-0.014852808585434382,-0.014852808585434382
2002-12-05 00:00:00+00:00,1.183,1.184,1.11,1.129,1.129,212852000,1.129,-0.0352440218745717,-0.0352440218745717
2002-12-06 00:00:00+00:00,1.085,1.1345,1.0755,1.1305,1.1305,187870000,1.1305,0.0013277275683626672,0.0013277275683626672
2002-12-09 00:00:00+00:00,1.1115,1.1175,1.08,1.084,1.084,149094000,1.084,-0.04200210971843295,-0.04200210971843295
2002-12-10 00:00:00+00:00,1.098,1.0995,1.062,1.093,1.093,141874000,1.093,0.008268306176946875,0.008268306176946875
2002-12-11 00:00:00+00:00,1.0835,1.119,1.081,1.1065,1.1065,127746000,1.1065,0.012275671314565825,0.012275671314565825
2002-12-12 00:00:00+00:00,1.1235,1.131,1.0905,1.115,1.115,119550000,1.115,0.00765252440311476,0.00765252440311476
2002-12-13 00:00:00+00:00,1.0975,1.1175,1.0935,1.109,1.109,77184000,1.109,-0.005395696543852092,-0.005395696543852092
2002-12-16 00:00:00+00:00,1.1115,1.1265,1.102,1.1255,1.1255,98814000,1.1255,0.014768672996419834,0.014768672996419834
2002-12-17 00:00:00+00:00,1.1165,1.128,1.116,1.123,1.123,68390000,1.123,-0.0022237056083437606,-0.0022237056083437606
2002-12-18 00:00:00+00:00,1.1125,1.113,1.099,1.105,1.105,79856000,1.105,-0.016158340786590054,-0.016158340786590054
2002-12-19 00:00:00+00:00,1.0815,1.11,1.0765,1.0845,1.0845,116288000,1.0845,-0.018726283684924055,-0.018726283684924055
2002-12-20 00:00:00+00:00,1.0895,1.1005,1.08,1.0965,1.0965,98706000,1.0965,0.011004237591013778,0.011004237591013778
2002-12-23 00:00:00+00:00,1.089,1.1235,1.089,1.112,1.112,88490000,1.112,0.014036906952584785,0.014036906952584785
2002-12-24 00:00:00+00:00,1.109,1.114,1.094,1.094,1.094,46972000,1.094,-0.016319491828601183,-0.016319491828601183
2002-12-26 00:00:00+00:00,1.0795,1.08,1.0,1.015,1.015,283986000,1.015,-0.07495209150603895,-0.07495209150603895
2002-12-27 00:00:00+00:00,0.9985,1.005,0.9215,0.943,0.943,439456000,0.943,-0.07357760884243014,-0.07357760884243014
2002-12-30 00:00:00+00:00,0.9425,0.97,0.937,0.9625,0.9625,165694000,0.9625,0.02046778352848183,0.02046778352848183
2002-12-31 00:00:00+00:00,0.9625,0.978,0.9415,0.9445,0.9445,110740000,0.9445,-0.018878379220375007,-0.018878379220375007
2003-01-02 00:00:00+00:00,0.9595,0.984,0.9275,0.9785,0.9785,129680000,0.9785,0.03536509989456671,0.03536509989456671
2003-01-03 00:00:00+00:00,0.9795,1.0265,0.9705,1.026,1.026,175140000,1.026,0.0474022388945839,0.0474022388945839
2003-01-06 00:00:00+00:00,1.02,1.0585,1.015,1.035,1.035,153962000,1.035,0.008733679968754411,0.008733679968754411
2003-01-07 00:00:00+00:00,1.0415,1.0875,1.03,1.0775,1.0775,191364000,1.0775,0.04024211627843337,0.04024211627843337
2003-01-08 00:00:00+00:00,1.072,1.08,1.041,1.051,1.051,139630000,1.051,-0.024901451100951728,-0.024901451100951728
2003-01-09 00:00:00+00:00,1.054,1.085,1.045,1.0725,1.0725,123096000,1.0725,0.02025027992522104,0.02025027992522104
2003-01-10 00:00:00+00:00,1.048,1.083,1.0405,1.066,1.066,151586000,1.066,-0.006079046076382115,-0.006079046076382115
2003-01-13 00:00:00+00:00,1.0665,1.105,1.0625,1.102,1.102,142426000,1.102,0.03321338498707001,0.03321338498707001
2003-01-14 00:00:00+00:00,1.0925,1.138,1.083,1.137,1.137,140976000,1.137,0.031266504037676245,0.031266504037676245
2003-01-15 00:00:00+00:00,1.1295,1.1305,1.097,1.1135,1.1135,139788000,1.1135,-0.02088500705311374,-0.02088500705311374
2003-01-16 00:00:00+00:00,1.0845,1.105,1.0725,1.09,1.09,158232000,1.09,-0.021330511474232806,-0.021330511474232806
2003-01-17 00:00:00+00:00,1.073,1.0855,1.0615,1.07,1.07,115724000,1.07,-0.018519047767237527,-0.018519047767237527
2003-01-21 00:00:00+00:00,1.0625,1.0805,1.018,1.054,1.054,125862000,1.054,-0.015066198354644178,-0.015066198354644178
2003-01-22 00:00:00+00:00,1.0385,1.085,1.0375,1.0585,1.0585,133672000,1.0585,0.004260361473612103,0.004260361473612103
2003-01-23 00:00:00+00:00,1.077,1.102,1.0575,1.0895,1.0895,219960000,1.0895,0.02886606380975473,0.02886606380975473
2003-01-24 00:00:00+00:00,1.1295,1.164,1.095,1.1055,1.1055,433636000,1.1055,0.014578845912826396,0.014578845912826396
2003-01-27 00:00:00+00:00,1.084,1.1185,1.082,1.089,1.089,164140000,1.089,-0.015037877364540446,-0.015037877364540446
2003-01-28 00:00:00+00:00,1.0955,1.0985,1.0615,1.081,1.081,159368000,1.081,-0.007373305293752231,-0.007373305293752231
2003-01-29 00:00:00+00:00,1.0775,1.1175,1.07,1.104,1.104,141138000,1.104,0.02105340919783248,0.02105340919783248
2003-01-30 00:00:00+00:00,1.11,1.12,1.0865,1.091,1.091,119314000,1.091,-0.01184524100396991,-0.01184524100396991
2003-01-31 00:00:00+00:00,1.082,1.1135,1.078,1.0925,1.0925,125250000,1.0925,0.0013739411366744713,0.0013739411366744713
2003-02-03 00:00:00+00:00,1.097,1.122,1.091,1.108,1.108,103910000,1.108,0.01408794033748388,0.01408794033748388
2003-02-04 00:00:00+00:00,1.097,1.107,1.0785,1.1025,1.1025,96352000,1.1025,-0.0049762599862281315,-0.0049762599862281315
2003-02-05 00:00:00+00:00,1.109,1.125,1.1015,1.1085,1.1085,106862000,1.1085,0.005427421735365015,0.005427421735365015
2003-02-06 00:00:00+00:00,1.108,1.124,1.0965,1.1045,1.1045,80754000,1.1045,-0.003615006196194312,-0.003615006196194312
2003-02-07 00:00:00+00:00,1.105,1.1055,1.06,1.072,1.072,138858000,1.072,-0.029866681229424485,-0.029866681229424485
2003-02-10 00:00:00+00:00,1.07,1.0705,1.0285,1.07,1.07,161930000,1.07,-0.0018674141747954732,-0.0018674141747954732
2003-02-11 00:00:00+00:00,1.078,1.08,1.0345,1.039,1.039,133580000,1.039,-0.029399936356724592,-0.029399936356724592
2003-02-12 00:00:00+00:00,1.0395,1.06,1.033,1.0565,1.0565,108678000,1.0565,0.01670284595688399,0.01670284595688399
2003-02-13 00:00:00+00:00,1.0475,1.05,0.9805,1.003,1.003,231536000,1.003,-0.05196604909417599,-0.05196604909417599
2003-02-14 00:00:00+00:00,0.9995,1.0115,0.9855,1.003,1.003,132506000,1.003,0.0,0.0
2003-02-18 00:00:00+00:00,1.0075,1.0705,1.0075,1.0695,1.0695,157998000,1.0695,0.06419574056052489,0.06419574056052489
2003-02-19 00:00:00+00:00,1.0575,1.0625,1.051,1.0595,1.0595,109416000,1.0595,-0.009394150814106408,-0.009394150814106408
2003-02-20 00:00:00+00:00,1.0595,1.075,1.0545,1.068,1.068,83396000,1.068,0.007990641811786376,0.007990641811786376
2003-02-21 00:00:00+00:00,1.0675,1.0915,1.052,1.089,1.089,144156000,1.089,0.019472103412820314,0.019472103412820314
2003-02-24 00:00:00+00:00,1.082,1.109,1.082,1.089,1.089,138732000,1.089,0.0,0.0
2003-02-25 00:00:00+00:00,1.075,1.1,1.07,1.094,1.094,112480000,1.094,0.004580860048966053,0.004580860048966053
2003-02-26 00:00:00+00:00,1.0815,1.099,1.081,1.082,1.082,82426000,1.082,-0.011029523575499732,-0.011029523575499732
2003-02-27 00:00:00+00:00,1.083,1.0885,1.0125,1.081,1.081,101526000,1.081,-0.0009246417672186762,-0.0009246417672186762
2003-02-28 00:00:00+00:00,1.0785,1.101,1.0715,1.1005,1.1005,93742000,1.1005,0.017878083327308093,0.017878083327308093
2003-03-03 00:00:00+00:00,1.1075,1.1305,1.087,1.0905,1.0905,89606000,1.0905,-0.009128315324832605,-0.009128315324832605
2003-03-04 00:00:00+00:00,1.085,1.1175,1.068,1.1135,1.1135,108686000,1.1135,0.02087190105573854,0.02087190105573854
2003-03-05 00:00:00+00:00,1.104,1.131,1.101,1.121,1.121,103208000,1.121,0.006712936374737639,0.006712936374737639
2003-03-06 00:00:00+00:00,1.116,1.1425,1.106,1.1345,1.1345,108548000,1.1345,0.011970881147736638,0.011970881147736638
2003-03-07 00:00:00+00:00,1.116,1.152,1.113,1.1485,1.1485,116968000,1.1485,0.012264717909256572,0.012264717909256572
2003-03-10 00:00:00+00:00,1.13,1.148,1.1275,1.144,1.144,88120000,1.144,-0.003925850189409847,-0.003925850189409847
2003-03-11 00:00:00+00:00,1.1375,1.146,1.1255,1.139,1.139,80682000,1.139,-0.004380208492560962,-0.004380208492560962
2003-03-12 00:00:00+00:00,1.1255,1.169,1.1245,1.168,1.168,111462000,1.168,0.025142199940990186,0.025142199940990186
2003-03-13 00:00:00+00:00,1.184,1.2295,1.1565,1.221,1.221,224178000,1.221,0.04437731072253236,0.04437731072253236
2003-03-14 00:00:00+00:00,1.227,1.245,1.21,1.2355,1.2355,178156000,1.2355,0.011805551317960043,0.011805551317960043
2003-03-17 00:00:00+00:00,1.2235,1.342,1.22,1.3275,1.3275,302498000,1.3275,0.07182172768742903,0.07182172768742903
2003-03-18 00:00:00+00:00,1.323,1.342,1.305,1.339,1.339,174996000,1.339,0.008625592575078741,0.008625592575078741
2003-03-19 00:00:00+00:00,1.3165,1.3345,1.308,1.327,1.327,169620000,1.327,-0.009002311358964976,-0.009002311358964976
2003-03-20 00:00:00+00:00,1.317,1.3815,1.3065,1.3725,1.3725,187524000,1.3725,0.0337131390514782,0.0337131390514782
2003-03-21 00:00:00+00:00,1.3855,1.3975,1.352,1.3965,1.3965,213154000,1.3965,0.017335212001545686,0.017335212001545686
2003-03-24 00:00:00+00:00,1.354,1.363,1.31,1.3115,1.3115,206810000,1.3115,-0.06279758607830302,-0.06279758607830302
2003-03-25 00:00:00+00:00,1.3125,1.3545,1.3105,1.345,1.345,144264000,1.345,0.025222492729010948,0.025222492729010948
2003-03-26 00:00:00+00:00,1.344,1.3935,1.3355,1.388,1.388,147514000,1.388,0.03146984903081028,0.03146984903081028
2003-03-27 00:00:00+00:00,1.3795,1.402,1.3725,1.3885,1.3885,212842000,1.3885,0.0003601656801045171,0.0003601656801045171
2003-03-28 00:00:00+00:00,1.3795,1.3975,1.355,1.359,1.359,128740000,1.359,-0.021474892595710567,-0.021474892595710567
2003-03-31 00:00:00+00:00,1.3285,1.337,1.298,1.3015,1.3015,184296000,1.3015,-0.0432316897165236,-0.0432316897165236
2003-04-01 00:00:00+00:00,1.2775,1.2795,1.253,1.277,1.277,195480000,1.277,-0.019003868402080966,-0.019003868402080966
2003-04-02 00:00:00+00:00,1.299,1.324,1.292,1.319,1.319,132460000,1.319,0.032360296684775386,0.032360296684775386
2003-04-03 00:00:00+00:00,1.3255,1.3545,1.301,1.3325,1.3325,146488000,1.3325,0.010183003322685014,0.010183003322685014
2003-04-04 00:00:00+00:00,1.3355,1.3415,1.2975,1.311,1.311,121456000,1.311,-0.016266672276299864,-0.016266672276299864
2003-04-07 00:00:00+00:00,1.3605,1.378,1.3375,1.341,1.341,144608000,1.341,0.02262539951797861,0.02262539951797861
2003-04-08 00:00:00+00:00,1.3395,1.34,1.3225,1.326,1.326,108072000,1.326,-0.011248712535870653,-0.011248712535870653
2003-04-09 00:00:00+00:00,1.3175,1.3185,1.242,1.253,1.253,239178000,1.253,-0.05662621584973966,-0.05662621584973966
2003-04-10 00:00:00+00:00,1.2715,1.297,1.239,1.2835,1.2835,186224000,1.2835,0.024050045415127008,0.024050045415127008
2003-04-11 00:00:00+00:00,1.2925,1.312,1.271,1.2875,1.2875,137980000,1.2875,0.0031116322266961658,0.0031116322266961658
2003-04-14 00:00:00+00:00,1.24,1.2575,1.225,1.2525,1.2525,208342000,1.2525,-0.027560799578871472,-0.027560799578871472
2003-04-15 00:00:00+00:00,1.2445,1.2715,1.241,1.2565,1.2565,126828000,1.2565,0.003188524024627089,0.003188524024627089
2003-04-16 00:00:00+00:00,1.265,1.275,1.2065,1.219,1.219,185890000,1.219,-0.03029922750237524,-0.03029922750237524
2003-04-17 00:00:00+00:00,1.2235,1.2505,1.2175,1.2495,1.2495,135798000,1.2495,0.024712620793735537,0.024712620793735537
2003-04-21 00:00:00+00:00,1.2515,1.3085,1.245,1.2625,1.2625,142646000,1.2625,0.010350410874507688,0.010350410874507688
2003-04-22 00:00:00+00:00,1.2545,1.2845,1.241,1.279,1.279,137372000,1.279,0.012984640429327812,0.012984640429327812
2003-04-23 00:00:00+00:00,1.32,1.3275,1.268,1.2715,1.2715,177002000,1.2715,-0.0058812167166682715,-0.0058812167166682715
2003-04-24 00:00:00+00:00,1.27,1.336,1.2385,1.256,1.256,352066000,1.256,-0.012265237834030395,-0.012265237834030395
2003-04-25 00:00:00+00:00,1.4,1.45,1.391,1.4485,1.4485,799448000,1.4485,0.14259647018126095,0.14259647018126095
2003-04-28 00:00:00+00:00,1.432,1.4595,1.43,1.4555,1.4555,316020000,1.4555,0.004820945976272809,0.004820945976272809
2003-04-29 00:00:00+00:00,1.4455,1.452,1.4305,1.4445,1.4445,210528000,1.4445,-0.0075862432793880824,-0.0075862432793880824
2003-04-30 00:00:00+00:00,1.43,1.45,1.419,1.4345,1.4345,189000000,1.4345,-0.00694688448487036,-0.00694688448487036
2003-05-01 00:00:00+00:00,1.434,1.435,1.4075,1.433,1.433,153784000,1.433,-0.0010462075932476172,-0.0010462075932476172
2003-05-02 00:00:00+00:00,1.4315,1.4725,1.4275,1.4715,1.4715,197688000,1.4715,0.02651213984535569,0.02651213984535569
2003-05-05 00:00:00+00:00,1.4735,1.5025,1.4505,1.498,1.498,222726000,1.498,0.017848596403637274,0.017848596403637274
2003-05-06 00:00:00+00:00,1.4935,1.559,1.49,1.544,1.544,279248000,1.544,0.03024556650755662,0.03024556650755662
2003-05-07 00:00:00+00:00,1.533,1.543,1.5015,1.535,1.535,207036000,1.535,-0.005846070563424084,-0.005846070563424084
2003-05-08 00:00:00+00:00,1.518,1.538,1.511,1.5225,1.5225,170270000,1.5225,-0.008176660437245444,-0.008176660437245444
2003-05-09 00:00:00+00:00,1.523,1.5495,1.51,1.548,1.548,119634000,1.548,0.016610054565620338,0.016610054565620338
2003-05-12 00:00:00+00:00,1.5415,1.59,1.5335,1.585,1.585,144938000,1.585,0.02362063216170846,0.02362063216170846
2003-05-13 00:00:00+00:00,1.5775,1.6745,1.572,1.6475,1.6475,316890000,1.6475,0.038674580065281274,0.038674580065281274
2003-05-14 00:00:00+00:00,1.657,1.6595,1.622,1.63,1.63,159864000,1.63,-0.010678972575854255,-0.010678972575854255
2003-05-15 00:00:00+00:00,1.632,1.6375,1.61,1.6315,1.6315,103846000,1.6315,0.0009198222325674004,0.0009198222325674004
2003-05-16 00:00:00+00:00,1.6255,1.658,1.619,1.6525,1.6525,152882000,1.6525,0.012789455692466095,0.012789455692466095
2003-05-19 00:00:00+00:00,1.635,1.6485,1.57,1.578,1.578,195270000,1.578,-0.0461310703200218,-0.0461310703200218
2003-05-20 00:00:00+00:00,1.578,1.6065,1.5585,1.574,1.574,161324000,1.574,-0.002538072428471,-0.002538072428471
2003-05-21 00:00:00+00:00,1.567,1.592,1.558,1.5875,1.5875,104006000,1.5875,0.00854030178949816,0.00854030178949816
2003-05-22 00:00:00+00:00,1.5875,1.6645,1.5645,1.65,1.65,169798000,1.65,0.038614836127779516,0.038614836127779516
2003-05-23 00:00:00+00:00,1.6515,1.6525,1.6235,1.636,1.636,141264000,1.636,-0.008521049731933985,-0.008521049731933985
2003-05-27 00:00:00+00:00,1.6275,1.7515,1.6225,1.7425,1.7425,244508000,1.7425,0.06306662547198662,0.06306662547198662
2003-05-28 00:00:00+00:00,1.744,1.7865,1.7325,1.743,1.743,181062000,1.743,0.0002869028853421537,0.0002869028853421537
2003-05-29 00:00:00+00:00,1.7445,1.7985,1.735,1.7775,1.7775,186832000,1.7775,0.019600116157375107,0.019600116157375107
2003-05-30 00:00:00+00:00,1.7805,1.8045,1.75,1.7945,1.7945,203806000,1.7945,0.00951854891026587,0.00951854891026587
2003-06-02 00:00:00+00:00,1.825,1.834,1.7675,1.77,1.77,191054000,1.77,-0.013746885019787158,-0.013746885019787158
2003-06-03 00:00:00+00:00,1.7355,1.7655,1.734,1.7615,1.7615,201918000,1.7615,-0.004813827786582516,-0.004813827786582516
2003-06-04 00:00:00+00:00,1.75,1.78,1.735,1.7695,1.7695,186668000,1.7695,0.004531302004225751,0.004531302004225751
2003-06-05 00:00:00+00:00,1.758,1.792,1.7305,1.776,1.776,143874000,1.776,0.003666623766597281,0.003666623766597281
2003-06-06 00:00:00+00:00,1.802,1.813,1.6625,1.6675,1.6675,227618000,1.6675,-0.06303814576233666,-0.06303814576233666
2003-06-09 00:00:00+00:00,1.7235,1.7235,1.654,1.684,1.684,168768000,1.684,0.009846417012493235,0.009846417012493235
2003-06-10 00:00:00+00:00,1.701,1.719,1.6415,1.7035,1.7035,193272000,1.7035,0.01151304229874934,0.01151304229874934
2003-06-11 00:00:00+00:00,1.6985,1.7405,1.68,1.7325,1.7325,154928000,1.7325,0.016880493963036994,0.016880493963036994
2003-06-12 00:00:00+00:00,1.765,1.77,1.7355,1.76,1.76,140650000,1.76,0.015748356968139112,0.015748356968139112
2003-06-13 00:00:00+00:00,1.77,1.7725,1.7025,1.7065,1.7065,120236000,1.7065,-0.030869319685435846,-0.030869319685435846
2003-06-16 00:00:00+00:00,1.7285,1.7925,1.704,1.792,1.792,142558000,1.792,0.0488878251881141,0.0488878251881141
2003-06-17 00:00:00+00:00,1.7965,1.8185,1.7625,1.792,1.792,164998000,1.792,0.0,0.0
2003-06-18 00:00:00+00:00,1.775,1.862,1.7675,1.7925,1.7925,224136000,1.7925,0.00027897893889957965,0.00027897893889957965
2003-06-19 00:00:00+00:00,1.79,1.8375,1.769,1.775,1.775,119762000,1.775,-0.009810870564259335,-0.009810870564259335
2003-06-20 00:00:00+00:00,1.79,1.794,1.742,1.752,1.752,140250000,1.752,-0.013042430413179337,-0.013042430413179337
2003-06-23 00:00:00+00:00,1.774,1.793,1.7515,1.779,1.779,168146000,1.779,0.0152934161694984,0.0152934161694984
2003-06-24 00:00:00+00:00,1.7685,1.791,1.727,1.77,1.77,163544000,1.77,-0.005071862097960228,-0.005071862097960228
2003-06-25 00:00:00+00:00,1.765,1.8065,1.7575,1.7695,1.7695,133180000,1.7695,-0.0002825257823567692,-0.0002825257823567692
2003-06-26 00:00:00+00:00,1.7605,1.842,1.753,1.836,1.836,205848000,1.836,0.0368922713949176,0.0368922713949176
2003-06-27 00:00:00+00:00,1.8345,1.8545,1.809,1.815,1.815,135130000,1.815,-0.01150382448148469,-0.01150382448148469
2003-06-30 00:00:00+00:00,1.8315,1.841,1.801,1.816,1.816,102878000,1.816,0.0005508124622874325,0.0005508124622874325
2003-07-01 00:00:00+00:00,1.8165,1.8645,1.785,1.8625,1.8625,144856000,1.8625,0.025283391092475994,0.025283391092475994
2003-07-02 00:00:00+00:00,1.88,1.8945,1.857,1.8925,1.8925,121722000,1.8925,0.015979035057889193,0.015979035057889193
2003-07-03 00:00:00+00:00,1.851,1.908,1.851,1.896,1.896,76920000,1.896,0.0018476975033631818,0.0018476975033631818
2003-07-07 00:00:00+00:00,1.915,1.955,1.8975,1.9525,1.9525,133946000,1.9525,0.02936419889887382,0.02936419889887382
2003-07-08 00:00:00+00:00,1.938,2.0415,1.9375,2.0255,2.0255,242908000,2.0255,0.03670598092890421,0.03670598092890421
2003-07-09 00:00:00+00:00,2.027,2.0365,1.9935,2.025,2.025,156644000,2.025,-0.000246883102105844,-0.000246883102105844
2003-07-10 00:00:00+00:00,1.956,1.975,1.91,1.9125,1.9125,176512000,1.9125,-0.05715841383994852,-0.05715841383994852
2003-07-11 00:00:00+00:00,1.915,1.915,1.855,1.8825,1.8825,231198000,1.8825,-0.015810606026642315,-0.015810606026642315
2003-07-14 00:00:00+00:00,1.925,1.9805,1.912,1.9635,1.9635,173806000,1.9635,0.042127914344015714,0.042127914344015714
2003-07-15 00:00:00+00:00,1.9805,1.9805,1.881,1.9215,1.9215,117030000,1.9215,-0.021622464013165657,-0.021622464013165657
2003-07-16 00:00:00+00:00,1.926,1.926,1.866,1.884,1.884,112512000,1.884,-0.01970895486859028,-0.01970895486859028
2003-07-17 00:00:00+00:00,1.8575,1.865,1.802,1.816,1.816,152840000,1.816,-0.03676089597506964,-0.03676089597506964
2003-07-18 00:00:00+00:00,1.816,1.8425,1.7395,1.749,1.749,268058000,1.749,-0.03759208414263651,-0.03759208414263651
2003-07-21 00:00:00+00:00,1.7355,1.8,1.73,1.7665,1.7665,196514000,1.7665,0.009955991780597846,0.009955991780597846
2003-07-22 00:00:00+00:00,1.785,1.8,1.7,1.7435,1.7435,317936000,1.7435,-0.013105600683493972,-0.013105600683493972
2003-07-23 00:00:00+00:00,1.8875,2.0125,1.8675,2.0055,2.0055,643562000,2.0055,0.13999881909440173,0.13999881909440173
2003-07-24 00:00:00+00:00,2.0525,2.155,2.029,2.0655,2.0655,476560000,2.0655,0.029478921626711636,0.029478921626711636
2003-07-25 00:00:00+00:00,2.037,2.0825,1.9875,2.08,2.08,212952000,2.08,0.00699556585854434,0.00699556585854434
2003-07-28 00:00:00+00:00,2.0745,2.109,2.0435,2.104,2.104,149064000,2.104,0.011472401162236781,0.011472401162236781
2003-07-29 00:00:00+00:00,2.0995,2.125,2.053,2.0695,2.0695,156510000,2.0695,-0.016533262668813366,-0.016533262668813366
2003-07-30 00:00:00+00:00,2.0575,2.0635,2.0225,2.033,2.033,143326000,2.033,-0.017794497560440613,-0.017794497560440613
2003-07-31 00:00:00+00:00,2.0675,2.0985,2.0335,2.082,2.082,179414000,2.082,0.02381643554656757,0.02381643554656757
2003-08-01 00:00:00+00:00,2.0705,2.0815,1.989,2.0015,2.0015,176104000,2.0015,-0.0394320707422858,-0.0394320707422858
2003-08-04 00:00:00+00:00,1.985,2.0145,1.9475,1.9825,1.9825,141088000,1.9825,-0.009538224923625336,-0.009538224923625336
2003-08-05 00:00:00+00:00,1.962,1.9925,1.9315,1.9335,1.9335,136324000,1.9335,-0.02502684246165129,-0.02502684246165129
2003-08-06 00:00:00+00:00,1.931,1.9975,1.914,1.947,1.947,183852000,1.947,0.006957894324848039,0.006957894324848039
2003-08-07 00:00:00+00:00,1.95,1.967,1.9295,1.9505,1.9505,127910000,1.9505,0.0017960235745114832,0.0017960235745114832
2003-08-08 00:00:00+00:00,1.9565,1.97,1.9315,1.9575,1.9575,96218000,1.9575,0.0035823989182470857,0.0035823989182470857
2003-08-11 00:00:00+00:00,1.9495,1.952,1.9175,1.9465,1.9465,104782000,1.9465,-0.005635260814447825,-0.005635260814447825
2003-08-12 00:00:00+00:00,1.9475,1.998,1.9155,1.9925,1.9925,122570000,1.9925,0.023357243613859702,0.023357243613859702
2003-08-13 00:00:00+00:00,2.0125,2.0235,1.9855,2.0105,2.0105,143090000,2.0105,0.008993315672958547,0.008993315672958547
2003-08-14 00:00:00+00:00,1.996,2.0185,1.9825,2.015,2.015,97006000,2.015,0.0022357480434547217,0.0022357480434547217
2003-08-15 00:00:00+00:00,2.0115,2.019,1.9985,2.005,2.005,49730000,2.005,-0.004975134640113955,-0.004975134640113955
2003-08-18 00:00:00+00:00,2.024,2.162,2.019,2.151,2.151,223484000,2.151,0.07028878952706048,0.07028878952706048
2003-08-19 00:00:00+00:00,2.1725,2.2095,2.146,2.1785,2.1785,209786000,2.1785,0.01270371628976696,0.01270371628976696
2003-08-20 00:00:00+00:00,2.153,2.197,2.1505,2.188,2.188,134494000,2.188,0.004351317984375128,0.004351317984375128
2003-08-21 00:00:00+00:00,2.211,2.2955,2.1935,2.285,2.285,231850000,2.285,0.04337813978643316,0.04337813978643316
2003-08-22 00:00:00+00:00,2.318,2.3475,2.2405,2.261,2.261,209466000,2.261,-0.010558831050335248,-0.010558831050335248
2003-08-25 00:00:00+00:00,2.2425,2.308,2.2265,2.2925,2.2925,142070000,2.2925,0.013835731852650008,0.013835731852650008
2003-08-26 00:00:00+00:00,2.2825,2.307,2.2555,2.2965,2.2965,130848000,2.2965,0.0017432996352283322,0.0017432996352283322
2003-08-27 00:00:00+00:00,2.2885,2.3035,2.263,2.294,2.294,90788000,2.294,-0.0010892060765321106,-0.0010892060765321106
2003-08-28 00:00:00+00:00,2.297,2.3,2.2405,2.297,2.297,139750000,2.297,0.001306904999782202,0.001306904999782202
2003-08-29 00:00:00+00:00,2.291,2.322,2.286,2.316,2.316,123168000,2.316,0.008237636003787373,0.008237636003787373
2003-09-02 00:00:00+00:00,2.326,2.3725,2.3005,2.3665,2.3665,189188000,2.3665,0.021570510653416745,0.021570510653416745
2003-09-03 00:00:00+00:00,2.379,2.3875,2.293,2.3095,2.3095,213958000,2.3095,-0.024381019475642546,-0.024381019475642546
2003-09-04 00:00:00+00:00,2.31,2.3695,2.302,2.3645,2.3645,205100000,2.3645,0.023535532213270437,0.023535532213270437
2003-09-05 00:00:00+00:00,2.3475,2.374,2.305,2.326,2.326,162058000,2.326,-0.016416529005320684,-0.016416529005320684
2003-09-08 00:00:00+00:00,2.325,2.3675,2.303,2.364,2.364,148164000,2.364,0.016205045447378975,0.016205045447378975
2003-09-09 00:00:00+00:00,2.355,2.369,2.315,2.334,2.334,162016000,2.334,-0.012771565679487394,-0.012771565679487394
2003-09-10 00:00:00+00:00,2.313,2.3615,2.303,2.311,2.311,160058000,2.311,-0.009903202572120646,-0.009903202572120646
2003-09-11 00:00:00+00:00,2.31,2.3175,2.2385,2.2595,2.2595,232262000,2.2595,-0.022536781423046253,-0.022536781423046253
2003-09-12 00:00:00+00:00,2.2425,2.289,2.2365,2.284,2.284,135002000,2.284,0.010784741924566278,0.010784741924566278
2003-09-15 00:00:00+00:00,2.268,2.2885,2.2615,2.2755,2.2755,88540000,2.2755,-0.0037284833192040637,-0.0037284833192040637
2003-09-16 00:00:00+00:00,2.27,2.3125,2.2525,2.312,2.312,155104000,2.312,0.01591314233557139,0.01591314233557139
2003-09-17 00:00:00+00:00,2.3105,2.343,2.277,2.308,2.308,146682000,2.308,-0.001731602164277935,-0.001731602164277935
2003-09-18 00:00:00+00:00,2.308,2.412,2.297,2.3945,2.3945,180770000,2.3945,0.03679309215467395,0.03679309215467395
2003-09-19 00:00:00+00:00,2.3935,2.3985,2.3675,2.379,2.379,124990000,2.379,-0.006494209479706259,-0.006494209479706259
2003-09-22 00:00:00+00:00,2.328,2.3765,2.31,2.3735,2.3735,184800000,2.3735,-0.002314572311584976,-0.002314572311584976
2003-09-23 00:00:00+00:00,2.3705,2.546,2.3675,2.522,2.522,405918000,2.522,0.06068657853349199,0.06068657853349199
2003-09-24 00:00:00+00:00,2.5175,2.565,2.48,2.4805,2.4805,306604000,2.4805,-0.01659208478376111,-0.01659208478376111
2003-09-25 00:00:00+00:00,2.483,2.5475,2.464,2.5025,2.5025,220666000,2.5025,0.008830079448271995,0.008830079448271995
2003-09-26 00:00:00+00:00,2.495,2.523,2.415,2.428,2.428,268770000,2.428,-0.030222359009986807,-0.030222359009986807
2003-09-29 00:00:00+00:00,2.444,2.4985,2.42,2.493,2.493,180786000,2.493,0.026418931344168936,0.026418931344168936
2003-09-30 00:00:00+00:00,2.4825,2.488,2.4175,2.4215,2.4215,185292000,2.4215,-0.029099621680273968,-0.029099621680273968
2003-10-01 00:00:00+00:00,2.4185,2.464,2.3755,2.456,2.456,251276000,2.456,0.014146827423749214,0.014146827423749214
2003-10-02 00:00:00+00:00,2.447,2.51,2.434,2.5045,2.5045,164398000,2.5045,0.019555103530638555,0.019555103530638555
2003-10-03 00:00:00+00:00,2.5565,2.661,2.5515,2.6445,2.6445,283512000,2.6445,0.054392897708363044,0.054392897708363044
2003-10-06 00:00:00+00:00,2.6445,2.712,2.6295,2.7075,2.7075,155462000,2.7075,0.0235436883691111,0.0235436883691111
2003-10-07 00:00:00+00:00,2.7,2.8125,2.6975,2.7455,2.7455,405998000,2.7455,0.013937507843781458,0.013937507843781458
2003-10-08 00:00:00+00:00,2.772,2.814,2.756,2.785,2.785,271160000,2.785,0.014284665642457211,0.014284665642457211
2003-10-09 00:00:00+00:00,2.8705,2.955,2.87,2.893,2.893,432138000,2.893,0.038046152614750674,0.038046152614750674
2003-10-10 00:00:00+00:00,2.885,2.9165,2.872,2.903,2.903,228708000,2.903,0.003450659048494967,0.003450659048494967
2003-10-13 00:00:00+00:00,2.897,2.9345,2.872,2.915,2.915,166580000,2.915,0.004125134759962962,0.004125134759962962
2003-10-14 00:00:00+00:00,2.905,2.999,2.89,2.9955,2.9955,199732000,2.9955,0.02724134273938685,0.02724134273938685
2003-10-15 00:00:00+00:00,3.0195,3.0205,2.9215,2.9275,2.9275,204578000,2.9275,-0.022962346052107015,-0.022962346052107015
2003-10-16 00:00:00+00:00,2.908,2.9955,2.9045,2.9955,2.9955,204222000,2.9955,0.022962346052107035,0.022962346052107035
2003-10-17 00:00:00+00:00,2.965,2.995,2.9325,2.9845,2.9845,238658000,2.9845,-0.0036789339152749245,-0.0036789339152749245
2003-10-20 00:00:00+00:00,2.978,3.012,2.946,2.9795,2.9795,221722000,2.9795,-0.0016767274216710334,-0.0016767274216710334
2003-10-21 00:00:00+00:00,2.9865,3.0575,2.9505,2.9675,2.9675,342298000,2.9675,-0.0040356537032105065,-0.0040356537032105065
2003-10-22 00:00:00+00:00,2.8025,2.8075,2.6865,2.7015,2.7015,654038000,2.7015,-0.09391267319970267,-0.09391267319970267
2003-10-23 00:00:00+00:00,2.649,2.726,2.6455,2.716,2.716,292234000,2.716,0.005353035394466502,0.005353035394466502
2003-10-24 00:00:00+00:00,2.7275,2.747,2.65,2.7255,2.7255,208764000,2.7255,0.0034916878257485874,0.0034916878257485874
2003-10-27 00:00:00+00:00,2.745,2.7625,2.725,2.741,2.741,127838000,2.741,0.0056709197984503475,0.0056709197984503475
2003-10-28 00:00:00+00:00,2.7595,2.845,2.7275,2.8365,2.8365,184618000,2.8365,0.034248080463836046,0.034248080463836046
2003-10-29 00:00:00+00:00,2.8325,2.8575,2.8,2.8345,2.8345,175530000,2.8345,-0.0007053430022635762,-0.0007053430022635762
2003-10-30 00:00:00+00:00,2.87,2.876,2.7785,2.7915,2.7915,196508000,2.7915,-0.015286469013943189,-0.015286469013943189
2003-10-31 00:00:00+00:00,2.795,2.8065,2.719,2.7215,2.7215,154534000,2.7215,-0.02539588687616048,-0.02539588687616048
2003-11-03 00:00:00+00:00,2.74,2.84,2.7155,2.837,2.837,182622000,2.837,0.041563956934596816,0.041563956934596816
2003-11-04 00:00:00+00:00,2.835,2.8745,2.803,2.843,2.843,140190000,2.843,0.0021126768421484126,0.0021126768421484126
2003-11-05 00:00:00+00:00,2.8065,2.8495,2.804,2.837,2.837,106148000,2.837,-0.002112676842148408,-0.002112676842148408
2003-11-06 00:00:00+00:00,2.8405,2.8435,2.7375,2.7495,2.7495,175836000,2.7495,-0.031328078860982024,-0.031328078860982024
2003-11-07 00:00:00+00:00,2.7805,2.785,2.7,2.7155,2.7155,170008000,2.7155,-0.012442978472969362,-0.012442978472969362
2003-11-10 00:00:00+00:00,2.6975,2.7,2.587,2.599,2.599,182410000,2.599,-0.043849342833409674,-0.043849342833409674
2003-11-11 00:00:00+00:00,2.592,2.6375,2.538,2.6115,2.6115,218402000,2.6115,0.004798013234863109,0.004798013234863109
2003-11-12 00:00:00+00:00,2.6285,2.7145,2.6055,2.7065,2.7065,185186000,2.7065,0.03573151836067929,0.03573151836067929
2003-11-13 00:00:00+00:00,2.702,2.7565,2.6785,2.74,2.74,141460000,2.74,0.012301633145083283,0.012301633145083283
2003-11-14 00:00:00+00:00,2.7215,2.739,2.6105,2.6225,2.6225,167306000,2.6225,-0.043829859111663684,-0.043829859111663684
2003-11-17 00:00:00+00:00,2.596,2.6095,2.479,2.518,2.518,259938000,2.518,-0.04066312566615982,-0.04066312566615982
2003-11-18 00:00:00+00:00,2.5365,2.549,2.4225,2.425,2.425,252004000,2.425,-0.037633411232708885,-0.037633411232708885
2003-11-19 00:00:00+00:00,2.4355,2.4925,2.3835,2.4765,2.4765,281580000,2.4765,0.021014748656708878,0.021014748656708878
2003-11-20 00:00:00+00:00,2.455,2.523,2.417,2.4425,2.4425,246752000,2.4425,-0.01382416811135472,-0.01382416811135472
2003-11-21 00:00:00+00:00,2.45,2.46,2.388,2.429,2.429,183868000,2.429,-0.005542454914765391,-0.005542454914765391
2003-11-24 00:00:00+00:00,2.464,2.5725,2.4325,2.5665,2.5665,212630000,2.5665,0.05506345299818554,0.05506345299818554
2003-11-25 00:00:00+00:00,2.5675,2.665,2.5625,2.6235,2.6235,275426000,2.6235,0.021966201126408645,0.021966201126408645
2003-11-26 00:00:00+00:00,2.6415,2.677,2.5935,2.648,2.648,178154000,2.648,0.009295333930132429,0.009295333930132429
2003-11-28 00:00:00+00:00,2.642,2.703,2.6415,2.6985,2.6985,79660000,2.6985,0.018891425001798752,0.018891425001798752
2003-12-01 00:00:00+00:00,2.72,2.7375,2.6525,2.7325,2.7325,230456000,2.7325,0.012520877991996096,0.012520877991996096
2003-12-02 00:00:00+00:00,2.725,2.7375,2.6925,2.6965,2.6965,124758000,2.6965,-0.013262305273411908,-0.013262305273411908
2003-12-03 00:00:00+00:00,2.705,2.7125,2.568,2.5755,2.5755,231416000,2.5755,-0.04591094577164176,-0.04591094577164176
2003-12-04 00:00:00+00:00,2.5725,2.6215,2.5375,2.59,2.59,204324000,2.59,0.005614185687943607,0.005614185687943607
2003-12-05 00:00:00+00:00,2.56,2.635,2.56,2.578,2.578,150030000,2.578,-0.004643971194450705,-0.004643971194450705
2003-12-08 00:00:00+00:00,2.5775,2.61,2.506,2.554,2.554,167528000,2.554,-0.00935314690664815,-0.00935314690664815
2003-12-09 00:00:00+00:00,2.5585,2.5825,2.465,2.467,2.467,209210000,2.467,-0.03465792006312779,-0.03465792006312779
2003-12-10 00:00:00+00:00,2.4725,2.5085,2.4155,2.46,2.46,185092000,2.46,-0.0028414876029482774,-0.0028414876029482774
2003-12-11 00:00:00+00:00,2.463,2.5575,2.4595,2.54,2.54,188110000,2.54,0.032002731086173734,0.032002731086173734
2003-12-12 00:00:00+00:00,2.5495,2.5655,2.496,2.5495,2.5495,123812000,2.5495,0.003733180482628287,0.003733180482628287
2003-12-15 00:00:00+00:00,2.6025,2.6125,2.5025,2.5205,2.5205,193536000,2.5205,-0.011439966972524885,-0.011439966972524885
2003-12-16 00:00:00+00:00,2.48,2.49,2.4315,2.475,2.475,210996000,2.475,-0.018216898519894904,-0.018216898519894904
2003-12-17 00:00:00+00:00,2.4735,2.4805,2.35,2.379,2.379,277136000,2.379,-0.03956016469983303,-0.03956016469983303
2003-12-18 00:00:00+00:00,2.3805,2.4445,2.3725,2.4375,2.4375,215014000,2.4375,0.024292692569044483,0.024292692569044483
2003-12-19 00:00:00+00:00,2.44,2.4705,2.413,2.462,2.462,160918000,2.462,0.010001103872396666,0.010001103872396666
2003-12-22 00:00:00+00:00,2.449,2.505,2.435,2.4945,2.4945,155994000,2.4945,0.013114280556693232,0.013114280556693232
2003-12-23 00:00:00+00:00,2.501,2.631,2.4885,2.624,2.624,220080000,2.624,0.050611562762887655,0.050611562762887655
2003-12-24 00:00:00+00:00,2.615,2.694,2.6075,2.666,2.666,113196000,2.666,0.015879350674674195,0.015879350674674195
2003-12-26 00:00:00+00:00,2.707,2.747,2.657,2.6735,2.6735,141568000,2.6735,0.0028092536501323102,0.0028092536501323102
2003-12-29 00:00:00+00:00,2.6895,2.692,2.6065,2.6735,2.6735,161138000,2.6735,0.0,0.0
2003-12-30 00:00:00+00:00,2.659,2.675,2.63,2.6415,2.6415,103048000,2.6415,-0.012041537784415695,-0.012041537784415695
2003-12-31 00:00:00+00:00,2.641,2.674,2.62,2.631,2.631,106144000,2.631,-0.003982935564077905,-0.003982935564077905
2004-01-02 00:00:00+00:00,2.638,2.6565,2.5715,2.595,2.595,132798000,2.595,-0.013777485440303508,-0.013777485440303508
2004-01-05 00:00:00+00:00,2.6,2.68,2.5685,2.6635,2.6635,225682000,2.6635,0.026054530757064816,0.026054530757064816
2004-01-06 00:00:00+00:00,2.6555,2.675,2.637,2.6515,2.6515,119710000,2.6515,-0.004515529779869139,-0.004515529779869139
2004-01-07 00:00:00+00:00,2.609,2.633,2.547,2.595,2.595,184854000,2.595,-0.02153900097719562,-0.02153900097719562
2004-01-08 00:00:00+00:00,2.6045,2.605,2.5015,2.512,2.512,206406000,2.512,-0.032507268011899834,-0.032507268011899834
2004-01-09 00:00:00+00:00,2.4885,2.6075,2.455,2.5795,2.5795,255584000,2.5795,0.026516333096615212,0.026516333096615212
2004-01-12 00:00:00+00:00,2.5805,2.6515,2.54,2.6475,2.6475,189018000,2.6475,0.026020216790856962,0.026020216790856962
2004-01-13 00:00:00+00:00,2.6335,2.7495,2.6205,2.7455,2.7455,290446000,2.7455,0.03634740924336583,0.03634740924336583
2004-01-14 00:00:00+00:00,2.731,2.7995,2.7075,2.79,2.79,222682000,2.79,0.016078388096483993,0.016078388096483993
2004-01-15 00:00:00+00:00,2.7365,2.839,2.731,2.809,2.809,244346000,2.809,0.0067869522888324525,0.0067869522888324525
2004-01-16 00:00:00+00:00,2.8135,2.8185,2.7635,2.786,2.786,182284000,2.786,-0.008221672764492741,-0.008221672764492741
2004-01-20 00:00:00+00:00,2.7785,2.842,2.7705,2.8305,2.8305,154968000,2.8305,0.01584649913696356,0.01584649913696356
2004-01-21 00:00:00+00:00,2.808,2.847,2.782,2.81,2.81,135672000,2.81,-0.0072688911489230896,-0.0072688911489230896
2004-01-22 00:00:00+00:00,2.8405,2.891,2.812,2.859,2.859,213444000,2.859,0.017287429994520223,0.017287429994520223
2004-01-23 00:00:00+00:00,2.855,2.8805,2.831,2.8555,2.8555,120780000,2.8555,-0.0012249542173941403,-0.0012249542173941403
2004-01-26 00:00:00+00:00,2.84,2.86,2.815,2.8515,2.8515,111320000,2.8515,-0.0014017875083240107,-0.0014017875083240107
2004-01-27 00:00:00+00:00,2.8365,2.887,2.783,2.787,2.787,259282000,2.787,-0.022879423114645386,-0.022879423114645386
2004-01-28 00:00:00+00:00,2.682,2.7225,2.581,2.598,2.598,431626000,2.598,-0.07022383025140341,-0.07022383025140341
2004-01-29 00:00:00+00:00,2.602,2.603,2.43,2.461,2.461,449702000,2.461,-0.05417414683948904,-0.05417414683948904
2004-01-30 00:00:00+00:00,2.4745,2.5685,2.465,2.52,2.52,228090000,2.52,0.023691130114413116,0.023691130114413116
2004-02-02 00:00:00+00:00,2.5325,2.5325,2.3975,2.4135,2.4135,231778000,2.4135,-0.043180925404921355,-0.043180925404921355
2004-02-03 00:00:00+00:00,2.4095,2.414,2.226,2.247,2.247,541428000,2.247,-0.07148198291521846,-0.07148198291521846
2004-02-04 00:00:00+00:00,2.2405,2.2955,2.215,2.2695,2.2695,432014000,2.2695,0.00996354971119103,0.00996354971119103
2004-02-05 00:00:00+00:00,2.3015,2.3545,2.295,2.302,2.302,263790000,2.302,0.01421876738530783,0.01421876738530783
2004-02-06 00:00:00+00:00,2.3055,2.3365,2.2755,2.3175,2.3175,130162000,2.3175,0.00671070815818218,0.00671070815818218
2004-02-09 00:00:00+00:00,2.3375,2.34,2.285,2.293,2.293,122922000,2.293,-0.010628014582105614,-0.010628014582105614
2004-02-10 00:00:00+00:00,2.2925,2.3125,2.2755,2.2795,2.2795,98980000,2.2795,-0.005904883204408346,-0.005904883204408346
2004-02-11 00:00:00+00:00,2.293,2.368,2.277,2.357,2.357,157634000,2.357,0.03343350328263516,0.03343350328263516
2004-02-12 00:00:00+00:00,2.3465,2.405,2.3355,2.353,2.353,135144000,2.353,-0.0016985142087686442,-0.0016985142087686442
2004-02-13 00:00:00+00:00,2.3645,2.385,2.312,2.319,2.319,108634000,2.319,-0.014555051471830966,-0.014555051471830966
2004-02-17 00:00:00+00:00,2.307,2.3225,2.24,2.2765,2.2765,220764000,2.2765,-0.018496882480694823,-0.018496882480694823
2004-02-18 00:00:00+00:00,2.268,2.2685,2.232,2.2435,2.2435,159070000,2.2435,-0.014602029358798714,-0.014602029358798714
2004-02-19 00:00:00+00:00,2.2575,2.308,2.2325,2.2325,2.2325,148850000,2.2325,-0.004915112665383926,-0.004915112665383926
2004-02-20 00:00:00+00:00,2.24,2.269,2.2365,2.2585,2.2585,149506000,2.2585,0.01157884234400493,0.01157884234400493
2004-02-23 00:00:00+00:00,2.259,2.2625,2.1675,2.1985,2.1985,186838000,2.1985,-0.026925566473794054,-0.026925566473794054
2004-02-24 00:00:00+00:00,2.196,2.197,2.1115,2.116,2.116,221906000,2.116,-0.03824779564267485,-0.03824779564267485
2004-02-25 00:00:00+00:00,2.125,2.1645,2.125,2.147,2.147,143056000,2.147,0.014544004900590893,0.014544004900590893
2004-02-26 00:00:00+00:00,2.16,2.1925,2.15,2.1825,2.1825,119206000,2.1825,0.01639948983497647,0.01639948983497647
2004-02-27 00:00:00+00:00,2.1785,2.18,2.126,2.1505,2.1505,143272000,2.1505,-0.014770635489966323,-0.014770635489966323
2004-03-01 00:00:00+00:00,2.151,2.174,2.129,2.1485,2.1485,99190000,2.1485,-0.0009304490087412734,-0.0009304490087412734
2004-03-02 00:00:00+00:00,2.1365,2.1745,2.093,2.1005,2.1005,139332000,2.1005,-0.02259451260561306,-0.02259451260561306
2004-03-03 00:00:00+00:00,2.093,2.169,2.0825,2.1585,2.1585,192032000,2.1585,0.027238124386095654,0.027238124386095654
2004-03-04 00:00:00+00:00,2.156,2.2235,2.155,2.2195,2.2195,147602000,2.2195,0.027868409278557757,0.027868409278557757
2004-03-05 00:00:00+00:00,2.1895,2.2415,2.1765,2.2045,2.2045,128530000,2.2045,-0.0067812194760976195,-0.0067812194760976195
2004-03-08 00:00:00+00:00,2.198,2.253,2.1565,2.175,2.175,132170000,2.175,-0.013472061275207886,-0.013472061275207886
2004-03-09 00:00:00+00:00,2.171,2.1945,2.1135,2.1355,2.1355,131862000,2.1355,-0.0183278532412632,-0.0183278532412632
2004-03-10 00:00:00+00:00,2.136,2.16,2.073,2.0775,2.0775,138654000,2.0775,-0.0275355635519179,-0.0275355635519179
2004-03-11 00:00:00+00:00,2.0545,2.1185,2.052,2.064,2.064,140852000,2.064,-0.0065194001281498855,-0.0065194001281498855
2004-03-12 00:00:00+00:00,2.0675,2.1305,2.065,2.122,2.122,124476000,2.122,0.027713192572474926,0.027713192572474926
2004-03-15 00:00:00+00:00,2.113,2.14,2.046,2.054,2.054,132244000,2.054,-0.03256992868542492,-0.03256992868542492
2004-03-16 00:00:00+00:00,2.0645,2.118,2.063,2.1065,2.1065,124364000,2.1065,0.025238690930567867,0.025238690930567867
2004-03-17 00:00:00+00:00,2.152,2.1725,2.1295,2.14,2.14,102146000,2.14,0.01577802659682601,0.01577802659682601
2004-03-18 00:00:00+00:00,2.1265,2.16,2.1105,2.1505,2.1505,114486000,2.1505,0.004894544207893843,0.004894544207893843
2004-03-19 00:00:00+00:00,2.1515,2.1875,2.1315,2.14,2.14,115098000,2.14,-0.0048945442078937714,-0.0048945442078937714
2004-03-22 00:00:00+00:00,2.0875,2.0925,2.0255,2.0425,2.0425,179502000,2.0425,-0.04663128128173927,-0.04663128128173927
2004-03-23 00:00:00+00:00,2.066,2.087,1.9925,2.0115,2.0115,224514000,2.0115,-0.015293835344315061,-0.015293835344315061
2004-03-24 00:00:00+00:00,2.0155,2.019,1.9575,1.9815,1.9815,157518000,1.9815,-0.015026578759353133,-0.015026578759353133
2004-03-25 00:00:00+00:00,2.0,2.11,2.0,2.0995,2.0995,142254000,2.0995,0.05784508749375827,0.05784508749375827
2004-03-26 00:00:00+00:00,2.1005,2.1245,2.0645,2.085,2.085,114808000,2.085,-0.006930365891346078,-0.006930365891346078
2004-03-29 00:00:00+00:00,2.0985,2.14,2.0985,2.138,2.138,111220000,2.138,0.02510195735208869,0.02510195735208869
2004-03-30 00:00:00+00:00,2.1355,2.1965,2.128,2.19,2.19,109058000,2.19,0.024030731225555903,0.024030731225555903
2004-03-31 00:00:00+00:00,2.1925,2.2,2.1475,2.164,2.164,93498000,2.164,-0.01194318284417424,-0.01194318284417424
2004-04-01 00:00:00+00:00,2.1725,2.242,2.165,2.237,2.237,130170000,2.237,0.033177321523757394,0.033177321523757394
2004-04-02 00:00:00+00:00,2.3,2.3125,2.2625,2.3045,2.3045,162962000,2.3045,0.02972805067043339,0.02972805067043339
2004-04-05 00:00:00+00:00,2.2835,2.3545,2.2795,2.348,2.348,118782000,2.348,0.01870016878742402,0.01870016878742402
2004-04-06 00:00:00+00:00,2.3155,2.3485,2.2875,2.322,2.322,118326000,2.322,-0.011135018690150213,-0.011135018690150213
2004-04-07 00:00:00+00:00,2.31,2.34,2.2695,2.2925,2.2925,91012000,2.2925,-0.012785958127216966,-0.012785958127216966
2004-04-08 00:00:00+00:00,2.392,2.4075,2.35,2.405,2.405,177594000,2.405,0.04790697840924146,0.04790697840924146
2004-04-12 00:00:00+00:00,2.408,2.4185,2.3785,2.398,2.398,86918000,2.398,-0.0029148469524018345,-0.0029148469524018345
2004-04-13 00:00:00+00:00,2.3995,2.417,2.318,2.329,2.329,114488000,2.329,-0.029196065703118577,-0.029196065703118577
2004-04-14 00:00:00+00:00,2.304,2.383,2.299,2.3395,2.3395,122882000,2.3395,0.004498240421929869,0.004498240421929869
2004-04-15 00:00:00+00:00,2.349,2.38,2.3,2.3495,2.3495,112070000,2.3495,0.004265308236599309,0.004265308236599309
2004-04-16 00:00:00+00:00,2.3525,2.355,2.2665,2.275,2.275,167870000,2.275,-0.03222248715781963,-0.03222248715781963
2004-04-19 00:00:00+00:00,2.2675,2.3635,2.256,2.3555,2.3555,107050000,2.3555,0.03477296675504519,0.03477296675504519
2004-04-20 00:00:00+00:00,2.383,2.3905,2.259,2.26,2.26,187522000,2.26,-0.04138820587376443,-0.04138820587376443
2004-04-21 00:00:00+00:00,2.26,2.3245,2.2455,2.286,2.286,121084000,2.286,0.011438752088424575,0.011438752088424575
2004-04-22 00:00:00+00:00,2.2975,2.455,2.2945,2.443,2.443,315964000,2.443,0.06642322690298444,0.06642322690298444
2004-04-23 00:00:00+00:00,2.3,2.3445,2.2755,2.3145,2.3145,291988000,2.3145,-0.05403311078641537,-0.05403311078641537
2004-04-26 00:00:00+00:00,2.3165,2.388,2.3075,2.3625,2.3625,146284000,2.3625,0.02052669889657268,0.02052669889657268
2004-04-27 00:00:00+00:00,2.3795,2.44,2.3395,2.4,2.4,179674000,2.4,0.015748356968139112,0.015748356968139112
2004-04-28 00:00:00+00:00,2.381,2.4175,2.332,2.3485,2.3485,122552000,2.3485,-0.02169191086898711,-0.02169191086898711
2004-04-29 00:00:00+00:00,2.345,2.354,2.2755,2.3095,2.3095,180714000,2.3095,-0.01674577559638982,-0.01674577559638982
2004-04-30 00:00:00+00:00,2.303,2.3175,2.1655,2.18,2.18,196826000,2.18,-0.057706174087525285,-0.057706174087525285
2004-05-03 00:00:00+00:00,2.174,2.2575,2.1705,2.2205,2.2205,138468000,2.2205,0.018407518949022154,0.018407518949022154
2004-05-04 00:00:00+00:00,2.2205,2.2285,2.185,2.1975,2.1975,145778000,2.1975,-0.010412045172824982,-0.010412045172824982
2004-05-05 00:00:00+00:00,2.199,2.2525,2.1975,2.213,2.213,97810000,2.213,0.007028710491717685,0.007028710491717685
2004-05-06 00:00:00+00:00,2.1795,2.2125,2.1385,2.157,2.157,156368000,2.157,-0.02563069366189333,-0.02563069366189333
2004-05-07 00:00:00+00:00,2.148,2.209,2.084,2.095,2.095,185852000,2.095,-0.02916481403291816,-0.02916481403291816
2004-05-10 00:00:00+00:00,2.0615,2.1075,2.0285,2.063,2.063,204180000,2.063,-0.015392319284986335,-0.015392319284986335
2004-05-11 00:00:00+00:00,2.096,2.152,2.095,2.135,2.135,151912000,2.135,0.03430541259147286,0.03430541259147286
2004-05-12 00:00:00+00:00,2.117,2.1575,2.0625,2.151,2.151,149724000,2.151,0.007466203605005218,0.007466203605005218
2004-05-13 00:00:00+00:00,2.123,2.2065,2.1125,2.1805,2.1805,165224000,2.1805,0.013621358015091116,0.013621358015091116
2004-05-14 00:00:00+00:00,2.185,2.196,2.138,2.1525,2.1525,102532000,2.1525,-0.01292425098093529,-0.01292425098093529
2004-05-17 00:00:00+00:00,2.112,2.1295,2.085,2.104,2.104,132514000,2.104,-0.022789662444285288,-0.022789662444285288
2004-05-18 00:00:00+00:00,2.11,2.12,2.0915,2.0995,2.0995,112040000,2.0995,-0.002141073733352621,-0.002141073733352621
2004-05-19 00:00:00+00:00,2.119,2.1635,2.0735,2.0845,2.0845,147588000,2.0845,-0.007170202803396459,-0.007170202803396459
2004-05-20 00:00:00+00:00,2.0825,2.0985,2.04,2.049,2.049,118526000,2.049,-0.017177149081951816,-0.017177149081951816
2004-05-21 00:00:00+00:00,2.0635,2.074,2.0275,2.0585,2.0585,105458000,2.0585,0.0046256929710595815,0.0046256929710595815
2004-05-24 00:00:00+00:00,2.0645,2.115,2.0585,2.0815,2.0815,101478000,2.0815,0.011111225425070849,0.011111225425070849
2004-05-25 00:00:00+00:00,2.0875,2.193,2.0695,2.181,2.181,144440000,2.181,0.04669469956659884,0.04669469956659884
2004-05-26 00:00:00+00:00,2.193,2.25,2.1835,2.2345,2.2345,147952000,2.2345,0.02423400217187723,0.02423400217187723
2004-05-27 00:00:00+00:00,2.2635,2.3915,2.2425,2.381,2.381,283504000,2.381,0.06350307811335651,0.06350307811335651
2004-05-28 00:00:00+00:00,2.3635,2.434,2.344,2.425,2.425,212582000,2.425,0.018310956884720914,0.018310956884720914
2004-06-01 00:00:00+00:00,2.3935,2.5225,2.385,2.5115,2.5115,258806000,2.5115,0.03504865981851584,0.03504865981851584
2004-06-02 00:00:00+00:00,2.5245,2.5605,2.4885,2.5175,2.5175,249470000,2.5175,0.0023861614026181414,0.0023861614026181414
2004-06-03 00:00:00+00:00,2.4925,2.5175,2.466,2.47,2.47,166828000,2.47,-0.019048194970694474,-0.019048194970694474
2004-06-04 00:00:00+00:00,2.5025,2.5755,2.5,2.5475,2.5475,251712000,2.5475,0.030894335474856937,0.030894335474856937
2004-06-07 00:00:00+00:00,2.5845,2.5995,2.5325,2.588,2.588,153760000,2.588,0.01577289052391141,0.01577289052391141
2004-06-08 00:00:00+00:00,2.565,2.606,2.555,2.597,2.597,119894000,2.597,0.0034715560419572153,0.0034715560419572153
2004-06-09 00:00:00+00:00,2.581,2.5915,2.5005,2.512,2.512,131588000,2.512,-0.03327768407465916,-0.03327768407465916
2004-06-10 00:00:00+00:00,2.52,2.5235,2.463,2.497,2.497,144180000,2.497,-0.005989237308316116,-0.005989237308316116
2004-06-14 00:00:00+00:00,2.467,2.4995,2.452,2.4625,2.4625,103618000,2.4625,-0.013912917233529259,-0.013912917233529259
2004-06-15 00:00:00+00:00,2.4855,2.53,2.4745,2.5055,2.5055,138250000,2.5055,0.01731122135353535,0.01731122135353535
2004-06-16 00:00:00+00:00,2.5045,2.5375,2.4955,2.5285,2.5285,81952000,2.5285,0.009137926120258506,0.009137926120258506
2004-06-17 00:00:00+00:00,2.5255,2.5455,2.4705,2.4885,2.4885,117510000,2.4885,-0.01594612222142885,-0.01594612222142885
2004-06-18 00:00:00+00:00,2.472,2.514,2.47,2.48,2.48,88334000,2.48,-0.003421559139581105,-0.003421559139581105
2004-06-21 00:00:00+00:00,2.4725,2.515,2.4625,2.4885,2.4885,89806000,2.4885,0.003421559139581006,0.003421559139581006
2004-06-22 00:00:00+00:00,2.4835,2.4895,2.412,2.45,2.45,162410000,2.45,-0.015592094759836162,-0.015592094759836162
2004-06-23 00:00:00+00:00,2.4385,2.55,2.4175,2.5405,2.5405,151894000,2.5405,0.03627288749501402,0.03627288749501402
2004-06-24 00:00:00+00:00,2.55,2.597,2.5345,2.551,2.551,135202000,2.551,0.0041245271080248445,0.0041245271080248445
2004-06-25 00:00:00+00:00,2.5525,2.5965,2.5435,2.59,2.59,139962000,2.59,0.015172436551771936,0.015172436551771936
2004-06-28 00:00:00+00:00,2.619,2.702,2.61,2.6695,2.6695,230078000,2.6695,0.030233313246657564,0.030233313246657564
2004-06-29 00:00:00+00:00,2.661,2.697,2.6325,2.6855,2.6855,171788000,2.6855,0.005975741405273104,0.005975741405273104
2004-06-30 00:00:00+00:00,2.6805,2.735,2.671,2.72,2.72,137982000,2.72,0.012764949944528864,0.012764949944528864
2004-07-01 00:00:00+00:00,2.69,2.702,2.6025,2.628,2.628,144238000,2.628,-0.03440877968554186,-0.03440877968554186
2004-07-02 00:00:00+00:00,2.631,2.662,2.5915,2.6295,2.6295,97248000,2.6295,0.0005706134248978815,0.0005706134248978815
2004-07-06 00:00:00+00:00,2.6275,2.63,2.5245,2.562,2.562,123138000,2.562,-0.02600551057271945,-0.02600551057271945
2004-07-07 00:00:00+00:00,2.5395,2.6015,2.512,2.55,2.55,130312000,2.55,-0.004694844304207729,-0.004694844304207729
2004-07-08 00:00:00+00:00,2.4255,2.4985,2.4235,2.475,2.475,200678000,2.475,-0.029852963149681045,-0.029852963149681045
2004-07-09 00:00:00+00:00,2.4935,2.5,2.391,2.416,2.416,160670000,2.416,-0.024127115948085153,-0.024127115948085153
2004-07-12 00:00:00+00:00,2.411,2.4675,2.4015,2.4525,2.4525,141338000,2.4525,0.014994632384812596,0.014994632384812596
2004-07-13 00:00:00+00:00,2.4555,2.499,2.4435,2.48,2.48,98176000,2.48,0.011150647719509741,0.011150647719509741
2004-07-14 00:00:00+00:00,2.4475,2.52,2.4445,2.475,2.475,101312000,2.475,-0.0020181641562371246,-0.0020181641562371246
2004-07-15 00:00:00+00:00,2.4755,2.4835,2.406,2.4335,2.4335,104882000,2.4335,-0.01690984572928168,-0.01690984572928168
2004-07-16 00:00:00+00:00,2.4495,2.453,2.339,2.355,2.355,185738000,2.355,-0.03278982282299084,-0.03278982282299084
2004-07-19 00:00:00+00:00,2.363,2.363,2.2575,2.301,2.301,196942000,2.301,-0.023196916415152126,-0.023196916415152126
2004-07-20 00:00:00+00:00,2.307,2.3925,2.306,2.3495,2.3495,152526000,2.3495,0.020858728507504486,0.020858728507504486
2004-07-21 00:00:00+00:00,2.366,2.38,2.226,2.238,2.238,186730000,2.238,-0.04861992967099985,-0.04861992967099985
2004-07-22 00:00:00+00:00,2.1855,2.3035,2.182,2.291,2.291,327820000,2.291,0.02340579358162503,0.02340579358162503
2004-07-23 00:00:00+00:00,2.1235,2.138,1.978,1.999,1.999,718544000,1.999,-0.13634134795309533,-0.13634134795309533
2004-07-26 00:00:00+00:00,2.0115,2.012,1.9165,1.939,1.939,279448000,1.939,-0.030474679257748237,-0.030474679257748237
2004-07-27 00:00:00+00:00,1.96,1.9955,1.94,1.9555,1.9555,210698000,1.9555,0.008473538952917093,0.008473538952917093
2004-07-28 00:00:00+00:00,1.9645,1.9785,1.869,1.8985,1.8985,203672000,1.8985,-0.02958181452371178,-0.02958181452371178
2004-07-29 00:00:00+00:00,1.9155,1.948,1.901,1.929,1.929,164000000,1.929,0.015937633233872005,0.015937633233872005
2004-07-30 00:00:00+00:00,1.925,1.971,1.9115,1.946,1.946,120630000,1.946,0.008774249840221229,0.008774249840221229
2004-08-02 00:00:00+00:00,1.9225,1.938,1.8905,1.915,1.915,118244000,1.915,-0.016058361131204003,-0.016058361131204003
2004-08-03 00:00:00+00:00,1.916,1.954,1.8615,1.8805,1.8805,155712000,1.8805,-0.018179923704355252,-0.018179923704355252
2004-08-04 00:00:00+00:00,1.841,1.873,1.82,1.856,1.856,195312000,1.856,-0.013114064564245128,-0.013114064564245128
2004-08-05 00:00:00+00:00,1.8705,1.874,1.769,1.7805,1.7805,168048000,1.7805,-0.0415294106283135,-0.0415294106283135
2004-08-06 00:00:00+00:00,1.7625,1.8335,1.7425,1.7745,1.7745,230262000,1.7745,-0.003375530631281261,-0.003375530631281261
2004-08-09 00:00:00+00:00,1.767,1.815,1.7425,1.766,1.766,183344000,1.766,-0.004801590922645845,-0.004801590922645845
2004-08-10 00:00:00+00:00,1.7845,1.86,1.7775,1.855,1.855,201408000,1.855,0.049167593877630256,0.049167593877630256
2004-08-11 00:00:00+00:00,1.82,1.845,1.78,1.828,1.828,188962000,1.828,-0.01466222302744016,-0.01466222302744016
2004-08-12 00:00:00+00:00,1.8125,1.8675,1.8085,1.8145,1.8145,182362000,1.8145,-0.007412525360970294,-0.007412525360970294
2004-08-13 00:00:00+00:00,1.828,1.85,1.7935,1.8065,1.8065,99622000,1.8065,-0.004418676065430067,-0.004418676065430067
2004-08-16 00:00:00+00:00,1.807,1.92,1.799,1.8975,1.8975,163286000,1.8975,0.049145958682090006,0.049145958682090006
2004-08-17 00:00:00+00:00,1.9285,1.972,1.895,1.9115,1.9115,223260000,1.9115,0.007351043866682596,0.007351043866682596
2004-08-18 00:00:00+00:00,1.896,1.977,1.871,1.968,1.968,190996000,1.968,0.029129524475731285,0.029129524475731285
2004-08-19 00:00:00+00:00,2.013,2.024,1.8175,1.9315,1.9315,253922000,1.9315,-0.018720895505862745,-0.018720895505862745
2004-08-20 00:00:00+00:00,1.923,1.9955,1.9055,1.9755,1.9755,135816000,1.9755,0.02252462774510948,0.02252462774510948
2004-08-23 00:00:00+00:00,1.9945,2.0,1.9555,1.9725,1.9725,110652000,1.9725,-0.0015197571314161883,-0.0015197571314161883
2004-08-24 00:00:00+00:00,1.986,1.9965,1.916,1.9525,1.9525,152808000,1.9525,-0.010191171006188326,-0.010191171006188326
2004-08-25 00:00:00+00:00,1.953,2.0245,1.908,2.015,2.015,145096000,2.015,0.03150859266694248,0.03150859266694248
2004-08-26 00:00:00+00:00,2.009,2.0415,1.985,2.0095,2.0095,139434000,2.0095,-0.0027332604915275937,-0.0027332604915275937
2004-08-27 00:00:00+00:00,2.016,2.0195,1.98,1.995,1.995,84808000,1.995,-0.007241884565291969,-0.007241884565291969
2004-08-30 00:00:00+00:00,1.994,1.9975,1.9125,1.9155,1.9155,154230000,1.9155,-0.040665365183260256,-0.040665365183260256
2004-08-31 00:00:00+00:00,1.919,1.9425,1.893,1.907,1.907,122864000,1.907,-0.004447358540284585,-0.004447358540284585
2004-09-01 00:00:00+00:00,1.9115,1.9505,1.901,1.912,1.912,105050000,1.912,0.0026184880109275765,0.0026184880109275765
2004-09-02 00:00:00+00:00,1.902,1.982,1.8955,1.959,1.959,114446000,1.959,0.024284324333194336,0.024284324333194336
2004-09-03 00:00:00+00:00,1.9505,2.0005,1.932,1.937,1.937,104578000,1.937,-0.011293754537544895,-0.011293754537544895
2004-09-07 00:00:00+00:00,1.9575,1.968,1.9055,1.9255,1.9255,116660000,1.9255,-0.0059547101520323,-0.0059547101520323
2004-09-08 00:00:00+00:00,1.9245,1.9405,1.8855,1.9005,1.9005,132226000,1.9005,-0.01306866482566006,-0.01306866482566006
2004-09-09 00:00:00+00:00,1.912,1.9155,1.868,1.9035,1.9035,139134000,1.9035,0.0015772873932484467,0.0015772873932484467
2004-09-10 00:00:00+00:00,1.9065,1.94,1.895,1.9285,1.9285,92690000,1.9285,0.013048201825730604,0.013048201825730604
2004-09-13 00:00:00+00:00,1.9565,2.002,1.941,2.0005,2.0005,161304000,2.0005,0.03665465064900727,0.03665465064900727
2004-09-14 00:00:00+00:00,2.01,2.1375,1.995,2.1335,2.1335,317442000,2.1335,0.06436667433076504,0.06436667433076504
2004-09-15 00:00:00+00:00,2.1025,2.159,2.0935,2.1105,2.1105,222716000,2.1105,-0.010838937405501235,-0.010838937405501235
2004-09-16 00:00:00+00:00,2.1195,2.214,2.1175,2.1285,2.1285,231932000,2.1285,0.008492620045653597,0.008492620045653597
2004-09-17 00:00:00+00:00,2.1425,2.163,2.1195,2.148,2.148,157684000,2.148,0.009119670360548442,0.009119670360548442
2004-09-20 00:00:00+00:00,2.1355,2.1995,2.1305,2.1635,2.1635,184448000,2.1635,0.00719010403618409,0.00719010403618409
2004-09-21 00:00:00+00:00,2.1785,2.1885,2.1385,2.1645,2.1645,133910000,2.1645,0.0004621072170957034,0.0004621072170957034
2004-09-22 00:00:00+00:00,2.1575,2.162,2.0585,2.069,2.069,244336000,2.069,-0.04512398913649222,-0.04512398913649222
2004-09-23 00:00:00+00:00,2.0665,2.11,2.0555,2.0915,2.0915,148220000,2.0915,0.010816113136710067,0.010816113136710067
2004-09-24 00:00:00+00:00,2.0905,2.0955,2.0425,2.047,2.047,124114000,2.047,-0.021506205220963505,-0.021506205220963505
2004-09-27 00:00:00+00:00,2.0455,2.0505,1.9875,1.9965,1.9965,167948000,1.9965,-0.02497965915801367,-0.02497965915801367
2004-09-28 00:00:00+00:00,2.0075,2.0165,1.9485,1.9715,1.9715,238058000,1.9715,-0.01260097318559413,-0.01260097318559413
2004-09-29 00:00:00+00:00,1.9725,2.046,1.968,2.042,2.042,198376000,2.042,0.03513504540692898,0.03513504540692898
2004-09-30 00:00:00+00:00,2.0275,2.064,2.0105,2.043,2.043,188266000,2.043,0.000489596093011309,0.000489596093011309
2004-10-01 00:00:00+00:00,2.0645,2.065,2.0195,2.0235,2.0235,225378000,2.0235,-0.009590630501701981,-0.009590630501701981
2004-10-04 00:00:00+00:00,2.068,2.084,2.037,2.0505,2.0505,175852000,2.0505,0.013254980516193707,0.013254980516193707
2004-10-05 00:00:00+00:00,2.042,2.0625,2.0285,2.048,2.048,102680000,2.048,-0.001219958672715496,-0.001219958672715496
2004-10-06 00:00:00+00:00,2.0365,2.0705,2.02,2.068,2.068,102562000,2.068,0.009718249468921346,0.009718249468921346
2004-10-07 00:00:00+00:00,2.071,2.135,2.0425,2.0575,2.0575,187888000,2.0575,-0.005090303077094861,-0.005090303077094861
2004-10-08 00:00:00+00:00,2.047,2.0595,1.9815,2.0,2.0,170924000,2.0,-0.028344473009142553,-0.028344473009142553
2004-10-11 00:00:00+00:00,1.9915,2.0375,1.9705,2.0075,2.0075,158566000,2.0075,0.003742986278834297,0.003742986278834297
2004-10-12 00:00:00+00:00,1.9775,2.029,1.9735,2.011,2.011,128420000,2.011,0.0017419439517354926,0.0017419439517354926
2004-10-13 00:00:00+00:00,2.071,2.0775,1.9875,1.999,1.999,184404000,1.999,-0.005985055272251986,-0.005985055272251986
2004-10-14 00:00:00+00:00,1.9725,1.9775,1.9365,1.955,1.955,180524000,1.955,-0.02225686208093391,-0.02225686208093391
2004-10-15 00:00:00+00:00,1.9645,1.9835,1.894,1.9275,1.9275,164112000,1.9275,-0.014166366981981668,-0.014166366981981668
2004-10-18 00:00:00+00:00,1.9115,1.9735,1.8945,1.9635,1.9635,161864000,1.9635,0.01850476858057969,0.01850476858057969
2004-10-19 00:00:00+00:00,1.987,1.9925,1.9085,1.9165,1.9165,176052000,1.9165,-0.024227989197454537,-0.024227989197454537
2004-10-20 00:00:00+00:00,1.9055,1.9295,1.8895,1.9175,1.9175,135970000,1.9175,0.0005216484208013228,0.0005216484208013228
2004-10-21 00:00:00+00:00,1.965,2.0095,1.925,1.9735,1.9735,384342000,1.9735,0.028786361861490653,0.028786361861490653
2004-10-22 00:00:00+00:00,1.811,1.84,1.65,1.73,1.73,670886000,1.73,-0.13168720761107724,-0.13168720761107724
2004-10-25 00:00:00+00:00,1.7,1.7205,1.686,1.6985,1.6985,210636000,1.6985,-0.018375899891186112,-0.018375899891186112
2004-10-26 00:00:00+00:00,1.7075,1.713,1.6755,1.6915,1.6915,194850000,1.6915,-0.004129799379875407,-0.004129799379875407
2004-10-27 00:00:00+00:00,1.6815,1.7315,1.681,1.7115,1.7115,181214000,1.7115,0.011754469749476842,0.011754469749476842
2004-10-28 00:00:00+00:00,1.712,1.7385,1.707,1.7225,1.7225,144412000,1.7225,0.006406544917573556,0.006406544917573556
2004-10-29 00:00:00+00:00,1.718,1.7225,1.7,1.7065,1.7065,129832000,1.7065,-0.009332234541051927,-0.009332234541051927
2004-11-01 00:00:00+00:00,1.711,1.7575,1.7075,1.755,1.755,123626000,1.755,0.02802436755320436,0.02802436755320436
2004-11-02 00:00:00+00:00,1.7745,1.8245,1.757,1.812,1.812,226650000,1.812,0.03196235070295856,0.03196235070295856
2004-11-03 00:00:00+00:00,1.859,1.881,1.778,1.796,1.796,204164000,1.796,-0.008869237740779773,-0.008869237740779773
2004-11-04 00:00:00+00:00,1.785,1.8645,1.776,1.8455,1.8455,152006000,1.8455,0.027188273607908306,0.027188273607908306
2004-11-05 00:00:00+00:00,1.865,1.8695,1.801,1.828,1.828,147982000,1.828,-0.00952777045595789,-0.00952777045595789
2004-11-08 00:00:00+00:00,1.8375,1.879,1.836,1.866,1.866,137730000,1.866,0.020574629393193728,0.020574629393193728
2004-11-09 00:00:00+00:00,1.859,1.8905,1.835,1.87,1.87,129598000,1.87,0.002141328441343078,0.002141328441343078
2004-11-10 00:00:00+00:00,1.9,1.942,1.8915,1.9045,1.9045,213104000,1.9045,0.01828107607002652,0.01828107607002652
2004-11-11 00:00:00+00:00,1.9045,1.95,1.882,1.9415,1.9415,136700000,1.9415,0.019241363253063134,0.019241363253063134
2004-11-12 00:00:00+00:00,1.9525,2.047,1.95,2.023,2.023,231920000,2.023,0.04112068799602347,0.04112068799602347
2004-11-15 00:00:00+00:00,2.023,2.075,2.009,2.0445,2.0445,207324000,2.0445,0.010571702636951518,0.010571702636951518
2004-11-16 00:00:00+00:00,2.025,2.033,1.9875,2.0035,2.0035,128026000,2.0035,-0.02025760972849789,-0.02025760972849789
2004-11-17 00:00:00+00:00,2.02,2.0295,1.977,1.995,1.995,136872000,1.995,-0.0042516007522352805,-0.0042516007522352805
2004-11-18 00:00:00+00:00,1.9865,2.048,1.9795,2.0185,2.0185,136136000,2.0185,0.01171061096903168,0.01171061096903168
2004-11-19 00:00:00+00:00,1.9575,1.972,1.9095,1.9275,1.9275,228550000,1.9275,-0.046130834855510984,-0.046130834855510984
2004-11-22 00:00:00+00:00,1.922,1.9265,1.879,1.9025,1.9025,177372000,1.9025,-0.013055015701643607,-0.013055015701643607
2004-11-23 00:00:00+00:00,1.909,1.984,1.9015,1.9155,1.9155,148112000,1.9155,0.006809874404862629,0.006809874404862629
2004-11-24 00:00:00+00:00,1.9435,1.958,1.905,1.9375,1.9375,118818000,1.9375,0.011419797086798305,0.011419797086798305
2004-11-26 00:00:00+00:00,1.9475,1.967,1.9445,1.9545,1.9545,46754000,1.9545,0.008735924005507496,0.008735924005507496
2004-11-29 00:00:00+00:00,1.98,1.981,1.8855,1.947,1.947,197482000,1.947,-0.003844679860809721,-0.003844679860809721
2004-11-30 00:00:00+00:00,1.9485,1.99,1.9475,1.984,1.984,140572000,1.984,0.018825282472618273,0.018825282472618273
2004-12-01 00:00:00+00:00,2.0,2.0,1.9625,1.999,1.999,155120000,1.999,0.007532046655581969,0.007532046655581969
2004-12-02 00:00:00+00:00,1.982,2.037,1.964,2.0085,2.0085,132018000,2.0085,0.004741119298936876,0.004741119298936876
2004-12-03 00:00:00+00:00,2.018,2.023,1.977,2.0045,2.0045,164954000,2.0045,-0.0019935217167752874,-0.0019935217167752874
2004-12-06 00:00:00+00:00,1.9865,1.999,1.9575,1.9745,1.9745,121760000,1.9745,-0.015079451355857624,-0.015079451355857624
2004-12-07 00:00:00+00:00,1.9725,1.9875,1.9025,1.91,1.91,141868000,1.91,-0.03321195968602858,-0.03321195968602858
2004-12-08 00:00:00+00:00,1.916,1.955,1.8995,1.936,1.936,128434000,1.936,0.013520746795846684,0.013520746795846684
2004-12-09 00:00:00+00:00,1.92,1.9975,1.9085,1.991,1.991,148934000,1.991,0.028013036227674103,0.028013036227674103
2004-12-10 00:00:00+00:00,1.977,2.005,1.95,1.9525,1.9525,110214000,1.9525,-0.01952642235035538,-0.01952642235035538
2004-12-13 00:00:00+00:00,1.9665,2.014,1.941,1.9915,1.9915,121042000,1.9915,0.019777520907858018,0.019777520907858018
2004-12-14 00:00:00+00:00,2.0075,2.0235,1.997,2.022,2.022,105030000,2.022,0.015198996958717622,0.015198996958717622
2004-12-15 00:00:00+00:00,2.017,2.05,2.0105,2.05,2.05,133484000,2.05,0.013752672552037097,0.013752672552037097
2004-12-16 00:00:00+00:00,2.043,2.05,1.9855,2.0025,2.0025,108298000,2.0025,-0.023443393189939484,-0.023443393189939484
2004-12-17 00:00:00+00:00,2.008,2.011,1.9935,2.0005,2.0005,109720000,2.0005,-0.000999250645224437,-0.000999250645224437
2004-12-20 00:00:00+00:00,1.9965,2.0245,1.9405,1.9475,1.9475,144314000,1.9475,-0.026850650552386415,-0.026850650552386415
2004-12-21 00:00:00+00:00,1.942,1.971,1.932,1.9695,1.9695,104588000,1.9695,0.011233204666057296,0.011233204666057296
2004-12-22 00:00:00+00:00,1.9305,1.9795,1.9275,1.976,1.976,105526000,1.976,0.0032948958968524846,0.0032948958968524846
2004-12-23 00:00:00+00:00,1.967,1.976,1.946,1.9465,1.9465,64136000,1.9465,-0.015041711257302729,-0.015041711257302729
2004-12-27 00:00:00+00:00,1.976,2.1465,1.9735,2.1125,2.1125,445784000,2.1125,0.08183919218081848,0.08183919218081848
2004-12-28 00:00:00+00:00,2.195,2.256,2.175,2.2315,2.2315,504756000,2.2315,0.05480192483799585,0.05480192483799585
2004-12-29 00:00:00+00:00,2.2375,2.284,2.222,2.241,2.241,235184000,2.241,0.004248189731602382,0.004248189731602382
2004-12-30 00:00:00+00:00,2.25,2.2765,2.2275,2.2485,2.2485,139318000,2.2485,0.0033411324098349083,0.0033411324098349083
2004-12-31 00:00:00+00:00,2.2565,2.2745,2.208,2.2145,2.2145,95814000,2.2145,-0.015236682847509094,-0.015236682847509094
2005-01-03 00:00:00+00:00,2.2475,2.272,2.2105,2.226,2.226,208930000,2.226,0.0051796084722370885,0.0051796084722370885
2005-01-04 00:00:00+00:00,2.1335,2.163,2.075,2.107,2.107,388370000,2.107,-0.05494111803130098,-0.05494111803130098
2005-01-05 00:00:00+00:00,2.0785,2.138,2.078,2.0885,2.0885,167084000,2.0885,-0.008819029866959233,-0.008819029866959233
2005-01-06 00:00:00+00:00,2.0905,2.1125,2.045,2.0525,2.0525,174018000,2.0525,-0.017387542610646498,-0.017387542610646498
2005-01-07 00:00:00+00:00,2.069,2.1345,2.058,2.116,2.116,196732000,2.116,0.030468951651606554,0.030468951651606554
2005-01-10 00:00:00+00:00,2.097,2.148,2.0855,2.092,2.092,146958000,2.092,-0.011406967793376478,-0.011406967793376478
2005-01-11 00:00:00+00:00,2.07,2.108,2.0505,2.082,2.082,158406000,2.082,-0.004791576009899395,-0.004791576009899395
2005-01-12 00:00:00+00:00,2.0745,2.124,2.041,2.115,2.115,161446000,2.115,0.015725842305464314,0.015725842305464314
2005-01-13 00:00:00+00:00,2.1225,2.229,2.117,2.13,2.13,347872000,2.13,0.007067167223092353,0.007067167223092353
2005-01-14 00:00:00+00:00,2.145,2.233,2.118,2.2275,2.2275,250660000,2.2275,0.044757900641493625,0.044757900641493625
2005-01-18 00:00:00+00:00,2.2145,2.25,2.2075,2.229,2.229,142632000,2.229,0.0006731740409044118,0.0006731740409044118
2005-01-19 00:00:00+00:00,2.2235,2.237,2.1715,2.198,2.198,147934000,2.198,-0.014005198422302195,-0.014005198422302195
2005-01-20 00:00:00+00:00,2.0855,2.198,2.082,2.118,2.118,256612000,2.118,-0.03707560880221499,-0.03707560880221499
2005-01-21 00:00:00+00:00,2.0995,2.1275,2.051,2.058,2.058,212054000,2.058,-0.02873760976735691,-0.02873760976735691
2005-01-24 00:00:00+00:00,2.072,2.0975,2.0155,2.019,2.019,193918000,2.019,-0.01913229808115728,-0.01913229808115728
2005-01-25 00:00:00+00:00,2.032,2.072,2.0225,2.047,2.047,180558000,2.047,0.013772967348451985,0.013772967348451985
2005-01-26 00:00:00+00:00,2.059,2.09,2.013,2.067,2.067,154298000,2.067,0.009722974020478841,0.009722974020478841
2005-01-27 00:00:00+00:00,2.0635,2.12,2.057,2.1155,2.1155,160768000,2.1155,0.023192910478353757,0.023192910478353757
2005-01-28 00:00:00+00:00,2.1045,2.15,2.0765,2.111,2.111,123048000,2.111,-0.002129422311801481,-0.002129422311801481
2005-01-31 00:00:00+00:00,2.122,2.171,2.1215,2.161,2.161,126406000,2.161,0.02340930865856534,0.02340930865856534
2005-02-01 00:00:00+00:00,2.15,2.1635,2.119,2.124,2.124,135230000,2.124,-0.017269974145056433,-0.017269974145056433
2005-02-02 00:00:00+00:00,2.1525,2.177,2.043,2.094,2.094,526472000,2.094,-0.014224990931347438,-0.014224990931347438
2005-02-03 00:00:00+00:00,1.745,1.7945,1.7265,1.7875,1.7875,1210372000,1.7875,-0.15825811686231933,-0.15825811686231933
2005-02-04 00:00:00+00:00,1.7825,1.799,1.7595,1.786,1.786,346094000,1.786,-0.0008395131317184374,-0.0008395131317184374
2005-02-07 00:00:00+00:00,1.791,1.792,1.7775,1.7845,1.7845,142248000,1.7845,-0.0008402185062293828,-0.0008402185062293828
2005-02-08 00:00:00+00:00,1.777,1.826,1.7765,1.815,1.815,192050000,1.815,0.01694720376873604,0.01694720376873604
2005-02-09 00:00:00+00:00,1.8225,1.84,1.7935,1.7945,1.7945,158776000,1.7945,-0.011359036111289189,-0.011359036111289189
2005-02-10 00:00:00+00:00,1.8035,1.8055,1.7765,1.789,1.789,159648000,1.789,-0.0030696270789428645,-0.0030696270789428645
2005-02-11 00:00:00+00:00,1.7785,1.7975,1.75,1.789,1.789,156834000,1.789,0.0,0.0
2005-02-14 00:00:00+00:00,1.7825,1.8315,1.775,1.8015,1.8015,139662000,1.8015,0.006962846679428857,0.006962846679428857
2005-02-15 00:00:00+00:00,1.8105,1.8225,1.7875,1.807,1.807,103554000,1.807,0.0030483604040805762,0.0030483604040805762
2005-02-16 00:00:00+00:00,1.7965,1.8175,1.779,1.783,1.783,104596000,1.783,-0.013370672729088106,-0.013370672729088106
2005-02-17 00:00:00+00:00,1.787,1.7925,1.7625,1.7845,1.7845,105962000,1.7845,0.0008409250670746633,0.0008409250670746633
2005-02-18 00:00:00+00:00,1.7805,1.7875,1.755,1.7655,1.7655,90594000,1.7655,-0.010704327561773879,-0.010704327561773879
2005-02-22 00:00:00+00:00,1.751,1.7695,1.7255,1.736,1.736,137114000,1.736,-0.016850320148145664,-0.016850320148145664
2005-02-23 00:00:00+00:00,1.7475,1.7485,1.66,1.707,1.707,210008000,1.707,-0.016846172425854837,-0.016846172425854837
2005-02-24 00:00:00+00:00,1.683,1.7425,1.683,1.7345,1.7345,167784000,1.7345,0.01598174361536373,0.01598174361536373
2005-02-25 00:00:00+00:00,1.736,1.7615,1.724,1.7495,1.7495,117646000,1.7495,0.008610845397938405,0.008610845397938405
2005-02-28 00:00:00+00:00,1.736,1.783,1.7335,1.759,1.759,168458000,1.759,0.005415432929815386,0.005415432929815386
2005-03-01 00:00:00+00:00,1.753,1.7705,1.741,1.7695,1.7695,116380000,1.7695,0.005951555047960056,0.005951555047960056
2005-03-02 00:00:00+00:00,1.7695,1.7965,1.7535,1.775,1.775,97434000,1.775,0.003103402123997928,0.003103402123997928
2005-03-03 00:00:00+00:00,1.775,1.798,1.77,1.7825,1.7825,100512000,1.7825,0.004216450378934825,0.004216450378934825
2005-03-04 00:00:00+00:00,1.792,1.8155,1.785,1.7925,1.7925,110914000,1.7925,0.005594420185324532,0.005594420185324532
2005-03-07 00:00:00+00:00,1.797,1.82,1.7905,1.816,1.816,71718000,1.816,0.013024986687463203,0.013024986687463203
2005-03-08 00:00:00+00:00,1.8155,1.8215,1.7875,1.7915,1.7915,95858000,1.7915,-0.01358302241623008,-0.01358302241623008
2005-03-09 00:00:00+00:00,1.787,1.7965,1.745,1.77,1.77,148246000,1.77,-0.012073711177133677,-0.012073711177133677
2005-03-10 00:00:00+00:00,1.7655,1.7855,1.7285,1.7455,1.7455,117446000,1.7455,-0.013938499022784125,-0.013938499022784125
2005-03-11 00:00:00+00:00,1.7405,1.7435,1.7025,1.7375,1.7375,160206000,1.7375,-0.0045937491061435725,-0.0045937491061435725
2005-03-14 00:00:00+00:00,1.7335,1.7375,1.7,1.73,1.73,108670000,1.73,-0.004325889947122606,-0.004325889947122606
2005-03-15 00:00:00+00:00,1.729,1.7425,1.695,1.709,1.709,101412000,1.709,-0.012213004376233651,-0.012213004376233651
2005-03-16 00:00:00+00:00,1.694,1.722,1.68,1.6935,1.6935,107400000,1.6935,-0.009111010857764567,-0.009111010857764567
2005-03-17 00:00:00+00:00,1.679,1.722,1.679,1.6985,1.6985,97160000,1.6985,0.0029481153428122433,0.0029481153428122433
2005-03-18 00:00:00+00:00,1.7075,1.714,1.6825,1.708,1.708,105894000,1.708,0.005577586747876502,0.005577586747876502
2005-03-21 00:00:00+00:00,1.7105,1.7315,1.677,1.6835,1.6835,121688000,1.6835,-0.014448135747385928,-0.014448135747385928
2005-03-22 00:00:00+00:00,1.685,1.697,1.6535,1.6575,1.6575,109814000,1.6575,-0.015564516541111573,-0.015564516541111573
2005-03-23 00:00:00+00:00,1.6545,1.692,1.641,1.659,1.659,126474000,1.659,0.0009045681304269146,0.0009045681304269146
2005-03-24 00:00:00+00:00,1.67,1.694,1.6435,1.644,1.644,106746000,1.644,-0.009082714574319362,-0.009082714574319362
2005-03-28 00:00:00+00:00,1.655,1.6825,1.651,1.6695,1.6695,86532000,1.6695,0.015391883767584009,0.015391883767584009
2005-03-29 00:00:00+00:00,1.664,1.7075,1.6615,1.6715,1.6715,122746000,1.6715,0.0011972464764441085,0.0011972464764441085
2005-03-30 00:00:00+00:00,1.6795,1.726,1.6755,1.716,1.716,106996000,1.716,0.02627457418775423,0.02627457418775423
2005-03-31 00:00:00+00:00,1.7245,1.7275,1.7,1.7135,1.7135,71086000,1.7135,-0.0014579387332440325,-0.0014579387332440325
2005-04-01 00:00:00+00:00,1.7315,1.7355,1.689,1.7005,1.7005,100368000,1.7005,-0.007615736867413496,-0.007615736867413496
2005-04-04 00:00:00+00:00,1.7,1.759,1.6905,1.75,1.75,146844000,1.75,0.028693462470309697,0.028693462470309697
2005-04-05 00:00:00+00:00,1.7615,1.767,1.7495,1.764,1.764,98660000,1.764,0.007968169649176881,0.007968169649176881
2005-04-06 00:00:00+00:00,1.755,1.76,1.731,1.741,1.741,105522000,1.741,-0.01312429679854749,-0.01312429679854749
2005-04-07 00:00:00+00:00,1.734,1.746,1.725,1.745,1.745,76146000,1.745,0.002294894868338593,0.002294894868338593
2005-04-08 00:00:00+00:00,1.7375,1.7465,1.7285,1.73,1.73,60260000,1.73,-0.008633147144703002,-0.008633147144703002
2005-04-11 00:00:00+00:00,1.73,1.75,1.718,1.73,1.73,65062000,1.73,0.0,0.0
2005-04-12 00:00:00+00:00,1.72,1.732,1.683,1.7315,1.7315,123944000,1.7315,0.0008666763506519515,0.0008666763506519515
2005-04-13 00:00:00+00:00,1.7175,1.7355,1.7075,1.715,1.715,82502000,1.715,-0.009575004242436291,-0.009575004242436291
2005-04-14 00:00:00+00:00,1.713,1.725,1.694,1.6985,1.6985,83568000,1.6985,-0.00966757199940183,-0.00966757199940183
2005-04-15 00:00:00+00:00,1.698,1.7,1.651,1.651,1.651,119700000,1.651,-0.028364343680510502,-0.028364343680510502
2005-04-18 00:00:00+00:00,1.645,1.679,1.642,1.65,1.65,138340000,1.65,-0.0006058770255018336,-0.0006058770255018336
2005-04-19 00:00:00+00:00,1.659,1.6685,1.6005,1.639,1.639,132388000,1.639,-0.00668898815079654,-0.00668898815079654
2005-04-20 00:00:00+00:00,1.655,1.688,1.645,1.6625,1.6625,184310000,1.6625,0.014236193786179595,0.014236193786179595
2005-04-21 00:00:00+00:00,1.675,1.6945,1.6445,1.6865,1.6865,153894000,1.6865,0.014332881971695842,0.014332881971695842
2005-04-22 00:00:00+00:00,1.6745,1.6815,1.6455,1.652,1.652,127840000,1.652,-0.02066870042078173,-0.02066870042078173
2005-04-25 00:00:00+00:00,1.6565,1.6795,1.6525,1.6765,1.6765,84908000,1.6765,0.014721611825359927,0.014721611825359927
2005-04-26 00:00:00+00:00,1.6715,1.699,1.629,1.6355,1.6355,279386000,1.6355,-0.024759718927844756,-0.024759718927844756
2005-04-27 00:00:00+00:00,1.542,1.587,1.53,1.586,1.586,586258000,1.586,-0.030733444783645283,-0.030733444783645283
2005-04-28 00:00:00+00:00,1.583,1.646,1.5815,1.626,1.626,289456000,1.626,0.024907887912962435,0.024907887912962435
2005-04-29 00:00:00+00:00,1.643,1.6445,1.576,1.618,1.618,210470000,1.618,-0.004932192489318724,-0.004932192489318724
2005-05-02 00:00:00+00:00,1.615,1.664,1.605,1.655,1.655,181960000,1.655,0.022610190192726167,0.022610190192726167
2005-05-03 00:00:00+00:00,1.647,1.678,1.6445,1.6605,1.6605,135558000,1.6605,0.00331775300563799,0.00331775300563799
2005-05-04 00:00:00+00:00,1.6675,1.706,1.6635,1.698,1.698,155132000,1.698,0.022332326054491303,0.022332326054491303
2005-05-05 00:00:00+00:00,1.698,1.709,1.6795,1.698,1.698,92338000,1.698,0.0,0.0
2005-05-06 00:00:00+00:00,1.712,1.7345,1.707,1.726,1.726,134270000,1.726,0.016355504772080743,0.016355504772080743
2005-05-09 00:00:00+00:00,1.72,1.74,1.7125,1.732,1.732,88632000,1.732,0.0034702174790071237,0.0034702174790071237
2005-05-10 00:00:00+00:00,1.72,1.7235,1.701,1.7115,1.7115,109500000,1.7115,-0.011906631152140374,-0.011906631152140374
2005-05-11 00:00:00+00:00,1.715,1.7255,1.6825,1.691,1.691,120960000,1.691,-0.012050109071659675,-0.012050109071659675
2005-05-12 00:00:00+00:00,1.685,1.706,1.6775,1.6925,1.6925,120100000,1.6925,0.000886655887849698,0.000886655887849698
2005-05-13 00:00:00+00:00,1.6995,1.7175,1.69,1.695,1.695,79836000,1.695,0.0014760150281206794,0.0014760150281206794
2005-05-16 00:00:00+00:00,1.7015,1.7385,1.696,1.727,1.727,85614000,1.727,0.018703058332127966,0.018703058332127966
2005-05-17 00:00:00+00:00,1.7225,1.741,1.7045,1.7365,1.7365,66314000,1.7365,0.005485794037449917,0.005485794037449917
2005-05-18 00:00:00+00:00,1.7405,1.7985,1.7365,1.7665,1.7665,191150000,1.7665,0.017128594615071237,0.017128594615071237
2005-05-19 00:00:00+00:00,1.7685,1.7955,1.7665,1.7795,1.7795,106870000,1.7795,0.0073322381510475525,0.0073322381510475525
2005-05-20 00:00:00+00:00,1.7725,1.78,1.748,1.775,1.775,100856000,1.775,-0.0025320030407312553,-0.0025320030407312553
2005-05-23 00:00:00+00:00,1.7785,1.801,1.7695,1.784,1.784,114028000,1.784,0.005057611230438642,0.005057611230438642
2005-05-24 00:00:00+00:00,1.774,1.7785,1.7565,1.777,1.777,118292000,1.777,-0.003931484985303449,-0.003931484985303449
2005-05-25 00:00:00+00:00,1.7635,1.7725,1.7595,1.7625,1.7625,77458000,1.7625,-0.008193293468227588,-0.008193293468227588
2005-05-26 00:00:00+00:00,1.764,1.784,1.7585,1.7725,1.7725,95742000,1.7725,0.005657723719858855,0.005657723719858855
2005-05-27 00:00:00+00:00,1.761,1.7775,1.7575,1.775,1.775,65742000,1.775,0.001409443503233604,0.001409443503233604
2005-05-31 00:00:00+00:00,1.768,1.802,1.7645,1.7755,1.7755,98604000,1.7755,0.00028165047362645787,0.00028165047362645787
2005-06-01 00:00:00+00:00,1.7785,1.8495,1.772,1.825,1.825,206404000,1.825,0.027497913633449184,0.027497913633449184
2005-06-02 00:00:00+00:00,1.8165,1.8455,1.8105,1.8205,1.8205,95366000,1.8205,-0.002468798401103699,-0.002468798401103699
2005-06-03 00:00:00+00:00,1.823,1.825,1.766,1.7795,1.7795,96718000,1.7795,-0.022778762665240742,-0.022778762665240742
2005-06-06 00:00:00+00:00,1.777,1.801,1.774,1.7885,1.7885,77630000,1.7885,0.0050448537488249606,0.0050448537488249606
2005-06-07 00:00:00+00:00,1.7955,1.81,1.7645,1.7675,1.7675,97696000,1.7675,-0.011811160928344609,-0.011811160928344609
2005-06-08 00:00:00+00:00,1.77,1.774,1.74,1.7415,1.7415,106282000,1.7415,-0.014819307964671938,-0.014819307964671938
2005-06-09 00:00:00+00:00,1.7465,1.764,1.72,1.76,1.76,77450000,1.76,0.010566998226141515,0.010566998226141515
2005-06-10 00:00:00+00:00,1.7625,1.7645,1.7235,1.7475,1.7475,69350000,1.7475,-0.007127613924232124,-0.007127613924232124
2005-06-13 00:00:00+00:00,1.7335,1.7705,1.7325,1.7435,1.7435,78240000,1.7435,-0.0022916079922594896,-0.0022916079922594896
2005-06-14 00:00:00+00:00,1.741,1.7585,1.7395,1.752,1.752,72688000,1.752,0.00486340538063097,0.00486340538063097
2005-06-15 00:00:00+00:00,1.767,1.7705,1.726,1.762,1.762,103036000,1.762,0.005691534999788055,0.005691534999788055
2005-06-16 00:00:00+00:00,1.76,1.7905,1.758,1.779,1.779,84110000,1.779,0.00960188116971034,0.00960188116971034
2005-06-17 00:00:00+00:00,1.7945,1.8035,1.758,1.7655,1.7655,96522000,1.7655,-0.007617472297393911,-0.007617472297393911
2005-06-20 00:00:00+00:00,1.7525,1.7985,1.752,1.7845,1.7845,101946000,1.7845,0.010704327561773879,0.010704327561773879
2005-06-21 00:00:00+00:00,1.78,1.7905,1.764,1.769,1.769,89142000,1.769,-0.008723848770429766,-0.008723848770429766
2005-06-22 00:00:00+00:00,1.775,1.7925,1.757,1.761,1.761,50146000,1.761,-0.004532585663579149,-0.004532585663579149
2005-06-23 00:00:00+00:00,1.757,1.778,1.755,1.7715,1.7715,106044000,1.7715,0.005944815809320607,0.005944815809320607
2005-06-24 00:00:00+00:00,1.765,1.772,1.744,1.751,1.751,73510000,1.751,-0.011639592019674891,-0.011639592019674891
2005-06-27 00:00:00+00:00,1.7455,1.7525,1.7085,1.725,1.725,91126000,1.725,-0.014960002820391621,-0.014960002820391621
2005-06-28 00:00:00+00:00,1.73,1.7315,1.6795,1.6855,1.6855,140686000,1.6855,-0.02316479479134479,-0.02316479479134479
2005-06-29 00:00:00+00:00,1.685,1.7035,1.6635,1.6675,1.6675,96266000,1.6675,-0.010736756884336649,-0.010736756884336649
2005-06-30 00:00:00+00:00,1.6735,1.678,1.6465,1.6545,1.6545,114314000,1.6545,-0.007826650428111911,-0.007826650428111911
2005-07-01 00:00:00+00:00,1.662,1.6635,1.6395,1.6455,1.6455,58654000,1.6455,-0.0054545589782723156,-0.0054545589782723156
2005-07-05 00:00:00+00:00,1.675,1.724,1.6725,1.704,1.704,147676000,1.704,0.03493413900586641,0.03493413900586641
2005-07-06 00:00:00+00:00,1.7005,1.72,1.693,1.703,1.703,87944000,1.703,-0.0005870267265727415,-0.0005870267265727415
2005-07-07 00:00:00+00:00,1.69,1.7255,1.69,1.698,1.698,84858000,1.698,-0.0029403137913957622,-0.0029403137913957622
2005-07-08 00:00:00+00:00,1.7055,1.7375,1.6925,1.737,1.737,85140000,1.737,0.02270839936981247,0.02270839936981247
2005-07-11 00:00:00+00:00,1.736,1.784,1.73,1.7795,1.7795,103320000,1.7795,0.024172938709142347,0.024172938709142347
2005-07-12 00:00:00+00:00,1.7745,1.827,1.773,1.8155,1.8155,117544000,1.8155,0.020028485904142922,0.020028485904142922
2005-07-13 00:00:00+00:00,1.8135,1.8275,1.8095,1.8255,1.8255,64036000,1.8255,0.0054930102413010135,0.0054930102413010135
2005-07-14 00:00:00+00:00,1.8595,1.871,1.844,1.8595,1.8595,117266000,1.8595,0.018453712269433303,0.018453712269433303
2005-07-15 00:00:00+00:00,1.8675,1.875,1.8375,1.8575,1.8575,104180000,1.8575,-0.0010761367732105495,-0.0010761367732105495
2005-07-18 00:00:00+00:00,1.8475,1.8595,1.838,1.8595,1.8595,59466000,1.8595,0.0010761367732104335,0.0010761367732104335
2005-07-19 00:00:00+00:00,1.869,1.9085,1.8345,1.9085,1.9085,116812000,1.9085,0.026009958820159742,0.026009958820159742
2005-07-20 00:00:00+00:00,1.8745,1.9125,1.865,1.9085,1.9085,127368000,1.9085,0.0,0.0
2005-07-21 00:00:00+00:00,1.948,1.9875,1.888,1.8975,1.8975,221112000,1.8975,-0.005780362915499537,-0.005780362915499537
2005-07-22 00:00:00+00:00,1.8945,1.9115,1.862,1.8975,1.8975,117422000,1.8975,0.0,0.0
2005-07-25 00:00:00+00:00,1.9,1.952,1.8925,1.8975,1.8975,109400000,1.8975,0.0,0.0
2005-07-26 00:00:00+00:00,1.911,1.9375,1.886,1.887,1.887,295646000,1.887,-0.005548963901234744,-0.005548963901234744
2005-07-27 00:00:00+00:00,2.1005,2.187,2.092,2.1825,2.1825,921512000,2.1825,0.145482742345207,0.145482742345207
2005-07-28 00:00:00+00:00,2.177,2.2905,2.1685,2.284,2.284,502830000,2.284,0.04545728306214341,0.04545728306214341
2005-07-29 00:00:00+00:00,2.2655,2.2875,2.2305,2.2575,2.2575,209836000,2.2575,-0.011670285484760281,-0.011670285484760281
2005-08-01 00:00:00+00:00,2.244,2.2595,2.2175,2.2465,2.2465,142544000,2.2465,-0.004884556780925714,-0.004884556780925714
2005-08-02 00:00:00+00:00,2.245,2.3485,2.244,2.3255,2.3255,216728000,2.3255,0.034561620153936976,0.034561620153936976
2005-08-03 00:00:00+00:00,2.3005,2.309,2.292,2.3055,2.3055,96650000,2.3055,-0.008637497017391419,-0.008637497017391419
2005-08-04 00:00:00+00:00,2.2775,2.2885,2.271,2.273,2.273,99544000,2.273,-0.01419702779421696,-0.01419702779421696
2005-08-05 00:00:00+00:00,2.2625,2.2855,2.2585,2.2635,2.2635,99030000,2.2635,-0.004188256976529987,-0.004188256976529987
2005-08-08 00:00:00+00:00,2.266,2.295,2.263,2.283,2.283,89098000,2.283,0.008578079653782248,0.008578079653782248
2005-08-09 00:00:00+00:00,2.288,2.322,2.2875,2.2965,2.2965,91824000,2.2965,0.00589585723605274,0.00589585723605274
2005-08-10 00:00:00+00:00,2.2695,2.2785,2.2295,2.238,2.238,198424000,2.238,-0.025803614893977565,-0.025803614893977565
2005-08-11 00:00:00+00:00,2.231,2.2605,2.225,2.2605,2.2605,116844000,2.2605,0.01000341786278925,0.01000341786278925
2005-08-12 00:00:00+00:00,2.2315,2.286,2.2025,2.21,2.21,129482000,2.21,-0.022593512222861385,-0.022593512222861385
2005-08-15 00:00:00+00:00,2.1965,2.2675,2.194,2.252,2.252,110502000,2.252,0.018826194747782434,0.018826194747782434
2005-08-16 00:00:00+00:00,2.245,2.247,2.21,2.2135,2.2135,72502000,2.2135,-0.017243737087385334,-0.017243737087385334
2005-08-17 00:00:00+00:00,2.2095,2.2215,2.206,2.206,2.206,61008000,2.206,-0.003394052358747858,-0.003394052358747858
2005-08-18 00:00:00+00:00,2.194,2.195,2.1755,2.1865,2.1865,72086000,2.1865,-0.008878828960472417,-0.008878828960472417
2005-08-19 00:00:00+00:00,2.18,2.1885,2.1665,2.186,2.186,66478000,2.186,-0.00022870211649151574,-0.00022870211649151574
2005-08-22 00:00:00+00:00,2.1805,2.2135,2.147,2.1885,2.1885,107482000,2.1885,0.0011429878944660956,0.0011429878944660956
2005-08-23 00:00:00+00:00,2.187,2.1985,2.161,2.171,2.171,70354000,2.171,-0.00802848675265825,-0.00802848675265825
2005-08-24 00:00:00+00:00,2.166,2.166,2.1135,2.1185,2.1185,117438000,2.1185,-0.024479599811677872,-0.024479599811677872
2005-08-25 00:00:00+00:00,2.127,2.14,2.104,2.1155,2.1155,61844000,2.1155,-0.0014170999064917996,-0.0014170999064917996
2005-08-26 00:00:00+00:00,2.115,2.1315,2.113,2.1185,2.1185,57214000,2.1185,0.0014170999064918401,0.0014170999064918401
2005-08-29 00:00:00+00:00,2.0955,2.15,2.0955,2.1395,2.1395,73078000,2.1395,0.009863865790257682,0.009863865790257682
2005-08-30 00:00:00+00:00,2.1195,2.1355,2.098,2.1245,2.1245,77484000,2.1245,-0.00703567630200538,-0.00703567630200538
2005-08-31 00:00:00+00:00,2.122,2.1405,2.102,2.135,2.135,67384000,2.135,0.004930166107858586,0.004930166107858586
2005-09-01 00:00:00+00:00,2.126,2.1485,2.0875,2.092,2.092,88580000,2.092,-0.02034610047791125,-0.02034610047791125
2005-09-02 00:00:00+00:00,2.1,2.1025,2.052,2.0755,2.0755,80542000,2.0755,-0.007918457691720112,-0.007918457691720112
2005-09-06 00:00:00+00:00,2.0775,2.1825,2.0755,2.181,2.181,158796000,2.181,0.049581398708535604,0.049581398708535604
2005-09-07 00:00:00+00:00,2.175,2.215,2.1725,2.1865,2.1865,122830000,2.1865,0.002518604651346304,0.002518604651346304
2005-09-08 00:00:00+00:00,2.1725,2.1745,2.1415,2.148,2.148,77684000,2.148,-0.01776491522422002,-0.01776491522422002
2005-09-09 00:00:00+00:00,2.1495,2.16,2.1405,2.1475,2.1475,65774000,2.1475,-0.00023280177034494602,-0.00023280177034494602
2005-09-12 00:00:00+00:00,2.136,2.248,2.1345,2.225,2.225,175588000,2.225,0.035452540741930265,0.035452540741930265
2005-09-13 00:00:00+00:00,2.2085,2.219,2.172,2.1965,2.1965,90104000,2.1965,-0.012891731184506405,-0.012891731184506405
2005-09-14 00:00:00+00:00,2.194,2.2365,2.141,2.155,2.155,126360000,2.155,-0.01907446087798613,-0.01907446087798613
2005-09-15 00:00:00+00:00,2.16,2.1795,2.1325,2.1355,2.1355,91758000,2.1355,-0.009089912256326924,-0.009089912256326924
2005-09-16 00:00:00+00:00,2.14,2.146,2.106,2.14,2.14,82234000,2.14,0.002105017734376021,0.002105017734376021
2005-09-19 00:00:00+00:00,2.1315,2.1715,2.1085,2.1375,2.1375,68806000,2.1375,-0.0011689072049818425,-0.0011689072049818425
2005-09-20 00:00:00+00:00,2.1325,2.1505,2.0885,2.0935,2.0935,69440000,2.0935,-0.020799615351717322,-0.020799615351717322
2005-09-21 00:00:00+00:00,2.0925,2.132,2.0625,2.0625,2.0625,106276000,2.0625,-0.014918467250362047,-0.014918467250362047
2005-09-22 00:00:00+00:00,2.06,2.1135,2.025,2.104,2.104,116760000,2.104,0.019921455648764512,0.019921455648764512
2005-09-23 00:00:00+00:00,2.0985,2.131,2.0775,2.1095,2.1095,62908000,2.1095,0.002610657706792954,0.002610657706792954
2005-09-26 00:00:00+00:00,2.1225,2.171,2.12,2.167,2.167,112328000,2.167,0.02689276997196543,0.02689276997196543
2005-09-27 00:00:00+00:00,2.163,2.1865,2.141,2.158,2.158,83470000,2.158,-0.004161855718279054,-0.004161855718279054
2005-09-28 00:00:00+00:00,2.1625,2.187,2.1495,2.1685,2.1685,64794000,2.1685,0.004853817457340882,0.004853817457340882
2005-09-29 00:00:00+00:00,2.169,2.24,2.1565,2.2395,2.2395,127856000,2.2395,0.03221694237193402,0.03221694237193402
2005-09-30 00:00:00+00:00,2.2325,2.292,2.23,2.265,2.265,121120000,2.265,0.011322132269779725,0.011322132269779725
2005-10-03 00:00:00+00:00,2.2665,2.3295,2.258,2.3005,2.3005,116584000,2.3005,0.015551731678388905,0.015551731678388905
2005-10-04 00:00:00+00:00,2.3,2.306,2.225,2.2465,2.2465,130430000,2.2465,-0.02375304108530861,-0.02375304108530861
2005-10-05 00:00:00+00:00,2.2455,2.2645,2.1945,2.2245,2.2245,129054000,2.2245,-0.009841278264118267,-0.009841278264118267
2005-10-06 00:00:00+00:00,2.228,2.2405,2.1665,2.2005,2.2005,123858000,2.2005,-0.010847563994950418,-0.010847563994950418
2005-10-07 00:00:00+00:00,2.2135,2.2305,2.169,2.186,2.186,67850000,2.186,-0.00661121751466217,-0.00661121751466217
2005-10-10 00:00:00+00:00,2.191,2.219,2.179,2.188,2.188,73606000,2.188,0.0009144948053879489,0.0009144948053879489
2005-10-11 00:00:00+00:00,2.196,2.216,2.1615,2.17,2.17,106036000,2.17,-0.00826071700736671,-0.00826071700736671
2005-10-12 00:00:00+00:00,2.1455,2.184,2.122,2.1275,2.1275,114084000,2.1275,-0.019779586086976032,-0.019779586086976032
2005-10-13 00:00:00+00:00,2.1215,2.149,2.095,2.131,2.131,76656000,2.131,0.001643771651087941,0.001643771651087941
2005-10-14 00:00:00+00:00,2.15,2.1935,2.117,2.1895,2.1895,91552000,2.1895,0.027081854142835836,0.027081854142835836
2005-10-17 00:00:00+00:00,2.1815,2.251,2.181,2.251,2.251,104500000,2.251,0.027701354665279142,0.027701354665279142
2005-10-18 00:00:00+00:00,2.246,2.2525,2.215,2.2325,2.2325,89154000,2.2325,-0.008252528156078139,-0.008252528156078139
2005-10-19 00:00:00+00:00,2.227,2.293,2.214,2.293,2.293,130570000,2.293,0.026738970107250452,0.026738970107250452
2005-10-20 00:00:00+00:00,2.295,2.3035,2.234,2.2505,2.2505,118584000,2.2505,-0.018708590124917077,-0.018708590124917077
2005-10-21 00:00:00+00:00,2.2835,2.3025,2.2575,2.2975,2.2975,92496000,2.2975,0.02066916149685456,0.02066916149685456
2005-10-24 00:00:00+00:00,2.306,2.348,2.293,2.3465,2.3465,109518000,2.3465,0.02110328100463023,0.02110328100463023
2005-10-25 00:00:00+00:00,2.344,2.35,2.302,2.3085,2.3085,228774000,2.3085,-0.01632689328742867,-0.01632689328742867
2005-10-26 00:00:00+00:00,2.05,2.055,1.974,1.9875,1.9875,602094000,1.9875,-0.14972039541855664,-0.14972039541855664
2005-10-27 00:00:00+00:00,1.982,1.995,1.943,1.953,1.953,175406000,1.953,-0.01751091565180807,-0.01751091565180807
2005-10-28 00:00:00+00:00,1.9775,1.9825,1.936,1.9475,1.9475,123184000,1.9475,-0.0028201531317756236,-0.0028201531317756236
2005-10-31 00:00:00+00:00,1.9675,2.0195,1.956,1.993,1.993,135612000,1.993,0.023094542467891523,0.023094542467891523
2005-11-01 00:00:00+00:00,1.9985,2.037,1.9825,2.0185,2.0185,107660000,2.0185,0.012713620080200808,0.012713620080200808
2005-11-02 00:00:00+00:00,2.0145,2.0615,1.99,2.0375,2.0375,97236000,2.0375,0.009368904822022265,0.009368904822022265
2005-11-03 00:00:00+00:00,2.0445,2.1,2.0425,2.078,2.078,140000000,2.078,0.0196823265441549,0.0196823265441549
2005-11-04 00:00:00+00:00,2.0745,2.09,2.0455,2.0545,2.0545,88908000,2.0545,-0.011373383335708132,-0.011373383335708132
2005-11-07 00:00:00+00:00,2.054,2.0735,2.0275,2.0695,2.0695,67722000,2.0695,0.0072745228653227825,0.0072745228653227825
2005-11-08 00:00:00+00:00,2.0665,2.1055,2.0515,2.0975,2.0975,99016000,2.0975,0.013439127152574106,0.013439127152574106
2005-11-09 00:00:00+00:00,2.0895,2.1,2.064,2.07,2.07,69432000,2.07,-0.013197552081946586,-0.013197552081946586
2005-11-10 00:00:00+00:00,2.0735,2.1225,2.043,2.109,2.109,111710000,2.109,0.018665294219359876,0.018665294219359876
2005-11-11 00:00:00+00:00,2.1185,2.152,2.1125,2.134,2.134,79644000,2.134,0.01178425138292411,0.01178425138292411
2005-11-14 00:00:00+00:00,2.126,2.15,2.117,2.1265,2.1265,62062000,2.1265,-0.0035207171680104268,-0.0035207171680104268
2005-11-15 00:00:00+00:00,2.273,2.2825,2.2215,2.2225,2.2225,425558000,2.2225,0.04415525269437139,0.04415525269437139
2005-11-16 00:00:00+00:00,2.2135,2.27,2.212,2.265,2.265,159340000,2.265,0.01894207052907484,0.01894207052907484
2005-11-17 00:00:00+00:00,2.2715,2.338,2.268,2.337,2.337,233752000,2.337,0.03129329662172368,0.03129329662172368
2005-11-18 00:00:00+00:00,2.345,2.4,2.333,2.399,2.399,1186656000,2.399,0.02618392830083644,0.02618392830083644
2005-11-21 00:00:00+00:00,2.3785,2.4155,2.364,2.3995,2.3995,357398000,2.3995,0.00020839845860563523,0.00020839845860563523
2005-11-22 00:00:00+00:00,2.375,2.4505,2.367,2.4425,2.4425,259814000,2.4425,0.017761722618637503,0.017761722618637503
2005-11-23 00:00:00+00:00,2.4385,2.448,2.4045,2.412,2.412,149664000,2.412,-0.012565826069861757,-0.012565826069861757
2005-11-25 00:00:00+00:00,2.4025,2.424,2.381,2.403,2.403,53916000,2.403,-0.003738322110607104,-0.003738322110607104
2005-11-28 00:00:00+00:00,2.4075,2.456,2.381,2.4175,2.4175,213418000,2.4175,0.00601599159098053,0.00601599159098053
2005-11-29 00:00:00+00:00,2.4155,2.4715,2.406,2.4275,2.4275,207688000,2.4275,0.004127972838030591,0.004127972838030591
2005-11-30 00:00:00+00:00,2.424,2.434,2.3775,2.423,2.423,158512000,2.423,-0.0018554793489542769,-0.0018554793489542769
2005-12-01 00:00:00+00:00,2.444,2.47,2.4315,2.45,2.45,157334000,2.45,0.01108158272224696,0.01108158272224696
2005-12-02 00:00:00+00:00,2.446,2.4765,2.42,2.453,2.453,129032000,2.453,0.0012237407197164267,0.0012237407197164267
2005-12-05 00:00:00+00:00,2.443,2.4675,2.4375,2.4415,2.4415,105018000,2.4415,-0.004699160756774235,-0.004699160756774235
2005-12-06 00:00:00+00:00,2.453,2.495,2.453,2.463,2.463,191628000,2.463,0.008767514618822886,0.008767514618822886
2005-12-07 00:00:00+00:00,2.4655,2.4735,2.4145,2.4415,2.4415,135936000,2.4415,-0.008767514618823033,-0.008767514618823033
2005-12-08 00:00:00+00:00,2.4415,2.455,2.393,2.4175,2.4175,142880000,2.4175,-0.00987865617426554,-0.00987865617426554
2005-12-09 00:00:00+00:00,2.4325,2.452,2.4125,2.437,2.437,94180000,2.437,0.00803382629775667,0.00803382629775667
2005-12-12 00:00:00+00:00,2.4575,2.465,2.432,2.4535,2.4535,68486000,2.4535,0.006747801904751836,0.006747801904751836
2005-12-13 00:00:00+00:00,2.427,2.4835,2.424,2.475,2.475,116256000,2.475,0.008724819472832717,0.008724819472832717
2005-12-14 00:00:00+00:00,2.46,2.48,2.4395,2.4705,2.4705,99318000,2.4705,-0.001819836716986094,-0.001819836716986094
2005-12-15 00:00:00+00:00,2.475,2.4975,2.4525,2.474,2.474,116410000,2.474,0.0014157146666285466,0.0014157146666285466
2005-12-16 00:00:00+00:00,2.47,2.496,2.4605,2.4605,2.4605,112530000,2.4605,-0.005471692646400351,-0.005471692646400351
2005-12-19 00:00:00+00:00,2.4495,2.5,2.416,2.4185,2.4185,166174000,2.4185,-0.017217068042995082,-0.017217068042995082
2005-12-20 00:00:00+00:00,2.423,2.43,2.384,2.407,2.407,110704000,2.407,-0.004766354479965865,-0.004766354479965865
2005-12-21 00:00:00+00:00,2.4145,2.453,2.389,2.4485,2.4485,146450000,2.4485,0.017094433359300255,0.017094433359300255
2005-12-22 00:00:00+00:00,2.445,2.464,2.418,2.461,2.461,88436000,2.461,0.005092179248683634,0.005092179248683634
2005-12-23 00:00:00+00:00,2.4545,2.4695,2.436,2.461,2.461,64130000,2.461,0.0,0.0
2005-12-27 00:00:00+00:00,2.445,2.455,2.418,2.428,2.428,116374000,2.428,-0.013499898211667,-0.013499898211667
2005-12-28 00:00:00+00:00,2.4245,2.4275,2.395,2.403,2.403,90636000,2.403,-0.010349916442919958,-0.010349916442919958
2005-12-29 00:00:00+00:00,2.4065,2.423,2.3985,2.3995,2.3995,63422000,2.3995,-0.0014575744381686664,-0.0014575744381686664
2005-12-30 00:00:00+00:00,2.3865,2.41,2.357,2.3575,2.3575,108022000,2.3575,-0.017658646790687817,-0.017658646790687817
2006-01-03 00:00:00+00:00,2.3735,2.3925,2.3125,2.379,2.379,151644000,2.379,0.009078495795345134,0.009078495795345134
2006-01-04 00:00:00+00:00,2.3745,2.3865,2.3345,2.3625,2.3625,148818000,2.3625,-0.006959850935059942,-0.006959850935059942
2006-01-05 00:00:00+00:00,2.358,2.41,2.3555,2.3825,2.3825,108344000,2.3825,0.008429976160459401,0.008429976160459401
2006-01-06 00:00:00+00:00,2.3985,2.429,2.366,2.3935,2.3935,123058000,2.3935,0.004606373304206612,0.004606373304206612
2006-01-09 00:00:00+00:00,2.3275,2.355,2.32,2.354,2.354,178862000,2.354,-0.016640721012341642,-0.016640721012341642
2006-01-10 00:00:00+00:00,2.3205,2.3375,2.268,2.2825,2.2825,193722000,2.2825,-0.030844675351098413,-0.030844675351098413
2006-01-11 00:00:00+00:00,2.2825,2.285,2.213,2.2465,2.2465,169944000,2.2465,-0.015897883958908936,-0.015897883958908936
2006-01-12 00:00:00+00:00,2.2395,2.2545,2.2045,2.218,2.218,116366000,2.218,-0.01276756059990242,-0.01276756059990242
2006-01-13 00:00:00+00:00,2.2235,2.2425,2.2,2.22,2.22,88644000,2.22,0.0009013069560128885,0.0009013069560128885
2006-01-17 00:00:00+00:00,2.1975,2.216,2.183,2.2,2.2,112620000,2.2,-0.009049835519917927,-0.009049835519917927
2006-01-18 00:00:00+00:00,2.1595,2.2295,2.155,2.216,2.216,174866000,2.216,0.007246408520767253,0.007246408520767253
2006-01-19 00:00:00+00:00,2.2245,2.262,2.215,2.2225,2.2225,103138000,2.2225,0.0029289195208852567,0.0029289195208852567
2006-01-20 00:00:00+00:00,2.2115,2.218,2.16,2.196,2.196,166148000,2.196,-0.01199516475863839,-0.01199516475863839
2006-01-23 00:00:00+00:00,2.209,2.2375,2.175,2.1865,2.1865,115056000,2.1865,-0.004335431776445959,-0.004335431776445959
2006-01-24 00:00:00+00:00,2.183,2.2215,2.171,2.201,2.201,86848000,2.201,0.006609710673486352,0.006609710673486352
2006-01-25 00:00:00+00:00,2.2025,2.2235,2.167,2.18,2.18,85742000,2.18,-0.009586925743326957,-0.009586925743326957
2006-01-26 00:00:00+00:00,2.1975,2.239,2.1895,2.234,2.234,97790000,2.234,0.024468823846011244,0.024468823846011244
2006-01-27 00:00:00+00:00,2.2275,2.261,2.2265,2.261,2.261,83480000,2.261,0.012013492648823973,0.012013492648823973
2006-01-30 00:00:00+00:00,2.2705,2.2985,2.237,2.248,2.248,81996000,2.248,-0.0057662612643881546,-0.0057662612643881546
2006-01-31 00:00:00+00:00,2.238,2.2605,2.2125,2.241,2.241,81120000,2.241,-0.0031187372126547275,-0.0031187372126547275
2006-02-01 00:00:00+00:00,2.196,2.2345,2.175,2.199,2.199,150028000,2.199,-0.01891948324616594,-0.01891948324616594
2006-02-02 00:00:00+00:00,2.192,2.202,1.99,2.137,2.137,474186000,2.137,-0.028599735235613467,-0.028599735235613467
2006-02-03 00:00:00+00:00,1.885,1.925,1.8685,1.9165,1.9165,670626000,1.9165,-0.10890237049853778,-0.10890237049853778
2006-02-06 00:00:00+00:00,1.917,1.917,1.8885,1.8975,1.8975,170064000,1.8975,-0.00996337555082483,-0.00996337555082483
2006-02-07 00:00:00+00:00,1.9045,1.91,1.86,1.876,1.876,148072000,1.876,-0.011395379703615092,-0.011395379703615092
2006-02-08 00:00:00+00:00,1.885,1.9195,1.8555,1.9085,1.9085,150874000,1.9085,0.01717574261911456,0.01717574261911456
2006-02-09 00:00:00+00:00,1.9305,1.95,1.8965,1.8995,1.8995,138656000,1.8995,-0.004726899557604218,-0.004726899557604218
2006-02-10 00:00:00+00:00,1.899,1.926,1.8685,1.926,1.926,100236000,1.926,0.013854619730390623,0.013854619730390623
2006-02-13 00:00:00+00:00,1.9125,1.921,1.8765,1.893,1.893,95008000,1.893,-0.01728244114874796,-0.01728244114874796
2006-02-14 00:00:00+00:00,1.902,1.9245,1.869,1.9125,1.9125,90284000,1.9125,0.010248414491367984,0.010248414491367984
2006-02-15 00:00:00+00:00,1.912,1.964,1.905,1.963,1.963,138054000,1.963,0.0260626285757702,0.0260626285757702
2006-02-16 00:00:00+00:00,1.9685,2.0,1.9415,1.9575,1.9575,112760000,1.9575,-0.002805766411502913,-0.002805766411502913
2006-02-17 00:00:00+00:00,1.9465,1.969,1.9455,1.9595,1.9595,91636000,1.9595,0.0010211897747279776,0.0010211897747279776
2006-02-21 00:00:00+00:00,1.9505,1.9555,1.913,1.9145,1.9145,101122000,1.9145,-0.023232846722336862,-0.023232846722336862
2006-02-22 00:00:00+00:00,1.9155,1.955,1.8855,1.936,1.936,147138000,1.936,0.01116749691917315,0.01116749691917315
2006-02-23 00:00:00+00:00,1.931,1.9375,1.8935,1.895,1.895,185750000,1.895,-0.021405150319995517,-0.021405150319995517
2006-02-24 00:00:00+00:00,1.9125,1.9205,1.893,1.9175,1.9175,74400000,1.9175,0.011803415724884421,0.011803415724884421
2006-02-27 00:00:00+00:00,1.92,1.939,1.8965,1.9005,1.9005,88982000,1.9005,-0.008905244812107797,-0.008905244812107797
2006-02-28 00:00:00+00:00,1.8895,1.9045,1.8525,1.872,1.872,183018000,1.872,-0.015109631391766087,-0.015109631391766087
2006-03-01 00:00:00+00:00,1.8725,1.8845,1.8425,1.856,1.856,139630000,1.856,-0.008583743691391442,-0.008583743691391442
2006-03-02 00:00:00+00:00,1.782,1.85,1.7685,1.844,1.844,231674000,1.844,-0.006486509229606773,-0.006486509229606773
2006-03-03 00:00:00+00:00,1.8445,1.8915,1.8335,1.8605,1.8605,120898000,1.8605,0.008908143670138114,0.008908143670138114
2006-03-06 00:00:00+00:00,1.866,1.879,1.8385,1.843,1.843,85166000,1.843,-0.009450590116853922,-0.009450590116853922
2006-03-07 00:00:00+00:00,1.8355,1.871,1.835,1.8465,1.8465,94446000,1.8465,0.0018972766227946618,0.0018972766227946618
2006-03-08 00:00:00+00:00,1.836,1.8735,1.8305,1.8405,1.8405,124732000,1.8405,-0.0032546814735420373,-0.0032546814735420373
2006-03-09 00:00:00+00:00,1.84,1.848,1.795,1.806,1.806,144002000,1.806,-0.018922818842145122,-0.018922818842145122
2006-03-10 00:00:00+00:00,1.812,1.825,1.787,1.811,1.811,99454000,1.811,0.002764723906482689,0.002764723906482689
2006-03-13 00:00:00+00:00,1.8155,1.8315,1.7985,1.8095,1.8095,65562000,1.8095,-0.0008286148796162027,-0.0008286148796162027
2006-03-14 00:00:00+00:00,1.802,1.85,1.8005,1.8455,1.8455,83704000,1.8455,0.01969967946625598,0.01969967946625598
2006-03-15 00:00:00+00:00,1.8475,1.85,1.8215,1.8445,1.8445,56030000,1.8445,-0.0005420054333228384,-0.0005420054333228384
2006-03-16 00:00:00+00:00,1.854,1.8695,1.837,1.8385,1.8385,96456000,1.8385,-0.0032582162954035844,-0.0032582162954035844
2006-03-17 00:00:00+00:00,1.844,1.849,1.7925,1.7995,1.7995,137724000,1.7995,-0.021441173222241264,-0.021441173222241264
2006-03-20 00:00:00+00:00,1.796,1.8635,1.79,1.8115,1.8115,123416000,1.8115,0.006646382816046439,0.006646382816046439
2006-03-21 00:00:00+00:00,1.796,1.8365,1.783,1.796,1.796,133432000,1.796,-0.008593261472987014,-0.008593261472987014
2006-03-22 00:00:00+00:00,1.8,1.827,1.7895,1.8,1.8,86016000,1.8,0.0022246950221111086,0.0022246950221111086
2006-03-23 00:00:00+00:00,1.798,1.817,1.774,1.784,1.784,80718000,1.784,-0.008928630744301431,-0.008928630744301431
2006-03-24 00:00:00+00:00,1.786,1.806,1.7655,1.7735,1.7735,73640000,1.7735,-0.005903038926278085,-0.005903038926278085
2006-03-27 00:00:00+00:00,1.775,1.783,1.757,1.7625,1.7625,74170000,1.7625,-0.006221739527252831,-0.006221739527252831
2006-03-28 00:00:00+00:00,1.7605,1.801,1.76,1.7845,1.7845,114544000,1.7845,0.01240500824379125,0.01240500824379125
2006-03-29 00:00:00+00:00,1.7845,1.8405,1.7655,1.816,1.816,143984000,1.816,0.01749801623102366,0.01749801623102366
2006-03-30 00:00:00+00:00,1.8225,1.845,1.809,1.8335,1.8335,80984000,1.8335,0.009590428350141912,0.009590428350141912
2006-03-31 00:00:00+00:00,1.834,1.8385,1.824,1.8265,1.8265,53180000,1.8265,-0.003825141276043489,-0.003825141276043489
2006-04-03 00:00:00+00:00,1.8335,1.8665,1.805,1.807,1.807,101080000,1.807,-0.010733555643108777,-0.010733555643108777
2006-04-04 00:00:00+00:00,1.807,1.855,1.801,1.8385,1.8385,74356000,1.8385,0.017282010149098147,0.017282010149098147
2006-04-05 00:00:00+00:00,1.833,1.867,1.8135,1.867,1.867,111190000,1.867,0.015382842800395802,0.015382842800395802
2006-04-06 00:00:00+00:00,1.86,1.942,1.8565,1.9255,1.9255,185892000,1.9255,0.03085280971324101,0.03085280971324101
2006-04-07 00:00:00+00:00,1.9275,1.9335,1.85,1.8545,1.8545,114090000,1.8545,-0.037570556325318055,-0.037570556325318055
2006-04-10 00:00:00+00:00,1.8575,1.864,1.811,1.8305,1.8305,94950000,1.8305,-0.013025964369354591,-0.013025964369354591
2006-04-11 00:00:00+00:00,1.8305,1.8375,1.776,1.803,1.803,132112000,1.803,-0.01513720935697365,-0.01513720935697365
2006-04-12 00:00:00+00:00,1.7955,1.822,1.7955,1.8065,1.8065,57116000,1.8065,0.0019393273843776424,0.0019393273843776424
2006-04-13 00:00:00+00:00,1.7975,1.836,1.7745,1.831,1.831,74304000,1.831,0.0134709940868157,0.0134709940868157
2006-04-17 00:00:00+00:00,1.8235,1.831,1.7525,1.7635,1.7635,88844000,1.7635,-0.03756179499840395,-0.03756179499840395
2006-04-18 00:00:00+00:00,1.7695,1.8225,1.76,1.814,1.814,91914000,1.814,0.02823388099897526,0.02823388099897526
2006-04-19 00:00:00+00:00,1.806,1.848,1.7945,1.8445,1.8445,85610000,1.8445,0.016673886361648356,0.016673886361648356
2006-04-20 00:00:00+00:00,1.835,1.86,1.8115,1.817,1.817,107752000,1.817,-0.015021448640559138,-0.015021448640559138
2006-04-21 00:00:00+00:00,1.831,1.839,1.786,1.8015,1.8015,88470000,1.8015,-0.008567138208023226,-0.008567138208023226
2006-04-24 00:00:00+00:00,1.806,1.806,1.766,1.7895,1.7895,61752000,1.7895,-0.00668339998206738,-0.00668339998206738
2006-04-25 00:00:00+00:00,1.7795,1.7885,1.7505,1.7775,1.7775,255810000,1.7775,-0.006728368528684532,-0.006728368528684532
2006-04-26 00:00:00+00:00,1.767,1.8175,1.7575,1.7895,1.7895,221430000,1.7895,0.006728368528684515,0.006728368528684515
2006-04-27 00:00:00+00:00,1.7755,1.7935,1.765,1.787,1.787,118650000,1.787,-0.001398015046652575,-0.001398015046652575
2006-04-28 00:00:00+00:00,1.7885,1.7945,1.757,1.7605,1.7605,69850000,1.7605,-0.014940376564320776,-0.014940376564320776
2006-05-01 00:00:00+00:00,1.7595,1.7785,1.722,1.7295,1.7295,141454000,1.7295,-0.017765510217883796,-0.017765510217883796
2006-05-02 00:00:00+00:00,1.732,1.747,1.7115,1.719,1.719,117140000,1.719,-0.0060896229943741,-0.0060896229943741
2006-05-03 00:00:00+00:00,1.7145,1.7195,1.6755,1.698,1.698,151718000,1.698,-0.012291638511556737,-0.012291638511556737
2006-05-04 00:00:00+00:00,1.731,1.736,1.719,1.7235,1.7235,119958000,1.7235,0.014906019085627543,0.014906019085627543
2006-05-05 00:00:00+00:00,1.7325,1.752,1.7075,1.752,1.752,114818000,1.752,0.01640088553941673,0.01640088553941673
2006-05-08 00:00:00+00:00,1.7495,1.7655,1.7235,1.7345,1.7345,84736000,1.7345,-0.010038805086532435,-0.010038805086532435
2006-05-09 00:00:00+00:00,1.721,1.763,1.7105,1.742,1.742,109694000,1.742,0.004314691002643639,0.004314691002643639
2006-05-10 00:00:00+00:00,1.734,1.75,1.705,1.708,1.708,66006000,1.708,-0.019710783063933,-0.019710783063933
2006-05-11 00:00:00+00:00,1.706,1.7075,1.654,1.6765,1.6765,153920000,1.6765,-0.01861480844223182,-0.01861480844223182
2006-05-12 00:00:00+00:00,1.678,1.689,1.6275,1.6365,1.6365,97472000,1.6365,-0.02414847196504803,-0.02414847196504803
2006-05-15 00:00:00+00:00,1.6275,1.6425,1.6105,1.639,1.639,86100000,1.639,0.0015264848025943448,0.0015264848025943448
2006-05-16 00:00:00+00:00,1.642,1.651,1.616,1.638,1.638,104432000,1.638,-0.0006103143308150518,-0.0006103143308150518
2006-05-17 00:00:00+00:00,1.6225,1.635,1.5765,1.5805,1.5805,134082000,1.5805,-0.0357347327573423,-0.0357347327573423
2006-05-18 00:00:00+00:00,1.5855,1.682,1.576,1.6305,1.6305,240544000,1.6305,0.03114546357370134,0.03114546357370134
2006-05-19 00:00:00+00:00,1.633,1.7,1.6015,1.697,1.697,196344000,1.697,0.03997527000485255,0.03997527000485255
2006-05-22 00:00:00+00:00,1.698,1.7495,1.659,1.7415,1.7415,222458000,1.7415,0.025884824571829602,0.025884824571829602
2006-05-23 00:00:00+00:00,1.75,1.8,1.688,1.688,1.688,176454000,1.688,-0.031202414650153568,-0.031202414650153568
2006-05-24 00:00:00+00:00,1.6705,1.7615,1.6685,1.7595,1.7595,190842000,1.7595,0.04148528160573741,0.04148528160573741
2006-05-25 00:00:00+00:00,1.768,1.7845,1.73,1.7815,1.7815,116914000,1.7815,0.012426028284250936,0.012426028284250936
2006-05-26 00:00:00+00:00,1.783,1.825,1.773,1.8035,1.8035,90486000,1.8035,0.01227351529770289,0.01227351529770289
2006-05-30 00:00:00+00:00,1.7865,1.7875,1.722,1.732,1.732,118416000,1.732,-0.04045241122121328,-0.04045241122121328
2006-05-31 00:00:00+00:00,1.737,1.747,1.6865,1.7305,1.7305,103932000,1.7305,-0.0008664260469815797,-0.0008664260469815797
2006-06-01 00:00:00+00:00,1.7315,1.7725,1.715,1.7535,1.7535,118640000,1.7535,0.0132034065048339,0.0132034065048339
2006-06-02 00:00:00+00:00,1.7595,1.761,1.7025,1.738,1.738,108858000,1.738,-0.008878763754895522,-0.008878763754895522
2006-06-05 00:00:00+00:00,1.723,1.727,1.6635,1.6745,1.6745,100988000,1.6745,-0.037220413591077944,-0.037220413591077944
2006-06-06 00:00:00+00:00,1.679,1.69,1.6465,1.6705,1.6705,85532000,1.6705,-0.00239163043744804,-0.00239163043744804
2006-06-07 00:00:00+00:00,1.67,1.727,1.6455,1.6885,1.6885,106076000,1.6885,0.010717578028811126,0.010717578028811126
2006-06-08 00:00:00+00:00,1.6775,1.703,1.621,1.6775,1.6775,166220000,1.6775,-0.0065359709797854215,-0.0065359709797854215
2006-06-09 00:00:00+00:00,1.675,1.7175,1.6725,1.689,1.689,104652000,1.689,0.006832047961963151,0.006832047961963151
2006-06-12 00:00:00+00:00,1.7,1.7225,1.6745,1.68,1.68,83916000,1.68,-0.0053428444104955805,-0.0053428444104955805
2006-06-13 00:00:00+00:00,1.6745,1.7085,1.6565,1.6735,1.6735,108060000,1.6735,-0.0038765517459232947,-0.0038765517459232947
2006-06-14 00:00:00+00:00,1.675,1.6995,1.654,1.684,1.684,97382000,1.684,0.006254674150890765,0.006254674150890765
2006-06-15 00:00:00+00:00,1.692,1.7585,1.6835,1.748,1.748,124122000,1.748,0.03730036141320885,0.03730036141320885
2006-06-16 00:00:00+00:00,1.744,1.763,1.735,1.7545,1.7545,102702000,1.7545,0.0037116388077890936,0.0037116388077890936
2006-06-19 00:00:00+00:00,1.76,1.774,1.752,1.7535,1.7535,84232000,1.7535,-0.0005701254430369943,-0.0005701254430369943
2006-06-20 00:00:00+00:00,1.7505,1.7825,1.744,1.774,1.774,89310000,1.774,0.011623093289291998,0.011623093289291998
2006-06-21 00:00:00+00:00,1.767,1.8525,1.767,1.8325,1.8325,157306000,1.8325,0.03244427089128172,0.03244427089128172
2006-06-22 00:00:00+00:00,1.8275,1.8425,1.8055,1.8185,1.8185,94640000,1.8185,-0.007669169333762838,-0.007669169333762838
2006-06-23 00:00:00+00:00,1.823,1.8325,1.801,1.8275,1.8275,78468000,1.8275,0.0049369271968898775,0.0049369271968898775
2006-06-26 00:00:00+00:00,1.8275,1.8585,1.8215,1.8385,1.8385,72116000,1.8385,0.006001109117393266,0.006001109117393266
2006-06-27 00:00:00+00:00,1.836,1.875,1.8085,1.824,1.824,112820000,1.824,-0.00791813010704993,-0.00791813010704993
2006-06-28 00:00:00+00:00,1.835,1.8555,1.824,1.835,1.835,75034000,1.835,0.006012589854393897,0.006012589854393897
2006-06-29 00:00:00+00:00,1.841,1.9285,1.835,1.926,1.926,127450000,1.926,0.048400831869400175,0.048400831869400175
2006-06-30 00:00:00+00:00,1.929,1.942,1.8915,1.934,1.934,103824000,1.934,0.004145083655168844,0.004145083655168844
2006-07-03 00:00:00+00:00,1.926,1.931,1.9115,1.9305,1.9305,28726000,1.9305,-0.0018113603089484815,-0.0018113603089484815
2006-07-05 00:00:00+00:00,1.914,1.9215,1.839,1.8555,1.8555,114680000,1.8555,-0.03962483520363882,-0.03962483520363882
2006-07-06 00:00:00+00:00,1.8535,1.887,1.826,1.84,1.84,87454000,1.84,-0.008388629897620915,-0.008388629897620915
2006-07-07 00:00:00+00:00,1.8355,1.864,1.7875,1.8055,1.8055,100082000,1.8055,-0.018928009885518796,-0.018928009885518796
2006-07-10 00:00:00+00:00,1.815,1.835,1.77,1.7895,1.7895,77534000,1.7895,-0.008901310511431986,-0.008901310511431986
2006-07-11 00:00:00+00:00,1.787,1.796,1.7505,1.783,1.783,121772000,1.783,-0.0036389123429402008,-0.0036389123429402008
2006-07-12 00:00:00+00:00,1.78,1.795,1.7285,1.7315,1.7315,97894000,1.7315,-0.0293092540206637,-0.0293092540206637
2006-07-13 00:00:00+00:00,1.7165,1.7315,1.6855,1.6865,1.6865,129110000,1.6865,-0.026332709340771632,-0.026332709340771632
2006-07-14 00:00:00+00:00,1.6755,1.6865,1.64,1.646,1.646,161896000,1.646,-0.024307273264689986,-0.024307273264689986
2006-07-17 00:00:00+00:00,1.6395,1.6965,1.6395,1.6835,1.6835,143946000,1.6835,0.02252685736411414,0.02252685736411414
2006-07-18 00:00:00+00:00,1.6825,1.7145,1.648,1.6745,1.6745,104300000,1.6745,-0.0053603463668698195,-0.0053603463668698195
2006-07-19 00:00:00+00:00,1.675,1.7385,1.6695,1.724,1.724,177326000,1.724,0.02913255898937899,0.02913255898937899
2006-07-20 00:00:00+00:00,1.7195,1.7405,1.6915,1.709,1.709,116724000,1.709,-0.008738768108047416,-0.008738768108047416
2006-07-21 00:00:00+00:00,1.6925,1.6985,1.646,1.6595,1.6595,142732000,1.6595,-0.0293920519555616,-0.0293920519555616
2006-07-24 00:00:00+00:00,1.6675,1.734,1.667,1.7155,1.7155,147708000,1.7155,0.033188231138475174,0.033188231138475174
2006-07-25 00:00:00+00:00,1.7,1.708,1.6695,1.6795,1.6795,344600000,1.6795,-0.021208453246156955,-0.021208453246156955
2006-07-26 00:00:00+00:00,1.438,1.45,1.298,1.313,1.313,1539704000,1.313,-0.24618153474955126,-0.24618153474955126
2006-07-27 00:00:00+00:00,1.3225,1.34,1.3105,1.328,1.328,527876000,1.328,0.011359455733583136,0.011359455733583136
2006-07-28 00:00:00+00:00,1.34,1.359,1.3285,1.3585,1.3585,248440000,1.3585,0.022707098830023278,0.022707098830023278
2006-07-31 00:00:00+00:00,1.351,1.3645,1.337,1.3445,1.3445,160764000,1.3445,-0.010358953157483107,-0.010358953157483107
2006-08-01 00:00:00+00:00,1.3275,1.332,1.292,1.316,1.316,262576000,1.316,-0.02142536382365688,-0.02142536382365688
2006-08-02 00:00:00+00:00,1.3075,1.315,1.2945,1.3045,1.3045,156208000,1.3045,-0.008777007308479407,-0.008777007308479407
2006-08-03 00:00:00+00:00,1.3045,1.345,1.295,1.3345,1.3345,138822000,1.3345,0.022736864267795767,0.022736864267795767
2006-08-04 00:00:00+00:00,1.347,1.3795,1.34,1.3645,1.3645,205048000,1.3645,0.02223137130381428,0.02223137130381428
2006-08-07 00:00:00+00:00,1.3595,1.3645,1.3295,1.339,1.339,109528000,1.339,-0.018864994457220726,-0.018864994457220726
2006-08-08 00:00:00+00:00,1.34,1.351,1.3095,1.318,1.318,145204000,1.318,-0.015807630628719885,-0.015807630628719885
2006-08-09 00:00:00+00:00,1.327,1.335,1.3,1.3105,1.3105,138224000,1.3105,-0.005706692298991546,-0.005706692298991546
2006-08-10 00:00:00+00:00,1.31,1.326,1.294,1.3245,1.3245,128112000,1.3245,0.010626285948663473,0.010626285948663473
2006-08-11 00:00:00+00:00,1.3215,1.3215,1.288,1.3035,1.3035,102318000,1.3035,-0.015982075338567926,-0.015982075338567926
2006-08-14 00:00:00+00:00,1.311,1.353,1.309,1.3265,1.3265,102560000,1.3265,0.01749094020423783,0.01749094020423783
2006-08-15 00:00:00+00:00,1.3485,1.393,1.331,1.3885,1.3885,164032000,1.3885,0.04568013316906004,0.04568013316906004
2006-08-16 00:00:00+00:00,1.3985,1.407,1.376,1.3975,1.3975,152732000,1.3975,0.00646089828239993,0.00646089828239993
2006-08-17 00:00:00+00:00,1.398,1.4875,1.3915,1.4545,1.4545,189926000,1.4545,0.03997727290600201,0.03997727290600201
2006-08-18 00:00:00+00:00,1.4545,1.4615,1.411,1.456,1.456,119972000,1.456,0.0010307508213748854,0.0010307508213748854
2006-08-21 00:00:00+00:00,1.435,1.449,1.3985,1.4065,1.4065,106698000,1.4065,-0.034588600826719614,-0.034588600826719614
2006-08-22 00:00:00+00:00,1.407,1.4445,1.4025,1.4185,1.4185,91742000,1.4185,0.008495626318994485,0.008495626318994485
2006-08-23 00:00:00+00:00,1.428,1.4445,1.3885,1.407,1.407,94528000,1.407,-0.00814019713451701,-0.00814019713451701
2006-08-24 00:00:00+00:00,1.412,1.4125,1.377,1.3985,1.3985,90338000,1.3985,-0.006059544472374588,-0.006059544472374588
2006-08-25 00:00:00+00:00,1.3895,1.4115,1.381,1.4015,1.4015,70852000,1.4015,0.0021428579628285566,0.0021428579628285566
2006-08-28 00:00:00+00:00,1.42,1.45,1.4135,1.4455,1.4455,121348000,1.4455,0.030912190851557803,0.030912190851557803
2006-08-29 00:00:00+00:00,1.4485,1.486,1.4375,1.476,1.476,147962000,1.476,0.020880443704016958,0.020880443704016958
2006-08-30 00:00:00+00:00,1.4785,1.5425,1.474,1.5335,1.5335,226066000,1.5335,0.03821697839388858,0.03821697839388858
2006-08-31 00:00:00+00:00,1.5375,1.5495,1.5235,1.5415,1.5415,118940000,1.5415,0.005203263771898912,0.005203263771898912
2006-09-01 00:00:00+00:00,1.5425,1.59,1.5425,1.588,1.588,131264000,1.588,0.029719394480876054,0.029719394480876054
2006-09-05 00:00:00+00:00,1.5805,1.615,1.562,1.6115,1.6115,149354000,1.6115,0.014690059448411336,0.014690059448411336
2006-09-06 00:00:00+00:00,1.588,1.599,1.5325,1.54,1.54,182282000,1.54,-0.04538300584781758,-0.04538300584781758
2006-09-07 00:00:00+00:00,1.5285,1.532,1.484,1.4865,1.4865,178034000,1.4865,-0.03535805296952258,-0.03535805296952258
2006-09-08 00:00:00+00:00,1.5095,1.533,1.497,1.5255,1.5255,104544000,1.5255,0.02589786171857212,0.02589786171857212
2006-09-11 00:00:00+00:00,1.5115,1.5565,1.486,1.5395,1.5395,148076000,1.5395,0.00913546320783081,0.00913546320783081
2006-09-12 00:00:00+00:00,1.5435,1.597,1.5265,1.586,1.586,130548000,1.586,0.029757434830238256,0.029757434830238256
2006-09-13 00:00:00+00:00,1.5865,1.598,1.5685,1.5835,1.5835,87408000,1.5835,-0.0015775362160989077,-0.0015775362160989077
2006-09-14 00:00:00+00:00,1.577,1.5935,1.559,1.5825,1.5825,74114000,1.5825,-0.0006317119603631589,-0.0006317119603631589
2006-09-15 00:00:00+00:00,1.595,1.637,1.579,1.626,1.626,205474000,1.626,0.0271171360894246,0.0271171360894246
2006-09-18 00:00:00+00:00,1.6225,1.6335,1.594,1.604,1.604,102462000,1.604,-0.013622501681296023,-0.013622501681296023
2006-09-19 00:00:00+00:00,1.612,1.615,1.541,1.579,1.579,171440000,1.579,-0.01570877417081777,-0.01570877417081777
2006-09-20 00:00:00+00:00,1.5905,1.6405,1.59,1.606,1.606,170978000,1.606,0.016954880251065018,0.016954880251065018
2006-09-21 00:00:00+00:00,1.612,1.628,1.5035,1.511,1.511,311074000,1.511,-0.06097493223396755,-0.06097493223396755
2006-09-22 00:00:00+00:00,1.511,1.5475,1.495,1.542,1.542,144980000,1.542,0.02030859185053528,0.02030859185053528
2006-09-25 00:00:00+00:00,1.5525,1.5985,1.537,1.5895,1.5895,132392000,1.5895,0.03033922622758249,0.03033922622758249
2006-09-26 00:00:00+00:00,1.5945,1.6295,1.59,1.625,1.625,132022000,1.625,0.022088314412980425,0.022088314412980425
2006-09-27 00:00:00+00:00,1.614,1.623,1.5965,1.6165,1.6165,109396000,1.6165,-0.005244497598350005,-0.005244497598350005
2006-09-28 00:00:00+00:00,1.6135,1.6165,1.561,1.592,1.592,149988000,1.592,-0.01527223076115948,-0.01527223076115948
2006-09-29 00:00:00+00:00,1.6005,1.617,1.577,1.606,1.606,104544000,1.606,0.008755528102378724,0.008755528102378724
2006-10-02 00:00:00+00:00,1.599,1.6015,1.5415,1.5435,1.5435,136300000,1.5435,-0.03969405056449304,-0.03969405056449304
2006-10-03 00:00:00+00:00,1.545,1.6,1.529,1.585,1.585,160680000,1.585,0.026531842369166947,0.026531842369166947
2006-10-04 00:00:00+00:00,1.5875,1.6415,1.565,1.638,1.638,141296000,1.638,0.03289157810163367,0.03289157810163367
2006-10-05 00:00:00+00:00,1.634,1.67,1.62,1.666,1.666,169118000,1.666,0.016949558313773205,0.016949558313773205
2006-10-06 00:00:00+00:00,1.6575,1.661,1.625,1.6295,1.6295,84384000,1.6295,-0.02215232444917177,-0.02215232444917177
2006-10-09 00:00:00+00:00,1.6245,1.674,1.6225,1.669,1.669,105784000,1.669,0.023951425384218867,0.023951425384218867
2006-10-10 00:00:00+00:00,1.6635,1.679,1.6245,1.631,1.631,126668000,1.631,-0.023031321040821184,-0.023031321040821184
2006-10-11 00:00:00+00:00,1.6305,1.6575,1.6135,1.6455,1.6455,134570000,1.6455,0.008850965762380699,0.008850965762380699
2006-10-12 00:00:00+00:00,1.655,1.6855,1.6315,1.6775,1.6775,119794000,1.6775,0.019260300462442172,0.019260300462442172
2006-10-13 00:00:00+00:00,1.6675,1.679,1.654,1.666,1.666,81346000,1.666,-0.006879046119048904,-0.006879046119048904
2006-10-16 00:00:00+00:00,1.6425,1.66,1.6275,1.63,1.63,135388000,1.63,-0.02184552892598003,-0.02184552892598003
2006-10-17 00:00:00+00:00,1.61,1.6305,1.5875,1.6235,1.6235,132714000,1.6235,-0.003995702257907351,-0.003995702257907351
2006-10-18 00:00:00+00:00,1.6285,1.639,1.6,1.6155,1.6155,106986000,1.6155,-0.004939806278347729,-0.004939806278347729
2006-10-19 00:00:00+00:00,1.6085,1.642,1.605,1.627,1.627,80752000,1.627,0.007093321954484991,0.007093321954484991
2006-10-20 00:00:00+00:00,1.6345,1.6345,1.6105,1.6285,1.6285,116788000,1.6285,0.0009215174972504887,0.0009215174972504887
2006-10-23 00:00:00+00:00,1.6235,1.6455,1.607,1.644,1.644,161186000,1.644,0.00947295089983687,0.00947295089983687
2006-10-24 00:00:00+00:00,1.6435,1.9,1.643,1.6815,1.6815,463106000,1.6815,0.022553955564199188,0.022553955564199188
2006-10-25 00:00:00+00:00,1.865,1.899,1.802,1.884,1.884,930450000,1.884,0.11371092395598406,0.11371092395598406
2006-10-26 00:00:00+00:00,1.8625,1.9245,1.859,1.915,1.915,341466000,1.915,0.01632044647843805,0.01632044647843805
2006-10-27 00:00:00+00:00,1.9075,1.919,1.883,1.912,1.912,199068000,1.912,-0.001567808003399844,-0.001567808003399844
2006-10-30 00:00:00+00:00,1.9025,1.917,1.884,1.9075,1.9075,137648000,1.9075,-0.0023563304527344994,-0.0023563304527344994
2006-10-31 00:00:00+00:00,1.911,1.9295,1.89,1.9045,1.9045,124208000,1.9045,-0.0015739772399533222,-0.0015739772399533222
2006-11-01 00:00:00+00:00,1.9065,1.91,1.873,1.878,1.878,133378000,1.878,-0.014012126150450664,-0.014012126150450664
2006-11-02 00:00:00+00:00,1.8665,1.8885,1.8555,1.8725,1.8725,108946000,1.8725,-0.0029329443768335356,-0.0029329443768335356
2006-11-03 00:00:00+00:00,1.8805,1.8855,1.8435,1.873,1.873,102482000,1.873,0.000266987052713973,0.000266987052713973
2006-11-06 00:00:00+00:00,1.882,1.9175,1.8765,1.9105,1.9105,90818000,1.9105,0.019823564442866176,0.019823564442866176
2006-11-07 00:00:00+00:00,1.91,1.95,1.902,1.9385,1.9385,154902000,1.9385,0.014549490224029,0.014549490224029
2006-11-08 00:00:00+00:00,1.929,1.974,1.923,1.9735,1.9735,163198000,1.9735,0.017894137991918038,0.017894137991918038
2006-11-09 00:00:00+00:00,1.975,1.9885,1.9405,1.942,1.942,116142000,1.942,-0.016090246251631593,-0.016090246251631593
2006-11-10 00:00:00+00:00,1.9395,1.968,1.938,1.963,1.963,89902000,1.963,0.010755545425190957,0.010755545425190957
2006-11-13 00:00:00+00:00,1.9615,2.0,1.9565,1.9995,1.9995,138886000,1.9995,0.01842323401041197,0.01842323401041197
2006-11-14 00:00:00+00:00,2.0055,2.0835,1.981,2.0755,2.0755,219026000,2.0755,0.03730493920622025,0.03730493920622025
2006-11-15 00:00:00+00:00,2.075,2.155,2.075,2.13,2.13,271134000,2.13,0.025919891210377334,0.025919891210377334
2006-11-16 00:00:00+00:00,2.1225,2.1475,2.12,2.142,2.142,220016000,2.142,0.005617992304223274,0.005617992304223274
2006-11-17 00:00:00+00:00,2.1275,2.1335,2.111,2.1275,2.1275,130604000,2.1275,-0.006792390560164853,-0.006792390560164853
2006-11-20 00:00:00+00:00,2.1175,2.1275,2.097,2.122,2.122,115928000,2.122,-0.002588541273600744,-0.002588541273600744
2006-11-21 00:00:00+00:00,2.1275,2.1625,2.106,2.127,2.127,139688000,2.127,0.002353496026308679,0.002353496026308679
2006-11-22 00:00:00+00:00,2.125,2.149,2.109,2.148,2.148,90712000,2.148,0.00982464042851832,0.00982464042851832
2006-11-24 00:00:00+00:00,2.128,2.147,2.1155,2.1205,2.1205,44826000,2.1205,-0.012885266714110093,-0.012885266714110093
2006-11-27 00:00:00+00:00,2.109,2.14,2.036,2.0425,2.0425,179456000,2.0425,-0.03747736218048741,-0.03747736218048741
2006-11-28 00:00:00+00:00,2.0375,2.0535,2.015,2.046,2.046,141986000,2.046,0.0017121197774137495,0.0017121197774137495
2006-11-29 00:00:00+00:00,2.024,2.055,2.0,2.0315,2.0315,157092000,2.0315,-0.007112231083790346,-0.007112231083790346
2006-11-30 00:00:00+00:00,2.021,2.032,1.9925,2.017,2.017,126926000,2.017,-0.007163177473569609,-0.007163177473569609
2006-12-01 00:00:00+00:00,2.013,2.027,1.9545,1.9705,1.9705,166122000,1.9705,-0.023323941319153392,-0.023323941319153392
2006-12-04 00:00:00+00:00,1.9655,1.974,1.9435,1.955,1.955,194414000,1.955,-0.007897124215592202,-0.007897124215592202
2006-12-05 00:00:00+00:00,1.9565,1.965,1.936,1.949,1.949,114754000,1.949,-0.003073772911905343,-0.003073772911905343
2006-12-06 00:00:00+00:00,1.9385,1.979,1.932,1.945,1.945,115538000,1.945,-0.002054443455014111,-0.002054443455014111
2006-12-07 00:00:00+00:00,1.9465,1.9545,1.9025,1.906,1.906,132430000,1.906,-0.02025517183839931,-0.02025517183839931
2006-12-08 00:00:00+00:00,1.896,1.9475,1.885,1.923,1.923,102794000,1.923,0.008879661374632334,0.008879661374632334
2006-12-11 00:00:00+00:00,1.911,1.9575,1.904,1.9345,1.9345,96972000,1.9345,0.005962428551788012,0.005962428551788012
2006-12-12 00:00:00+00:00,1.922,1.947,1.9075,1.923,1.923,101664000,1.923,-0.005962428551787955,-0.005962428551787955
2006-12-13 00:00:00+00:00,1.9305,1.9595,1.9095,1.925,1.925,93556000,1.925,0.0010395011331048442,0.0010395011331048442
2006-12-14 00:00:00+00:00,1.937,1.977,1.93,1.951,1.951,125922000,1.951,0.013416093901226573,0.013416093901226573
2006-12-15 00:00:00+00:00,1.969,2.0095,1.9615,2.0005,2.0005,163070000,2.0005,0.025055087674178494,0.025055087674178494
2006-12-18 00:00:00+00:00,2.01,2.032,1.943,1.963,1.963,129734000,1.963,-0.018923234020828714,-0.018923234020828714
2006-12-19 00:00:00+00:00,1.939,1.986,1.9115,1.971,1.971,150400000,1.971,0.004067112876259159,0.004067112876259159
2006-12-20 00:00:00+00:00,1.9715,2.015,1.9695,2.0005,2.0005,155686000,2.0005,0.014856121144569542,0.014856121144569542
2006-12-21 00:00:00+00:00,1.9935,2.017,1.9825,1.9945,1.9945,131004000,1.9945,-0.0030037569518285502,-0.0030037569518285502
2006-12-22 00:00:00+00:00,1.999,2.0255,1.9955,2.012,2.012,111702000,2.012,0.008735859874168521,0.008735859874168521
2006-12-26 00:00:00+00:00,2.0065,2.0065,1.971,1.99,1.99,89472000,1.99,-0.010994613501091719,-0.010994613501091719
2006-12-27 00:00:00+00:00,1.993,2.0235,1.99,2.0145,2.0145,70730000,2.0145,0.012236386912863923,0.012236386912863923
2006-12-28 00:00:00+00:00,2.019,2.0315,1.996,2.0105,2.0105,90910000,2.0105,-0.001987578294073253,-0.001987578294073253
2006-12-29 00:00:00+00:00,2.003,2.0125,1.9675,1.973,1.973,83940000,1.973,-0.018828220314713304,-0.018828220314713304
2007-01-03 00:00:00+00:00,1.934,1.953,1.9025,1.935,1.935,248102000,1.935,-0.01944790055873314,-0.01944790055873314
2007-01-04 00:00:00+00:00,1.9295,1.957,1.913,1.945,1.945,126368000,1.945,0.005154650588664422,0.005154650588664422
2007-01-05 00:00:00+00:00,1.936,1.9395,1.88,1.9185,1.9185,132394000,1.9185,-0.01371834636553954,-0.01371834636553954
2007-01-08 00:00:00+00:00,1.911,1.9155,1.8585,1.875,1.875,135660000,1.875,-0.022934971282495924,-0.022934971282495924
2007-01-09 00:00:00+00:00,1.88,1.903,1.867,1.889,1.889,114060000,1.889,0.007438929096998428,0.007438929096998428
2007-01-10 00:00:00+00:00,1.8745,1.885,1.8535,1.8575,1.8575,130550000,1.8575,-0.016816090909595387,-0.016816090909595387
2007-01-11 00:00:00+00:00,1.8585,1.9,1.8585,1.87,1.87,129312000,1.87,0.00670693325671808,0.00670693325671808
2007-01-12 00:00:00+00:00,1.868,1.9105,1.8635,1.91,1.91,89328000,1.91,0.021164811192043116,0.021164811192043116
2007-01-16 00:00:00+00:00,1.92,1.9445,1.8985,1.933,1.933,112874000,1.933,0.011969958167655469,0.011969958167655469
2007-01-17 00:00:00+00:00,1.935,1.95,1.889,1.894,1.894,100536000,1.894,-0.020382205462307432,-0.020382205462307432
2007-01-18 00:00:00+00:00,1.875,1.8825,1.836,1.849,1.849,182100000,1.849,-0.024046042358898716,-0.024046042358898716
2007-01-19 00:00:00+00:00,1.8345,1.874,1.83,1.851,1.851,121918000,1.851,0.0010810811863727016,0.0010810811863727016
2007-01-22 00:00:00+00:00,1.8825,1.895,1.84,1.8475,1.8475,166340000,1.8475,-0.0018926597511407246,-0.0018926597511407246
2007-01-23 00:00:00+00:00,1.845,1.8535,1.815,1.8215,1.8215,106272000,1.8215,-0.01417303637373834,-0.01417303637373834
2007-01-24 00:00:00+00:00,1.8255,1.868,1.825,1.863,1.863,105434000,1.863,0.022527754152969915,0.022527754152969915
2007-01-25 00:00:00+00:00,1.904,1.9115,1.839,1.854,1.854,134952000,1.854,-0.004842624475787903,-0.004842624475787903
2007-01-26 00:00:00+00:00,1.863,1.863,1.815,1.8425,1.8425,82786000,1.8425,-0.006222122062308879,-0.006222122062308879
2007-01-29 00:00:00+00:00,1.835,1.8725,1.827,1.8715,1.8715,147900000,1.8715,0.015616903280992049,0.015616903280992049
2007-01-30 00:00:00+00:00,1.8645,1.871,1.8315,1.8525,1.8525,96270000,1.8525,-0.010204170174241623,-0.010204170174241623
2007-01-31 00:00:00+00:00,1.8475,1.9095,1.838,1.8835,1.8835,145550000,1.8835,0.016595669961853656,0.016595669961853656
2007-02-01 00:00:00+00:00,1.8975,1.965,1.8925,1.935,1.935,522462000,1.935,0.0269755783317864,0.0269755783317864
2007-02-02 00:00:00+00:00,1.8615,1.887,1.834,1.8695,1.8695,517014000,1.8695,-0.034436311046713824,-0.034436311046713824
2007-02-05 00:00:00+00:00,1.8625,1.871,1.8385,1.858,1.858,122218000,1.858,-0.006170375043384521,-0.006170375043384521
2007-02-06 00:00:00+00:00,1.86,1.9205,1.854,1.9135,1.9135,172254000,1.9135,0.029433385491973125,0.029433385491973125
2007-02-07 00:00:00+00:00,1.9245,1.976,1.92,1.949,1.949,210064000,1.949,0.018382394641803978,0.018382394641803978
2007-02-08 00:00:00+00:00,1.9475,1.9755,1.9335,1.955,1.955,109672000,1.955,0.0030737729119052304,0.0030737729119052304
2007-02-09 00:00:00+00:00,1.9595,1.9655,1.933,1.936,1.936,119202000,1.936,-0.009766204582943921,-0.009766204582943921
2007-02-12 00:00:00+00:00,1.9395,1.9495,1.918,1.9425,1.9425,76714000,1.9425,0.0033518144052801344,0.0033518144052801344
2007-02-13 00:00:00+00:00,1.9425,1.9805,1.9425,1.9655,1.9655,90110000,1.9655,0.011770862620112513,0.011770862620112513
2007-02-14 00:00:00+00:00,1.9615,2.014,1.957,2.007,2.007,136282000,2.007,0.020894403934423232,0.020894403934423232
2007-02-15 00:00:00+00:00,2.007,2.016,1.993,2.003,2.003,101764000,2.003,-0.0019950131305198817,-0.0019950131305198817
2007-02-16 00:00:00+00:00,1.995,2.022,1.9935,2.0165,2.0165,93580000,2.0165,0.00671727864760456,0.00671727864760456
2007-02-20 00:00:00+00:00,2.0065,2.087,2.0,2.0755,2.0755,178068000,2.0755,0.028838753179670506,0.028838753179670506
2007-02-21 00:00:00+00:00,2.0595,2.066,2.046,2.063,2.063,90168000,2.063,-0.006040854421841519,-0.006040854421841519
2007-02-22 00:00:00+00:00,2.07,2.1,2.0445,2.05,2.05,98522000,2.05,-0.006321440938798078,-0.006321440938798078
2007-02-23 00:00:00+00:00,2.05,2.06,2.037,2.039,2.039,109948000,2.039,-0.00538030155799858,-0.00538030155799858
2007-02-26 00:00:00+00:00,2.043,2.06,2.02,2.044,2.044,80704000,2.044,0.0024491807491397164,0.0024491807491397164
2007-02-27 00:00:00+00:00,2.0095,2.027,1.939,1.9415,1.9415,177014000,1.9415,-0.05144780215187307,-0.05144780215187307
2007-02-28 00:00:00+00:00,1.9455,1.979,1.904,1.957,1.957,153748000,1.957,0.007951818224354298,0.007951818224354298
2007-03-01 00:00:00+00:00,1.966,1.966,1.9025,1.9425,1.9425,185116000,1.9425,-0.007436885154273839,-0.007436885154273839
2007-03-02 00:00:00+00:00,1.916,1.9435,1.8845,1.8845,1.8845,155756000,1.8845,-0.030313269534612317,-0.030313269534612317
2007-03-05 00:00:00+00:00,1.8575,1.916,1.852,1.8525,1.8525,191312000,1.8525,-0.017126455536948203,-0.017126455536948203
2007-03-06 00:00:00+00:00,1.8845,1.933,1.8705,1.929,1.929,256964000,1.929,0.04046565573548705,0.04046565573548705
2007-03-07 00:00:00+00:00,1.934,1.966,1.914,1.918,1.918,172892000,1.918,-0.005718757462345632,-0.005718757462345632
2007-03-08 00:00:00+00:00,1.9385,1.961,1.899,1.905,1.905,152586000,1.905,-0.006800967882582127,-0.006800967882582127
2007-03-09 00:00:00+00:00,1.924,1.9445,1.9,1.942,1.942,124002000,1.942,0.019236361290468948,0.019236361290468948
2007-03-12 00:00:00+00:00,1.932,1.9525,1.919,1.9405,1.9405,97580000,1.9405,-0.0007726980423092011,-0.0007726980423092011
2007-03-13 00:00:00+00:00,1.915,1.944,1.8845,1.891,1.891,104082000,1.891,-0.02583988215050339,-0.02583988215050339
2007-03-14 00:00:00+00:00,1.888,1.911,1.863,1.904,1.904,171822000,1.904,0.006851146692853086,0.006851146692853086
2007-03-15 00:00:00+00:00,1.905,1.9145,1.8775,1.889,1.889,145314000,1.889,-0.007909347849801043,-0.007909347849801043
2007-03-16 00:00:00+00:00,1.886,1.904,1.876,1.8925,1.8925,137310000,1.8925,0.0018511178100943332,0.0018511178100943332
2007-03-19 00:00:00+00:00,1.9,1.927,1.9,1.9225,1.9225,84532000,1.9225,0.015727716068195306,0.015727716068195306
2007-03-20 00:00:00+00:00,1.9265,1.9345,1.9115,1.929,1.929,76026000,1.929,0.0033753115259299153,0.0033753115259299153
2007-03-21 00:00:00+00:00,1.9275,1.99,1.9155,1.99,1.99,99928000,1.99,0.031132904812809045,0.031132904812809045
2007-03-22 00:00:00+00:00,1.974,1.986,1.9455,1.9745,1.9745,106630000,1.9745,-0.007819436991834012,-0.007819436991834012
2007-03-23 00:00:00+00:00,1.978,1.98,1.949,1.949,1.949,58830000,1.949,-0.01299878121914317,-0.01299878121914317
2007-03-26 00:00:00+00:00,1.949,1.9525,1.9215,1.9505,1.9505,70422000,1.9505,0.0007693294391501973,0.0007693294391501973
2007-03-27 00:00:00+00:00,1.941,1.971,1.938,1.9685,1.9685,79872000,1.9685,0.009186081437081,0.009186081437081
2007-03-28 00:00:00+00:00,1.9545,1.9755,1.937,1.967,1.967,124044000,1.967,-0.0007622919947330556,-0.0007622919947330556
2007-03-29 00:00:00+00:00,1.9825,1.996,1.965,1.9905,1.9905,128104000,1.9905,0.011876324051312776,0.011876324051312776
2007-03-30 00:00:00+00:00,1.9875,2.012,1.971,1.9895,1.9895,119938000,1.9895,-0.0005025125733884644,-0.0005025125733884644
2007-04-02 00:00:00+00:00,1.9925,2.0235,1.9775,2.021,2.021,141826000,2.021,0.015709087536637596,0.015709087536637596
2007-04-03 00:00:00+00:00,2.021,2.069,2.02,2.0595,2.0595,119364000,2.0595,0.018870796472514398,0.018870796472514398
2007-04-04 00:00:00+00:00,2.061,2.0775,2.046,2.0765,2.0765,81294000,2.0765,0.00822054919467283,0.00822054919467283
2007-04-05 00:00:00+00:00,2.0785,2.088,2.072,2.084,2.084,65768000,2.084,0.003605339802449408,0.003605339802449408
2007-04-09 00:00:00+00:00,2.086,2.107,2.0805,2.083,2.083,83654000,2.083,-0.0004799616122855009,-0.0004799616122855009
2007-04-10 00:00:00+00:00,2.0785,2.098,2.073,2.093,2.093,68436000,2.093,0.00478928118502772,0.00478928118502772
2007-04-11 00:00:00+00:00,2.0865,2.0935,2.062,2.084,2.084,101568000,2.084,-0.00430931957274216,-0.00430931957274216
2007-04-12 00:00:00+00:00,2.0865,2.1185,2.07,2.1135,2.1135,95090000,2.1135,0.014056217133587038,0.014056217133587038
2007-04-13 00:00:00+00:00,2.1095,2.125,2.0965,2.1205,2.1205,72200000,2.1205,0.003306568907800582,0.003306568907800582
2007-04-16 00:00:00+00:00,2.1885,2.265,2.1835,2.26,2.26,268880000,2.26,0.06371290335168624,0.06371290335168624
2007-04-17 00:00:00+00:00,2.264,2.266,2.2375,2.2535,2.2535,147978000,2.2535,-0.0028802501356285847,-0.0028802501356285847
2007-04-18 00:00:00+00:00,2.24,2.2575,2.2315,2.2495,2.2495,99928000,2.2495,-0.0017765938494760352,-0.0017765938494760352
2007-04-19 00:00:00+00:00,2.2305,2.2575,2.2205,2.232,2.232,96194000,2.232,-0.007809924780025292,-0.007809924780025292
2007-04-20 00:00:00+00:00,2.2545,2.2585,2.226,2.2475,2.2475,119610000,2.2475,0.006920442844573757,0.006920442844573757
2007-04-23 00:00:00+00:00,2.2135,2.2405,2.208,2.2385,2.2385,141772000,2.2385,-0.004012488664755091,-0.004012488664755091
2007-04-24 00:00:00+00:00,2.2375,2.25,2.2215,2.2375,2.2375,397752000,2.2375,-0.0004468275320098817,-0.0004468275320098817
2007-04-25 00:00:00+00:00,2.656,2.859,2.6475,2.8405,2.8405,2086584000,2.8405,0.23862092184817124,0.23862092184817124
2007-04-26 00:00:00+00:00,2.825,3.152,2.8035,3.139,3.139,1243590000,3.139,0.09992418484477199,0.09992418484477199
2007-04-27 00:00:00+00:00,3.062,3.192,3.031,3.13,3.13,1014668000,3.13,-0.002871273307754648,-0.002871273307754648
2007-04-30 00:00:00+00:00,3.0955,3.122,3.059,3.0665,3.0665,479584000,3.0665,-0.020496158468160462,-0.020496158468160462
2007-05-01 00:00:00+00:00,3.056,3.102,3.014,3.102,3.102,370380000,3.102,0.011510218670445714,0.011510218670445714
2007-05-02 00:00:00+00:00,3.084,3.1125,3.045,3.059,3.059,288544000,3.059,-0.013958999585580558,-0.013958999585580558
2007-05-03 00:00:00+00:00,3.054,3.127,3.038,3.1095,3.1095,269640000,3.1095,0.01637387639304044,0.01637387639304044
2007-05-04 00:00:00+00:00,3.1195,3.1875,3.1175,3.1615,3.1615,285986000,3.1615,0.016584656954723945,0.016584656954723945
2007-05-07 00:00:00+00:00,3.1215,3.1615,3.0355,3.041,3.041,296166000,3.041,-0.03886018982130336,-0.03886018982130336
2007-05-08 00:00:00+00:00,3.027,3.092,2.985,3.0915,3.0915,271022000,3.0915,0.016470001321258785,0.016470001321258785
2007-05-09 00:00:00+00:00,3.1,3.1475,3.065,3.1425,3.1425,177498000,3.1425,0.01636225146577916,0.01636225146577916
2007-05-10 00:00:00+00:00,3.122,3.1325,3.0425,3.046,3.046,201040000,3.046,-0.031189407009295428,-0.031189407009295428
2007-05-11 00:00:00+00:00,3.048,3.08,3.028,3.078,3.078,158382000,3.078,0.010450780943717517,0.010450780943717517
2007-05-14 00:00:00+00:00,3.084,3.087,3.03,3.085,3.085,155208000,3.085,0.002271621940663792,0.002271621940663792
2007-05-15 00:00:00+00:00,3.07,3.0985,3.026,3.029,3.029,174042000,3.029,-0.01831912531225094,-0.01831912531225094
2007-05-16 00:00:00+00:00,3.051,3.167,3.005,3.161,3.161,289708000,3.161,0.042655901188380516,0.042655901188380516
2007-05-17 00:00:00+00:00,3.144,3.176,3.101,3.1085,3.1085,237418000,3.1085,-0.01674813850622556,-0.01674813850622556
2007-05-18 00:00:00+00:00,3.124,3.165,3.114,3.165,3.165,195984000,3.165,0.01801276086888433,0.01801276086888433
2007-05-21 00:00:00+00:00,3.179,3.434,3.165,3.415,3.415,729376000,3.415,0.07602443742661388,0.07602443742661388
2007-05-22 00:00:00+00:00,3.424,3.4535,3.3605,3.444,3.444,344226000,3.444,0.008456093542730943,0.008456093542730943
2007-05-23 00:00:00+00:00,3.4605,3.6655,3.4395,3.45,3.45,851650000,3.45,0.0017406444777841182,0.0017406444777841182
2007-05-24 00:00:00+00:00,3.452,3.521,3.3855,3.4675,3.4675,476492000,3.4675,0.005059642163581147,0.005059642163581147
2007-05-25 00:00:00+00:00,3.4845,3.485,3.4125,3.4275,3.4275,199744000,3.4275,-0.011602740752517085,-0.011602740752517085
2007-05-29 00:00:00+00:00,3.4215,3.489,3.386,3.4815,3.4815,234616000,3.4815,0.015632102946131994,0.015632102946131994
2007-05-30 00:00:00+00:00,3.453,3.504,3.443,3.493,3.493,211522000,3.493,0.003297730424230579,0.003297730424230579
2007-05-31 00:00:00+00:00,3.534,3.537,3.4285,3.457,3.457,186204000,3.457,-0.010359804885207399,-0.010359804885207399
2007-06-01 00:00:00+00:00,3.445,3.465,3.4175,3.429,3.429,140290000,3.429,-0.008132487458704162,-0.008132487458704162
2007-06-04 00:00:00+00:00,3.4125,3.5325,3.3825,3.521,3.521,227610000,3.521,0.026476366692132134,0.026476366692132134
2007-06-05 00:00:00+00:00,3.555,3.712,3.543,3.6825,3.6825,608850000,3.6825,0.044846829181732904,0.044846829181732904
2007-06-06 00:00:00+00:00,3.657,3.6875,3.593,3.6145,3.6145,311820000,3.6145,-0.01863833589643354,-0.01863833589643354
2007-06-07 00:00:00+00:00,3.6285,3.736,3.544,3.602,3.602,482764000,3.602,-0.0034642867044504633,-0.0034642867044504633
2007-06-08 00:00:00+00:00,3.6235,3.662,3.5525,3.662,3.662,204090000,3.662,0.016520199498554617,0.016520199498554617
2007-06-11 00:00:00+00:00,3.65,3.6525,3.55,3.5585,3.5585,223182000,3.5585,-0.028670338495130156,-0.028670338495130156
2007-06-12 00:00:00+00:00,3.522,3.538,3.471,3.5035,3.5035,236590000,3.5035,-0.015576638928737225,-0.015576638928737225
2007-06-13 00:00:00+00:00,3.545,3.5945,3.4625,3.5445,3.5445,238358000,3.5445,0.011634637484483654,0.011634637484483654
2007-06-14 00:00:00+00:00,3.545,3.606,3.54,3.597,3.597,164906000,3.597,0.014703058400551677,0.014703058400551677
2007-06-15 00:00:00+00:00,3.6425,3.6435,3.5595,3.62,3.62,196664000,3.62,0.006373861124192833,0.006373861124192833
2007-06-18 00:00:00+00:00,3.617,3.632,3.57,3.5915,3.5915,156272000,3.5915,-0.007904083304960499,-0.007904083304960499
2007-06-19 00:00:00+00:00,3.5775,3.583,3.484,3.4905,3.4905,237420000,3.4905,-0.028524950104400232,-0.028524950104400232
2007-06-20 00:00:00+00:00,3.5125,3.525,3.4525,3.455,3.455,183452000,3.455,-0.010222535208685794,-0.010222535208685794
2007-06-21 00:00:00+00:00,3.458,3.4885,3.433,3.4835,3.4835,152194000,3.4835,0.008215078268403179,0.008215078268403179
2007-06-22 00:00:00+00:00,3.4775,3.494,3.421,3.443,3.443,167652000,3.443,-0.01169435113164971,-0.01169435113164971
2007-06-25 00:00:00+00:00,3.4675,3.4815,3.415,3.433,3.433,151870000,3.433,-0.0029086698808317734,-0.0029086698808317734
2007-06-26 00:00:00+00:00,3.4265,3.4315,3.369,3.374,3.374,224956000,3.374,-0.01733553035177835,-0.01733553035177835
2007-06-27 00:00:00+00:00,3.348,3.4105,3.3355,3.407,3.407,164858000,3.407,0.009733154555052921,0.009733154555052921
2007-06-28 00:00:00+00:00,3.423,3.5115,3.4075,3.4445,3.4445,195644000,3.4445,0.010946617372284091,0.010946617372284091
2007-06-29 00:00:00+00:00,3.4515,3.4595,3.4075,3.4205,3.4205,106332000,3.4205,-0.006992016832197847,-0.006992016832197847
2007-07-02 00:00:00+00:00,3.4405,3.4855,3.41,3.4805,3.4805,98122000,3.4805,0.0173892224076685,0.0173892224076685
2007-07-03 00:00:00+00:00,3.502,3.5025,3.451,3.4725,3.4725,44470000,3.4725,-0.0023011659802223733,-0.0023011659802223733
2007-07-05 00:00:00+00:00,3.468,3.4825,3.403,3.4365,3.4365,89758000,3.4365,-0.010421284066838989,-0.010421284066838989
2007-07-06 00:00:00+00:00,3.4375,3.465,3.4005,3.4485,3.4485,92306000,3.4485,0.0034858423096859386,0.0034858423096859386
2007-07-09 00:00:00+00:00,3.469,3.6175,3.451,3.6035,3.6035,296338000,3.6035,0.04396624149314971,0.04396624149314971
2007-07-10 00:00:00+00:00,3.5825,3.597,3.5035,3.514,3.514,177708000,3.514,-0.02515060561745328,-0.02515060561745328
2007-07-11 00:00:00+00:00,3.529,3.5825,3.5075,3.5365,3.5365,131872000,3.5365,0.006382547729002179,0.006382547729002179
2007-07-12 00:00:00+00:00,3.5655,3.6785,3.5365,3.6395,3.6395,229032000,3.6395,0.028708772082267856,0.028708772082267856
2007-07-13 00:00:00+00:00,3.654,3.7675,3.6485,3.755,3.755,250040000,3.755,0.03124197563992256,0.03124197563992256
2007-07-16 00:00:00+00:00,3.7365,3.742,3.65,3.6845,3.6845,166698000,3.6845,-0.01895345399118114,-0.01895345399118114
2007-07-17 00:00:00+00:00,3.7195,3.726,3.6795,3.6895,3.6895,121688000,3.6895,0.0013561162913673505,0.0013561162913673505
2007-07-18 00:00:00+00:00,3.6635,3.6745,3.6125,3.666,3.666,125794000,3.666,-0.00638979809877101,-0.00638979809877101
2007-07-19 00:00:00+00:00,3.712,3.716,3.656,3.6675,3.6675,105470000,3.6675,0.00040908161748636716,0.00040908161748636716
2007-07-20 00:00:00+00:00,3.631,3.648,3.525,3.5815,3.5815,182614000,3.5815,-0.02372852396263078,-0.02372852396263078
2007-07-23 00:00:00+00:00,3.589,3.6335,3.5425,3.587,3.587,185356000,3.587,0.0015344914777766958,0.0015344914777766958
2007-07-24 00:00:00+00:00,3.552,3.608,3.4425,3.4625,3.4625,506846000,3.4625,-0.03532532703668875,-0.03532532703668875
2007-07-25 00:00:00+00:00,4.233,4.44,4.1825,4.309,4.309,1209048000,4.309,0.21871498712024406,0.21871498712024406
2007-07-26 00:00:00+00:00,4.251,4.45,4.1715,4.2005,4.2005,465342000,4.2005,-0.025502292810936234,-0.025502292810936234
2007-07-27 00:00:00+00:00,4.2135,4.2665,4.124,4.202,4.202,278852000,4.202,0.0003570366000438706,0.0003570366000438706
2007-07-30 00:00:00+00:00,4.15,4.2025,4.0755,4.135,4.135,257112000,4.135,-0.016073273947154066,-0.016073273947154066
2007-07-31 00:00:00+00:00,4.185,4.1865,3.9,3.927,3.927,282090000,3.927,-0.05161155287978198,-0.05161155287978198
2007-08-01 00:00:00+00:00,3.905,3.9075,3.753,3.8655,3.8655,338360000,3.8655,-0.015784735817480192,-0.015784735817480192
2007-08-02 00:00:00+00:00,3.893,3.988,3.806,3.9855,3.9855,207232000,3.9855,0.0305717351074484,0.0305717351074484
2007-08-03 00:00:00+00:00,3.977,4.0375,3.8355,3.84,3.84,159750000,3.84,-0.0371904082862054,-0.0371904082862054
2007-08-06 00:00:00+00:00,3.853,3.95,3.83,3.95,3.95,180058000,3.95,0.028243212313395154,0.028243212313395154
2007-08-07 00:00:00+00:00,3.9275,4.0,3.8945,3.957,3.957,161186000,3.957,0.0017705834902567023,0.0017705834902567023
2007-08-08 00:00:00+00:00,3.9885,3.994,3.828,3.889,3.889,164896000,3.889,-0.017334107229677032,-0.017334107229677032
2007-08-09 00:00:00+00:00,3.82,3.863,3.7055,3.7055,3.7055,166968000,3.7055,-0.04833385276433378,-0.04833385276433378
2007-08-10 00:00:00+00:00,3.6575,3.825,3.6185,3.739,3.739,181352000,3.739,0.00899999358570016,0.00899999358570016
2007-08-13 00:00:00+00:00,3.8045,3.816,3.735,3.7435,3.7435,121372000,3.7435,0.001202806693626183,0.001202806693626183
2007-08-14 00:00:00+00:00,3.7395,3.7395,3.646,3.6725,3.6725,118924000,3.6725,-0.019148373622707597,-0.019148373622707597
2007-08-15 00:00:00+00:00,3.651,3.7575,3.613,3.619,3.619,127518000,3.619,-0.014674884484289802,-0.014674884484289802
2007-08-16 00:00:00+00:00,3.6,3.662,3.5025,3.6395,3.6395,215746000,3.6395,0.005648564994570002,0.005648564994570002
2007-08-17 00:00:00+00:00,3.7245,3.752,3.6555,3.751,3.751,144812000,3.751,0.030176161523574725,0.030176161523574725
2007-08-20 00:00:00+00:00,3.749,3.764,3.69,3.735,3.735,118322000,3.735,-0.0042746525149697,-0.0042746525149697
2007-08-21 00:00:00+00:00,3.7105,3.8915,3.7045,3.8745,3.8745,168582000,3.8745,0.036668803637087126,0.036668803637087126
2007-08-22 00:00:00+00:00,3.912,3.9745,3.892,3.925,3.925,136962000,3.925,0.012949729012503998,0.012949729012503998
2007-08-23 00:00:00+00:00,3.947,3.95,3.8255,3.865,3.865,113300000,3.865,-0.015404669194986354,-0.015404669194986354
2007-08-24 00:00:00+00:00,3.84,3.97,3.8345,3.9625,3.9625,113314000,3.9625,0.02491345716401361,0.02491345716401361
2007-08-27 00:00:00+00:00,4.028,4.04,3.921,3.9325,3.9325,139026000,3.9325,-0.007599783253103095,-0.007599783253103095
2007-08-28 00:00:00+00:00,3.893,3.9325,3.804,3.811,3.811,115340000,3.811,-0.031383734058572664,-0.031383734058572664
2007-08-29 00:00:00+00:00,3.848,3.9525,3.843,3.9525,3.9525,101536000,3.9525,0.03645666820976702,0.03645666820976702
2007-08-30 00:00:00+00:00,3.92,4.0055,3.915,3.934,3.934,92576000,3.934,-0.0046915701346226645,-0.0046915701346226645
2007-08-31 00:00:00+00:00,4.0,4.0265,3.985,3.9955,3.9955,123148000,3.9955,0.015512007865512925,0.015512007865512925
2007-09-04 00:00:00+00:00,3.995,4.1765,3.9865,4.135,4.135,165320000,4.135,0.0343186006432742,0.0343186006432742
2007-09-05 00:00:00+00:00,4.112,4.2445,4.111,4.1875,4.1875,181244000,4.1875,0.012616568675530314,0.012616568675530314
2007-09-06 00:00:00+00:00,4.225,4.323,4.1425,4.3105,4.3105,176538000,4.3105,0.028950009516657924,0.028950009516657924
2007-09-07 00:00:00+00:00,4.235,4.2485,4.1605,4.226,4.226,164624000,4.226,-0.01979798747397777,-0.01979798747397777
2007-09-10 00:00:00+00:00,4.2465,4.258,4.1255,4.167,4.167,107338000,4.167,-0.014059566753548535,-0.014059566753548535
2007-09-11 00:00:00+00:00,4.2085,4.3305,4.1765,4.314,4.314,137196000,4.314,0.03466919552664818,0.03466919552664818
2007-09-12 00:00:00+00:00,4.3035,4.4445,4.2985,4.365,4.365,180606000,4.365,0.011752641324600925,0.011752641324600925
2007-09-13 00:00:00+00:00,4.3975,4.4035,4.325,4.363,4.363,119670000,4.363,-0.00045829515009297283,-0.00045829515009297283
2007-09-14 00:00:00+00:00,4.3205,4.4045,4.3155,4.3885,4.3885,79094000,4.3885,0.005827588908562432,0.005827588908562432
2007-09-17 00:00:00+00:00,4.349,4.367,4.299,4.3455,4.3455,89690000,4.3455,-0.009846656154657376,-0.009846656154657376
2007-09-18 00:00:00+00:00,4.369,4.58,4.3355,4.4375,4.4375,178488000,4.4375,0.02095032790615633,0.02095032790615633
2007-09-19 00:00:00+00:00,4.476,4.491,4.413,4.45,4.45,129174000,4.45,0.0028129413766146577,0.0028129413766146577
2007-09-20 00:00:00+00:00,4.445,4.521,4.441,4.4825,4.4825,115616000,4.4825,0.007276830319002075,0.007276830319002075
2007-09-21 00:00:00+00:00,4.5145,4.595,4.4825,4.565,4.565,130490000,4.565,0.018237587549781012,0.018237587549781012
2007-09-24 00:00:00+00:00,4.565,4.6875,4.5405,4.6295,4.6295,106436000,4.6295,0.014030356859032825,0.014030356859032825
2007-09-25 00:00:00+00:00,4.5995,4.675,4.5475,4.674,4.674,116006000,4.674,0.00956636521070154,0.00956636521070154
2007-09-26 00:00:00+00:00,4.702,4.713,4.6145,4.6715,4.6715,115406000,4.6715,-0.0005350168657930571,-0.0005350168657930571
2007-09-27 00:00:00+00:00,4.7035,4.7055,4.6555,4.669,4.669,56254000,4.669,-0.0005353032620733869,-0.0005353032620733869
2007-09-28 00:00:00+00:00,4.6385,4.68,4.585,4.6575,4.6575,96274000,4.6575,-0.0024660924951934427,-0.0024660924951934427
2007-10-01 00:00:00+00:00,4.671,4.705,4.6415,4.6705,4.6705,107948000,4.6705,0.002787308837159803,0.002787308837159803
2007-10-02 00:00:00+00:00,4.693,4.695,4.57,4.618,4.618,97344000,4.618,-0.011304421398462595,-0.011304421398462595
2007-10-03 00:00:00+00:00,4.6095,4.64,4.589,4.623,4.623,101044000,4.623,0.00108213407378469,0.00108213407378469
2007-10-04 00:00:00+00:00,4.6275,4.6285,4.5725,4.613,4.613,66366000,4.613,-0.002165440430404922,-0.002165440430404922
2007-10-05 00:00:00+00:00,4.6775,4.6855,4.617,4.6715,4.6715,110470000,4.6715,0.012601814675189801,0.012601814675189801
2007-10-08 00:00:00+00:00,4.711,4.7925,4.7,4.7925,4.7925,148568000,4.7925,0.025571976686789438,0.025571976686789438
2007-10-09 00:00:00+00:00,4.8295,4.8365,4.7375,4.766,4.766,142892000,4.766,-0.005544817261112179,-0.005544817261112179
2007-10-10 00:00:00+00:00,4.775,4.7875,4.7185,4.733,4.733,111356000,4.733,-0.006948127752439503,-0.006948127752439503
2007-10-11 00:00:00+00:00,4.7665,4.787,4.4065,4.467,4.467,196448000,4.467,-0.057842208554129304,-0.057842208554129304
2007-10-12 00:00:00+00:00,4.471,4.6195,4.446,4.6185,4.6185,167198000,4.6185,0.03335293468054626,0.03335293468054626
2007-10-15 00:00:00+00:00,4.59,4.606,4.505,4.5265,4.5265,112176000,4.5265,-0.0201209631171696,-0.0201209631171696
2007-10-16 00:00:00+00:00,4.4345,4.5025,4.425,4.4765,4.4765,170230000,4.4765,-0.011107522841284525,-0.011107522841284525
2007-10-17 00:00:00+00:00,4.595,4.595,4.453,4.5275,4.5275,153574000,4.5275,0.011328419683357863,0.011328419683357863
2007-10-18 00:00:00+00:00,4.4685,4.5215,4.4575,4.4925,4.4925,106590000,4.4925,-0.0077605710998543305,-0.0077605710998543305
2007-10-19 00:00:00+00:00,4.4965,4.5325,4.466,4.488,4.488,182524000,4.488,-0.0010021714551817018,-0.0010021714551817018
2007-10-22 00:00:00+00:00,4.4625,4.5845,4.451,4.5645,4.5645,197368000,4.5645,0.016901810802603036,0.016901810802603036
2007-10-23 00:00:00+00:00,4.764,5.0545,4.7105,5.041,5.041,835236000,5.041,0.09929549607749545,0.09929549607749545
2007-10-24 00:00:00+00:00,4.5435,4.544,4.1635,4.4365,4.4365,832348000,4.4365,-0.12773869780723857,-0.12773869780723857
2007-10-25 00:00:00+00:00,4.4115,4.475,4.316,4.4105,4.4105,232618000,4.4105,-0.005877715576570846,-0.005877715576570846
2007-10-26 00:00:00+00:00,4.45,4.544,4.385,4.5,4.5,176524000,4.5,0.020089335059589573,0.020089335059589573
2007-10-29 00:00:00+00:00,4.5205,4.5735,4.474,4.505,4.505,141944000,4.505,0.0011104942840271153,0.0011104942840271153
2007-10-30 00:00:00+00:00,4.4835,4.5325,4.4025,4.412,4.412,108108000,4.412,-0.02085978966904515,-0.02085978966904515
2007-10-31 00:00:00+00:00,4.4025,4.48,4.35,4.4575,4.4575,140896000,4.4575,0.010259969363902407,0.010259969363902407
2007-11-01 00:00:00+00:00,4.3875,4.479,4.325,4.3825,4.3825,165314000,4.3825,-0.0169687329419057,-0.0169687329419057
2007-11-02 00:00:00+00:00,4.3985,4.406,4.175,4.299,4.299,204610000,4.299,-0.019236900299108024,-0.019236900299108024
2007-11-05 00:00:00+00:00,4.2175,4.301,4.138,4.2185,4.2185,149062000,4.2185,-0.01890282289060024,-0.01890282289060024
2007-11-06 00:00:00+00:00,4.2305,4.375,4.2185,4.3635,4.3635,158680000,4.3635,0.03379487299768463,0.03379487299768463
2007-11-07 00:00:00+00:00,4.3205,4.458,4.308,4.352,4.352,167956000,4.352,-0.0026389780675874636,-0.0026389780675874636
2007-11-08 00:00:00+00:00,4.34,4.348,4.07,4.179,4.179,236064000,4.179,-0.040563526087863205,-0.040563526087863205
2007-11-09 00:00:00+00:00,4.121,4.121,3.942,3.9445,3.9445,232404000,3.9445,-0.05774977991277114,-0.05774977991277114
2007-11-12 00:00:00+00:00,3.913,4.0045,3.825,3.85,3.85,187938000,3.85,-0.024249055253314385,-0.024249055253314385
2007-11-13 00:00:00+00:00,3.8955,4.0025,3.89,3.993,3.993,189926000,3.993,0.036469679781391415,0.036469679781391415
2007-11-14 00:00:00+00:00,4.02,4.0575,3.9075,3.9255,3.9255,168548000,3.9255,-0.01704909642491111,-0.01704909642491111
2007-11-15 00:00:00+00:00,3.9715,3.9865,3.835,3.8925,3.8925,156630000,3.8925,-0.00844210693015686,-0.00844210693015686
2007-11-16 00:00:00+00:00,3.8505,3.9495,3.8315,3.93,3.93,142282000,3.93,0.009587801155153612,0.009587801155153612
2007-11-19 00:00:00+00:00,3.9415,3.9875,3.897,3.959,3.959,172996000,3.959,0.007352042242823736,0.007352042242823736
2007-11-20 00:00:00+00:00,3.993,4.1,3.9155,4.0195,4.0195,232200000,4.0195,0.015166048661884948,0.015166048661884948
2007-11-21 00:00:00+00:00,3.962,4.043,3.9325,3.988,3.988,133566000,3.988,-0.007867664686286503,-0.007867664686286503
2007-11-23 00:00:00+00:00,4.0055,4.0725,3.949,4.0715,4.0715,55618000,4.0715,0.020721629825457177,0.020721629825457177
2007-11-26 00:00:00+00:00,4.115,4.2245,4.057,4.065,4.065,172210000,4.065,-0.0015977389252749747,-0.0015977389252749747
2007-11-27 00:00:00+00:00,4.146,4.2825,4.1105,4.2795,4.2795,172684000,4.2795,0.05142243733975326,0.05142243733975326
2007-11-28 00:00:00+00:00,4.3775,4.5285,4.3375,4.515,4.515,228068000,4.515,0.05356900652942144,0.05356900652942144
2007-11-29 00:00:00+00:00,4.4945,4.5735,4.434,4.4575,4.4575,139542000,4.4575,-0.012817116113790312,-0.012817116113790312
2007-11-30 00:00:00+00:00,4.528,4.554,4.4155,4.528,4.528,137632000,4.528,0.01569227014572332,0.01569227014572332
2007-12-03 00:00:00+00:00,4.5015,4.6125,4.4885,4.5455,4.5455,120010000,4.5455,0.003857391678894065,0.003857391678894065
2007-12-04 00:00:00+00:00,4.502,4.728,4.502,4.7205,4.7205,146758000,4.7205,0.03777699361065851,0.03777699361065851
2007-12-05 00:00:00+00:00,4.7495,4.7495,4.599,4.6595,4.6595,132172000,4.6595,-0.013006579946861099,-0.013006579946861099
2007-12-06 00:00:00+00:00,4.664,4.75,4.6415,4.7105,4.7105,109454000,4.7105,0.010885913263012107,0.010885913263012107
2007-12-07 00:00:00+00:00,4.728,4.734,4.6455,4.7155,4.7155,78696000,4.7155,0.001060895495217071,0.001060895495217071
2007-12-10 00:00:00+00:00,4.7155,4.7175,4.615,4.651,4.651,103612000,4.651,-0.013772704759842458,-0.013772704759842458
2007-12-11 00:00:00+00:00,4.655,4.797,4.5375,4.5375,4.5375,205392000,4.5375,-0.024706050650990824,-0.024706050650990824
2007-12-12 00:00:00+00:00,4.642,4.6875,4.466,4.564,4.564,144562000,4.564,0.005823232408860217,0.005823232408860217
2007-12-13 00:00:00+00:00,4.5525,4.65,4.5315,4.62,4.62,120926000,4.62,0.012195273093818206,0.012195273093818206
2007-12-14 00:00:00+00:00,4.5385,4.562,4.4465,4.454,4.454,120046000,4.454,-0.03659213625847171,-0.03659213625847171
2007-12-17 00:00:00+00:00,4.4505,4.453,4.2495,4.2545,4.2545,153954000,4.2545,-0.045825322527700864,-0.045825322527700864
2007-12-18 00:00:00+00:00,4.2915,4.373,4.193,4.3445,4.3445,145322000,4.3445,0.020933430989648606,0.020933430989648606
2007-12-19 00:00:00+00:00,4.347,4.4975,4.3415,4.469,4.469,152324000,4.469,0.028253992654190912,0.028253992654190912
2007-12-20 00:00:00+00:00,4.507,4.5375,4.4545,4.529,4.529,117596000,4.529,0.013336494622762264,0.013336494622762264
2007-12-21 00:00:00+00:00,4.5735,4.614,4.5195,4.563,4.563,132098000,4.563,0.007479137371188676,0.007479137371188676
2007-12-24 00:00:00+00:00,4.5525,4.578,4.515,4.5505,4.5505,40342000,4.5505,-0.002743184909992051,-0.002743184909992051
2007-12-26 00:00:00+00:00,4.574,4.697,4.525,4.6425,4.6425,108844000,4.6425,0.020015897209450326,0.020015897209450326
2007-12-27 00:00:00+00:00,4.6335,4.7645,4.625,4.7125,4.7125,142274000,4.7125,0.014965538529405348,0.014965538529405348
2007-12-28 00:00:00+00:00,4.7635,4.795,4.605,4.7225,4.7225,151758000,4.7225,0.0021197676193984525,0.0021197676193984525
2007-12-31 00:00:00+00:00,4.6905,4.7185,4.6225,4.632,4.632,115104000,4.632,-0.019349580122833554,-0.019349580122833554
2008-01-02 00:00:00+00:00,4.7675,4.8715,4.735,4.8125,4.8125,277174000,4.8125,0.03822795934320848,0.03822795934320848
2008-01-03 00:00:00+00:00,4.803,4.8625,4.726,4.7605,4.7605,182450000,4.7605,-0.010863994870293492,-0.010863994870293492
2008-01-04 00:00:00+00:00,4.663,4.67,4.425,4.4395,4.4395,205400000,4.4395,-0.0698109472533647,-0.0698109472533647
2008-01-07 00:00:00+00:00,4.431,4.5285,4.2735,4.441,4.441,199632000,4.441,0.0003378188197207098,0.0003378188197207098
2008-01-08 00:00:00+00:00,4.3775,4.5915,4.3465,4.394,4.394,245666000,4.394,-0.010639602347546679,-0.010639602347546679
2008-01-09 00:00:00+00:00,4.378,4.39,4.012,4.261,4.261,328218000,4.261,-0.030736099444643495,-0.030736099444643495
2008-01-10 00:00:00+00:00,4.199,4.2985,4.1485,4.213,4.213,232198000,4.213,-0.011328891520895517,-0.011328891520895517
2008-01-11 00:00:00+00:00,4.2015,4.2015,4.0145,4.054,4.054,212486000,4.054,-0.0384709349670711,-0.0384709349670711
2008-01-14 00:00:00+00:00,4.109,4.166,3.9435,4.1435,4.1435,181122000,4.1435,0.0218367932771519,0.0218367932771519
2008-01-15 00:00:00+00:00,4.0245,4.0505,3.9255,4.012,4.012,193118000,4.012,-0.03225097120727123,-0.03225097120727123
2008-01-16 00:00:00+00:00,3.979,4.118,3.922,4.0175,4.0175,248140000,4.0175,0.0013699485298415308,0.0013699485298415308
2008-01-17 00:00:00+00:00,4.008,4.1125,3.977,4.006,4.006,198018000,4.006,-0.0028665813859040643,-0.0028665813859040643
2008-01-18 00:00:00+00:00,3.9965,4.1155,3.902,3.988,3.988,267286000,3.988,-0.0045033851440346735,-0.0045033851440346735
2008-01-22 00:00:00+00:00,3.679,3.986,3.611,3.924,3.924,256444000,3.924,-0.016178310396475284,-0.016178310396475284
2008-01-23 00:00:00+00:00,3.78,3.84,3.4975,3.6985,3.6985,408114000,3.6985,-0.059184209657331316,-0.059184209657331316
2008-01-24 00:00:00+00:00,3.7265,3.894,3.7095,3.8835,3.8835,197732000,3.8835,0.048809476831779636,0.048809476831779636
2008-01-25 00:00:00+00:00,3.9345,4.0715,3.8165,3.88,3.88,200552000,3.88,-0.0009016552423829947,-0.0009016552423829947
2008-01-28 00:00:00+00:00,3.8455,3.87,3.717,3.791,3.791,170106000,3.791,-0.023205317100984318,-0.023205317100984318
2008-01-29 00:00:00+00:00,3.7885,3.795,3.603,3.6975,3.6975,199160000,3.6975,-0.02497292093138005,-0.02497292093138005
2008-01-30 00:00:00+00:00,3.677,3.871,3.6625,3.7105,3.7105,505974000,3.7105,0.003509722825233571,0.003509722825233571
2008-01-31 00:00:00+00:00,3.4455,3.9435,3.442,3.885,3.885,857718000,3.885,0.04595634539155951,0.04595634539155951
2008-02-01 00:00:00+00:00,3.951,3.97,3.6685,3.7315,3.7315,327220000,3.7315,-0.0403126862303056,-0.0403126862303056
2008-02-04 00:00:00+00:00,3.725,3.833,3.695,3.6975,3.6975,183104000,3.6975,-0.00915338198648736,-0.00915338198648736
2008-02-05 00:00:00+00:00,3.64,3.7105,3.6,3.6045,3.6045,192678000,3.6045,-0.02547385074032154,-0.02547385074032154
2008-02-06 00:00:00+00:00,3.615,3.6215,3.4085,3.4245,3.4245,247990000,3.4245,-0.05122758920667328,-0.05122758920667328
2008-02-07 00:00:00+00:00,3.3685,3.6355,3.361,3.5455,3.5455,290034000,3.5455,0.0347237181060915,0.0347237181060915
2008-02-08 00:00:00+00:00,3.67,3.73,3.626,3.675,3.675,234008000,3.675,0.03587393890288553,0.03587393890288553
2008-02-11 00:00:00+00:00,3.657,3.798,3.6385,3.7595,3.7595,155274000,3.7595,0.022732837171144663,0.022732837171144663
2008-02-12 00:00:00+00:00,3.7715,3.8525,3.6895,3.7225,3.7225,188980000,3.7225,-0.0098904842599175,-0.0098904842599175
2008-02-13 00:00:00+00:00,3.7495,3.9425,3.6635,3.8865,3.8865,221406000,3.8865,0.04311352411211017,0.04311352411211017
2008-02-14 00:00:00+00:00,3.8865,3.894,3.759,3.79,3.79,149944000,3.79,-0.025142990593802237,-0.025142990593802237
2008-02-15 00:00:00+00:00,3.75,3.7595,3.597,3.648,3.648,222402000,3.648,-0.038186946882249974,-0.038186946882249974
2008-02-19 00:00:00+00:00,3.677,3.7,3.5775,3.604,3.604,142184000,3.604,-0.012134732465993484,-0.012134732465993484
2008-02-20 00:00:00+00:00,3.595,3.694,3.555,3.682,3.682,129014000,3.682,0.02141174306479466,0.02141174306479466
2008-02-21 00:00:00+00:00,3.697,3.7105,3.4685,3.495,3.495,263016000,3.495,-0.05212270712511248,-0.05212270712511248
2008-02-22 00:00:00+00:00,3.527,3.6105,3.493,3.604,3.604,246854000,3.604,0.03071096406031785,0.03071096406031785
2008-02-25 00:00:00+00:00,3.6175,3.675,3.5705,3.6635,3.6635,157164000,3.6635,0.016374634871789886,0.016374634871789886
2008-02-26 00:00:00+00:00,3.5955,3.675,3.514,3.5845,3.5845,197826000,3.5845,-0.021799980307091658,-0.021799980307091658
2008-02-27 00:00:00+00:00,3.534,3.574,3.4785,3.5435,3.5435,178610000,3.5435,-0.011504055042616234,-0.011504055042616234
2008-02-28 00:00:00+00:00,3.515,3.53,3.3555,3.3925,3.3925,263356000,3.3925,-0.04354782654128645,-0.04354782654128645
2008-02-29 00:00:00+00:00,3.3505,3.375,3.1985,3.2235,3.2235,233292000,3.2235,-0.051099386958349396,-0.051099386958349396
2008-03-03 00:00:00+00:00,3.1795,3.2245,3.06,3.1215,3.1215,274422000,3.1215,-0.03215407024887602,-0.03215407024887602
2008-03-04 00:00:00+00:00,3.0835,3.33,3.0615,3.267,3.267,334072000,3.267,0.045558477099271195,0.045558477099271195
2008-03-05 00:00:00+00:00,3.283,3.317,3.191,3.2495,3.2495,222528000,3.2495,-0.005370994266666601,-0.005370994266666601
2008-03-06 00:00:00+00:00,3.2375,3.273,3.125,3.137,3.137,166866000,3.137,-0.035234209143725354,-0.035234209143725354
2008-03-07 00:00:00+00:00,3.11,3.2435,3.1005,3.2045,3.2045,208762000,3.2045,0.021289142753603284,0.021289142753603284
2008-03-10 00:00:00+00:00,3.195,3.2575,3.1455,3.1735,3.1735,186420000,3.1735,-0.009720992197756684,-0.009720992197756684
2008-03-11 00:00:00+00:00,3.2975,3.3585,3.1855,3.3575,3.3575,194858000,3.3575,0.05636156965086782,0.05636156965086782
2008-03-12 00:00:00+00:00,3.3385,3.4115,3.282,3.3255,3.3255,154976000,3.3255,-0.00957661067291681,-0.00957661067291681
2008-03-13 00:00:00+00:00,3.2555,3.4775,3.2185,3.416,3.416,214150000,3.416,0.02685023718398461,0.02685023718398461
2008-03-14 00:00:00+00:00,3.4305,3.534,3.303,3.411,3.411,248414000,3.411,-0.0014647724898146698,-0.0014647724898146698
2008-03-17 00:00:00+00:00,3.286,3.3895,3.246,3.3265,3.3265,194182000,3.3265,-0.02508480323670356,-0.02508480323670356
2008-03-18 00:00:00+00:00,3.4125,3.5965,3.3795,3.585,3.585,191014000,3.585,0.07483777385177867,0.07483777385177867
2008-03-19 00:00:00+00:00,3.555,3.7,3.5085,3.5085,3.5085,220838000,3.5085,-0.021569878341377274,-0.021569878341377274
2008-03-20 00:00:00+00:00,3.5085,3.6745,3.469,3.6595,3.6595,228214000,3.6595,0.04213793034893829,0.04213793034893829
2008-03-24 00:00:00+00:00,3.691,3.8465,3.6375,3.7975,3.7975,187908000,3.7975,0.03701642942864619,0.03701642942864619
2008-03-25 00:00:00+00:00,3.7915,3.8145,3.7025,3.7585,3.7585,126550000,3.7585,-0.01032301385240428,-0.01032301385240428
2008-03-26 00:00:00+00:00,3.707,3.756,3.662,3.69,3.69,125702000,3.69,-0.01839348358295074,-0.01839348358295074
2008-03-27 00:00:00+00:00,3.7185,3.7345,3.54,3.54,3.54,158848000,3.54,-0.041499730906752734,-0.041499730906752734
2008-03-28 00:00:00+00:00,3.55,3.6105,3.463,3.488,3.488,105582000,3.488,-0.014798221098949953,-0.014798221098949953
2008-03-31 00:00:00+00:00,3.5125,3.582,3.4815,3.565,3.565,109406000,3.565,0.021835547819526117,0.021835547819526117
2008-04-01 00:00:00+00:00,3.6495,3.8545,3.638,3.835,3.835,194680000,3.835,0.07300538095296019,0.07300538095296019
2008-04-02 00:00:00+00:00,3.854,3.95,3.806,3.8685,3.8685,171848000,3.8685,0.008697400188152724,0.008697400188152724
2008-04-03 00:00:00+00:00,3.7575,3.8005,3.6905,3.747,3.747,162998000,3.747,-0.031911315195821834,-0.031911315195821834
2008-04-04 00:00:00+00:00,3.763,3.8915,3.714,3.8435,3.8435,143056000,3.8435,0.025427889995499404,0.025427889995499404
2008-04-07 00:00:00+00:00,3.868,3.9215,3.8,3.845,3.845,133448000,3.845,0.0003901931505577875,0.0003901931505577875
2008-04-08 00:00:00+00:00,3.82,3.8805,3.775,3.865,3.865,99320000,3.865,0.0051880790817778995,0.0051880790817778995
2008-04-09 00:00:00+00:00,3.828,3.8335,3.683,3.7195,3.7195,133206000,3.7195,-0.03837243139012629,-0.03837243139012629
2008-04-10 00:00:00+00:00,3.724,3.7745,3.6365,3.7415,3.7415,125110000,3.7415,0.0058973498890170445,0.0058973498890170445
2008-04-11 00:00:00+00:00,3.692,3.715,3.581,3.5995,3.5995,135712000,3.5995,-0.03869165361105556,-0.03869165361105556
2008-04-14 00:00:00+00:00,3.585,3.7,3.5645,3.6305,3.6305,87090000,3.6305,0.008575432910943972,0.008575432910943972
2008-04-15 00:00:00+00:00,3.6485,3.699,3.5325,3.625,3.625,136262000,3.625,-0.0015160915315263334,-0.0015160915315263334
2008-04-16 00:00:00+00:00,3.651,3.75,3.647,3.7295,3.7295,134936000,3.7295,0.02841988810644275,0.02841988810644275
2008-04-17 00:00:00+00:00,3.709,3.751,3.6805,3.702,3.702,124400000,3.702,-0.007400962261775062,-0.007400962261775062
2008-04-18 00:00:00+00:00,3.824,4.1,3.816,4.005,4.005,335826000,4.005,0.07867036636901671,0.07867036636901671
2008-04-21 00:00:00+00:00,4.0015,4.067,3.953,4.009,4.009,186708000,4.009,0.0009982531400474512,0.0009982531400474512
2008-04-22 00:00:00+00:00,3.997,3.997,3.877,3.98,3.98,144900000,3.98,-0.00726001436402363,-0.00726001436402363
2008-04-23 00:00:00+00:00,4.015,4.132,3.937,4.05,4.05,385008000,4.05,0.017435061822101347,0.017435061822101347
2008-04-24 00:00:00+00:00,3.8855,4.0265,3.8465,3.8845,3.8845,421470000,3.8845,-0.04172260571010927,-0.04172260571010927
2008-04-25 00:00:00+00:00,3.8905,4.066,3.863,4.043,4.043,189130000,4.043,0.039992715250295484,0.039992715250295484
2008-04-28 00:00:00+00:00,4.032,4.125,4.006,4.0985,4.0985,219838000,4.0985,0.013634062452314374,0.013634062452314374
2008-04-29 00:00:00+00:00,4.071,4.0885,3.993,4.037,4.037,134528000,4.037,-0.015119211240144436,-0.015119211240144436
2008-04-30 00:00:00+00:00,4.045,4.067,3.896,3.9315,3.9315,157514000,3.9315,-0.026480809421370037,-0.026480809421370037
2008-05-01 00:00:00+00:00,3.92,4.0005,3.8985,3.968,3.968,143940000,3.968,0.009241156973192678,0.009241156973192678
2008-05-02 00:00:00+00:00,4.015,4.06,3.82,3.8655,3.8655,163098000,3.8655,-0.02617114964423401,-0.02617114964423401
2008-05-05 00:00:00+00:00,3.8635,3.8885,3.7935,3.796,3.796,112948000,3.796,-0.018143159030711033,-0.018143159030711033
2008-05-06 00:00:00+00:00,3.7755,3.8385,3.7525,3.7855,3.7855,130914000,3.7855,-0.0027699021864571035,-0.0027699021864571035
2008-05-07 00:00:00+00:00,3.763,3.832,3.6545,3.659,3.659,167532000,3.659,-0.03398809252415456,-0.03398809252415456
2008-05-08 00:00:00+00:00,3.6865,3.708,3.578,3.6395,3.6395,162626000,3.6395,-0.005343576460894124,-0.005343576460894124
2008-05-09 00:00:00+00:00,3.61,3.667,3.583,3.6205,3.6205,84870000,3.6205,-0.005234171729437239,-0.005234171729437239
2008-05-12 00:00:00+00:00,3.65,3.7465,3.589,3.7265,3.7265,144308000,3.7265,0.028857317492873135,0.028857317492873135
2008-05-13 00:00:00+00:00,3.7285,3.748,3.6655,3.728,3.728,100416000,3.728,0.00040244148373330837,0.00040244148373330837
2008-05-14 00:00:00+00:00,3.746,3.7875,3.699,3.71,3.71,91784000,3.71,-0.0048400202040009945,-0.0048400202040009945
2008-05-15 00:00:00+00:00,3.6945,3.816,3.6775,3.806,3.806,138354000,3.806,0.02554689225461394,0.02554689225461394
2008-05-16 00:00:00+00:00,3.821,3.8415,3.743,3.823,3.823,124134000,3.823,0.004456685840317942,0.004456685840317942
2008-05-19 00:00:00+00:00,3.9505,4.2375,3.943,4.1145,4.1145,373696000,4.1145,0.07348186534935464,0.07348186534935464
2008-05-20 00:00:00+00:00,4.1085,4.135,4.0015,4.036,4.036,158244000,4.036,-0.01926321757226807,-0.01926321757226807
2008-05-21 00:00:00+00:00,4.0185,4.0575,3.875,3.915,3.915,141410000,3.915,-0.030438773048596032,-0.030438773048596032
2008-05-22 00:00:00+00:00,3.934,3.9845,3.9,3.963,3.963,107812000,3.963,0.012185984765531462,0.012185984765531462
2008-05-23 00:00:00+00:00,3.9275,3.9435,3.8715,3.9175,3.9175,126638000,3.9175,-0.011547618960259187,-0.011547618960259187
2008-05-27 00:00:00+00:00,3.913,4.045,3.8985,4.031,4.031,202164000,4.031,0.028560788886989902,0.028560788886989902
2008-05-28 00:00:00+00:00,4.0365,4.0395,3.9495,4.004,4.004,134012000,4.004,-0.006720622682054596,-0.006720622682054596
2008-05-29 00:00:00+00:00,4.0305,4.098,4.0085,4.0175,4.0175,137152000,4.0175,0.0033659571765565967,0.0033659571765565967
2008-05-30 00:00:00+00:00,4.029,4.0885,4.015,4.081,4.081,105412000,4.081,0.015682237794138135,0.015682237794138135
2008-06-02 00:00:00+00:00,4.0575,4.0785,4.0025,4.0115,4.0115,124304000,4.0115,-0.017176820212095135,-0.017176820212095135
2008-06-03 00:00:00+00:00,4.0355,4.0945,3.963,4.0055,4.0055,117400000,4.0055,-0.0014968195385392236,-0.0014968195385392236
2008-06-04 00:00:00+00:00,4.0055,4.091,3.986,4.075,4.075,129166000,4.075,0.0172023300197918,0.0172023300197918
2008-06-05 00:00:00+00:00,4.1055,4.244,4.09,4.2255,4.2255,178774000,4.2255,0.036266850309573946,0.036266850309573946
2008-06-06 00:00:00+00:00,4.162,4.182,4.028,4.0315,4.0315,156874000,4.0315,-0.04699908185946025,-0.04699908185946025
2008-06-09 00:00:00+00:00,4.0595,4.0765,3.906,3.9715,3.9715,130746000,3.9715,-0.014994658051890137,-0.014994658051890137
2008-06-10 00:00:00+00:00,3.91,4.052,3.91,3.981,3.981,121312000,3.981,0.0023891869271304303,0.0023891869271304303
2008-06-11 00:00:00+00:00,3.9675,4.0,3.8515,3.864,3.864,117490000,3.864,-0.029830127667908535,-0.029830127667908535
2008-06-12 00:00:00+00:00,3.901,3.9525,3.7505,3.8075,3.8075,124088000,3.8075,-0.014730110563091653,-0.014730110563091653
2008-06-13 00:00:00+00:00,3.835,4.0,3.835,3.9585,3.9585,119490000,3.9585,0.038892359842171584,0.038892359842171584
2008-06-16 00:00:00+00:00,3.921,4.1265,3.9205,4.085,4.085,115088000,4.085,0.03145656268261486,0.03145656268261486
2008-06-17 00:00:00+00:00,4.1575,4.215,4.14,4.1485,4.1485,176048000,4.1485,0.01542509481023685,0.01542509481023685
2008-06-18 00:00:00+00:00,4.1,4.1585,4.066,4.126,4.126,136932000,4.126,-0.005438408473142808,-0.005438408473142808
2008-06-19 00:00:00+00:00,4.1105,4.2235,4.075,4.213,4.213,134346000,4.213,0.020866568347819418,0.020866568347819418
2008-06-20 00:00:00+00:00,4.155,4.173,4.0255,4.055,4.055,131778000,4.055,-0.03822429542950328,-0.03822429542950328
2008-06-23 00:00:00+00:00,4.065,4.1075,3.9775,4.034,4.034,148516000,4.034,-0.0051922480353562275,-0.0051922480353562275
2008-06-24 00:00:00+00:00,3.9775,4.0395,3.8815,3.982,3.982,142802000,3.982,-0.012974233890015367,-0.012974233890015367
2008-06-25 00:00:00+00:00,4.0225,4.1075,3.976,4.0255,4.0255,147866000,4.0255,0.010864921115893801,0.010864921115893801
2008-06-26 00:00:00+00:00,3.955,3.9945,3.8,3.815,3.815,226202000,3.815,-0.05370846202147815,-0.05370846202147815
2008-06-27 00:00:00+00:00,3.7795,3.8035,3.631,3.733,3.733,236810000,3.733,-0.02172846480397351,-0.02172846480397351
2008-06-30 00:00:00+00:00,3.7515,3.806,3.6605,3.6665,3.6665,142082000,3.6665,-0.017974671380729654,-0.017974671380729654
2008-07-01 00:00:00+00:00,3.612,3.7115,3.526,3.681,3.681,205850000,3.681,0.003946925845166898,0.003946925845166898
2008-07-02 00:00:00+00:00,3.708,3.7205,3.569,3.572,3.572,140888000,3.572,-0.03005879138263147,-0.03005879138263147
2008-07-03 00:00:00+00:00,3.6255,3.692,3.526,3.6,3.6,84964000,3.6,0.007808182447811709,0.007808182447811709
2008-07-07 00:00:00+00:00,3.6185,3.72,3.538,3.6245,3.6245,147110000,3.6245,0.006782502296731038,0.006782502296731038
2008-07-08 00:00:00+00:00,3.619,3.7745,3.5875,3.752,3.752,158320000,3.752,0.03457268338518276,0.03457268338518276
2008-07-09 00:00:00+00:00,3.728,3.745,3.524,3.5305,3.5305,138242000,3.5305,-0.06084952716971371,-0.06084952716971371
2008-07-10 00:00:00+00:00,3.535,3.5885,3.3995,3.5315,3.5315,198832000,3.5315,0.00028320589257534976,0.00028320589257534976
2008-07-11 00:00:00+00:00,3.47,3.4995,3.337,3.427,3.427,158600000,3.427,-0.030037466974368026,-0.030037466974368026
2008-07-14 00:00:00+00:00,3.4655,3.475,3.2795,3.314,3.314,180426000,3.314,-0.033529323888100586,-0.033529323888100586
2008-07-15 00:00:00+00:00,3.2935,3.431,3.1495,3.3515,3.3515,226842000,3.3515,0.011252087811504096,0.011252087811504096
2008-07-16 00:00:00+00:00,3.347,3.6375,3.342,3.592,3.592,240778000,3.592,0.06930114362407774,0.06930114362407774
2008-07-17 00:00:00+00:00,3.56,3.619,3.387,3.6055,3.6055,191948000,3.6055,0.0037513069347239266,0.0037513069347239266
2008-07-18 00:00:00+00:00,3.497,3.542,3.42,3.456,3.456,165960000,3.456,-0.04234860643286798,-0.04234860643286798
2008-07-21 00:00:00+00:00,3.476,3.49,3.315,3.424,3.424,137938000,3.424,-0.009302392662313561,-0.009302392662313561
2008-07-22 00:00:00+00:00,3.3545,3.457,3.294,3.3985,3.3985,175916000,3.3985,-0.007475300474939882,-0.007475300474939882
2008-07-23 00:00:00+00:00,3.373,3.6035,3.373,3.527,3.527,358324000,3.527,0.03711349344935912,0.03711349344935912
2008-07-24 00:00:00+00:00,3.815,4.119,3.8145,3.936,3.936,619932000,3.936,0.10971732793609204,0.10971732793609204
2008-07-25 00:00:00+00:00,3.9815,4.047,3.906,3.9155,3.9155,183014000,3.9155,-0.005221943981151601,-0.005221943981151601
2008-07-28 00:00:00+00:00,3.8545,3.9155,3.743,3.799,3.799,209604000,3.799,-0.030205161003366895,-0.030205161003366895
2008-07-29 00:00:00+00:00,3.8245,3.94,3.808,3.9105,3.9105,135418000,3.9105,0.028927368854040434,0.028927368854040434
2008-07-30 00:00:00+00:00,3.918,3.9925,3.821,3.9105,3.9105,151346000,3.9105,0.0,0.0
2008-07-31 00:00:00+00:00,3.8375,3.9085,3.805,3.817,3.817,106014000,3.817,-0.024200469296436343,-0.024200469296436343
2008-08-01 00:00:00+00:00,3.818,3.8245,3.7025,3.7875,3.7875,95490000,3.7875,-0.007758602927605138,-0.007758602927605138
2008-08-04 00:00:00+00:00,3.7995,3.865,3.7505,3.7855,3.7855,89964000,3.7855,-0.0005281922742633007,-0.0005281922742633007
2008-08-05 00:00:00+00:00,3.846,3.976,3.826,3.9555,3.9555,155892000,3.9555,0.04392903691808978,0.04392903691808978
2008-08-06 00:00:00+00:00,3.9275,3.9315,3.8365,3.9045,3.9045,128122000,3.9045,-0.012977281358721258,-0.012977281358721258
2008-08-07 00:00:00+00:00,3.8505,3.9025,3.8,3.8475,3.8475,108896000,3.8475,-0.014706147389695449,-0.014706147389695449
2008-08-08 00:00:00+00:00,3.839,4.0605,3.8145,4.0255,4.0255,183254000,4.0255,0.04522554002700123,0.04522554002700123
2008-08-11 00:00:00+00:00,4.009,4.5875,3.989,4.4045,4.4045,501404000,4.4045,0.08997761880981488,0.08997761880981488
2008-08-12 00:00:00+00:00,4.366,4.424,4.305,4.3625,4.3625,160530000,4.3625,-0.00958145803916768,-0.00958145803916768
2008-08-13 00:00:00+00:00,4.314,4.4125,4.227,4.3345,4.3345,144176000,4.3345,-0.006439024201987367,-0.006439024201987367
2008-08-14 00:00:00+00:00,4.2855,4.4375,4.261,4.4015,4.4015,138034000,4.4015,0.01533912859226569,0.01533912859226569
2008-08-15 00:00:00+00:00,4.414,4.4765,4.313,4.32,4.32,137432000,4.32,-0.018689989662804798,-0.018689989662804798
2008-08-18 00:00:00+00:00,4.3045,4.314,4.152,4.1555,4.1555,130948000,4.1555,-0.03882264424507507,-0.03882264424507507
2008-08-19 00:00:00+00:00,4.1545,4.1755,4.053,4.0645,4.0645,132608000,4.0645,-0.02214202380645406,-0.02214202380645406
2008-08-20 00:00:00+00:00,4.1,4.1625,4.06,4.1065,4.1065,119012000,4.1065,0.010280349993619925,0.010280349993619925
2008-08-21 00:00:00+00:00,4.0705,4.1885,4.049,4.163,4.163,123156000,4.163,0.013664884014728713,0.013664884014728713
2008-08-22 00:00:00+00:00,4.2135,4.273,4.1965,4.263,4.263,93556000,4.263,0.023737169570234907,0.023737169570234907
2008-08-25 00:00:00+00:00,4.2315,4.232,4.1225,4.1425,4.1425,87128000,4.1425,-0.02867366746449234,-0.02867366746449234
2008-08-26 00:00:00+00:00,4.137,4.156,4.0625,4.088,4.088,87484000,4.088,-0.01324361741717758,-0.01324361741717758
2008-08-27 00:00:00+00:00,4.072,4.137,4.05,4.0865,4.0865,112546000,4.0865,-0.0003669949273559525,-0.0003669949273559525
2008-08-28 00:00:00+00:00,4.1105,4.1825,4.09,4.171,4.171,156682000,4.171,0.020466957240760898,0.020466957240760898
2008-08-29 00:00:00+00:00,4.145,4.145,4.025,4.0405,4.0405,94574000,4.0405,-0.031787368523443,-0.031787368523443
2008-09-02 00:00:00+00:00,4.158,4.225,4.0605,4.0705,4.0705,120016000,4.0705,0.0073973953405302014,0.0073973953405302014
2008-09-03 00:00:00+00:00,4.07,4.1,4.001,4.0385,4.0385,114852000,4.0385,-0.007892506131681479,-0.007892506131681479
2008-09-04 00:00:00+00:00,4.03,4.0405,3.901,3.9015,3.9015,166330000,3.9015,-0.03451224132553508,-0.03451224132553508
2008-09-05 00:00:00+00:00,3.867,4.036,3.854,3.9595,3.9595,161382000,3.9595,0.014756660093651215,0.014756660093651215
2008-09-08 00:00:00+00:00,4.1125,4.1875,3.9425,4.058,4.058,189812000,4.058,0.02457248673529283,0.02457248673529283
2008-09-09 00:00:00+00:00,4.038,4.098,3.9495,3.952,3.952,116436000,3.952,-0.026468461518001626,-0.026468461518001626
2008-09-10 00:00:00+00:00,4.0005,4.011,3.8075,3.837,3.837,188894000,3.837,-0.029530968620806043,-0.029530968620806043
2008-09-11 00:00:00+00:00,3.7635,3.99,3.755,3.9755,3.9755,156272000,3.9755,0.03545971509458578,0.03545971509458578
2008-09-12 00:00:00+00:00,3.9405,3.98,3.831,3.915,3.915,129602000,3.915,-0.015335196916634616,-0.015335196916634616
2008-09-15 00:00:00+00:00,3.843,3.994,3.815,3.867,3.867,179616000,3.867,-0.012336316817606434,-0.012336316817606434
2008-09-16 00:00:00+00:00,3.84,3.9815,3.8335,3.9365,3.9365,261844000,3.9365,0.01781299101722482,0.01781299101722482
2008-09-17 00:00:00+00:00,3.884,3.912,3.562,3.577,3.577,263312000,3.577,-0.09576754336550415,-0.09576754336550415
2008-09-18 00:00:00+00:00,3.654,3.875,3.504,3.825,3.825,247944000,3.825,0.06703400700161843,0.06703400700161843
2008-09-19 00:00:00+00:00,4.006,4.3385,3.825,4.05,4.05,295444000,4.05,0.05715841383994862,0.05715841383994862
2008-09-22 00:00:00+00:00,4.0565,4.0815,3.716,3.7465,3.7465,140754000,3.7465,-0.07789481029621928,-0.07789481029621928
2008-09-23 00:00:00+00:00,3.7895,3.8145,3.5385,3.588,3.588,171884000,3.588,-0.04322712662567869,-0.04322712662567869
2008-09-24 00:00:00+00:00,3.615,3.6825,3.447,3.498,3.498,187448000,3.498,-0.02540356760013934,-0.02540356760013934
2008-09-25 00:00:00+00:00,3.533,3.6375,3.5005,3.604,3.604,121460000,3.604,0.02985296314968113,0.02985296314968113
2008-09-26 00:00:00+00:00,3.476,3.5525,3.404,3.535,3.535,134942000,3.535,-0.019331040397555403,-0.019331040397555403
2008-09-29 00:00:00+00:00,3.4205,3.4685,3.066,3.1675,3.1675,240086000,3.1675,-0.10977066613537911,-0.10977066613537911
2008-09-30 00:00:00+00:00,3.292,3.656,3.266,3.638,3.638,260938000,3.638,0.13849144688277343,0.13849144688277343
2008-10-01 00:00:00+00:00,3.589,3.5995,3.4205,3.479,3.479,192444000,3.479,-0.0446891839261255,-0.0446891839261255
2008-10-02 00:00:00+00:00,3.3815,3.448,3.2705,3.368,3.368,174522000,3.368,-0.032425799789724784,-0.032425799789724784
2008-10-03 00:00:00+00:00,3.471,3.5475,3.3295,3.35,3.35,224562000,3.35,-0.00535875054310519,-0.00535875054310519
2008-10-06 00:00:00+00:00,3.203,3.2945,3.0235,3.2615,3.2615,267710000,3.2615,-0.02677313358296156,-0.02677313358296156
2008-10-07 00:00:00+00:00,3.2895,3.3215,2.925,2.926,2.926,255120000,2.926,-0.10855090965608091,-0.10855090965608091
2008-10-08 00:00:00+00:00,2.782,3.1375,2.7675,3.051,3.051,286490000,3.051,0.04183310313660006,0.04183310313660006
2008-10-09 00:00:00+00:00,3.0985,3.175,2.8,2.8,2.8,278618000,2.8,-0.08584998855337446,-0.08584998855337446
2008-10-10 00:00:00+00:00,2.6495,2.9875,2.5525,2.8125,2.8125,360434000,2.8125,0.004454350349380375,0.004454350349380375
2008-10-13 00:00:00+00:00,2.948,3.1105,2.8685,3.101,3.101,223896000,3.101,0.09765087258777347,0.09765087258777347
2008-10-14 00:00:00+00:00,3.175,3.2,2.74,2.793,2.793,346132000,2.793,-0.10460835315527214,-0.10460835315527214
2008-10-15 00:00:00+00:00,2.723,2.7345,2.4175,2.436,2.436,325152000,2.436,-0.13675893711538917,-0.13675893711538917
2008-10-16 00:00:00+00:00,2.32,2.535,2.1695,2.5145,2.5145,441622000,2.5145,0.031716626782231756,0.031716626782231756
2008-10-17 00:00:00+00:00,2.4415,3.1165,2.4205,2.5325,2.5325,258928000,2.5325,0.007132980510819057,0.007132980510819057
2008-10-20 00:00:00+00:00,2.6085,2.655,2.4955,2.6485,2.6485,169042000,2.6485,0.0447864848617427,0.0447864848617427
2008-10-21 00:00:00+00:00,2.593,2.6475,2.496,2.5115,2.5115,173392000,2.5115,-0.05311325779448203,-0.05311325779448203
2008-10-22 00:00:00+00:00,2.5025,2.6235,2.395,2.4995,2.4995,390264000,2.4995,-0.004789472336474393,-0.004789472336474393
2008-10-23 00:00:00+00:00,2.1685,2.5455,2.1655,2.516,2.516,652038000,2.516,0.006579626966706194,0.006579626966706194
2008-10-24 00:00:00+00:00,2.2375,2.616,2.225,2.448,2.448,392118000,2.448,-0.027398974188114503,-0.027398974188114503
2008-10-27 00:00:00+00:00,2.45,2.6295,2.4215,2.479,2.479,235184000,2.479,0.012583888402973758,0.012583888402973758
2008-10-28 00:00:00+00:00,2.575,2.815,2.4535,2.802,2.802,296694000,2.802,0.12247819486176172,0.12247819486176172
2008-10-29 00:00:00+00:00,2.7765,2.9895,2.726,2.8445,2.8445,303926000,2.8445,0.015053857293749699,0.015053857293749699
2008-10-30 00:00:00+00:00,2.938,2.9945,2.754,2.8355,2.8355,222514000,2.8355,-0.0031690167366192957,-0.0031690167366192957
2008-10-31 00:00:00+00:00,2.8005,2.8625,2.7505,2.862,2.862,170692000,2.862,0.00930239266231341,0.00930239266231341
2008-11-03 00:00:00+00:00,2.8175,2.8625,2.751,2.7885,2.7885,143402000,2.7885,-0.02601686428678791,-0.02601686428678791
2008-11-04 00:00:00+00:00,2.858,2.9365,2.761,2.9225,2.9225,153276000,2.9225,0.04693559751661514,0.04693559751661514
2008-11-05 00:00:00+00:00,2.8735,2.9,2.581,2.599,2.599,229968000,2.599,-0.11731265870473316,-0.11731265870473316
2008-11-06 00:00:00+00:00,2.49,2.552,2.315,2.361,2.361,309756000,2.361,-0.09604149755597731,-0.09604149755597731
2008-11-07 00:00:00+00:00,2.388,2.4895,2.3505,2.4605,2.4605,148792000,2.4605,0.04127932322052004,0.04127932322052004
2008-11-10 00:00:00+00:00,2.499,2.534,2.343,2.423,2.423,179298000,2.423,-0.015358139489507209,-0.015358139489507209
2008-11-11 00:00:00+00:00,2.355,2.403,2.2405,2.315,2.315,198784000,2.315,-0.04559675429619138,-0.04559675429619138
2008-11-12 00:00:00+00:00,2.1995,2.272,2.045,2.078,2.078,295372000,2.078,-0.1080037948611618,-0.1080037948611618
2008-11-13 00:00:00+00:00,2.07,2.25,1.924,2.2465,2.2465,338706000,2.2465,0.07796755685104205,0.07796755685104205
2008-11-14 00:00:00+00:00,2.1805,2.225,2.075,2.0875,2.0875,238994000,2.0875,-0.07340627178520424,-0.07340627178520424
2008-11-17 00:00:00+00:00,1.9955,2.063,1.9535,1.9845,1.9845,214236000,1.9845,-0.0506001845018905,-0.0506001845018905
2008-11-18 00:00:00+00:00,1.9865,2.033,1.804,1.922,1.922,300984000,1.922,-0.032000682692882275,-0.032000682692882275
2008-11-19 00:00:00+00:00,1.8985,1.95,1.7875,1.792,1.792,250422000,1.792,-0.07003399599536199,-0.07003399599536199
2008-11-20 00:00:00+00:00,1.7645,1.986,1.734,1.7515,1.7515,368478000,1.7515,-0.022859750897334243,-0.022859750897334243
2008-11-21 00:00:00+00:00,1.8195,1.95,1.786,1.8935,1.8935,300854000,1.8935,0.07795440470430795,0.07795440470430795
2008-11-24 00:00:00+00:00,1.9395,2.172,1.935,2.125,2.125,290994000,2.125,0.11534483401666774,0.11534483401666774
2008-11-25 00:00:00+00:00,2.1045,2.1445,1.9805,2.1095,2.1095,260300000,2.1095,-0.007320849794123802,-0.007320849794123802
2008-11-26 00:00:00+00:00,2.0435,2.2,2.0145,2.198,2.198,268794000,2.198,0.04109690339917324,0.04109690339917324
2008-11-28 00:00:00+00:00,2.2015,2.205,2.111,2.135,2.135,69620000,2.135,-0.02908120930084185,-0.02908120930084185
2008-12-01 00:00:00+00:00,2.1,2.163,2.019,2.0235,2.0235,223578000,2.0235,-0.05363796134680463,-0.05363796134680463
2008-12-02 00:00:00+00:00,2.0695,2.0855,1.941,2.0595,2.0595,174274000,2.0595,0.017634549560215134,0.017634549560215134
2008-12-03 00:00:00+00:00,2.008,2.294,2.0025,2.2605,2.2605,313512000,2.2605,0.0931227928585244,0.0931227928585244
2008-12-04 00:00:00+00:00,2.297,2.525,2.2875,2.366,2.366,395646000,2.366,0.045614737803672256,0.045614737803672256
2008-12-05 00:00:00+00:00,2.2945,2.4245,2.165,2.413,2.413,292176000,2.413,0.019670021086699543,0.019670021086699543
2008-12-08 00:00:00+00:00,2.4575,2.607,2.368,2.5705,2.5705,218814000,2.5705,0.06322964587052773,0.06322964587052773
2008-12-09 00:00:00+00:00,2.4905,2.724,2.485,2.5625,2.5625,266296000,2.5625,-0.0031170880488956797,-0.0031170880488956797
2008-12-10 00:00:00+00:00,2.573,2.575,2.417,2.485,2.485,155076000,2.485,-0.030710684915934545,-0.030710684915934545
2008-12-11 00:00:00+00:00,2.4665,2.5245,2.4085,2.4125,2.4125,151672000,2.4125,-0.029609105317588022,-0.029609105317588022
2008-12-12 00:00:00+00:00,2.376,2.569,2.376,2.5625,2.5625,173296000,2.5625,0.06031979023352262,0.06031979023352262
2008-12-15 00:00:00+00:00,2.5325,2.5475,2.4075,2.4425,2.4425,145708000,2.4425,-0.047961239529725856,-0.047961239529725856
2008-12-16 00:00:00+00:00,2.481,2.648,2.4645,2.6315,2.6315,177258000,2.6315,0.07453192087689588,0.07453192087689588
2008-12-17 00:00:00+00:00,2.613,2.7385,2.5765,2.659,2.659,183662000,2.659,0.010396086449186055,0.010396086449186055
2008-12-18 00:00:00+00:00,2.65,2.7425,2.56,2.604,2.604,150362000,2.604,-0.020901387914559817,-0.020901387914559817
2008-12-19 00:00:00+00:00,2.5795,2.6495,2.546,2.578,2.578,219264000,2.578,-0.010034819829327251,-0.010034819829327251
2008-12-22 00:00:00+00:00,2.58,2.6075,2.4235,2.492,2.492,178500000,2.492,-0.033928303591788896,-0.033928303591788896
2008-12-23 00:00:00+00:00,2.506,2.5805,2.506,2.554,2.554,116908000,2.554,0.02457515668514082,0.02457515668514082
2008-12-24 00:00:00+00:00,2.583,2.5975,2.5505,2.572,2.572,32910000,2.572,0.007023048765025565,0.007023048765025565
2008-12-26 00:00:00+00:00,2.6895,2.6975,2.5775,2.589,2.589,136946000,2.589,0.006587894394027694,0.006587894394027694
2008-12-29 00:00:00+00:00,2.5715,2.5885,2.428,2.47,2.47,130158000,2.47,-0.04705355012951467,-0.04705355012951467
2008-12-30 00:00:00+00:00,2.4755,2.5605,2.437,2.538,2.538,132026000,2.538,0.02715821865231004,0.02715821865231004
2008-12-31 00:00:00+00:00,2.537,2.5845,2.4955,2.564,2.564,155844000,2.564,0.010192169766227813,0.010192169766227813
2009-01-02 00:00:00+00:00,2.5675,2.7265,2.5535,2.718,2.718,145928000,2.718,0.05832777667052836,0.05832777667052836
2009-01-05 00:00:00+00:00,2.7865,2.787,2.6515,2.703,2.703,190196000,2.703,-0.005534048434641443,-0.005534048434641443
2009-01-06 00:00:00+00:00,2.7275,2.911,2.6875,2.868,2.868,221602000,2.868,0.05925265544306341,0.05925265544306341
2009-01-07 00:00:00+00:00,2.8145,2.8475,2.7675,2.81,2.81,158854000,2.81,-0.020430439391719495,-0.020430439391719495
2009-01-08 00:00:00+00:00,2.7495,2.866,2.729,2.858,2.858,131558000,2.858,0.01693759616202139,0.01693759616202139
2009-01-09 00:00:00+00:00,2.846,2.85,2.735,2.7755,2.7755,133682000,2.7755,-0.029291168359596748,-0.029291168359596748
2009-01-12 00:00:00+00:00,2.706,2.715,2.5435,2.596,2.596,191126000,2.596,-0.06685911230623531,-0.06685911230623531
2009-01-13 00:00:00+00:00,2.548,2.6645,2.5375,2.5725,2.5725,157664000,2.5725,-0.0090936101157761,-0.0090936101157761
2009-01-14 00:00:00+00:00,2.505,2.505,2.407,2.4245,2.4245,208852000,2.4245,-0.05925287116279755,-0.05925287116279755
2009-01-15 00:00:00+00:00,2.428,2.6115,2.3815,2.572,2.572,232346000,2.572,0.05905848881210298,0.05905848881210298
2009-01-16 00:00:00+00:00,2.59,2.6165,2.4765,2.5795,2.5795,165164000,2.5795,0.0029117753271946014,0.0029117753271946014
2009-01-20 00:00:00+00:00,2.5375,2.585,2.4135,2.422,2.422,135344000,2.422,-0.06300193657166697,-0.06300193657166697
2009-01-21 00:00:00+00:00,2.4655,2.5345,2.4125,2.527,2.527,116590000,2.527,0.04243918327515672,0.04243918327515672
2009-01-22 00:00:00+00:00,2.471,2.544,2.413,2.497,2.497,142666000,2.497,-0.0119428171084211,-0.0119428171084211
2009-01-23 00:00:00+00:00,2.445,2.571,2.4225,2.5315,2.5315,115866000,2.5315,0.01372200113019074,0.01372200113019074
2009-01-26 00:00:00+00:00,2.509,2.5445,2.426,2.4815,2.4815,143114000,2.4815,-0.019948796382468242,-0.019948796382468242
2009-01-27 00:00:00+00:00,2.465,2.521,2.386,2.422,2.422,174764000,2.422,-0.024269570914457896,-0.024269570914457896
2009-01-28 00:00:00+00:00,2.486,2.5745,2.4485,2.518,2.518,161132000,2.518,0.03887129049125471,0.03887129049125471
2009-01-29 00:00:00+00:00,2.498,2.5925,2.457,2.5,2.5,359336000,2.5,-0.00717420374800033,-0.00717420374800033
2009-01-30 00:00:00+00:00,2.868,2.987,2.862,2.941,2.941,795662000,2.941,0.16245892769770282,0.16245892769770282
2009-02-02 00:00:00+00:00,2.9285,3.1,2.9065,3.0575,3.0575,386486000,3.0575,0.038847929007332485,0.038847929007332485
2009-02-03 00:00:00+00:00,3.0435,3.21,3.0,3.1795,3.1795,293892000,3.1795,0.03912636314613496,0.03912636314613496
2009-02-04 00:00:00+00:00,3.169,3.172,3.0415,3.053,3.053,274526000,3.053,-0.040599237972584704,-0.040599237972584704
2009-02-05 00:00:00+00:00,3.0575,3.1905,3.0315,3.159,3.159,203392000,3.159,0.034130808067207356,0.034130808067207356
2009-02-06 00:00:00+00:00,3.159,3.35,3.159,3.3275,3.3275,240898000,3.3275,0.051965749467181695,0.051965749467181695
2009-02-09 00:00:00+00:00,3.328,3.368,3.269,3.3355,3.3355,188752000,3.3355,0.0024013218803035194,0.0024013218803035194
2009-02-10 00:00:00+00:00,3.3075,3.3615,3.1535,3.1655,3.1655,214012000,3.1655,-0.05231157216538888,-0.05231157216538888
2009-02-11 00:00:00+00:00,3.155,3.245,3.1125,3.2175,3.2175,166946000,3.2175,0.016293639486100315,0.016293639486100315
2009-02-12 00:00:00+00:00,3.1625,3.2125,3.0855,3.198,3.198,161910000,3.198,-0.006079046076382115,-0.006079046076382115
2009-02-13 00:00:00+00:00,3.1985,3.234,3.1435,3.163,3.163,82618000,3.163,-0.011004670088250713,-0.011004670088250713
2009-02-17 00:00:00+00:00,3.0835,3.1325,3.059,3.0835,3.0835,142522000,3.0835,-0.025455628874101275,-0.025455628874101275
2009-02-18 00:00:00+00:00,3.1135,3.139,3.026,3.1175,3.1175,147320000,3.1175,0.010966083122644058,0.010966083122644058
2009-02-19 00:00:00+00:00,3.142,3.209,3.0835,3.0975,3.0975,135378000,3.0975,-0.0064360640508940034,-0.0064360640508940034
2009-02-20 00:00:00+00:00,3.0535,3.2075,3.042,3.193,3.193,187090000,3.193,0.030365579211484514,0.030365579211484514
2009-02-23 00:00:00+00:00,3.208,3.2455,3.076,3.0855,3.0855,146720000,3.0855,-0.03424719495366041,-0.03424719495366041
2009-02-24 00:00:00+00:00,3.0985,3.305,3.0945,3.28,3.28,205428000,3.28,0.061129703617067675,0.061129703617067675
2009-02-25 00:00:00+00:00,3.245,3.2875,3.141,3.1855,3.1855,182442000,3.1855,-0.029234159821646417,-0.029234159821646417
2009-02-26 00:00:00+00:00,3.206,3.2365,3.117,3.117,3.117,145506000,3.117,-0.021738261789205862,-0.021738261789205862
2009-02-27 00:00:00+00:00,3.063,3.254,3.047,3.2395,3.2395,229766000,3.2395,0.03854799612267491,0.03854799612267491
2009-03-02 00:00:00+00:00,3.197,3.276,3.0755,3.0995,3.0995,210238000,3.0995,-0.04417818874803787,-0.04417818874803787
2009-03-03 00:00:00+00:00,3.1375,3.1645,3.065,3.085,3.085,193832000,3.085,-0.004689150802485853,-0.004689150802485853
2009-03-04 00:00:00+00:00,3.14,3.2895,3.12,3.2405,3.2405,239218000,3.2405,0.049175981528282384,0.049175981528282384
2009-03-05 00:00:00+00:00,3.206,3.29,3.18,3.2385,3.2385,235406000,3.2385,-0.0006173792447988372,-0.0006173792447988372
2009-03-06 00:00:00+00:00,3.26,3.275,2.991,3.0845,3.0845,301876000,3.0845,-0.04872068997327846,-0.04872068997327846
2009-03-09 00:00:00+00:00,3.11,3.2015,3.0075,3.0245,3.0245,271228000,3.0245,-0.019643781102724234,-0.019643781102724234
2009-03-10 00:00:00+00:00,3.1245,3.295,3.089,3.2855,3.2855,308714000,3.2855,0.08277305879095347,0.08277305879095347
2009-03-11 00:00:00+00:00,3.312,3.4685,3.2635,3.427,3.427,277634000,3.427,0.042166395536686344,0.042166395536686344
2009-03-12 00:00:00+00:00,3.4175,3.4935,3.3625,3.479,3.479,226978000,3.479,0.015059653277333216,0.015059653277333216
2009-03-13 00:00:00+00:00,3.482,3.487,3.3765,3.4315,3.4315,178068000,3.4315,-0.0137474128032526,-0.0137474128032526
2009-03-16 00:00:00+00:00,3.428,3.4645,3.334,3.349,3.349,188746000,3.349,-0.024335689554484792,-0.024335689554484792
2009-03-17 00:00:00+00:00,3.3685,3.5855,3.35,3.5675,3.5675,238056000,3.5675,0.06320327655678673,0.06320327655678673
2009-03-18 00:00:00+00:00,3.5485,3.6955,3.5065,3.5625,3.5625,208034000,3.5625,-0.0014025247740854356,-0.0014025247740854356
2009-03-19 00:00:00+00:00,3.57,3.5955,3.462,3.505,3.505,176382000,3.505,-0.01627202510821553,-0.01627202510821553
2009-03-20 00:00:00+00:00,3.5195,3.5445,3.454,3.498,3.498,169362000,3.498,-0.001999143890142993,-0.001999143890142993
2009-03-23 00:00:00+00:00,3.568,3.7805,3.535,3.779,3.779,172248000,3.779,0.0772680477709416,0.0772680477709416
2009-03-24 00:00:00+00:00,3.7425,3.75,3.6155,3.6405,3.6405,149158000,3.6405,-0.037338389514723194,-0.037338389514723194
2009-03-25 00:00:00+00:00,3.6545,3.6975,3.492,3.62,3.62,157912000,3.62,-0.005647009014948932,-0.005647009014948932
2009-03-26 00:00:00+00:00,3.6735,3.749,3.632,3.6845,3.6845,133154000,3.6845,0.01766080538723715,0.01766080538723715
2009-03-27 00:00:00+00:00,3.5805,3.6145,3.505,3.526,3.526,171376000,3.526,-0.043970747249238495,-0.043970747249238495
2009-03-30 00:00:00+00:00,3.52,3.5835,3.4875,3.572,3.572,167462000,3.572,0.012961579038574126,0.012961579038574126
2009-03-31 00:00:00+00:00,3.6305,3.725,3.606,3.672,3.672,178364000,3.672,0.027610809743991407,0.027610809743991407
2009-04-01 00:00:00+00:00,3.651,3.7545,3.5855,3.675,3.675,140828000,3.675,0.0008166599065559652,0.0008166599065559652
2009-04-02 00:00:00+00:00,3.6815,3.862,3.672,3.817,3.817,221338000,3.817,0.03791164109829285,0.03791164109829285
2009-04-03 00:00:00+00:00,3.821,3.916,3.775,3.9085,3.9085,116198000,3.9085,0.023688894915155287,0.023688894915155287
2009-04-06 00:00:00+00:00,3.863,3.918,3.8,3.8995,3.8995,115026000,3.8995,-0.002305328889832357,-0.002305328889832357
2009-04-07 00:00:00+00:00,3.8485,3.854,3.744,3.7755,3.7755,114976000,3.7755,-0.032315515527072486,-0.032315515527072486
2009-04-08 00:00:00+00:00,3.7965,3.8555,3.7285,3.849,3.849,113060000,3.849,0.019280550040265892,0.019280550040265892
2009-04-09 00:00:00+00:00,3.8755,4.0,3.863,3.9885,3.9885,141646000,3.9885,0.035601846067437985,0.035601846067437985
2009-04-13 00:00:00+00:00,3.992,3.9985,3.8925,3.947,3.947,124244000,3.947,-0.010459423688337134,-0.010459423688337134
2009-04-14 00:00:00+00:00,3.9,3.973,3.847,3.861,3.861,123208000,3.861,-0.022029579398610697,-0.022029579398610697
2009-04-15 00:00:00+00:00,3.775,3.7905,3.6755,3.7355,3.7355,188256000,3.7355,-0.033044538848380475,-0.033044538848380475
2009-04-16 00:00:00+00:00,3.7665,3.874,3.758,3.8625,3.8625,149356000,3.8625,0.033432963790144876,0.033432963790144876
2009-04-17 00:00:00+00:00,3.839,3.936,3.794,3.9025,3.9025,148520000,3.9025,0.010302731183586326,0.010302731183586326
2009-04-20 00:00:00+00:00,3.922,3.9895,3.8415,3.8785,3.8785,173738000,3.8785,-0.006168892458660912,-0.006168892458660912
2009-04-21 00:00:00+00:00,3.8665,3.955,3.8645,3.937,3.937,143244000,3.937,0.01497053101281129,0.01497053101281129
2009-04-22 00:00:00+00:00,3.9085,4.109,3.8905,3.96,3.96,175510000,3.96,0.005825013304788772,0.005825013304788772
2009-04-23 00:00:00+00:00,4.0665,4.103,3.954,4.0305,4.0305,323754000,4.0305,0.017646412475129394,0.017646412475129394
2009-04-24 00:00:00+00:00,4.1015,4.334,4.0365,4.223,4.223,469686000,4.223,0.04665533821028801,0.04665533821028801
2009-04-27 00:00:00+00:00,4.194,4.249,4.1105,4.156,4.156,194118000,4.156,-0.01599270271482558,-0.01599270271482558
2009-04-28 00:00:00+00:00,4.134,4.2675,4.12,4.12,4.12,158480000,4.12,-0.008699909875545794,-0.008699909875545794
2009-04-29 00:00:00+00:00,4.1495,4.1495,3.963,3.9895,3.9895,194702000,3.9895,-0.032187253595236484,-0.032187253595236484
2009-04-30 00:00:00+00:00,4.0465,4.1335,3.9945,4.026,4.026,170752000,4.026,0.009107417451401091,0.009107417451401091
2009-05-01 00:00:00+00:00,4.019,4.019,3.8925,3.948,3.948,122434000,3.948,-0.019564205646364553,-0.019564205646364553
2009-05-04 00:00:00+00:00,4.013,4.0675,3.9425,3.9885,3.9885,140386000,3.9885,0.010206098797811942,0.010206098797811942
2009-05-05 00:00:00+00:00,4.0505,4.1,4.0095,4.095,4.095,117406000,4.095,0.026351496935985482,0.026351496935985482
2009-05-06 00:00:00+00:00,4.144,4.18,3.983,4.0995,4.0995,172080000,4.0995,0.001098297749062592,0.001098297749062592
2009-05-07 00:00:00+00:00,4.1365,4.1375,3.894,3.964,3.964,192642000,3.964,-0.03361139858635382,-0.03361139858635382
2009-05-08 00:00:00+00:00,3.9845,4.0115,3.8155,3.8975,3.8975,163860000,3.8975,-0.01691829451794705,-0.01691829451794705
2009-05-11 00:00:00+00:00,3.84,3.9925,3.8005,3.9305,3.9305,137446000,3.9305,0.008431322301879525,0.008431322301879525
2009-05-12 00:00:00+00:00,3.935,3.9485,3.8265,3.8965,3.8965,110974000,3.8965,-0.00868792995019545,-0.00868792995019545
2009-05-13 00:00:00+00:00,3.8125,3.8325,3.7005,3.7095,3.7095,175410000,3.7095,-0.04918161765403508,-0.04918161765403508
2009-05-14 00:00:00+00:00,3.6895,3.803,3.6655,3.7555,3.7555,186872000,3.7555,0.012324335496486026,0.012324335496486026
2009-05-15 00:00:00+00:00,3.727,3.8105,3.671,3.68,3.68,160234000,3.68,-0.020308679963089844,-0.020308679963089844
2009-05-18 00:00:00+00:00,3.698,3.798,3.655,3.7975,3.7975,136582000,3.7975,0.031430203306951274,0.031430203306951274
2009-05-19 00:00:00+00:00,3.7715,3.948,3.756,3.8935,3.8935,160578000,3.8935,0.024965540547112877,0.024965540547112877
2009-05-20 00:00:00+00:00,3.925,4.0555,3.871,3.8985,3.8985,147020000,3.8985,0.0012833677326137584,0.0012833677326137584
2009-05-21 00:00:00+00:00,3.8375,3.8985,3.77,3.798,3.798,112810000,3.798,-0.026117251377423396,-0.026117251377423396
2009-05-22 00:00:00+00:00,3.805,3.852,3.751,3.782,3.782,69694000,3.782,-0.004221642153828341,-0.004221642153828341
2009-05-26 00:00:00+00:00,3.7515,3.924,3.7275,3.9195,3.9195,133992000,3.9195,0.035711124410374204,0.035711124410374204
2009-05-27 00:00:00+00:00,3.9255,3.975,3.8375,3.855,3.855,111342000,3.855,-0.016593087631347092,-0.016593087631347092
2009-05-28 00:00:00+00:00,3.885,3.955,3.794,3.8825,3.8825,98862000,3.8825,0.007108269025412245,0.007108269025412245
2009-05-29 00:00:00+00:00,3.886,3.9005,3.82,3.8995,3.8995,101444000,3.8995,0.0043690637477105864,0.0043690637477105864
2009-06-01 00:00:00+00:00,3.9105,4.24,3.8745,4.1525,4.1525,215930000,4.1525,0.0628622227168971,0.0628622227168971
2009-06-02 00:00:00+00:00,4.121,4.2725,4.105,4.2465,4.2465,187940000,4.2465,0.02238455173261415,0.02238455173261415
2009-06-03 00:00:00+00:00,4.1655,4.2855,4.1565,4.284,4.284,152068000,4.284,0.008792038347575247,0.008792038347575247
2009-06-04 00:00:00+00:00,4.271,4.32,4.2285,4.276,4.276,109308000,4.276,-0.001869159422703536,-0.001869159422703536
2009-06-05 00:00:00+00:00,4.3145,4.3975,4.265,4.378,4.378,165270000,4.378,0.02357400593787255,0.02357400593787255
2009-06-08 00:00:00+00:00,4.3375,4.359,4.2555,4.318,4.318,112042000,4.318,-0.013799667008055738,-0.013799667008055738
2009-06-09 00:00:00+00:00,4.3465,4.3835,4.3085,4.354,4.354,89502000,4.354,0.008302630719740278,0.008302630719740278
2009-06-10 00:00:00+00:00,4.379,4.428,4.2415,4.3295,4.3295,121472000,4.3295,-0.0056429009066367415,-0.0056429009066367415
2009-06-11 00:00:00+00:00,4.315,4.3745,4.2525,4.2845,4.2845,100194000,4.2845,-0.010448202778682435,-0.010448202778682435
2009-06-12 00:00:00+00:00,4.2515,4.26,4.1005,4.204,4.204,124460000,4.204,-0.018967406112331907,-0.018967406112331907
2009-06-15 00:00:00+00:00,4.1415,4.165,4.05,4.159,4.159,108036000,4.159,-0.010761792253930084,-0.010761792253930084
2009-06-16 00:00:00+00:00,4.185,4.1975,4.064,4.1075,4.1075,109316000,4.1075,-0.012460089831488459,-0.012460089831488459
2009-06-17 00:00:00+00:00,4.125,4.215,4.032,4.1325,4.1325,155702000,4.1325,0.006067979783756268,0.006067979783756268
2009-06-18 00:00:00+00:00,4.1405,4.1475,4.05,4.08,4.08,109062000,4.08,-0.012785562296971927,-0.012785562296971927
2009-06-19 00:00:00+00:00,4.1075,4.173,4.075,4.148,4.148,108764000,4.148,0.016529301951210506,0.016529301951210506
2009-06-22 00:00:00+00:00,4.1205,4.1215,3.928,3.9575,3.9575,194888000,3.9575,-0.04701377759425065,-0.04701377759425065
2009-06-23 00:00:00+00:00,3.9485,3.955,3.8125,3.884,3.884,148310000,3.884,-0.018746962343951703,-0.018746962343951703
2009-06-24 00:00:00+00:00,3.9,4.0265,3.89,3.9635,3.9635,121628000,3.9635,0.020261922865994954,0.020261922865994954
2009-06-25 00:00:00+00:00,3.955,4.1115,3.9515,4.11,4.11,147208000,4.11,0.036295555213069944,0.036295555213069944
2009-06-26 00:00:00+00:00,4.095,4.207,4.0565,4.194,4.194,175506000,4.194,0.0202319039715849,0.0202319039715849
2009-06-29 00:00:00+00:00,4.1935,4.21,4.1205,4.1515,4.1515,125406000,4.1515,-0.010185217759779857,-0.010185217759779857
2009-06-30 00:00:00+00:00,4.181,4.246,4.1235,4.183,4.183,159696000,4.183,0.007558977740112908,0.007558977740112908
2009-07-01 00:00:00+00:00,4.221,4.225,4.0685,4.08,4.08,139624000,4.08,-0.02493170404399096,-0.02493170404399096
2009-07-02 00:00:00+00:00,4.0555,4.0685,3.9255,3.966,3.966,144372000,3.966,-0.02833895831846611,-0.02833895831846611
2009-07-06 00:00:00+00:00,3.9225,3.9445,3.827,3.905,3.905,147376000,3.905,-0.0155002468059551,-0.0155002468059551
2009-07-07 00:00:00+00:00,3.9265,3.9345,3.7705,3.7815,3.7815,129830000,3.7815,-0.03213702697770216,-0.03213702697770216
2009-07-08 00:00:00+00:00,3.823,3.8965,3.785,3.868,3.868,170814000,3.868,0.022616821277100664,0.022616821277100664
2009-07-09 00:00:00+00:00,3.9125,3.927,3.841,3.905,3.905,127190000,3.905,0.009520205700601298,0.009520205700601298
2009-07-10 00:00:00+00:00,3.876,3.941,3.8085,3.8815,3.8815,119522000,3.8815,-0.006036106428051321,-0.006036106428051321
2009-07-13 00:00:00+00:00,3.9035,4.0825,3.9005,4.0735,4.0735,161004000,4.0735,0.048280903904961446,0.048280903904961446
2009-07-14 00:00:00+00:00,4.074,4.121,4.021,4.0975,4.0975,90872000,4.0975,0.005874450867288326,0.005874450867288326
2009-07-15 00:00:00+00:00,4.15,4.232,4.139,4.2275,4.2275,126780000,4.2275,0.03123377015475049,0.03123377015475049
2009-07-16 00:00:00+00:00,4.221,4.312,4.186,4.3055,4.3055,107238000,4.3055,0.018282473363484604,0.018282473363484604
2009-07-17 00:00:00+00:00,4.29,4.325,4.26,4.2925,4.2925,101032000,4.2925,-0.0030239613645892172,-0.0030239613645892172
2009-07-20 00:00:00+00:00,4.3135,4.444,4.313,4.4115,4.4115,121132000,4.4115,0.027345453890528837,0.027345453890528837
2009-07-21 00:00:00+00:00,4.426,4.4505,4.37,4.4505,4.4505,154572000,4.4505,0.008801681736826624,0.008801681736826624
2009-07-22 00:00:00+00:00,4.4325,4.4615,4.389,4.4395,4.4395,106592000,4.4395,-0.002474691926604768,-0.002474691926604768
2009-07-23 00:00:00+00:00,4.492,4.72,4.4795,4.6935,4.6935,383242000,4.6935,0.05563681530466509,0.05563681530466509
2009-07-24 00:00:00+00:00,4.38,4.445,4.275,4.3245,4.3245,384092000,4.3245,-0.08188204603048016,-0.08188204603048016
2009-07-27 00:00:00+00:00,4.312,4.3245,4.178,4.212,4.212,225586000,4.212,-0.02635893249270036,-0.02635893249270036
2009-07-28 00:00:00+00:00,4.192,4.282,4.13,4.249,4.249,175498000,4.249,0.008746066860945367,0.008746066860945367
2009-07-29 00:00:00+00:00,4.2235,4.275,4.176,4.217,4.217,130058000,4.217,-0.007559686368251705,-0.007559686368251705
2009-07-30 00:00:00+00:00,4.282,4.3625,4.2585,4.3045,4.3045,145064000,4.3045,0.020537012351449488,0.020537012351449488
2009-07-31 00:00:00+00:00,4.288,4.3375,4.231,4.288,4.288,117738000,4.288,-0.003840563347371394,-0.003840563347371394
2009-08-03 00:00:00+00:00,4.328,4.41,4.328,4.372,4.372,133260000,4.372,0.01940014654579117,0.01940014654579117
2009-08-04 00:00:00+00:00,4.374,4.374,4.2465,4.29,4.29,123558000,4.29,-0.018933837374366522,-0.018933837374366522
2009-08-05 00:00:00+00:00,4.282,4.2875,4.151,4.2145,4.2145,145588000,4.2145,-0.0177557724845258,-0.0177557724845258
2009-08-06 00:00:00+00:00,4.2155,4.242,4.1525,4.2235,4.2235,93860000,4.2235,0.0021332077300144367,0.0021332077300144367
2009-08-07 00:00:00+00:00,4.205,4.298,4.205,4.266,4.266,112560000,4.266,0.010012451863744679,0.010012451863744679
2009-08-10 00:00:00+00:00,4.2505,4.2735,4.1635,4.222,4.222,88812000,4.222,-0.01036767062302982,-0.01036767062302982
2009-08-11 00:00:00+00:00,4.182,4.22,4.1225,4.178,4.178,100500000,4.178,-0.01047628629175493,-0.01047628629175493
2009-08-12 00:00:00+00:00,4.171,4.33,4.169,4.298,4.298,112388000,4.298,0.028317135085944765,0.028317135085944765
2009-08-13 00:00:00+00:00,4.286,4.3185,4.2035,4.23,4.23,114248000,4.23,-0.015947805162131994,-0.015947805162131994
2009-08-14 00:00:00+00:00,4.2055,4.2085,4.139,4.179,4.179,98494000,4.179,-0.012130009592408335,-0.012130009592408335
2009-08-17 00:00:00+00:00,4.058,4.089,4.0125,4.053,4.053,137772000,4.053,-0.030614635819606977,-0.030614635819606977
2009-08-18 00:00:00+00:00,4.0705,4.1345,4.0395,4.106,4.106,117688000,4.106,0.012991970950570336,0.012991970950570336
2009-08-19 00:00:00+00:00,4.0455,4.15,4.0245,4.15,4.15,103412000,4.15,0.010659015645865197,0.010659015645865197
2009-08-20 00:00:00+00:00,4.149,4.2175,4.133,4.2045,4.2045,107500000,4.2045,0.01304704604820863,0.01304704604820863
2009-08-21 00:00:00+00:00,4.239,4.253,4.177,4.25,4.25,122614000,4.25,0.010763602645509856,0.010763602645509856
2009-08-24 00:00:00+00:00,4.2585,4.2795,4.212,4.225,4.225,94464000,4.225,-0.005899722127188383,-0.005899722127188383
2009-08-25 00:00:00+00:00,4.233,4.317,4.1975,4.2095,4.2095,95820000,4.2095,-0.003675385013555423,-0.003675385013555423
2009-08-26 00:00:00+00:00,4.205,4.238,4.169,4.2,4.2,72276000,4.2,-0.0022593505062590024,-0.0022593505062590024
2009-08-27 00:00:00+00:00,4.2005,4.2425,4.157,4.2155,4.2155,79954000,4.2155,0.003683683091270609,0.003683683091270609
2009-08-28 00:00:00+00:00,4.239,4.2495,4.1285,4.138,4.138,92414000,4.138,-0.018555629057241882,-0.018555629057241882
2009-08-31 00:00:00+00:00,4.0965,4.0975,4.0175,4.0595,4.0595,105276000,4.0595,-0.019152766002987143,-0.019152766002987143
2009-09-01 00:00:00+00:00,4.037,4.121,3.95,3.958,3.958,124916000,3.958,-0.025320966139990006,-0.025320966139990006
2009-09-02 00:00:00+00:00,3.952,4.0075,3.89,3.907,3.907,130254000,3.907,-0.012969031107440458,-0.012969031107440458
2009-09-03 00:00:00+00:00,3.9195,3.948,3.8755,3.923,3.923,82804000,3.923,0.00408685115448206,0.00408685115448206
2009-09-04 00:00:00+00:00,3.9135,3.989,3.8815,3.9435,3.9435,93430000,3.9435,0.005211986628492949,0.005211986628492949
2009-09-08 00:00:00+00:00,3.993,4.052,3.9435,4.045,4.045,140752000,4.045,0.02541289665454649,0.02541289665454649
2009-09-09 00:00:00+00:00,4.03,4.1315,4.025,4.112,4.112,135524000,4.112,0.016427977642409036,0.016427977642409036
2009-09-10 00:00:00+00:00,4.1165,4.2035,4.115,4.1925,4.1925,140462000,4.1925,0.01938768656236292,0.01938768656236292
2009-09-11 00:00:00+00:00,4.222,4.245,4.188,4.227,4.227,120138000,4.227,0.008195306869426112,0.008195306869426112
2009-09-14 00:00:00+00:00,4.1905,4.2285,4.173,4.193,4.193,71440000,4.193,-0.008076053396027426,-0.008076053396027426
2009-09-15 00:00:00+00:00,4.2085,4.2205,4.1395,4.1775,4.1775,88936000,4.1775,-0.0037034867012137175,-0.0037034867012137175
2009-09-16 00:00:00+00:00,4.2955,4.549,4.295,4.535,4.535,262286000,4.535,0.08211210207968826,0.08211210207968826
2009-09-17 00:00:00+00:00,4.5375,4.5595,4.45,4.522,4.522,157454000,4.522,-0.0028707097113218256,-0.0028707097113218256
2009-09-18 00:00:00+00:00,4.537,4.55,4.4735,4.514,4.514,135390000,4.514,-0.0017706954604342045,-0.0017706954604342045
2009-09-21 00:00:00+00:00,4.4845,4.538,4.424,4.528,4.528,84186000,4.528,0.003096662505537636,0.003096662505537636
2009-09-22 00:00:00+00:00,4.573,4.7095,4.555,4.6875,4.6875,165298000,4.6875,0.03461905039564742,0.03461905039564742
2009-09-23 00:00:00+00:00,4.641,4.725,4.611,4.619,4.619,113706000,4.619,-0.014721159848060902,-0.014721159848060902
2009-09-24 00:00:00+00:00,4.6,4.6355,4.5385,4.6055,4.6055,101502000,4.6055,-0.0029269900023149906,-0.0029269900023149906
2009-09-25 00:00:00+00:00,4.572,4.6125,4.4875,4.526,4.526,85136000,4.526,-0.017412694234807624,-0.017412694234807624
2009-09-28 00:00:00+00:00,4.552,4.6405,4.53,4.6105,4.6105,70160000,4.6105,0.01849776378571338,0.01849776378571338
2009-09-29 00:00:00+00:00,4.598,4.6165,4.505,4.586,4.586,87878000,4.586,-0.005328126561346136,-0.005328126561346136
2009-09-30 00:00:00+00:00,4.613,4.7085,4.5715,4.668,4.668,170784000,4.668,0.017722529988596785,0.017722529988596785
2009-10-01 00:00:00+00:00,4.625,4.645,4.5185,4.552,4.552,132902000,4.552,-0.025164017600279854,-0.025164017600279854
2009-10-02 00:00:00+00:00,4.5025,4.557,4.479,4.4925,4.4925,100788000,4.4925,-0.013157357148452753,-0.013157357148452753
2009-10-05 00:00:00+00:00,4.5125,4.5465,4.4135,4.4335,4.4335,140570000,4.4335,-0.013219999837652182,-0.013219999837652182
2009-10-06 00:00:00+00:00,4.4665,4.554,4.42,4.5455,4.5455,139274000,4.5455,0.024948392741850976,0.024948392741850976
2009-10-07 00:00:00+00:00,4.575,4.724,4.5575,4.6985,4.6985,148902000,4.6985,0.03310557626120692,0.03310557626120692
2009-10-08 00:00:00+00:00,4.74,4.836,4.7115,4.761,4.761,193486000,4.761,0.013214421371399006,0.013214421371399006
2009-10-09 00:00:00+00:00,4.75,4.7975,4.713,4.7855,4.7855,93880000,4.7855,0.005132782441442229,0.005132782441442229
2009-10-12 00:00:00+00:00,4.8085,4.8125,4.6535,4.68,4.68,111828000,4.68,-0.022292402724268787,-0.022292402724268787
2009-10-13 00:00:00+00:00,4.6915,4.7625,4.684,4.7415,4.7415,94400000,4.7415,0.013055431412089862,0.013055431412089862
2009-10-14 00:00:00+00:00,4.811,4.891,4.801,4.873,4.873,111136000,4.873,0.02735622251972412,0.02735622251972412
2009-10-15 00:00:00+00:00,4.7565,4.853,4.754,4.8005,4.8005,124842000,4.8005,-0.01498968470582769,-0.01498968470582769
2009-10-16 00:00:00+00:00,4.765,4.806,4.6805,4.766,4.766,140768000,4.766,-0.007212700478991102,-0.007212700478991102
2009-10-19 00:00:00+00:00,4.7675,4.814,4.7125,4.734,4.734,120348000,4.734,-0.006736867584758165,-0.006736867584758165
2009-10-20 00:00:00+00:00,4.7955,4.805,4.7135,4.749,4.749,155552000,4.749,0.003163558475192494,0.003163558475192494
2009-10-21 00:00:00+00:00,4.7635,4.8315,4.6455,4.671,4.671,155224000,4.671,-0.0165608880470137,-0.0165608880470137
2009-10-22 00:00:00+00:00,4.683,4.705,4.585,4.6725,4.6725,330370000,4.6725,0.0003210788276099188,0.0003210788276099188
2009-10-23 00:00:00+00:00,5.5525,5.9825,5.531,5.9245,5.9245,1166116000,5.9245,0.2374020349270767,0.2374020349270767
2009-10-26 00:00:00+00:00,5.9605,6.284,5.9245,6.232,6.232,645424000,6.232,0.05060101329378945,0.05060101329378945
2009-10-27 00:00:00+00:00,6.1465,6.213,5.971,6.1035,6.1035,406084000,6.1035,-0.020834931440729825,-0.020834931440729825
2009-10-28 00:00:00+00:00,6.0785,6.256,6.038,6.082,6.082,337754000,6.082,-0.003528787872544505,-0.003528787872544505
2009-10-29 00:00:00+00:00,6.195,6.215,6.006,6.129,6.129,256436000,6.129,0.007698015248421654,0.007698015248421654
2009-10-30 00:00:00+00:00,6.0985,6.145,5.9105,5.9405,5.9405,266244000,5.9405,-0.031238299587389537,-0.031238299587389537
2009-11-02 00:00:00+00:00,5.933,5.975,5.8355,5.942,5.942,225600000,5.942,0.0002524721242108279,0.0002524721242108279
2009-11-03 00:00:00+00:00,5.8835,5.944,5.8315,5.9185,5.9185,189570000,5.9185,-0.003962738628604678,-0.003962738628604678
2009-11-04 00:00:00+00:00,5.95,5.9625,5.838,5.855,5.855,152350000,5.855,-0.010787041362130496,-0.010787041362130496
2009-11-05 00:00:00+00:00,5.873,6.0475,5.8125,6.0305,6.0305,181736000,6.0305,0.029533928991479722,0.029533928991479722
2009-11-06 00:00:00+00:00,6.15,6.349,6.1335,6.31,6.31,264520000,6.31,0.045305750511961264,0.045305750511961264
2009-11-09 00:00:00+00:00,6.3555,6.416,6.2795,6.3335,6.3335,172484000,6.3335,0.0037173293884282892,0.0037173293884282892
2009-11-10 00:00:00+00:00,6.34,6.5305,6.3,6.5075,6.5075,210586000,6.5075,0.027102351945033226,0.027102351945033226
2009-11-11 00:00:00+00:00,6.554,6.5655,6.4165,6.4955,6.4955,148684000,6.4955,-0.0018457284329329723,-0.0018457284329329723
2009-11-12 00:00:00+00:00,6.499,6.6075,6.499,6.5265,6.5265,144202000,6.5265,0.004761182393056934,0.004761182393056934
2009-11-13 00:00:00+00:00,6.558,6.6495,6.4875,6.6485,6.6485,147536000,6.6485,0.018520453467916097,0.018520453467916097
2009-11-16 00:00:00+00:00,6.606,6.728,6.549,6.5795,6.5795,180366000,6.5795,-0.01043251070656532,-0.01043251070656532
2009-11-17 00:00:00+00:00,6.57,6.5925,6.466,6.5625,6.5625,154960000,6.5625,-0.0025871266903161874,-0.0025871266903161874
2009-11-18 00:00:00+00:00,6.545,6.5705,6.4765,6.5645,6.5645,104270000,6.5645,0.00030471547428576474,0.00030471547428576474
2009-11-19 00:00:00+00:00,6.527,6.527,6.424,6.4495,6.4495,119964000,6.4495,-0.017673734968974324,-0.017673734968974324
2009-11-20 00:00:00+00:00,6.388,6.4995,6.3705,6.483,6.483,133052000,6.483,0.005180757769804886,0.005180757769804886
2009-11-23 00:00:00+00:00,6.5525,6.65,6.55,6.65,6.65,137562000,6.65,0.025433488474904356,0.025433488474904356
2009-11-24 00:00:00+00:00,6.6785,6.7165,6.611,6.647,6.647,146394000,6.647,-0.00045122960831802463,-0.00045122960831802463
2009-11-25 00:00:00+00:00,6.6655,6.71,6.62,6.7015,6.7015,101424000,6.7015,0.008165756876969573,0.008165756876969573
2009-11-27 00:00:00+00:00,6.515,6.65,6.494,6.587,6.587,88452000,6.587,-0.017233372277858504,-0.017233372277858504
2009-11-30 00:00:00+00:00,6.6095,6.804,6.608,6.7955,6.7955,202390000,6.7955,0.031162618754709156,0.031162618754709156
2009-12-01 00:00:00+00:00,6.847,6.9675,6.7875,6.925,6.925,193152000,6.925,0.018877423660137196,0.018877423660137196
2009-12-02 00:00:00+00:00,6.9575,7.1335,6.948,7.1125,7.1125,235960000,7.1125,0.026715747379047056,0.026715747379047056
2009-12-03 00:00:00+00:00,7.181,7.2955,7.0385,7.0585,7.0585,330470000,7.0585,-0.007621235110331927,-0.007621235110331927
2009-12-04 00:00:00+00:00,7.171,7.1725,6.7555,6.879,6.879,296548000,6.879,-0.02575927179824033,-0.02575927179824033
2009-12-07 00:00:00+00:00,6.9,6.95,6.692,6.7105,6.7105,156740000,6.7105,-0.02479982868815348,-0.02479982868815348
2009-12-08 00:00:00+00:00,6.715,6.804,6.6435,6.7055,6.7055,160056000,6.7055,-0.0007453786868657182,-0.0007453786868657182
2009-12-09 00:00:00+00:00,6.73,6.7355,6.491,6.5655,6.5655,252658000,6.5655,-0.021099418851935118,-0.021099418851935118
2009-12-10 00:00:00+00:00,6.6205,6.8095,6.62,6.769,6.769,226872000,6.769,0.030524699209547826,0.030524699209547826
2009-12-11 00:00:00+00:00,6.8035,6.8145,6.66,6.7075,6.7075,160934000,6.7075,-0.009127062208828488,-0.009127062208828488
2009-12-14 00:00:00+00:00,6.625,6.6305,6.4675,6.569,6.569,200458000,6.569,-0.020864689407306163,-0.020864689407306163
2009-12-15 00:00:00+00:00,6.538,6.623,6.4795,6.5115,6.5115,148576000,6.5115,-0.008791769484715007,-0.008791769484715007
2009-12-16 00:00:00+00:00,6.5465,6.5725,6.3825,6.418,6.418,205226000,6.418,-0.014463301737955717,-0.014463301737955717
2009-12-17 00:00:00+00:00,6.468,6.504,6.345,6.3455,6.3455,169530000,6.3455,-0.011360642419583084,-0.011360642419583084
2009-12-18 00:00:00+00:00,6.3955,6.4395,6.2825,6.424,6.424,192108000,6.424,0.012295076376378477,0.012295076376378477
2009-12-21 00:00:00+00:00,6.524,6.66,6.5095,6.6395,6.6395,189472000,6.6395,0.03299568280378459,0.03299568280378459
2009-12-22 00:00:00+00:00,6.688,6.7995,6.6325,6.6875,6.6875,165150000,6.6875,0.0072034527738797345,0.0072034527738797345
2009-12-23 00:00:00+00:00,6.74,6.9525,6.7175,6.947,6.947,190922000,6.947,0.03806979948861899,0.03806979948861899
2009-12-24 00:00:00+00:00,6.96,6.985,6.877,6.9235,6.9235,102576000,6.9235,-0.0033884895981123727,-0.0033884895981123727
2009-12-28 00:00:00+00:00,6.9875,7.099,6.9265,6.9655,6.9655,175278000,6.9655,0.006047970051510948,0.006047970051510948
2009-12-29 00:00:00+00:00,7.0645,7.129,6.9275,6.9705,6.9705,168012000,6.9705,0.0007175660468632182,0.0007175660468632182
2009-12-30 00:00:00+00:00,6.92,6.92,6.764,6.8245,6.8245,138264000,6.8245,-0.021167879896892616,-0.021167879896892616
2009-12-31 00:00:00+00:00,6.8545,6.864,6.726,6.726,6.726,90460000,6.726,-0.014538464996035177,-0.014538464996035177
2010-01-04 00:00:00+00:00,6.8125,6.8305,6.657,6.695,6.695,151998000,6.695,-0.004619634174942025,-0.004619634174942025
2010-01-05 00:00:00+00:00,6.6715,6.774,6.5905,6.7345,6.7345,177038000,6.7345,0.005882588913596643,0.005882588913596643
2010-01-06 00:00:00+00:00,6.73,6.7365,6.5825,6.6125,6.6125,143576000,6.6125,-0.018281770872314668,-0.018281770872314668
2010-01-07 00:00:00+00:00,6.6005,6.616,6.44,6.5,6.5,220604000,6.5,-0.017159620282826284,-0.017159620282826284
2010-01-08 00:00:00+00:00,6.528,6.684,6.4515,6.676,6.676,196610000,6.676,0.02671682889799714,0.02671682889799714
2010-01-11 00:00:00+00:00,6.631,6.64,6.4605,6.5155,6.5155,175588000,6.5155,-0.024335052196764947,-0.024335052196764947
2010-01-12 00:00:00+00:00,6.4495,6.491,6.3275,6.3675,6.3675,181926000,6.3675,-0.02297702573134865,-0.02297702573134865
2010-01-13 00:00:00+00:00,6.395,6.4855,6.2875,6.4555,6.4555,214464000,6.4555,0.013725552761161306,0.013725552761161306
2010-01-14 00:00:00+00:00,6.457,6.519,6.32,6.3675,6.3675,195498000,6.3675,-0.013725552761161225,-0.013725552761161225
2010-01-15 00:00:00+00:00,6.459,6.4825,6.353,6.357,6.357,307530000,6.357,-0.0016503599172032562,-0.0016503599172032562
2010-01-19 00:00:00+00:00,6.3155,6.4,6.2165,6.3805,6.3805,177852000,6.3805,0.0036898962376221882,0.0036898962376221882
2010-01-20 00:00:00+00:00,6.3565,6.46,6.254,6.289,6.289,181494000,6.289,-0.014444388630527652,-0.014444388630527652
2010-01-21 00:00:00+00:00,6.363,6.4075,6.25,6.331,6.331,199412000,6.331,0.006656126000623355,0.006656126000623355
2010-01-22 00:00:00+00:00,6.28,6.3835,6.038,6.0715,6.0715,231378000,6.0715,-0.04185251005025295,-0.04185251005025295
2010-01-25 00:00:00+00:00,6.105,6.114,5.906,6.0155,6.0155,240478000,6.0155,-0.009266220020294393,-0.009266220020294393
2010-01-26 00:00:00+00:00,6.028,6.149,5.953,5.974,5.974,191180000,5.974,-0.006922751697524066,-0.006922751697524066
2010-01-27 00:00:00+00:00,6.0515,6.1665,5.94,6.1375,6.1375,295306000,6.1375,0.02700077332672083,0.02700077332672083
2010-01-28 00:00:00+00:00,6.2215,6.36,6.14,6.3015,6.3015,545862000,6.3015,0.026370207174770274,0.026370207174770274
2010-01-29 00:00:00+00:00,6.4885,6.5925,6.207,6.2705,6.2705,589426000,6.2705,-0.0049316040134419524,-0.0049316040134419524
2010-02-01 00:00:00+00:00,6.159,6.243,5.691,5.9435,5.9435,755488000,5.9435,-0.05355791084342536,-0.05355791084342536
2010-02-02 00:00:00+00:00,5.9395,5.949,5.72,5.906,5.906,461594000,5.906,-0.006329402116811165,-0.006329402116811165
2010-02-03 00:00:00+00:00,5.856,5.9805,5.828,5.955,5.955,248118000,5.955,0.008262419485532593,0.008262419485532593
2010-02-04 00:00:00+00:00,5.932,6.0165,5.787,5.797,5.797,255680000,5.797,-0.026890660449667658,-0.026890660449667658
2010-02-05 00:00:00+00:00,5.794,5.8825,5.705,5.8695,5.8695,220496000,5.8695,0.012428908978844145,0.012428908978844145
2010-02-08 00:00:00+00:00,5.969,6.05,5.828,5.8415,5.8415,197804000,5.8415,-0.004781838161373843,-0.004781838161373843
2010-02-09 00:00:00+00:00,5.91,5.9545,5.85,5.9015,5.9015,184460000,5.9015,0.0102189427119207,0.0102189427119207
2010-02-10 00:00:00+00:00,5.9,5.9305,5.8,5.868,5.868,124664000,5.868,-0.005692695606251358,-0.005692695606251358
2010-02-11 00:00:00+00:00,5.8605,6.021,5.825,6.0045,6.0045,166870000,6.0045,0.022995327837865624,0.022995327837865624
2010-02-12 00:00:00+00:00,5.9495,5.997,5.875,5.983,5.983,161470000,5.983,-0.0035870737107062804,-0.0035870737107062804
2010-02-16 00:00:00+00:00,6.003,6.025,5.859,5.8765,5.8765,178654000,5.8765,-0.01796076781712296,-0.01796076781712296
2010-02-17 00:00:00+00:00,5.8535,5.8565,5.7775,5.8155,5.8155,178896000,5.8155,-0.010434579793815258,-0.010434579793815258
2010-02-18 00:00:00+00:00,5.792,5.9255,5.741,5.904,5.904,196002000,5.904,0.015103320501214787,0.015103320501214787
2010-02-19 00:00:00+00:00,5.8955,5.9545,5.85,5.876,5.876,142312000,5.876,-0.004753828986540443,-0.004753828986540443
2010-02-22 00:00:00+00:00,5.8685,5.9485,5.809,5.9005,5.9005,136146000,5.9005,0.004160834772035535,0.004160834772035535
2010-02-23 00:00:00+00:00,5.9005,5.9625,5.8255,5.862,5.862,141364000,5.862,-0.006546250794965669,-0.006546250794965669
2010-02-24 00:00:00+00:00,5.898,5.99,5.8575,5.986,5.986,147798000,5.986,0.02093256714180634,0.02093256714180634
2010-02-25 00:00:00+00:00,5.9085,5.917,5.7925,5.91,5.91,190668000,5.91,-0.01277757801250035,-0.01277757801250035
2010-02-26 00:00:00+00:00,5.894,5.9715,5.85,5.92,5.92,114432000,5.92,0.001690617477907452,0.001690617477907452
2010-03-01 00:00:00+00:00,5.935,6.233,5.8765,6.227,6.227,265930000,6.227,0.0505582269944007,0.0505582269944007
2010-03-02 00:00:00+00:00,6.2505,6.3675,6.24,6.2765,6.2765,241950000,6.2765,0.007917824385811043,0.007917824385811043
2010-03-03 00:00:00+00:00,6.27,6.347,6.2215,6.2945,6.2945,128808000,6.2945,0.002863735948050759,0.002863735948050759
2010-03-04 00:00:00+00:00,6.299,6.4425,6.2785,6.4265,6.4265,150194000,6.4265,0.020753830343872633,0.020753830343872633
2010-03-05 00:00:00+00:00,6.4565,6.4725,6.3535,6.4455,6.4455,135386000,6.4455,0.002952146332972907,0.002952146332972907
2010-03-08 00:00:00+00:00,6.415,6.5425,6.3855,6.5055,6.5055,112118000,6.5055,0.00926576006037117,0.00926576006037117
2010-03-09 00:00:00+00:00,6.4795,6.5405,6.3985,6.441,6.441,121416000,6.441,-0.009964165396639864,-0.009964165396639864
2010-03-10 00:00:00+00:00,6.4555,6.5585,6.424,6.5255,6.5255,112514000,6.5255,0.013033771060691571,0.013033771060691571
2010-03-11 00:00:00+00:00,6.5225,6.681,6.518,6.679,6.679,144816000,6.679,0.02325069711805368,0.02325069711805368
2010-03-12 00:00:00+00:00,6.71,6.71,6.559,6.591,6.591,123016000,6.591,-0.013263193672916139,-0.013263193672916139
2010-03-15 00:00:00+00:00,6.585,6.6,6.4315,6.5565,6.5565,126584000,6.5565,-0.005248158081241055,-0.005248158081241055
2010-03-16 00:00:00+00:00,6.562,6.6145,6.525,6.5895,6.5895,82650000,6.5895,0.005020549112465054,0.005020549112465054
2010-03-17 00:00:00+00:00,6.6205,6.6345,6.561,6.567,6.567,87176000,6.567,-0.0034203658929713643,-0.0034203658929713643
2010-03-18 00:00:00+00:00,6.551,6.6425,6.522,6.638,6.638,100426000,6.638,0.010753606088947213,0.010753606088947213
2010-03-19 00:00:00+00:00,6.6855,6.6855,6.483,6.5175,6.5175,178100000,6.5175,-0.018319846472263132,-0.018319846472263132
2010-03-22 00:00:00+00:00,6.51,6.548,6.432,6.5235,6.5235,107668000,6.5235,0.0009201748981460334,0.0009201748981460334
2010-03-23 00:00:00+00:00,6.5445,6.547,6.4035,6.463,6.463,84262000,6.463,-0.009317435442907362,-0.009317435442907362
2010-03-24 00:00:00+00:00,6.432,6.47,6.36,6.402,6.402,93928000,6.402,-0.009483164733087059,-0.009483164733087059
2010-03-25 00:00:00+00:00,6.457,6.8455,6.402,6.7365,6.7365,324192000,6.7365,0.05093006066609412,0.05093006066609412
2010-03-26 00:00:00+00:00,6.745,6.8495,6.688,6.753,6.753,131314000,6.753,0.00244634837893942,0.00244634837893942
2010-03-29 00:00:00+00:00,6.7685,6.8315,6.7165,6.756,6.756,92538000,6.756,0.000444148352848849,0.000444148352848849
2010-03-30 00:00:00+00:00,6.787,6.9095,6.768,6.829,6.829,123854000,6.829,0.010747251033398535,0.010747251033398535
2010-03-31 00:00:00+00:00,6.8,6.84,6.724,6.7885,6.7885,92012000,6.7885,-0.00594824592075327,-0.00594824592075327
2010-04-01 00:00:00+00:00,6.79,6.8255,6.559,6.5905,6.5905,175716000,6.5905,-0.029600785887815558,-0.029600785887815558
2010-04-05 00:00:00+00:00,6.6425,6.687,6.539,6.5745,6.5745,116330000,6.5745,-0.002430688625546839,-0.002430688625546839
2010-04-06 00:00:00+00:00,6.5615,6.8,6.559,6.778,6.778,159006000,6.778,0.030483543640023057,0.030483543640023057
2010-04-07 00:00:00+00:00,6.798,6.804,6.693,6.7435,6.7435,118908000,6.7435,-0.005102995210084327,-0.005102995210084327
2010-04-08 00:00:00+00:00,6.7355,7.0625,6.7355,7.048,7.048,253782000,7.048,0.044164810659103125,0.044164810659103125
2010-04-09 00:00:00+00:00,7.036,7.0665,6.9535,7.003,7.003,120222000,7.003,-0.006405259960497698,-0.006405259960497698
2010-04-12 00:00:00+00:00,7.0,7.1455,6.984,7.06,7.06,108906000,7.06,0.008106422831770042,0.008106422831770042
2010-04-13 00:00:00+00:00,7.0615,7.099,6.956,7.008,7.008,95710000,7.008,-0.00739269787106039,-0.00739269787106039
2010-04-14 00:00:00+00:00,7.017,7.225,6.96,7.214,7.214,158006000,7.214,0.028971228847257058,0.028971228847257058
2010-04-15 00:00:00+00:00,7.2275,7.3545,7.2,7.291,7.291,156592000,7.291,0.010617128342945904,0.010617128342945904
2010-04-16 00:00:00+00:00,7.244,7.3585,7.0725,7.1085,7.1085,167936000,7.1085,-0.02534945973067765,-0.02534945973067765
2010-04-19 00:00:00+00:00,7.1175,7.1835,6.9565,7.1215,7.1215,120440000,7.1215,0.0018271262988881556,0.0018271262988881556
2010-04-20 00:00:00+00:00,7.1915,7.232,7.105,7.21,7.21,86234000,7.21,0.012350573904353871,0.012350573904353871
2010-04-21 00:00:00+00:00,7.2585,7.45,7.176,7.3215,7.3215,147488000,7.3215,0.015346273716317083,0.015346273716317083
2010-04-22 00:00:00+00:00,7.3505,7.5545,7.294,7.5045,7.5045,303316000,7.5045,0.024687615601057634,0.024687615601057634
2010-04-23 00:00:00+00:00,7.269,7.4545,7.121,7.1815,7.1815,379504000,7.1815,-0.0439945657244921,-0.0439945657244921
2010-04-26 00:00:00+00:00,7.16,7.3865,7.145,7.3555,7.3555,186366000,7.3555,0.023940057818389107,0.023940057818389107
2010-04-27 00:00:00+00:00,7.2775,7.322,7.0555,7.101,7.101,172780000,7.101,-0.035212713508172865,-0.035212713508172865
2010-04-28 00:00:00+00:00,7.1295,7.1375,6.9345,6.9675,6.9675,184706000,6.9675,-0.01897913882599032,-0.01897913882599032
2010-04-29 00:00:00+00:00,7.0045,7.1225,6.9895,7.0865,7.0865,126284000,7.0865,0.016935085250856793,0.016935085250856793
2010-04-30 00:00:00+00:00,7.07,7.07,6.8455,6.855,6.855,122270000,6.855,-0.03321325261054523,-0.03321325261054523
2010-05-03 00:00:00+00:00,6.86,6.972,6.8055,6.8745,6.8745,113092000,6.8745,0.002840600620873587,0.002840600620873587
2010-05-04 00:00:00+00:00,6.781,6.7905,6.419,6.4915,6.4915,253356000,6.4915,-0.05732528481698034,-0.05732528481698034
2010-05-05 00:00:00+00:00,6.4,6.5805,6.3775,6.5465,6.5465,189162000,6.5465,0.008436926867499845,0.008436926867499845
2010-05-06 00:00:00+00:00,6.5,6.6165,6.03,6.4355,6.4355,203780000,6.4355,-0.017101017578375503,-0.017101017578375503
2010-05-07 00:00:00+00:00,6.3985,6.559,6.188,6.249,6.249,238552000,6.249,-0.029408087160350878,-0.029408087160350878
2010-05-10 00:00:00+00:00,6.4865,6.6105,6.463,6.5645,6.5645,136122000,6.5645,0.04925489244508335,0.04925489244508335
2010-05-11 00:00:00+00:00,6.4975,6.654,6.4235,6.523,6.523,120882000,6.523,-0.006341950578069016,-0.006341950578069016
2010-05-12 00:00:00+00:00,6.5705,6.7065,6.484,6.6935,6.6935,118090000,6.6935,0.025802513429856504,0.025802513429856504
2010-05-13 00:00:00+00:00,6.6965,6.8495,6.55,6.5735,6.5735,118804000,6.5735,-0.01809049108929346,-0.01809049108929346
2010-05-14 00:00:00+00:00,6.518,6.55,6.338,6.4265,6.4265,105556000,6.4265,-0.022616348586472497,-0.022616348586472497
2010-05-17 00:00:00+00:00,6.412,6.4975,6.29,6.4455,6.4455,112844000,6.4455,0.002952146332972907,0.002952146332972907
2010-05-18 00:00:00+00:00,6.507,6.5625,6.2755,6.314,6.314,105138000,6.314,-0.020612822765222572,-0.020612822765222572
2010-05-19 00:00:00+00:00,6.2755,6.3965,6.19,6.2295,6.2295,129266000,6.2295,-0.0134733173790191,-0.0134733173790191
2010-05-20 00:00:00+00:00,6.132,6.25,5.939,5.9855,5.9855,171888000,5.9855,-0.03995619504749333,-0.03995619504749333
2010-05-21 00:00:00+00:00,5.895,6.2485,5.876,6.136,6.136,159338000,6.136,0.02483318635566764,0.02483318635566764
2010-05-24 00:00:00+00:00,6.1285,6.225,6.0325,6.106,6.106,90718000,6.106,-0.0049011697522689905,-0.0049011697522689905
2010-05-25 00:00:00+00:00,5.927,6.2595,5.925,6.243,6.243,138268000,6.243,0.022188941766920944,0.022188941766920944
2010-05-26 00:00:00+00:00,6.2525,6.2895,6.115,6.1605,6.1605,139292000,6.1605,-0.013302892997021237,-0.013302892997021237
2010-05-27 00:00:00+00:00,6.249,6.3425,6.03,6.335,6.335,94954000,6.335,0.027931870690516513,0.027931870690516513
2010-05-28 00:00:00+00:00,6.3035,6.38,6.2005,6.273,6.273,79096000,6.273,-0.009835104658496173,-0.009835104658496173
2010-06-01 00:00:00+00:00,6.2485,6.3285,6.151,6.162,6.162,73190000,6.162,-0.01785330894013004,-0.01785330894013004
2010-06-02 00:00:00+00:00,6.201,6.3215,6.0825,6.3155,6.3155,95294000,6.3155,0.02460552905741668,0.02460552905741668
2010-06-03 00:00:00+00:00,6.3125,6.4575,6.2425,6.438,6.438,105538000,6.438,0.01921100364472358,0.01921100364472358
2010-06-04 00:00:00+00:00,6.3165,6.41,6.109,6.1385,6.1385,109954000,6.1385,-0.04763752023785894,-0.04763752023785894
2010-06-07 00:00:00+00:00,6.292,6.3305,6.0835,6.1005,6.1005,131328000,6.1005,-0.006209677605505571,-0.006209677605505571
2010-06-08 00:00:00+00:00,6.1,6.1,5.79,5.942,5.942,229688000,5.942,-0.026324957992836014,-0.026324957992836014
2010-06-09 00:00:00+00:00,6.0155,6.0735,5.868,5.8955,5.8955,147384000,5.8955,-0.007856429005824873,-0.007856429005824873
2010-06-10 00:00:00+00:00,6.0,6.175,5.96,6.1605,6.1605,121236000,6.1605,0.04396859504799494,0.04396859504799494
2010-06-11 00:00:00+00:00,6.0695,6.1765,6.0145,6.1515,6.1515,84092000,6.1515,-0.0014619885644992772,-0.0014619885644992772
2010-06-14 00:00:00+00:00,6.212,6.285,6.175,6.1915,6.1915,78460000,6.1915,0.006481429154929485,0.006481429154929485
2010-06-15 00:00:00+00:00,6.16,6.346,6.125,6.342,6.342,90820000,6.342,0.024016792443139458,0.024016792443139458
2010-06-16 00:00:00+00:00,6.2695,6.399,6.268,6.345,6.345,79286000,6.345,0.00047292505019538747,0.00047292505019538747
2010-06-17 00:00:00+00:00,6.337,6.39,6.2345,6.2945,6.2945,69580000,6.2945,-0.007990864942174035,-0.007990864942174035
2010-06-18 00:00:00+00:00,6.324,6.374,6.2535,6.2915,6.2915,76720000,6.2915,-0.00047672017429137677,-0.00047672017429137677
2010-06-21 00:00:00+00:00,6.3395,6.374,6.0705,6.1275,6.1275,106554000,6.1275,-0.0264126796297549,-0.0264126796297549
2010-06-22 00:00:00+00:00,6.1325,6.2615,6.0775,6.1155,6.1155,124144000,6.1155,-0.0019603044748499076,-0.0019603044748499076
2010-06-23 00:00:00+00:00,6.1055,6.161,6.002,6.0725,6.0725,109102000,6.0725,-0.007056150051090242,-0.007056150051090242
2010-06-24 00:00:00+00:00,6.0305,6.0425,5.84,5.9165,5.9165,155422000,5.9165,-0.026025324051713993,-0.026025324051713993
2010-06-25 00:00:00+00:00,5.907,6.088,5.8815,6.05,6.05,115394000,6.05,0.022313214200273483,0.022313214200273483
2010-06-28 00:00:00+00:00,5.9425,6.002,5.855,5.89,5.89,112244000,5.89,-0.026802274379254736,-0.026802274379254736
2010-06-29 00:00:00+00:00,5.813,5.824,5.3005,5.4305,5.4305,257326000,5.4305,-0.08122478692554157,-0.08122478692554157
2010-06-30 00:00:00+00:00,5.429,5.634,5.4055,5.463,5.463,194814000,5.463,0.005966878675626887,0.005966878675626887
2010-07-01 00:00:00+00:00,5.445,5.5845,5.335,5.548,5.548,170596000,5.548,0.01543941303900447,0.01543941303900447
2010-07-02 00:00:00+00:00,5.546,5.5645,5.428,5.457,5.457,89542000,5.457,-0.016538314248490275,-0.016538314248490275
2010-07-06 00:00:00+00:00,5.5325,5.6265,5.45,5.503,5.503,104386000,5.503,0.008394209873526817,0.008394209873526817
2010-07-07 00:00:00+00:00,5.492,5.6815,5.4905,5.6715,5.6715,98820000,5.6715,0.030160234939338438,0.030160234939338438
2010-07-08 00:00:00+00:00,5.751,5.874,5.7035,5.811,5.811,135500000,5.811,0.02429904007600829,0.02429904007600829
2010-07-09 00:00:00+00:00,5.8275,5.87,5.7325,5.863,5.863,81302000,5.863,0.00890874488910965,0.00890874488910965
2010-07-12 00:00:00+00:00,5.8905,5.985,5.866,5.9755,5.9755,95672000,5.9755,0.019006358342720478,0.019006358342720478
2010-07-13 00:00:00+00:00,6.0345,6.244,6.015,6.1825,6.1825,141822000,6.1825,0.03405494408863556,0.03405494408863556
2010-07-14 00:00:00+00:00,6.1515,6.1875,6.0735,6.165,6.165,105140000,6.165,-0.0028345837971265634,-0.0028345837971265634
2010-07-15 00:00:00+00:00,6.0065,6.124,5.963,6.103,6.103,120954000,6.103,-0.010107683053949768,-0.010107683053949768
2010-07-16 00:00:00+00:00,6.064,6.096,5.9005,5.9245,5.9245,124558000,5.9245,-0.029684158287700185,-0.029684158287700185
2010-07-19 00:00:00+00:00,5.919,6.037,5.85,5.997,5.997,100618000,5.997,0.01216304891171497,0.01216304891171497
2010-07-20 00:00:00+00:00,6.0305,6.0355,5.8755,6.005,6.005,135700000,6.005,0.0013331113455741402,0.0013331113455741402
2010-07-21 00:00:00+00:00,6.031,6.0625,5.863,5.8715,5.8715,100234000,5.8715,-0.02248231770894804,-0.02248231770894804
2010-07-22 00:00:00+00:00,5.9355,6.0435,5.901,6.0035,6.0035,300068000,6.0035,0.022232494665636825,0.022232494665636825
2010-07-23 00:00:00+00:00,5.2965,5.964,5.29,5.9435,5.9435,848422000,5.9435,-0.010044447050093627,-0.010044447050093627
2010-07-26 00:00:00+00:00,5.913,5.93,5.744,5.92,5.92,222756000,5.92,-0.003961736542627739,-0.003961736542627739
2010-07-27 00:00:00+00:00,5.9215,5.925,5.7535,5.8565,5.8565,155922000,5.8565,-0.010784293368122033,-0.010784293368122033
2010-07-28 00:00:00+00:00,5.85,5.91,5.82,5.8565,5.8565,109446000,5.8565,0.0,0.0
2010-07-29 00:00:00+00:00,5.8995,5.9435,5.776,5.843,5.843,123516000,5.843,-0.002307791955492268,-0.002307791955492268
2010-07-30 00:00:00+00:00,5.7765,5.937,5.7255,5.8945,5.8945,141550000,5.8945,0.008775349177745027,0.008775349177745027
2010-08-02 00:00:00+00:00,5.9575,6.019,5.8785,6.0035,6.0035,108874000,6.0035,0.018322919738590585,0.018322919738590585
2010-08-03 00:00:00+00:00,6.0,6.1435,5.984,6.121,6.121,119076000,6.121,0.019382849380297357,0.019382849380297357
2010-08-04 00:00:00+00:00,6.153,6.4235,6.15,6.379,6.379,185416000,6.379,0.04128586339088526,0.04128586339088526
2010-08-05 00:00:00+00:00,6.3385,6.4,6.291,6.3915,6.3915,85646000,6.3915,0.0019576373661211992,0.0019576373661211992
2010-08-06 00:00:00+00:00,6.336,6.42,6.295,6.416,6.416,101304000,6.416,0.003825887938274067,0.003825887938274067
2010-08-09 00:00:00+00:00,6.423,6.4965,6.3925,6.4415,6.4415,101716000,6.4415,0.0039665616852288125,0.0039665616852288125
2010-08-10 00:00:00+00:00,6.3975,6.5,6.369,6.5,6.5,114138000,6.5,0.009040744652149024,0.009040744652149024
2010-08-11 00:00:00+00:00,6.405,6.406,6.26,6.2945,6.2945,110834000,6.2945,-0.032125940677414505,-0.032125940677414505
2010-08-12 00:00:00+00:00,6.188,6.35,6.1775,6.328,6.328,87358000,6.328,0.005307994241175937,0.005307994241175937
2010-08-13 00:00:00+00:00,6.303,6.374,6.213,6.2345,6.2345,79532000,6.2345,-0.014885847010848987,-0.014885847010848987
2010-08-16 00:00:00+00:00,6.1805,6.3685,6.152,6.3035,6.3035,80494000,6.3035,0.011006651234683123,0.011006651234683123
2010-08-17 00:00:00+00:00,6.367,6.499,6.3395,6.443,6.443,100894000,6.443,0.021889235467318302,0.021889235467318302
2010-08-18 00:00:00+00:00,6.4625,6.5405,6.413,6.4825,6.4825,158030000,6.4825,0.006111968274177098,0.006111968274177098
2010-08-19 00:00:00+00:00,6.461,6.501,6.341,6.3785,6.3785,111650000,6.3785,-0.01617327843447469,-0.01617327843447469
2010-08-20 00:00:00+00:00,6.36,6.402,6.301,6.388,6.388,83402000,6.388,0.0014882703565583552,0.0014882703565583552
2010-08-23 00:00:00+00:00,6.393,6.461,6.325,6.33,6.33,77226000,6.33,-0.009120994196681205,-0.009120994196681205
2010-08-24 00:00:00+00:00,6.2705,6.272,6.159,6.2265,6.2265,107394000,6.2265,-0.01648585897701882,-0.01648585897701882
2010-08-25 00:00:00+00:00,6.1925,6.3685,6.1915,6.3425,6.3425,106890000,6.3425,0.018458635312233913,0.018458635312233913
2010-08-26 00:00:00+00:00,6.3575,6.3795,6.241,6.243,6.243,93890000,6.243,-0.01581217641169285,-0.01581217641169285
2010-08-27 00:00:00+00:00,6.273,6.332,6.1125,6.332,6.332,101600000,6.332,0.014155305939158518,0.014155305939158518
2010-08-30 00:00:00+00:00,6.3015,6.3475,6.1845,6.1895,6.1895,68520000,6.1895,-0.022761834029037854,-0.022761834029037854
2010-08-31 00:00:00+00:00,6.1425,6.295,6.125,6.2415,6.2415,84512000,6.2415,0.008366230119240828,0.008366230119240828
2010-09-01 00:00:00+00:00,6.318,6.63,6.3085,6.6245,6.6245,142766000,6.6245,0.05955435921707228,0.05955435921707228
2010-09-02 00:00:00+00:00,6.6085,6.7605,6.6025,6.7605,6.7605,108148000,6.7605,0.020321954490634907,0.020321954490634907
2010-09-03 00:00:00+00:00,6.8445,6.975,6.8315,6.9395,6.9395,131624000,6.9395,0.026132873997081803,0.026132873997081803
2010-09-07 00:00:00+00:00,6.878,6.93,6.8445,6.861,6.861,77660000,6.861,-0.01137652210500363,-0.01137652210500363
2010-09-08 00:00:00+00:00,6.8965,6.985,6.8225,6.957,6.957,116570000,6.957,0.013895143232750498,0.013895143232750498
2010-09-09 00:00:00+00:00,7.0195,7.0685,6.963,7.019,7.019,99160000,7.019,0.008872410806780157,0.008872410806780157
2010-09-10 00:00:00+00:00,7.0375,7.13,7.002,7.122,7.122,100872000,7.122,0.014567827107301623,0.014567827107301623
2010-09-13 00:00:00+00:00,7.2035,7.287,7.188,7.2535,7.2535,101548000,7.2535,0.01829552614123384,0.01829552614123384
2010-09-14 00:00:00+00:00,7.225,7.335,7.1915,7.2875,7.2875,86388000,7.2875,0.004676440679791012,0.004676440679791012
2010-09-15 00:00:00+00:00,7.244,7.281,7.178,7.2725,7.2725,98072000,7.2725,-0.00206044028939109,-0.00206044028939109
2010-09-16 00:00:00+00:00,7.27,7.4115,7.258,7.4065,7.4065,116540000,7.4065,0.018257881652750173,0.018257881652750173
2010-09-17 00:00:00+00:00,7.445,7.449,7.325,7.416,7.416,145192000,7.416,0.0012818352235841638,0.0012818352235841638
2010-09-20 00:00:00+00:00,7.435,7.5975,7.3675,7.565,7.565,128988000,7.565,0.019892518976765246,0.019892518976765246
2010-09-21 00:00:00+00:00,7.538,7.6655,7.48,7.5365,7.5365,150840000,7.5365,-0.0037744639718724137,-0.0037744639718724137
2010-09-22 00:00:00+00:00,7.492,7.635,7.455,7.5915,7.5915,132248000,7.5915,0.007271317071658518,0.007271317071658518
2010-09-23 00:00:00+00:00,7.56,7.796,7.5485,7.6425,7.6425,141312000,7.6425,0.006695574442747172,0.006695574442747172
2010-09-24 00:00:00+00:00,7.7715,8.0445,7.771,8.0365,8.0365,211812000,8.0365,0.05026889024420623,0.05026889024420623
2010-09-27 00:00:00+00:00,8.011,8.06,7.894,7.9685,7.9685,128926000,7.9685,-0.0084973957095074,-0.0084973957095074
2010-09-28 00:00:00+00:00,7.992,8.044,7.7445,7.985,7.985,169884000,7.985,0.002068512349424633,0.002068512349424633
2010-09-29 00:00:00+00:00,7.9515,8.089,7.8875,7.9495,7.9495,145750000,7.9495,-0.00445574806034916,-0.00445574806034916
2010-09-30 00:00:00+00:00,8.0005,8.0465,7.78,7.853,7.853,152120000,7.853,-0.012213409213889123,-0.012213409213889123
2010-10-01 00:00:00+00:00,7.854,7.872,7.61,7.6855,7.6855,173668000,7.6855,-0.021560187709887695,-0.021560187709887695
2010-10-04 00:00:00+00:00,7.6975,7.798,7.6395,7.7695,7.7695,106930000,7.7695,0.010870375561801971,0.010870375561801971
2010-10-05 00:00:00+00:00,7.854,8.0605,7.8505,8.0435,8.0435,112400000,8.0435,0.03465849960357381,0.03465849960357381
2010-10-06 00:00:00+00:00,8.03,8.034,7.73,7.77,7.77,121216000,7.77,-0.034594147468669546,-0.034594147468669546
2010-10-07 00:00:00+00:00,7.8255,7.87,7.6695,7.8135,7.8135,92440000,7.8135,0.005582842491662819,0.005582842491662819
2010-10-08 00:00:00+00:00,7.759,7.814,7.639,7.7775,7.7775,138368000,7.7775,-0.0046180570815639475,-0.0046180570815639475
2010-10-11 00:00:00+00:00,7.7445,7.8315,7.617,7.6515,7.6515,89728000,7.6515,-0.016333242740701026,-0.016333242740701026
2010-10-12 00:00:00+00:00,7.6255,7.8475,7.57,7.824,7.824,105616000,7.824,0.022294225683562336,0.022294225683562336
2010-10-13 00:00:00+00:00,7.8345,7.8395,7.6925,7.7585,7.7585,112656000,7.7585,-0.008406916191114583,-0.008406916191114583
2010-10-14 00:00:00+00:00,7.758,7.8475,7.7115,7.7765,7.7765,80482000,7.7765,0.002317348961076234,0.002317348961076234
2010-10-15 00:00:00+00:00,7.921,8.244,7.8375,8.232,8.232,202710000,8.232,0.05692263302927055,0.05692263302927055
2010-10-18 00:00:00+00:00,8.25,8.2595,8.091,8.178,8.178,126626000,8.178,-0.006581376589297696,-0.006581376589297696
2010-10-19 00:00:00+00:00,8.034,8.14,7.85,7.9335,7.9335,150500000,7.9335,-0.030353321750443307,-0.030353321750443307
2010-10-20 00:00:00+00:00,7.939,7.9935,7.8285,7.9335,7.9335,115808000,7.9335,0.0,0.0
2010-10-21 00:00:00+00:00,8.1335,8.3065,8.0645,8.2485,8.2485,269650000,8.2485,0.03893706544183476,0.03893706544183476
2010-10-22 00:00:00+00:00,8.1225,8.5085,8.1135,8.4565,8.4565,326368000,8.4565,0.02490401079811765,0.02490401079811765
2010-10-25 00:00:00+00:00,8.5785,8.5995,8.416,8.45,8.45,130618000,8.45,-0.0007689350628772789,-0.0007689350628772789
2010-10-26 00:00:00+00:00,8.3785,8.55,8.375,8.4975,8.4975,93792000,8.4975,0.005605561219051691,0.005605561219051691
2010-10-27 00:00:00+00:00,8.4455,8.4875,8.327,8.3755,8.3755,114436000,8.3755,-0.014461225166529692,-0.014461225166529692
2010-10-28 00:00:00+00:00,8.4155,8.4245,8.2525,8.342,8.342,93688000,8.342,-0.004007781646850737,-0.004007781646850737
2010-10-29 00:00:00+00:00,8.29,8.425,8.2405,8.2615,8.2615,99970000,8.2615,-0.009696826665845124,-0.009696826665845124
2010-11-01 00:00:00+00:00,8.2225,8.229,8.076,8.129,8.129,104798000,8.129,-0.01616825434447321,-0.01616825434447321
2010-11-02 00:00:00+00:00,8.1875,8.297,8.168,8.2305,8.2305,85200000,8.2305,0.012408851420567342,0.012408851420567342
2010-11-03 00:00:00+00:00,8.27,8.4305,8.1145,8.4235,8.4235,122242000,8.4235,0.023178652659119173,0.023178652659119173
2010-11-04 00:00:00+00:00,8.493,8.6265,8.42,8.4465,8.4465,147918000,8.4465,0.0027267355365241824,0.0027267355365241824
2010-11-05 00:00:00+00:00,8.4675,8.5825,8.4295,8.5385,8.5385,104244000,8.5385,0.010833193964510985,0.010833193964510985
2010-11-08 00:00:00+00:00,8.542,8.66,8.439,8.5995,8.5995,114120000,8.5995,0.007118713689253434,0.007118713689253434
2010-11-09 00:00:00+00:00,8.6335,8.657,8.453,8.5135,8.5135,79572000,8.5135,-0.010050923155848594,-0.010050923155848594
2010-11-10 00:00:00+00:00,8.5295,8.6685,8.4705,8.6665,8.6665,108806000,8.6665,0.017811879520666353,0.017811879520666353
2010-11-11 00:00:00+00:00,8.55,8.6025,8.471,8.5185,8.5185,113834000,8.5185,-0.01722474939576807,-0.01722474939576807
2010-11-12 00:00:00+00:00,8.506,8.563,8.2525,8.284,8.284,143212000,8.284,-0.027914325470122018,-0.027914325470122018
2010-11-15 00:00:00+00:00,8.258,8.2675,7.928,7.945,7.945,192972000,7.945,-0.04178314354465845,-0.04178314354465845
2010-11-16 00:00:00+00:00,7.937,8.0455,7.8385,7.889,7.889,131428000,7.889,-0.007073415875726736,-0.007073415875726736
2010-11-17 00:00:00+00:00,7.892,8.0425,7.8775,7.9175,7.9175,90498000,7.9175,0.0036061153177053286,0.0036061153177053286
2010-11-18 00:00:00+00:00,8.037,8.25,8.037,8.2085,8.2085,124506000,8.2085,0.03609470332177805,0.03609470332177805
2010-11-19 00:00:00+00:00,8.1975,8.2495,8.142,8.241,8.241,89296000,8.241,0.00395149302881057,0.00395149302881057
2010-11-22 00:00:00+00:00,8.255,8.53,8.25,8.5195,8.5195,122850000,8.5195,0.03323595789191037,0.03323595789191037
2010-11-23 00:00:00+00:00,8.4305,8.4405,8.231,8.41,8.41,129306000,8.41,-0.012936179688300242,-0.012936179688300242
2010-11-24 00:00:00+00:00,8.5765,8.8945,8.5765,8.8625,8.8625,200850000,8.8625,0.052407417873389366,0.052407417873389366
2010-11-26 00:00:00+00:00,8.868,8.919,8.808,8.86,8.86,85432000,8.86,-0.0002821272412564847,-0.0002821272412564847
2010-11-29 00:00:00+00:00,8.9995,9.092,8.8785,8.9745,8.9745,193900000,8.9745,0.012840457899069648,0.012840457899069648
2010-11-30 00:00:00+00:00,8.8475,8.885,8.745,8.77,8.77,135244000,8.77,-0.023050416131967587,-0.023050416131967587
2010-12-01 00:00:00+00:00,8.958,8.966,8.8,8.8275,8.8275,115402000,8.8275,0.006535042436312823,0.006535042436312823
2010-12-02 00:00:00+00:00,8.843,8.8725,8.696,8.8265,8.8265,110752000,8.8265,-0.00011328877320391263,-0.00011328877320391263
2010-12-03 00:00:00+00:00,8.775,8.82,8.7025,8.784,8.784,98150000,8.784,-0.004826675280025699,-0.004826675280025699
2010-12-06 00:00:00+00:00,8.776,8.9215,8.73,8.9025,8.9025,113084000,8.9025,0.01340025140262085,0.01340025140262085
2010-12-07 00:00:00+00:00,9.025,9.0735,8.8285,8.8385,8.8385,101542000,8.8385,-0.0072149571759949375,-0.0072149571759949375
2010-12-08 00:00:00+00:00,8.8745,8.908,8.76,8.8145,8.8145,74538000,8.8145,-0.002719086250139622,-0.002719086250139622
2010-12-09 00:00:00+00:00,8.8885,8.9055,8.69,8.7425,8.7425,91110000,8.7425,-0.008201902788267306,-0.008201902788267306
2010-12-10 00:00:00+00:00,8.744,8.7975,8.668,8.781,8.781,71310000,8.781,0.0043941064224646935,0.0043941064224646935
2010-12-13 00:00:00+00:00,8.8165,8.897,8.6865,8.7125,8.7125,84050000,8.7125,-0.007831520291216271,-0.007831520291216271
2010-12-14 00:00:00+00:00,8.714,8.788,8.6545,8.697,8.697,73706000,8.697,-0.0017806374790142964,-0.0017806374790142964
2010-12-15 00:00:00+00:00,8.686,8.95,8.6795,8.7785,8.7785,116210000,8.7785,0.009327411619498053,0.009327411619498053
2010-12-16 00:00:00+00:00,8.779,8.915,8.752,8.902,8.902,82430000,8.902,0.01397042036653631,0.01397042036653631
2010-12-17 00:00:00+00:00,8.9205,8.9375,8.851,8.879,8.879,90146000,8.879,-0.002587032543472807,-0.002587032543472807
2010-12-20 00:00:00+00:00,8.9635,9.199,8.902,9.1645,9.1645,174706000,9.1645,0.031648386379575816,0.031648386379575816
2010-12-21 00:00:00+00:00,9.194,9.2825,9.13,9.2375,9.2375,102220000,9.2375,0.007933961844554646,0.007933961844554646
2010-12-22 00:00:00+00:00,9.25,9.2725,9.2055,9.238,9.238,51562000,9.238,5.41257340934238e-05,5.41257340934238e-05
2010-12-23 00:00:00+00:00,9.217,9.249,9.0945,9.1295,9.1295,67164000,9.1295,-0.011814483413763009,-0.011814483413763009
2010-12-27 00:00:00+00:00,9.095,9.157,9.0225,9.107,9.107,44988000,9.107,-0.0024675800089691185,-0.0024675800089691185
2010-12-28 00:00:00+00:00,9.105,9.1385,9.0525,9.0545,9.0545,39500000,9.0545,-0.005781476886421264,-0.005781476886421264
2010-12-29 00:00:00+00:00,9.09,9.2175,9.0205,9.1685,9.1685,62402000,9.1685,0.01251182430782197,0.01251182430782197
2010-12-30 00:00:00+00:00,9.196,9.2275,9.1375,9.1375,9.1375,39224000,9.1375,-0.0033868709311853326,-0.0033868709311853326
2010-12-31 00:00:00+00:00,9.098,9.115,8.9755,9.0,9.0,69038000,9.0,-0.01516224773967741,-0.01516224773967741
2011-01-03 00:00:00+00:00,9.0685,9.3,9.0605,9.211,9.211,106628000,9.211,0.02317384466987908,0.02317384466987908
2011-01-04 00:00:00+00:00,9.3075,9.385,9.189,9.2505,9.2505,100636000,9.2505,0.004279182111421699,0.004279182111421699
2011-01-05 00:00:00+00:00,9.205,9.3725,9.2035,9.371,9.371,68376000,9.371,0.012942210024166302,0.012942210024166302
2011-01-06 00:00:00+00:00,9.325,9.3705,9.2625,9.293,9.293,63594000,9.293,-0.008358385566484444,-0.008358385566484444
2011-01-07 00:00:00+00:00,9.394,9.4225,9.187,9.2745,9.2745,104434000,9.2745,-0.0019927298906061565,-0.0019927298906061565
2011-01-10 00:00:00+00:00,9.252,9.2645,9.1255,9.234,9.234,67518000,9.234,-0.004376374599798888,-0.004376374599798888
2011-01-11 00:00:00+00:00,9.271,9.3,9.1605,9.217,9.217,56284000,9.217,-0.0018427190732699448,-0.0018427190732699448
2011-01-12 00:00:00+00:00,9.268,9.269,9.165,9.204,9.204,53582000,9.204,-0.001411432838407736,-0.001411432838407736
2011-01-13 00:00:00+00:00,9.18,9.3225,9.1755,9.2765,9.2765,67340000,9.2765,0.00784614831167586,0.00784614831167586
2011-01-14 00:00:00+00:00,9.275,9.447,9.246,9.4375,9.4375,73256000,9.4375,0.017206794090347713,0.017206794090347713
2011-01-18 00:00:00+00:00,9.433,9.58,9.4125,9.5625,9.5625,77924000,9.5625,0.0131580845775112,0.0131580845775112
2011-01-19 00:00:00+00:00,9.545,9.55,9.3105,9.3435,9.3435,77648000,9.3435,-0.023168284772481257,-0.023168284772481257
2011-01-20 00:00:00+00:00,9.2645,9.3425,9.05,9.098,9.098,114198000,9.098,-0.026626305232360457,-0.026626305232360457
2011-01-21 00:00:00+00:00,9.15,9.1625,8.842,8.871,8.871,136124000,8.871,-0.025267079609362517,-0.025267079609362517
2011-01-24 00:00:00+00:00,8.8975,8.9245,8.7075,8.8425,8.8425,112006000,8.8425,-0.003217887440951358,-0.003217887440951358
2011-01-25 00:00:00+00:00,8.775,8.8375,8.714,8.835,8.835,93020000,8.835,-0.0008485363258387525,-0.0008485363258387525
2011-01-26 00:00:00+00:00,8.8755,8.8945,8.7315,8.7695,8.7695,75244000,8.7695,-0.0074413135556043045,-0.0074413135556043045
2011-01-27 00:00:00+00:00,8.874,9.25,8.8655,9.2225,9.2225,291888000,9.2225,0.05036635827263806,0.05036635827263806
2011-01-28 00:00:00+00:00,8.5725,8.6855,8.345,8.557,8.557,398164000,8.557,-0.07489648905277581,-0.07489648905277581
2011-01-31 00:00:00+00:00,8.508,8.572,8.3705,8.482,8.482,134362000,8.482,-0.008803390383518954,-0.008803390383518954
2011-02-01 00:00:00+00:00,8.526,8.655,8.4755,8.6055,8.6055,101718000,8.6055,0.014455262675499413,0.014455262675499413
2011-02-02 00:00:00+00:00,8.571,8.76,8.5435,8.6765,8.6765,90950000,8.6765,0.00821668782052315,0.00821668782052315
2011-02-03 00:00:00+00:00,8.675,8.7335,8.5975,8.6855,8.6855,73578000,8.6855,0.0010367470114194192,0.0010367470114194192
2011-02-04 00:00:00+00:00,8.7,8.8595,8.6875,8.7965,8.7965,86956000,8.7965,0.012698946537122903,0.012698946537122903
2011-02-07 00:00:00+00:00,8.8075,8.8775,8.7385,8.8215,8.8215,105094000,8.8215,0.0028380084890195028,0.0028380084890195028
2011-02-08 00:00:00+00:00,8.833,9.1555,8.8295,9.153,9.153,155898000,9.153,0.03688977081665891,0.03688977081665891
2011-02-09 00:00:00+00:00,9.1575,9.3235,9.113,9.265,9.265,166254000,9.265,0.012162165334680853,0.012162165334680853
2011-02-10 00:00:00+00:00,9.2195,9.362,9.18,9.3105,9.3105,106628000,9.3105,0.00489893580235684,0.00489893580235684
2011-02-11 00:00:00+00:00,9.278,9.475,9.2685,9.4625,9.4625,89758000,9.4625,0.016193823223887308,0.016193823223887308
2011-02-14 00:00:00+00:00,9.4625,9.57,9.4175,9.521,9.521,81226000,9.521,0.006163266539987305,0.006163266539987305
2011-02-15 00:00:00+00:00,9.4365,9.5245,9.4125,9.4515,9.4515,77818000,9.4515,-0.007326426235471684,-0.007326426235471684
2011-02-16 00:00:00+00:00,9.4885,9.5,9.3175,9.331,9.331,92564000,9.331,-0.012831268816197866,-0.012831268816197866
2011-02-17 00:00:00+00:00,9.2885,9.4545,9.2655,9.388,9.388,68510000,9.388,0.006090087736892237,0.006090087736892237
2011-02-18 00:00:00+00:00,9.377,9.425,9.2565,9.325,9.325,83572000,9.325,-0.0067333124588979144,-0.0067333124588979144
2011-02-22 00:00:00+00:00,9.184,9.236,8.966,9.021,9.021,112742000,9.021,-0.033143772855377424,-0.033143772855377424
2011-02-23 00:00:00+00:00,9.0125,9.0575,8.7195,8.834,8.834,109640000,8.834,-0.020947279500167146,-0.020947279500167146
2011-02-24 00:00:00+00:00,8.843,8.9875,8.728,8.8875,8.8875,93130000,8.8875,0.006037881955024594,0.006037881955024594
2011-02-25 00:00:00+00:00,8.9475,9.0375,8.855,8.862,8.862,83828000,8.862,-0.0028733223520614267,-0.0028733223520614267
2011-02-28 00:00:00+00:00,8.6955,8.7945,8.6075,8.6645,8.6645,135664000,8.6645,-0.02253825467913468,-0.02253825467913468
2011-03-01 00:00:00+00:00,8.6765,8.698,8.4335,8.472,8.472,116942000,8.472,-0.022467609799057847,-0.022467609799057847
2011-03-02 00:00:00+00:00,8.4545,8.665,8.4175,8.601,8.601,103714000,8.601,0.015111867270237337,0.015111867270237337
2011-03-03 00:00:00+00:00,8.6855,8.723,8.6025,8.6395,8.6395,82764000,8.6395,0.004466235201696903,0.004466235201696903
2011-03-04 00:00:00+00:00,8.631,8.6375,8.4755,8.5835,8.5835,98486000,8.5835,-0.006502955042192412,-0.006502955042192412
2011-03-07 00:00:00+00:00,8.596,8.6045,8.312,8.454,8.454,118658000,8.454,-0.015202053584248757,-0.015202053584248757
2011-03-08 00:00:00+00:00,8.4695,8.4855,8.336,8.3445,8.3445,84380000,8.3445,-0.013037062943277696,-0.013037062943277696
2011-03-09 00:00:00+00:00,8.3335,8.4875,8.195,8.4525,8.4525,142178000,8.4525,0.012859616398583594,0.012859616398583594
2011-03-10 00:00:00+00:00,8.3535,8.4235,8.241,8.307,8.307,119968000,8.307,-0.01736372274296954,-0.01736372274296954
2011-03-11 00:00:00+00:00,8.275,8.46,8.206,8.4035,8.4035,92198000,8.4035,0.011549752877549647,0.011549752877549647
2011-03-14 00:00:00+00:00,8.33,8.404,8.2285,8.3365,8.3365,80440000,8.3365,-0.008004821716107682,-0.008004821716107682
2011-03-15 00:00:00+00:00,8.0695,8.344,8.038,8.254,8.254,98690000,8.254,-0.009945532687986428,-0.009945532687986428
2011-03-16 00:00:00+00:00,8.235,8.407,8.1435,8.235,8.235,104162000,8.235,-0.00230456770078646,-0.00230456770078646
2011-03-17 00:00:00+00:00,8.2955,8.315,8.039,8.0485,8.0485,129428000,8.0485,-0.022907624965456366,-0.022907624965456366
2011-03-18 00:00:00+00:00,8.0595,8.177,8.0295,8.091,8.091,148854000,8.091,0.005266594161555433,0.005266594161555433
2011-03-21 00:00:00+00:00,8.1685,8.2895,8.086,8.226,8.226,81102000,8.226,0.01654753698252991,0.01654753698252991
2011-03-22 00:00:00+00:00,8.2035,8.222,8.1125,8.13,8.13,72228000,8.13,-0.011738946248513125,-0.011738946248513125
2011-03-23 00:00:00+00:00,8.115,8.313,8.041,8.266,8.266,94426000,8.266,0.016589792529821387,0.016589792529821387
2011-03-24 00:00:00+00:00,8.4105,8.6,8.368,8.555,8.555,125664000,8.555,0.03436519125461606,0.03436519125461606
2011-03-25 00:00:00+00:00,8.582,8.6745,8.515,8.549,8.549,85876000,8.549,-0.000701590300060216,-0.000701590300060216
2011-03-28 00:00:00+00:00,8.59,8.625,8.4625,8.4675,8.4675,68016000,8.4675,-0.009579011334306893,-0.009579011334306893
2011-03-29 00:00:00+00:00,8.5365,8.742,8.5035,8.731,8.731,97692000,8.731,0.030644605118880952,0.030644605118880952
2011-03-30 00:00:00+00:00,8.889,9.058,8.883,8.971,8.971,137186000,8.971,0.027117241748475972,0.027117241748475972
2011-03-31 00:00:00+00:00,8.9655,9.0785,8.925,9.0065,9.0065,96530000,9.0065,0.003949386304329651,0.003949386304329651
2011-04-01 00:00:00+00:00,9.079,9.1625,8.9295,9.0065,9.0065,113682000,9.0065,0.0,0.0
2011-04-04 00:00:00+00:00,9.0445,9.1805,9.0345,9.147,9.147,83728000,9.147,0.01547941779275126,0.01547941779275126
2011-04-05 00:00:00+00:00,9.105,9.318,9.09,9.2645,9.2645,111384000,9.2645,0.012763935066104834,0.012763935066104834
2011-04-06 00:00:00+00:00,9.3075,9.4135,9.056,9.138,9.138,108614000,9.138,-0.013748348599252475,-0.013748348599252475
2011-04-07 00:00:00+00:00,9.139,9.2585,9.088,9.2455,9.2455,91280000,9.2455,0.011695403523824085,0.011695403523824085
2011-04-08 00:00:00+00:00,9.263,9.311,9.139,9.2355,9.2355,74528000,9.2355,-0.0010821926276662717,-0.0010821926276662717
2011-04-11 00:00:00+00:00,9.243,9.3245,9.0925,9.202,9.202,65942000,9.202,-0.003633902303960579,-0.003633902303960579
2011-04-12 00:00:00+00:00,9.153,9.2295,8.971,9.024,9.024,106690000,9.024,-0.019533156977573875,-0.019533156977573875
2011-04-13 00:00:00+00:00,9.0415,9.144,8.99,9.1145,9.1145,84326000,9.1145,0.009978857235136047,0.009978857235136047
2011-04-14 00:00:00+00:00,9.0695,9.104,8.968,9.091,9.091,71764000,9.091,-0.00258163885111802,-0.00258163885111802
2011-04-15 00:00:00+00:00,9.05,9.089,8.951,9.0005,9.0005,85448000,9.0005,-0.010004781791098791,-0.010004781791098791
2011-04-18 00:00:00+00:00,8.919,8.9455,8.7685,8.917,8.917,92330000,8.917,-0.00932056419587988,-0.00932056419587988
2011-04-19 00:00:00+00:00,8.9175,8.9735,8.83,8.941,8.941,52920000,8.941,0.0026878726004386346,0.0026878726004386346
2011-04-20 00:00:00+00:00,9.081,9.25,9.0795,9.1935,9.1935,81350000,9.1935,0.02784927285857805,0.02784927285857805
2011-04-21 00:00:00+00:00,9.228,9.2985,9.1525,9.2945,9.2945,66962000,9.2945,0.010926114753302484,0.010926114753302484
2011-04-25 00:00:00+00:00,9.2825,9.3175,9.1885,9.271,9.271,68762000,9.271,-0.0025315787402161996,-0.0025315787402161996
2011-04-26 00:00:00+00:00,9.3135,9.321,9.037,9.115,9.115,224000000,9.115,-0.016969840494219054,-0.016969840494219054
2011-04-27 00:00:00+00:00,9.16,9.89,9.1375,9.8315,9.8315,472460000,9.8315,0.07567010848684826,0.07567010848684826
2011-04-28 00:00:00+00:00,9.798,9.8395,9.6135,9.7535,9.7535,146000000,9.7535,-0.00796532166462429,-0.00796532166462429
2011-04-29 00:00:00+00:00,9.719,9.8295,9.689,9.7905,9.7905,132818000,9.7905,0.003786332808394312,0.003786332808394312
2011-05-02 00:00:00+00:00,9.8285,10.171,9.809,10.0595,10.0595,187962000,10.0595,0.02710493388590911,0.02710493388590911
2011-05-03 00:00:00+00:00,10.05,10.1295,9.8345,9.9225,9.9225,122000000,9.9225,-0.013712555972070507,-0.013712555972070507
2011-05-04 00:00:00+00:00,9.9125,10.093,9.7685,9.9985,9.9985,131000000,9.9985,0.007630176067837282,0.007630176067837282
2011-05-05 00:00:00+00:00,9.933,10.05,9.806,9.8555,9.8555,92000000,9.8555,-0.014405406758073468,-0.014405406758073468
2011-05-06 00:00:00+00:00,9.955,9.978,9.828,9.88,9.88,80278000,9.88,0.0024828367749295923,0.0024828367749295923
2011-05-09 00:00:00+00:00,9.917,10.118,9.839,10.04,10.04,116508000,10.04,0.016064602503806622,0.016064602503806622
2011-05-10 00:00:00+00:00,10.097,10.2645,10.078,10.197,10.197,117718000,10.197,0.015516445118505473,0.015516445118505473
2011-05-11 00:00:00+00:00,10.156,10.275,10.1125,10.219,10.219,96180000,10.219,0.002155173247983412,0.002155173247983412
2011-05-12 00:00:00+00:00,10.211,10.3095,10.031,10.3035,10.3035,96000000,10.3035,0.008234910709836984,0.008234910709836984
2011-05-13 00:00:00+00:00,10.285,10.3195,10.118,10.128,10.128,82474000,10.128,-0.017179777938088493,-0.017179777938088493
2011-05-16 00:00:00+00:00,10.027,10.045,9.5685,9.6255,9.6255,187728000,9.6255,-0.05088803852527767,-0.05088803852527767
2011-05-17 00:00:00+00:00,9.591,9.799,9.588,9.7405,9.7405,141466000,9.7405,0.011876624162579112,0.011876624162579112
2011-05-18 00:00:00+00:00,9.7065,9.914,9.6625,9.8545,9.8545,99116000,9.8545,0.011635752611290271,0.011635752611290271
2011-05-19 00:00:00+00:00,9.9165,9.9975,9.8775,9.94,9.94,74024000,9.94,0.008638817018070644,0.008638817018070644
2011-05-20 00:00:00+00:00,9.8975,9.99,9.862,9.9325,9.9325,67620000,9.9325,-0.0007548119618657033,-0.0007548119618657033
2011-05-23 00:00:00+00:00,9.778,9.8645,9.601,9.811,9.811,84000000,9.811,-0.012308003525363159,-0.012308003525363159
2011-05-24 00:00:00+00:00,9.85,9.85,9.65,9.6635,9.6635,59454000,9.6635,-0.015148303737868341,-0.015148303737868341
2011-05-25 00:00:00+00:00,9.6785,9.7175,9.557,9.613,9.613,93226000,9.613,-0.005239552359706434,-0.005239552359706434
2011-05-26 00:00:00+00:00,9.562,9.8225,9.544,9.75,9.75,81504000,9.75,0.014150935926076835,0.014150935926076835
2011-05-27 00:00:00+00:00,9.738,9.806,9.675,9.7065,9.7065,47052000,9.7065,-0.004471520826462351,-0.004471520826462351
2011-05-31 00:00:00+00:00,9.797,9.922,9.7515,9.8345,9.8345,68180000,9.8345,0.01310084752451697,0.01310084752451697
2011-06-01 00:00:00+00:00,9.803,9.863,9.6025,9.62,9.62,68904000,9.62,-0.02205234703019526,-0.02205234703019526
2011-06-02 00:00:00+00:00,9.614,9.722,9.528,9.6825,9.6825,60898000,9.6825,0.006475867729155131,0.006475867729155131
2011-06-03 00:00:00+00:00,9.5615,9.6605,9.381,9.416,9.416,99490000,9.416,-0.027909762448794475,-0.027909762448794475
2011-06-06 00:00:00+00:00,9.4005,9.4925,9.259,9.2845,9.2845,74320000,9.2845,-0.01406402689946243,-0.01406402689946243
2011-06-07 00:00:00+00:00,9.286,9.5315,9.276,9.3775,9.3775,97330000,9.3775,0.009966859915392074,0.009966859915392074
2011-06-08 00:00:00+00:00,9.3725,9.4905,9.316,9.4025,9.4025,74332000,9.4025,0.0026624083884491554,0.0026624083884491554
2011-06-09 00:00:00+00:00,9.487,9.588,9.2855,9.484,9.484,83746000,9.484,0.00863055684080457,0.00863055684080457
2011-06-10 00:00:00+00:00,9.4625,9.5385,9.314,9.3265,9.3265,75208000,9.3265,-0.016746357700678845,-0.016746357700678845
2011-06-13 00:00:00+00:00,9.3405,9.4655,9.243,9.3145,9.3145,77378000,9.3145,-0.001287484754853932,-0.001287484754853932
2011-06-14 00:00:00+00:00,9.4495,9.536,9.3535,9.498,9.498,79206000,9.498,0.019508924379303644,0.019508924379303644
2011-06-15 00:00:00+00:00,9.402,9.6225,9.265,9.299,9.299,126354000,9.299,-0.021174382630869803,-0.021174382630869803
2011-06-16 00:00:00+00:00,9.287,9.35,9.0795,9.1825,9.1825,120642000,9.1825,-0.012607368784374892,-0.012607368784374892
2011-06-17 00:00:00+00:00,9.3255,9.3695,9.232,9.3185,9.3185,126444000,9.3185,0.014702172826897491,0.014702172826897491
2011-06-20 00:00:00+00:00,9.298,9.4425,9.2785,9.386,9.386,56634000,9.386,0.007217545833643066,0.007217545833643066
2011-06-21 00:00:00+00:00,9.415,9.75,9.356,9.7115,9.7115,83652000,9.7115,0.034091532917824525,0.034091532917824525
2011-06-22 00:00:00+00:00,9.698,9.76,9.566,9.5815,9.5815,62594000,9.5815,-0.013476594363637587,-0.013476594363637587
2011-06-23 00:00:00+00:00,9.475,9.723,9.415,9.708,9.708,92192000,9.708,0.013116131937942093,0.013116131937942093
2011-06-24 00:00:00+00:00,9.694,9.746,9.5675,9.6275,9.6275,72290000,9.6275,-0.008326701157428154,-0.008326701157428154
2011-06-27 00:00:00+00:00,9.725,10.129,9.7015,10.0625,10.0625,122014000,10.0625,0.04419205603775492,0.04419205603775492
2011-06-28 00:00:00+00:00,10.096,10.144,10.03,10.1175,10.1175,76506000,10.1175,0.005450955023201759,0.005450955023201759
2011-06-29 00:00:00+00:00,10.1335,10.3125,10.0515,10.209,10.209,92178000,10.209,0.009003086418994688,0.009003086418994688
2011-06-30 00:00:00+00:00,10.039,10.26,10.025,10.2245,10.2245,88962000,10.2245,0.001517116790854024,0.001517116790854024
2011-07-01 00:00:00+00:00,10.2775,10.5135,10.1805,10.4745,10.4745,80174000,10.4745,0.02415693099433045,0.02415693099433045
2011-07-05 00:00:00+00:00,10.438,10.7225,10.4365,10.6595,10.6595,71704000,10.6595,0.017507781350396975,0.017507781350396975
2011-07-06 00:00:00+00:00,10.606,10.72,10.5505,10.7095,10.7095,52152000,10.7095,0.004679684706600277,0.004679684706600277
2011-07-07 00:00:00+00:00,10.7545,10.89,10.7545,10.837,10.837,62898000,10.837,0.011835006911798073,0.011835006911798073
2011-07-08 00:00:00+00:00,10.715,10.916,10.6625,10.914,10.914,74158000,10.914,0.007080163823181965,0.007080163823181965
2011-07-11 00:00:00+00:00,10.837,10.875,10.55,10.6275,10.6275,80674000,10.6275,-0.026601387513232082,-0.026601387513232082
2011-07-12 00:00:00+00:00,10.732,10.7825,10.556,10.5615,10.5615,79714000,10.5615,-0.006229667605647494,-0.006229667605647494
2011-07-13 00:00:00+00:00,10.735,10.8415,10.607,10.675,10.675,84598000,10.675,0.01068924546952763,0.01068924546952763
2011-07-14 00:00:00+00:00,10.679,10.7955,10.469,10.519,10.519,78050000,10.519,-0.014721413357551288,-0.014721413357551288
2011-07-15 00:00:00+00:00,10.654,10.7265,10.4645,10.6435,10.6435,81452000,10.6435,0.011766231433458526,0.011766231433458526
2011-07-18 00:00:00+00:00,10.6265,10.6695,10.4145,10.5765,10.5765,57962000,10.5765,-0.006314818345527659,-0.006314818345527659
2011-07-19 00:00:00+00:00,10.6885,10.92,10.6885,10.903,10.903,88744000,10.903,0.030403421879176887,0.030403421879176887
2011-07-20 00:00:00+00:00,11.0025,11.01,10.7205,10.7775,10.7775,67458000,10.7775,-0.011577353085092099,-0.011577353085092099
2011-07-21 00:00:00+00:00,10.837,10.8545,10.5535,10.6605,10.6605,90906000,10.6605,-0.01091530568623006,-0.01091530568623006
2011-07-22 00:00:00+00:00,10.693,10.8975,10.5555,10.826,10.826,71834000,10.826,0.015405326421863583,0.015405326421863583
2011-07-25 00:00:00+00:00,10.7745,10.804,10.65,10.6745,10.6745,66856000,10.6745,-0.014092928764544524,-0.014092928764544524
2011-07-26 00:00:00+00:00,10.7495,10.78,10.5175,10.709,10.709,197272000,10.709,0.0032267898084962143,0.0032267898084962143
2011-07-27 00:00:00+00:00,11.2195,11.36,10.981,11.126,11.126,259112000,11.126,0.038200202234363434,0.038200202234363434
2011-07-28 00:00:00+00:00,11.1635,11.2975,11.0115,11.195,11.195,107098000,11.195,0.006182538397616779,0.006182538397616779
2011-07-29 00:00:00+00:00,11.0645,11.2875,10.9755,11.126,11.126,103354000,11.126,-0.0061825383976167715,-0.0061825383976167715
2011-08-01 00:00:00+00:00,11.25,11.3725,10.883,11.066,11.066,115786000,11.066,-0.005407367177183332,-0.005407367177183332
2011-08-02 00:00:00+00:00,11.016,11.1215,10.565,10.585,10.585,131734000,10.585,-0.04443943988908946,-0.04443943988908946
2011-08-03 00:00:00+00:00,10.6485,10.7415,10.277,10.498,10.498,163942000,10.498,-0.008253141756720638,-0.008253141756720638
2011-08-04 00:00:00+00:00,10.3365,10.4,10.0725,10.074,10.074,131590000,10.074,-0.04122691550664917,-0.04122691550664917
2011-08-05 00:00:00+00:00,10.2335,10.366,9.742,10.135,10.135,200480000,10.135,0.006036932580504607,0.006036932580504607
2011-08-08 00:00:00+00:00,9.82,10.0195,9.5025,9.685,9.685,208550000,9.685,-0.045416483045004084,-0.045416483045004084
2011-08-09 00:00:00+00:00,9.835,10.2545,9.523,10.2545,10.2545,209824000,10.2545,0.05713833677269114,0.05713833677269114
2011-08-10 00:00:00+00:00,10.038,10.12,9.68,9.7065,9.7065,175152000,9.7065,-0.05492086944835704,-0.05492086944835704
2011-08-11 00:00:00+00:00,9.8505,10.0425,9.568,9.918,9.918,148038000,9.918,0.02155552388364866,0.02155552388364866
2011-08-12 00:00:00+00:00,10.014,10.228,9.8605,10.115,10.115,112408000,10.115,0.019668182552766755,0.019668182552766755
2011-08-15 00:00:00+00:00,10.103,10.264,9.916,10.1475,10.1475,95718000,10.1475,0.0032078991112069574,0.0032078991112069574
2011-08-16 00:00:00+00:00,10.057,10.0695,9.7375,9.884,9.884,104118000,9.884,-0.0263100816045521,-0.0263100816045521
2011-08-17 00:00:00+00:00,9.9265,9.98,9.687,9.7965,9.7965,79822000,9.7965,-0.008892109097679238,-0.008892109097679238
2011-08-18 00:00:00+00:00,9.5605,9.567,8.986,9.126,9.126,165504000,9.126,-0.07089769652347375,-0.07089769652347375
2011-08-19 00:00:00+00:00,9.0145,9.5,8.8775,8.9465,8.9465,144884000,8.9465,-0.019865088155431282,-0.019865088155431282
2011-08-22 00:00:00+00:00,9.1415,9.21,8.855,8.877,8.877,106274000,8.877,-0.007798732263597186,-0.007798732263597186
2011-08-23 00:00:00+00:00,8.946,9.742,8.926,9.6775,9.6775,147032000,9.6775,0.08633994138348378,0.08633994138348378
2011-08-24 00:00:00+00:00,9.6945,9.8155,9.5085,9.6865,9.6865,124974000,9.6865,0.0009295600751973546,0.0009295600751973546
2011-08-25 00:00:00+00:00,9.7205,9.8495,9.5535,9.6015,9.6015,75216000,9.6015,-0.008813827276832862,-0.008813827276832862
2011-08-26 00:00:00+00:00,9.562,9.986,9.48,9.9635,9.9635,106214000,9.9635,0.03700907922247112,0.03700907922247112
2011-08-29 00:00:00+00:00,10.141,10.3335,10.1275,10.3265,10.3265,90220000,10.3265,0.035784991255065596,0.035784991255065596
2011-08-30 00:00:00+00:00,10.289,10.6245,10.216,10.546,10.546,118314000,10.546,0.021033234362710537,0.021033234362710537
2011-08-31 00:00:00+00:00,10.6135,10.8085,10.5675,10.7615,10.7615,148100000,10.7615,0.02022830911381868,0.02022830911381868
2011-09-01 00:00:00+00:00,10.764,10.882,10.581,10.627,10.627,105506000,10.627,-0.012577017831538624,-0.012577017831538624
2011-09-02 00:00:00+00:00,10.447,10.5345,10.35,10.5,10.5,84640000,10.5,-0.012022675227080457,-0.012022675227080457
2011-09-06 00:00:00+00:00,10.2385,10.83,10.2235,10.809,10.809,124324000,10.809,0.02900386327058812,0.02900386327058812
2011-09-07 00:00:00+00:00,10.94,11.0095,10.711,10.995,10.995,105916000,10.995,0.01706150357265857,0.01706150357265857
2011-09-08 00:00:00+00:00,10.915,11.032,10.817,10.863,10.863,87958000,10.863,-0.012078104555110618,-0.012078104555110618
2011-09-09 00:00:00+00:00,10.7525,10.848,10.4875,10.5695,10.5695,91486000,10.5695,-0.027390024378010167,-0.027390024378010167
2011-09-12 00:00:00+00:00,10.4375,10.833,10.4325,10.828,10.828,106842000,10.828,0.024162876678451035,0.024162876678451035
2011-09-13 00:00:00+00:00,10.8895,10.9975,10.7505,10.9765,10.9765,96718000,10.9765,0.013621252129785757,0.013621252129785757
2011-09-14 00:00:00+00:00,11.011,11.2495,10.836,11.1285,11.1285,117634000,11.1285,0.013752761433712847,0.013752761433712847
2011-09-15 00:00:00+00:00,11.1995,11.36,11.0625,11.339,11.339,112176000,11.339,0.018738725674149564,0.018738725674149564
2011-09-16 00:00:00+00:00,11.3785,12.022,11.337,11.965,11.965,235060000,11.965,0.05373761037063381,0.05373761037063381
2011-09-19 00:00:00+00:00,11.8555,12.2,11.644,12.0845,12.0845,164466000,12.0845,0.009937918335557632,0.009937918335557632
2011-09-20 00:00:00+00:00,12.04,12.0525,11.5515,11.6625,11.6625,147710000,11.6625,-0.03554507352243212,-0.03554507352243212
2011-09-21 00:00:00+00:00,11.7255,12.026,11.5905,11.5935,11.5935,117630000,11.5935,-0.005933969940563843,-0.005933969940563843
2011-09-22 00:00:00+00:00,11.236,11.4395,10.95,11.1615,11.1615,165092000,11.1615,-0.03797423970960975,-0.03797423970960975
2011-09-23 00:00:00+00:00,11.0255,11.2245,10.953,11.1805,11.1805,129362000,11.1805,0.0017008329227749218,0.0017008329227749218
2011-09-26 00:00:00+00:00,11.374,11.512,11.07,11.4925,11.4925,115882000,11.4925,0.027523459252182473,0.027523459252182473
2011-09-27 00:00:00+00:00,11.711,11.7375,11.12,11.2105,11.2105,156750000,11.2105,-0.02484380957585689,-0.02484380957585689
2011-09-28 00:00:00+00:00,11.3175,11.7905,11.28,11.4855,11.4855,288738000,11.4855,0.02423453111676174,0.02423453111676174
2011-09-29 00:00:00+00:00,11.7085,11.715,10.8145,11.122,11.122,187570000,11.122,-0.032160241473778495,-0.032160241473778495
2011-09-30 00:00:00+00:00,10.9095,11.15,10.7605,10.8115,10.8115,131006000,10.8115,-0.02831474633355957,-0.02831474633355957
2011-10-03 00:00:00+00:00,10.8505,11.08,10.5695,10.599,10.599,132488000,10.599,-0.019850725386694846,-0.019850725386694846
2011-10-04 00:00:00+00:00,10.481,10.75,10.0215,10.625,10.625,174232000,10.625,0.0024500577653625536,0.0024500577653625536
2011-10-05 00:00:00+00:00,10.6265,11.0085,10.424,10.975,10.975,130164000,10.975,0.03241024415075454,0.03241024415075454
2011-10-06 00:00:00+00:00,11.014,11.181,10.8775,11.0755,11.0755,136986000,11.0755,0.009115502677743787,0.009115502677743787
2011-10-07 00:00:00+00:00,11.124,11.395,10.9205,11.237,11.237,135686000,11.237,0.014476443286786525,0.014476443286786525
2011-10-10 00:00:00+00:00,11.3115,11.64,11.205,11.566,11.566,102862000,11.566,0.028857854810261173,0.028857854810261173
2011-10-11 00:00:00+00:00,11.53,11.8375,11.45,11.774,11.774,100074000,11.774,0.017823950870042994,0.017823950870042994
2011-10-12 00:00:00+00:00,11.832,12.092,11.7165,11.8405,11.8405,130216000,11.8405,0.005632147687869884,0.005632147687869884
2011-10-13 00:00:00+00:00,11.85,11.984,11.7615,11.8075,11.8075,96670000,11.8075,-0.0027909355058044092,-0.0027909355058044092
2011-10-14 00:00:00+00:00,12.0435,12.3355,12.009,12.3355,12.3355,118474000,12.3355,0.04374636143449093,0.04374636143449093
2011-10-17 00:00:00+00:00,12.2145,12.3355,12.0335,12.1165,12.1165,95580000,12.1165,-0.017913124163994546,-0.017913124163994546
2011-10-18 00:00:00+00:00,12.1155,12.2305,11.831,12.194,12.194,92194000,12.194,0.006375867426993181,0.006375867426993181
2011-10-19 00:00:00+00:00,12.0335,12.1665,11.4625,11.5765,11.5765,134302000,11.5765,-0.05196684627650848,-0.05196684627650848
2011-10-20 00:00:00+00:00,11.6065,11.737,11.49,11.6805,11.6805,90498000,11.6805,0.008943603493897412,0.008943603493897412
2011-10-21 00:00:00+00:00,11.8455,11.85,11.53,11.739,11.739,91450000,11.739,0.00499584719337167,0.00499584719337167
2011-10-24 00:00:00+00:00,11.801,12.0235,11.7,11.8805,11.8805,99516000,11.8805,0.011981768694545397,0.011981768694545397
2011-10-25 00:00:00+00:00,11.9295,11.9505,11.2945,11.3575,11.3575,280252000,11.3575,-0.0450200819395093,-0.0450200819395093
2011-10-26 00:00:00+00:00,10.1845,10.379,9.8255,9.92,9.92,482684000,9.92,-0.13532539735463991,-0.13532539735463991
2011-10-27 00:00:00+00:00,10.213,10.43,10.055,10.339,10.339,215486000,10.339,0.041370231307774626,0.041370231307774626
2011-10-28 00:00:00+00:00,10.3265,10.92,10.2875,10.866,10.866,197608000,10.866,0.04971549552477522,0.04971549552477522
2011-10-31 00:00:00+00:00,10.7895,10.9445,10.652,10.6755,10.6755,146866000,10.6755,-0.017687251704032847,-0.017687251704032847
2011-11-01 00:00:00+00:00,10.4055,10.8105,10.3715,10.605,10.605,170236000,10.605,-0.006625808408652589,-0.006625808408652589
2011-11-02 00:00:00+00:00,10.7775,10.8395,10.636,10.781,10.781,122440000,10.781,0.0164597375403352,0.0164597375403352
2011-11-03 00:00:00+00:00,10.815,10.925,10.651,10.9145,10.9145,106300000,10.9145,0.012306854875299138,0.012306854875299138
2011-11-04 00:00:00+00:00,10.8825,10.9115,10.7165,10.824,10.824,81316000,10.824,-0.008326289563793264,-0.008326289563793264
2011-11-07 00:00:00+00:00,10.842,11.01,10.7,10.85,10.85,77200000,10.85,0.0023991891179816777,0.0023991891179816777
2011-11-08 00:00:00+00:00,10.96,10.9675,10.7605,10.8995,10.8995,78290000,10.8995,0.004551836636864365,0.004551836636864365
2011-11-09 00:00:00+00:00,10.7475,10.785,10.53,10.561,10.561,93612000,10.561,-0.03154894585899541,-0.03154894585899541
2011-11-10 00:00:00+00:00,10.675,10.703,10.405,10.5395,10.5395,100892000,10.5395,-0.0020378671065249885,-0.0020378671065249885
2011-11-11 00:00:00+00:00,10.626,10.894,10.5155,10.8695,10.8695,103262000,10.8695,0.030830598257284396,0.030830598257284396
2011-11-14 00:00:00+00:00,10.7825,11.1175,10.7125,10.9465,10.9465,130444000,10.9465,0.007059068550157222,0.007059068550157222
2011-11-15 00:00:00+00:00,10.9,11.0165,10.713,10.8915,10.8915,114780000,10.8915,-0.0050371019589797224,-0.0050371019589797224
2011-11-16 00:00:00+00:00,10.8135,10.8485,10.5615,10.5995,10.5995,110188000,10.5995,-0.02717583831210384,-0.02717583831210384
2011-11-17 00:00:00+00:00,10.6255,10.645,10.105,10.226,10.226,159662000,10.226,-0.03587333353636263,-0.03587333353636263
2011-11-18 00:00:00+00:00,10.2665,10.267,9.8555,9.857,9.857,168750000,9.857,-0.03675163397450569,-0.03675163397450569
2011-11-21 00:00:00+00:00,9.6645,9.668,9.2525,9.4625,9.4625,226424000,9.4625,-0.040845243919734646,-0.040845243919734646
2011-11-22 00:00:00+00:00,9.3475,9.702,9.179,9.617,9.617,198312000,9.617,0.016195746966777655,0.016195746966777655
2011-11-23 00:00:00+00:00,9.653,9.73,9.3945,9.4495,9.4495,160226000,9.4495,-0.01757053567738967,-0.01757053567738967
2011-11-25 00:00:00+00:00,9.5205,9.5415,9.0755,9.12,9.12,99440000,9.12,-0.03549202596671526,-0.03549202596671526
2011-11-28 00:00:00+00:00,9.5825,9.731,9.527,9.7075,9.7075,144146000,9.7075,0.062428978537445355,0.062428978537445355
2011-11-29 00:00:00+00:00,9.739,9.775,9.365,9.4195,9.4195,131502000,9.4195,-0.030116774000393295,-0.030116774000393295
2011-11-30 00:00:00+00:00,9.738,9.765,9.4375,9.6145,9.6145,154340000,9.6145,0.02049036698521291,0.02049036698521291
2011-12-01 00:00:00+00:00,9.5925,9.9035,9.5795,9.8565,9.8565,146554000,9.8565,0.024858760415390545,0.024858760415390545
2011-12-02 00:00:00+00:00,9.8535,9.983,9.759,9.8015,9.8015,150524000,9.8015,-0.005595700835553177,-0.005595700835553177
2011-12-05 00:00:00+00:00,9.943,9.95,9.6835,9.812,9.812,118442000,9.812,0.0010706912079008577,0.0010706912079008577
2011-12-06 00:00:00+00:00,9.799,9.916,9.5055,9.5995,9.5995,104040000,9.5995,-0.02189511261216938,-0.02189511261216938
2011-12-07 00:00:00+00:00,9.5515,9.8355,9.456,9.766,9.766,128546000,9.766,0.017195951855395217,0.017195951855395217
2011-12-08 00:00:00+00:00,9.6785,9.7945,9.504,9.524,9.524,87222000,9.524,-0.025092037014852214,-0.025092037014852214
2011-12-09 00:00:00+00:00,9.5605,9.6975,9.42,9.6515,9.6515,103176000,9.6515,0.013298415061176601,0.013298415061176601
2011-12-12 00:00:00+00:00,9.5015,9.5575,9.3815,9.476,9.476,86864000,9.476,-0.01835105738925382,-0.01835105738925382
2011-12-13 00:00:00+00:00,9.428,9.484,8.925,9.0255,9.0255,185946000,9.0255,-0.04870838195016011,-0.04870838195016011
2011-12-14 00:00:00+00:00,8.95,9.0375,8.5125,9.0105,9.0105,232284000,9.0105,-0.0016633403701901879,-0.0016633403701901879
2011-12-15 00:00:00+00:00,9.1025,9.24,8.9765,9.063,9.063,145198000,9.063,0.005809627096455839,0.005809627096455839
2011-12-16 00:00:00+00:00,9.121,9.2205,9.0155,9.063,9.063,133282000,9.063,0.0,0.0
2011-12-19 00:00:00+00:00,9.1,9.1585,8.95,8.9665,8.9665,90672000,8.9665,-0.010704780666302854,-0.010704780666302854
2011-12-20 00:00:00+00:00,9.1345,9.1585,9.027,9.126,9.126,92002000,9.126,0.017632072098868988,0.017632072098868988
2011-12-21 00:00:00+00:00,9.096,9.175,8.6245,8.7175,8.7175,161334000,8.7175,-0.04579498293754163,-0.04579498293754163
2011-12-22 00:00:00+00:00,8.7545,8.9835,8.7105,8.9515,8.9515,93898000,8.9515,0.02648861644152149,0.02648861644152149
2011-12-23 00:00:00+00:00,8.961,8.984,8.78,8.864,8.864,69930000,8.864,-0.00982298600426255,-0.00982298600426255
2011-12-27 00:00:00+00:00,8.8865,8.9295,8.808,8.8135,8.8135,59018000,8.8135,-0.0057134931270570975,-0.0057134931270570975
2011-12-28 00:00:00+00:00,8.8195,8.8325,8.614,8.6945,8.6945,73190000,8.6945,-0.013593995037884563,-0.013593995037884563
2011-12-29 00:00:00+00:00,8.481,8.7275,8.3485,8.693,8.693,164186000,8.693,-0.0001725377430591961,-0.0001725377430591961
2011-12-30 00:00:00+00:00,8.668,8.7585,8.6245,8.655,8.655,85596000,8.655,-0.004380915468754724,-0.004380915468754724
2012-01-03 00:00:00+00:00,8.7945,8.974,8.7775,8.9515,8.9515,102216000,8.9515,0.033683927381018094,0.033683927381018094
2012-01-04 00:00:00+00:00,8.9605,9.025,8.8035,8.8755,8.8755,84104000,8.8755,-0.008526444206469181,-0.008526444206469181
2012-01-05 00:00:00+00:00,8.797,8.9125,8.7025,8.8805,8.8805,76182000,8.8805,0.000563189922522982,0.000563189922522982
2012-01-06 00:00:00+00:00,8.9035,9.2325,8.875,9.1305,9.1305,140168000,9.1305,0.02776259589470724,0.02776259589470724
2012-01-09 00:00:00+00:00,9.138,9.2185,8.85,8.928,8.928,101138000,8.928,-0.0224280519809965,-0.0224280519809965
2012-01-10 00:00:00+00:00,9.055,9.12,8.855,8.967,8.967,79716000,8.967,0.0043587663309553985,0.0043587663309553985
2012-01-11 00:00:00+00:00,8.982,9.0385,8.9095,8.945,8.945,62054000,8.945,-0.0024564550092280187,-0.0024564550092280187
2012-01-12 00:00:00+00:00,8.971,8.9745,8.7875,8.7965,8.7965,107716000,8.7965,-0.016740801863718704,-0.016740801863718704
2012-01-13 00:00:00+00:00,8.7905,8.94,8.675,8.921,8.921,95070000,8.921,0.01405413283468254,0.01405413283468254
2012-01-17 00:00:00+00:00,9.0075,9.165,8.9255,9.083,9.083,112890000,9.083,0.017996486588430196,0.017996486588430196
2012-01-18 00:00:00+00:00,9.097,9.5125,9.056,9.472,9.472,149470000,9.472,0.0419355436215734,0.0419355436215734
2012-01-19 00:00:00+00:00,9.544,9.797,9.518,9.7225,9.7225,141920000,9.7225,0.02610270890611539,0.02610270890611539
2012-01-20 00:00:00+00:00,9.5355,9.645,9.452,9.5465,9.5465,112206000,9.5465,-0.018268191876383236,-0.018268191876383236
2012-01-23 00:00:00+00:00,9.5395,9.5865,9.2615,9.3045,9.3045,91706000,9.3045,-0.02567644107223717,-0.02567644107223717
2012-01-24 00:00:00+00:00,9.25,9.4205,9.191,9.35,9.35,93476000,9.35,0.004878189201450549,0.004878189201450549
2012-01-25 00:00:00+00:00,9.3495,9.4085,9.2305,9.39,9.39,86128000,9.39,0.0042689499195760145,0.0042689499195760145
2012-01-26 00:00:00+00:00,9.465,9.7425,9.4365,9.666,9.666,117472000,9.666,0.02896928020272077,0.02896928020272077
2012-01-27 00:00:00+00:00,9.6545,9.825,9.6165,9.7685,9.7685,93180000,9.7685,0.010548349626660725,0.010548349626660725
2012-01-30 00:00:00+00:00,9.684,9.75,9.5065,9.6075,9.6075,108482000,9.6075,-0.016618879592691142,-0.016618879592691142
2012-01-31 00:00:00+00:00,9.7,9.7815,9.485,9.722,9.722,255444000,9.722,0.011847315166401754,0.011847315166401754
2012-02-01 00:00:00+00:00,8.6905,8.9975,8.6,8.973,8.973,426732000,8.973,-0.08017129030734294,-0.08017129030734294
2012-02-02 00:00:00+00:00,8.9825,9.097,8.84,9.086,9.086,174726000,9.086,0.012514699021290905,0.012514699021290905
2012-02-03 00:00:00+00:00,9.1415,9.395,9.0945,9.384,9.384,162410000,9.384,0.03227134401396276,0.03227134401396276
2012-02-06 00:00:00+00:00,9.314,9.328,9.146,9.157,9.157,106200000,9.157,-0.02448749722557934,-0.02448749722557934
2012-02-07 00:00:00+00:00,9.1325,9.247,9.103,9.2095,9.2095,102078000,9.2095,0.005716945851425399,0.005716945851425399
2012-02-08 00:00:00+00:00,9.2475,9.3245,9.1455,9.274,9.274,109532000,9.274,0.0069792259922485,0.0069792259922485
2012-02-09 00:00:00+00:00,9.225,9.2845,9.088,9.249,9.249,143784000,9.249,-0.0026993483971459275,-0.0026993483971459275
2012-02-10 00:00:00+00:00,9.171,9.3815,9.126,9.277,9.277,115942000,9.277,0.003022781099011258,0.003022781099011258
2012-02-13 00:00:00+00:00,9.3585,9.625,9.284,9.5795,9.5795,121428000,9.5795,0.03208717988277565,0.03208717988277565
2012-02-14 00:00:00+00:00,9.554,9.6785,9.305,9.565,9.565,190542000,9.565,-0.0015147956616938275,-0.0015147956616938275
2012-02-15 00:00:00+00:00,9.5645,9.577,9.163,9.2235,9.2235,155888000,9.2235,-0.036356027812719155,-0.036356027812719155
2012-02-16 00:00:00+00:00,8.8895,9.084,8.757,8.9965,8.9965,251276000,8.9965,-0.024918962269060728,-0.024918962269060728
2012-02-17 00:00:00+00:00,9.0045,9.1705,8.968,9.125,9.125,148362000,9.125,0.014182286658118938,0.014182286658118938
2012-02-21 00:00:00+00:00,9.1325,9.2375,9.029,9.113,9.113,135130000,9.113,-0.0013159339545655143,-0.0013159339545655143
2012-02-22 00:00:00+00:00,9.0975,9.1495,9.0145,9.029,9.029,115708000,9.029,-0.009260346188647644,-0.009260346188647644
2012-02-23 00:00:00+00:00,8.982,9.0375,8.848,8.9445,8.9445,103076000,8.9445,-0.00940280107620896,-0.00940280107620896
2012-02-24 00:00:00+00:00,8.985,9.037,8.9185,8.9565,8.9565,73374000,8.9565,0.0013407074238865912,0.0013407074238865912
2012-02-27 00:00:00+00:00,8.877,8.9595,8.825,8.9265,8.9265,74124000,8.9265,-0.00335514490214025,-0.00335514490214025
2012-02-28 00:00:00+00:00,8.945,9.2145,8.8975,9.19,9.19,115290000,9.19,0.029091555596716164,0.029091555596716164
2012-02-29 00:00:00+00:00,9.1945,9.2,8.9505,8.9845,8.9845,106006000,8.9845,-0.022615065983224165,-0.022615065983224165
2012-03-01 00:00:00+00:00,8.9945,9.0245,8.829,9.002,9.002,98720000,9.002,0.0019459044863696592,0.0019459044863696592
2012-03-02 00:00:00+00:00,8.974,9.092,8.946,8.965,8.965,73156000,8.965,-0.004118667813644853,-0.004118667813644853
2012-03-05 00:00:00+00:00,8.95,9.091,8.909,9.013,9.013,93654000,9.013,0.005339872517176496,0.005339872517176496
2012-03-06 00:00:00+00:00,8.934,9.175,8.902,9.0545,9.0545,112244000,9.0545,0.004593892124987498,0.004593892124987498
2012-03-07 00:00:00+00:00,9.1325,9.275,9.12,9.1885,9.1885,99030000,9.1885,0.01469083045408172,0.01469083045408172
2012-03-08 00:00:00+00:00,9.2085,9.419,9.19,9.382,9.382,84430000,9.382,0.02084025775292441,0.02084025775292441
2012-03-09 00:00:00+00:00,9.3395,9.36,9.172,9.216,9.216,90212000,9.216,-0.01785185595273093,-0.01785185595273093
2012-03-12 00:00:00+00:00,9.2065,9.27,9.11,9.1695,9.1695,51752000,9.1695,-0.005058344798782657,-0.005058344798782657
2012-03-13 00:00:00+00:00,9.196,9.2435,9.0385,9.2295,9.2295,88116000,9.2295,0.006522116711764997,0.006522116711764997
2012-03-14 00:00:00+00:00,9.1825,9.216,9.057,9.113,9.113,73994000,9.113,-0.012702910352527854,-0.012702910352527854
2012-03-15 00:00:00+00:00,9.101,9.2215,9.015,9.2215,9.2215,83202000,9.2215,0.01183574862673391,0.01183574862673391
2012-03-16 00:00:00+00:00,9.164,9.284,9.1175,9.2525,9.2525,98680000,9.2525,0.0033560711374502504,0.0033560711374502504
2012-03-19 00:00:00+00:00,9.1725,9.334,9.15,9.276,9.276,78068000,9.276,0.00253663411511121,0.00253663411511121
2012-03-20 00:00:00+00:00,9.244,9.7205,9.144,9.6165,9.6165,183308000,9.6165,0.03604995371999957,0.03604995371999957
2012-03-21 00:00:00+00:00,9.625,9.714,9.563,9.5865,9.5865,84288000,9.5865,-0.0031245143369757074,-0.0031245143369757074
2012-03-22 00:00:00+00:00,9.527,9.703,9.513,9.62,9.62,74792000,9.62,0.0034884059013061373,0.0034884059013061373
2012-03-23 00:00:00+00:00,9.6005,9.81,9.59,9.752,9.752,119680000,9.752,0.013628127501355444,0.013628127501355444
2012-03-26 00:00:00+00:00,9.824,10.1485,9.775,10.1435,10.1435,152274000,10.1435,0.03936071408027644,0.03936071408027644
2012-03-27 00:00:00+00:00,10.1795,10.4925,10.144,10.272,10.272,192016000,10.272,0.012588640688358422,0.012588640688358422
2012-03-28 00:00:00+00:00,10.307,10.35,10.0155,10.058,10.058,124900000,10.058,-0.02105340919783238,-0.02105340919783238
2012-03-29 00:00:00+00:00,10.064,10.2655,10.0315,10.2305,10.2305,114224000,10.2305,0.017005116874703907,0.017005116874703907
2012-03-30 00:00:00+00:00,10.251,10.3425,10.0935,10.1255,10.1255,88762000,10.1255,-0.010316460135110707,-0.010316460135110707
2012-04-02 00:00:00+00:00,9.901,9.995,9.85,9.9025,9.9025,128606000,9.9025,-0.0222697439754314,-0.0222697439754314
2012-04-03 00:00:00+00:00,9.912,10.1195,9.875,9.983,9.983,100014000,9.983,0.00809639584035363,0.00809639584035363
2012-04-04 00:00:00+00:00,9.8475,9.884,9.618,9.6995,9.6995,109138000,9.6995,-0.028809308565264476,-0.028809308565264476
2012-04-05 00:00:00+00:00,9.6775,9.8015,9.6775,9.7195,9.7195,64350000,9.7195,0.0020598390310068017,0.0020598390310068017
2012-04-09 00:00:00+00:00,9.601,9.71,9.525,9.5935,9.5935,62718000,9.5935,-0.013048391004013643,-0.013048391004013643
2012-04-10 00:00:00+00:00,9.6375,9.676,9.3285,9.349,9.349,89100000,9.349,-0.02581640010683813,-0.02581640010683813
2012-04-11 00:00:00+00:00,9.4815,9.5985,9.3395,9.3985,9.3985,86756000,9.3985,0.005280716365334408,0.005280716365334408
2012-04-12 00:00:00+00:00,9.403,9.613,9.2805,9.5345,9.5345,80558000,9.5345,0.014366697218031377,0.014366697218031377
2012-04-13 00:00:00+00:00,9.495,9.497,9.313,9.423,9.423,68636000,9.423,-0.011763290067925243,-0.011763290067925243
2012-04-16 00:00:00+00:00,9.4505,9.4735,9.1825,9.275,9.275,80886000,9.275,-0.015830900731120322,-0.015830900731120322
2012-04-17 00:00:00+00:00,9.3605,9.502,9.3435,9.4195,9.4195,56584000,9.4195,0.015459400129793018,0.015459400129793018
2012-04-18 00:00:00+00:00,9.441,9.6725,9.437,9.5535,9.5535,80038000,9.5535,0.014125570874101108,0.014125570874101108
2012-04-19 00:00:00+00:00,9.6465,9.7275,9.4875,9.555,9.555,80048000,9.555,0.00015699819484327044,0.00015699819484327044
2012-04-20 00:00:00+00:00,9.617,9.674,9.49,9.499,9.499,64872000,9.499,-0.005878047784190833,-0.005878047784190833
2012-04-23 00:00:00+00:00,9.4495,9.4495,9.2755,9.412,9.412,69620000,9.412,-0.009201059042929359,-0.009201059042929359
2012-04-24 00:00:00+00:00,9.434,9.535,9.3255,9.5165,9.5165,67526000,9.5165,0.011041663280585506,0.011041663280585506
2012-04-25 00:00:00+00:00,9.5835,9.74,9.58,9.721,9.721,79102000,9.721,0.02126135969323023,0.02126135969323023
2012-04-26 00:00:00+00:00,9.6785,9.818,9.651,9.7995,9.7995,204680000,9.7995,0.00804287012784575,0.00804287012784575
2012-04-27 00:00:00+00:00,11.2415,11.4345,11.011,11.3425,11.3425,442338000,11.3425,0.14622536858920415,0.14622536858920415
2012-04-30 00:00:00+00:00,11.1975,11.692,11.1525,11.595,11.595,195138000,11.595,0.02201723815151317,0.02201723815151317
2012-05-01 00:00:00+00:00,11.47,11.6485,11.42,11.502,11.502,135098000,11.502,-0.00805303741593255,-0.00805303741593255
2012-05-02 00:00:00+00:00,11.391,11.572,11.37,11.5125,11.5125,91868000,11.5125,0.0009124682898625613,0.0009124682898625613
2012-05-03 00:00:00+00:00,11.487,11.6265,11.4015,11.4725,11.4725,81110000,11.4725,-0.0034805342945736953,-0.0034805342945736953
2012-05-04 00:00:00+00:00,11.39,11.486,11.187,11.1995,11.1995,91704000,11.1995,-0.02408373283946752,-0.02408373283946752
2012-05-07 00:00:00+00:00,11.118,11.3435,11.1145,11.258,11.258,66286000,11.258,0.005209852594450778,0.005209852594450778
2012-05-08 00:00:00+00:00,11.1575,11.2695,10.91,11.195,11.195,90448000,11.195,-0.0056117369911165465,-0.0056117369911165465
2012-05-09 00:00:00+00:00,11.0295,11.289,11.008,11.149,11.149,74240000,11.149,-0.004117442265283856,-0.004117442265283856
2012-05-10 00:00:00+00:00,11.1955,11.454,11.0975,11.3345,11.3345,92968000,11.3345,0.01650136404100868,0.01650136404100868
2012-05-11 00:00:00+00:00,11.2975,11.534,11.2865,11.384,11.384,83872000,11.384,0.004357688961108226,0.004357688961108226
2012-05-14 00:00:00+00:00,11.28,11.3645,11.1255,11.1465,11.1465,61932000,11.1465,-0.021083313504054707,-0.021083313504054707
2012-05-15 00:00:00+00:00,11.325,11.5305,11.15,11.2195,11.2195,114274000,11.2195,0.0065277885382238185,0.0065277885382238185
2012-05-16 00:00:00+00:00,11.25,11.4,11.125,11.203,11.203,105236000,11.203,-0.0014717362451342184,-0.0014717362451342184
2012-05-17 00:00:00+00:00,11.2525,11.3,10.9045,10.918,10.918,90110000,10.918,-0.025768796217020436,-0.025768796217020436
2012-05-18 00:00:00+00:00,10.9705,10.9815,10.6405,10.6925,10.6925,104634000,10.6925,-0.020870242240639034,-0.020870242240639034
2012-05-21 00:00:00+00:00,10.7015,10.999,10.641,10.9055,10.9055,71596000,10.9055,0.019724688010843525,0.019724688010843525
2012-05-22 00:00:00+00:00,10.9155,10.9435,10.698,10.7665,10.7665,74662000,10.7665,-0.012827787565244388,-0.012827787565244388
2012-05-23 00:00:00+00:00,10.7355,10.8775,10.559,10.864,10.864,84876000,10.864,0.009015109251814667,0.009015109251814667
2012-05-24 00:00:00+00:00,10.849,10.883,10.635,10.762,10.762,62822000,10.762,-0.009433159749112489,-0.009433159749112489
2012-05-25 00:00:00+00:00,10.7495,10.799,10.611,10.6445,10.6445,43428000,10.6445,-0.010978084233571779,-0.010978084233571779
2012-05-29 00:00:00+00:00,10.715,10.8275,10.6145,10.7375,10.7375,53878000,10.7375,0.008698960476717605,0.008698960476717605
2012-05-30 00:00:00+00:00,10.607,10.649,10.3875,10.4615,10.4615,81564000,10.4615,-0.026040435513205087,-0.026040435513205087
2012-05-31 00:00:00+00:00,10.474,10.6895,10.3555,10.6455,10.6455,98880000,10.6455,0.017435415853841493,0.017435415853841493
2012-06-01 00:00:00+00:00,10.422,10.5615,10.365,10.411,10.411,79030000,10.411,-0.02227432815839448,-0.02227432815839448
2012-06-04 00:00:00+00:00,10.37,10.7675,10.3185,10.7285,10.7285,85992000,10.7285,0.030040812410382894,0.030040812410382894
2012-06-05 00:00:00+00:00,10.6925,10.843,10.558,10.6605,10.6605,70878000,10.6605,-0.006358429950076217,-0.006358429950076217
2012-06-06 00:00:00+00:00,10.7315,10.92,10.726,10.882,10.882,54202000,10.882,0.02056472611081107,0.02056472611081107
2012-06-07 00:00:00+00:00,10.9825,11.0745,10.9055,10.94,10.94,70078000,10.94,0.005315748930101439,0.005315748930101439
2012-06-08 00:00:00+00:00,10.9305,10.971,10.833,10.924,10.924,57540000,10.924,-0.0014635933823766228,-0.0014635933823766228
2012-06-11 00:00:00+00:00,10.8745,11.0435,10.76,10.825,10.825,74982000,10.825,-0.009103929722905085,-0.009103929722905085
2012-06-12 00:00:00+00:00,10.8825,10.9,10.726,10.821,10.821,56666000,10.821,-0.0003695832990418171,-0.0003695832990418171
2012-06-13 00:00:00+00:00,10.776,10.869,10.676,10.7365,10.7365,46504000,10.7365,-0.007839539164461784,-0.007839539164461784
2012-06-14 00:00:00+00:00,10.763,10.825,10.628,10.7225,10.7225,61218000,10.7225,-0.0013048140161512653,-0.0013048140161512653
2012-06-15 00:00:00+00:00,10.7645,10.9665,10.723,10.9175,10.9175,75704000,10.9175,0.018022668968680527,0.018022668968680527
2012-06-18 00:00:00+00:00,10.864,11.188,10.8365,11.133,11.133,67392000,11.133,0.01954666436899111,0.01954666436899111
2012-06-19 00:00:00+00:00,11.163,11.26,11.083,11.2015,11.2015,54332000,11.2015,0.006134027158276823,0.006134027158276823
2012-06-20 00:00:00+00:00,11.2255,11.237,11.042,11.151,11.151,48888000,11.151,-0.00451851792162218,-0.00451851792162218
2012-06-21 00:00:00+00:00,11.192,11.3015,11.026,11.0285,11.0285,56860000,11.0285,-0.011046348712719232,-0.011046348712719232
2012-06-22 00:00:00+00:00,11.0915,11.1255,10.9675,11.108,11.108,43750000,11.108,0.007182738174047705,0.007182738174047705
2012-06-25 00:00:00+00:00,11.015,11.0795,10.9,11.0035,11.0035,47646000,11.0035,-0.009452165437100486,-0.009452165437100486
2012-06-26 00:00:00+00:00,11.0725,11.3195,11.0725,11.2805,11.2805,75082000,11.2805,0.02486216732121602,0.02486216732121602
2012-06-27 00:00:00+00:00,11.2505,11.375,11.165,11.281,11.281,55984000,11.281,4.432329411461341e-05,4.432329411461341e-05
2012-06-28 00:00:00+00:00,11.196,11.231,10.9375,11.0655,11.0655,59896000,11.0655,-0.01928773461245373,-0.01928773461245373
2012-06-29 00:00:00+00:00,11.235,11.4175,11.1855,11.4175,11.4175,72288000,11.4175,0.03131510606668747,0.03131510606668747
2012-07-02 00:00:00+00:00,11.465,11.467,11.317,11.466,11.466,46614000,11.466,0.004238868409173935,0.004238868409173935
2012-07-03 00:00:00+00:00,11.457,11.4765,11.3795,11.4765,11.4765,26634000,11.4765,0.000915331871688206,0.000915331871688206
2012-07-05 00:00:00+00:00,11.431,11.525,11.3265,11.353,11.353,53646000,11.353,-0.010819440175482618,-0.010819440175482618
2012-07-06 00:00:00+00:00,11.3175,11.445,11.209,11.2525,11.2525,64064000,11.2525,-0.008891699997445946,-0.008891699997445946
2012-07-09 00:00:00+00:00,11.25,11.3,11.1725,11.2525,11.2525,38440000,11.2525,0.0,0.0
2012-07-10 00:00:00+00:00,11.3125,11.357,10.914,10.975,10.975,59642000,10.975,-0.024970367223715612,-0.024970367223715612
2012-07-11 00:00:00+00:00,10.9475,11.087,10.767,10.9185,10.9185,54694000,10.9185,-0.005161360716949774,-0.005161360716949774
2012-07-12 00:00:00+00:00,10.8305,10.865,10.6305,10.768,10.768,52324000,10.768,-0.013879825341913144,-0.013879825341913144
2012-07-13 00:00:00+00:00,10.7815,10.9655,10.694,10.9195,10.9195,44438000,10.9195,0.013971408820317615,0.013971408820317615
2012-07-16 00:00:00+00:00,10.83,10.9155,10.723,10.8005,10.8005,40084000,10.8005,-0.010957752367859912,-0.010957752367859912
2012-07-17 00:00:00+00:00,10.8725,10.897,10.698,10.8465,10.8465,39740000,10.8465,0.00425001794614954,0.00425001794614954
2012-07-18 00:00:00+00:00,10.8075,10.9335,10.7855,10.8735,10.8735,41860000,10.8735,0.0024861891259257756,0.0024861891259257756
2012-07-19 00:00:00+00:00,11.0365,11.375,11.0345,11.3085,11.3085,108988000,11.3085,0.0392260189108242,0.0392260189108242
2012-07-20 00:00:00+00:00,11.268,11.4695,11.2645,11.4145,11.4145,83400000,11.4145,0.009329821669800592,0.009329821669800592
2012-07-23 00:00:00+00:00,11.236,11.329,11.077,11.3005,11.3005,110302000,11.3005,-0.010037504480528942,-0.010037504480528942
2012-07-24 00:00:00+00:00,11.3135,11.3305,11.0615,11.152,11.152,100174000,11.152,-0.01322811850883298,-0.01322811850883298
2012-07-25 00:00:00+00:00,11.1,11.125,10.7955,10.8525,10.8525,72934000,10.8525,-0.027223385826556503,-0.027223385826556503
2012-07-26 00:00:00+00:00,11.0,11.0725,10.7475,11.0005,11.0005,138748000,11.0005,0.01354525811918706,0.01354525811918706
2012-07-27 00:00:00+00:00,11.2625,11.917,11.225,11.866,11.866,226278000,11.866,0.07573644152565279,0.07573644152565279
2012-07-30 00:00:00+00:00,11.85,12.037,11.7035,11.8045,11.8045,74728000,11.8045,-0.005196353130320533,-0.005196353130320533
2012-07-31 00:00:00+00:00,11.755,11.815,11.5805,11.665,11.665,69072000,11.665,-0.011887909232737718,-0.011887909232737718
2012-08-01 00:00:00+00:00,11.707,11.719,11.535,11.6045,11.6045,50876000,11.6045,-0.005199951552380912,-0.005199951552380912
2012-08-02 00:00:00+00:00,11.528,11.717,11.433,11.5405,11.5405,60962000,11.5405,-0.0055303662233444,-0.0055303662233444
2012-08-03 00:00:00+00:00,11.7015,11.8245,11.6515,11.7485,11.7485,56506000,11.7485,0.017862985168855008,0.017862985168855008
2012-08-06 00:00:00+00:00,11.778,11.787,11.6905,11.6995,11.6995,36874000,11.6995,-0.004179467018715386,-0.004179467018715386
2012-08-07 00:00:00+00:00,11.7065,11.9,11.6625,11.828,11.828,41166000,11.828,0.010923496142423224,0.010923496142423224
2012-08-08 00:00:00+00:00,11.7645,11.8225,11.6795,11.719,11.719,30686000,11.719,-0.00925814571376554,-0.00925814571376554
2012-08-09 00:00:00+00:00,11.6965,11.7995,11.675,11.703,11.703,30962000,11.703,-0.001366237083836099,-0.001366237083836099
2012-08-10 00:00:00+00:00,11.654,11.7425,11.5715,11.6375,11.6375,37050000,11.6375,-0.005612576589443726,-0.005612576589443726
2012-08-13 00:00:00+00:00,11.6115,11.7185,11.55,11.622,11.622,39946000,11.622,-0.0013327889502715428,-0.0013327889502715428
2012-08-14 00:00:00+00:00,11.7355,11.836,11.631,11.6595,11.6595,55020000,11.6595,0.0032214447033331647,0.0032214447033331647
2012-08-15 00:00:00+00:00,11.613,11.907,11.6125,11.871,11.871,65294000,11.871,0.0179771527151501,0.0179771527151501
2012-08-16 00:00:00+00:00,11.886,12.141,11.81,12.0775,12.0775,86242000,12.0775,0.01724576637502775,0.01724576637502775
2012-08-17 00:00:00+00:00,12.03,12.1675,12.0235,12.0585,12.0585,61716000,12.0585,-0.0015744119924365357,-0.0015744119924365357
2012-08-20 00:00:00+00:00,12.0685,12.0825,11.91,12.0175,12.0175,37798000,12.0175,-0.003405884668009449,-0.003405884668009449
2012-08-21 00:00:00+00:00,12.044,12.1925,11.9275,11.9725,11.9725,51430000,11.9725,-0.00375156755135138,-0.00375156755135138
2012-08-22 00:00:00+00:00,11.97,12.245,11.94,12.155,12.155,49474000,12.155,0.015128254533459225,0.015128254533459225
2012-08-23 00:00:00+00:00,12.107,12.174,11.951,12.06,12.06,49078000,12.06,-0.00784641646904721,-0.00784641646904721
2012-08-24 00:00:00+00:00,12.084,12.3435,12.068,12.287,12.287,73976000,12.287,0.018647601586394738,0.018647601586394738
2012-08-27 00:00:00+00:00,12.2895,12.375,12.156,12.196,12.196,58594000,12.196,-0.007433763759425924,-0.007433763759425924
2012-08-28 00:00:00+00:00,12.1985,12.339,12.15,12.3055,12.3055,54846000,12.3055,0.008938287780140034,0.008938287780140034
2012-08-29 00:00:00+00:00,12.339,12.3805,12.2295,12.356,12.356,35452000,12.356,0.004095458150186962,0.004095458150186962
2012-08-30 00:00:00+00:00,12.3495,12.5,12.2625,12.311,12.311,72950000,12.311,-0.0036486033908573923,-0.0036486033908573923
2012-08-31 00:00:00+00:00,12.4035,12.4725,12.275,12.4135,12.4135,66950000,12.4135,0.008291418408345998,0.008291418408345998
2012-09-04 00:00:00+00:00,12.4135,12.55,12.233,12.394,12.394,79016000,12.394,-0.0015721055339081797,-0.0015721055339081797
2012-09-05 00:00:00+00:00,12.3805,12.4305,12.265,12.311,12.311,53052000,12.311,-0.006719312874437857,-0.006719312874437857
2012-09-06 00:00:00+00:00,12.4115,12.635,12.36,12.569,12.569,107228000,12.569,0.020740293277222512,0.020740293277222512
2012-09-07 00:00:00+00:00,12.6925,12.971,12.676,12.957,12.957,100590000,12.957,0.03040271770397332,0.03040271770397332
2012-09-10 00:00:00+00:00,12.95,13.0,12.841,12.8545,12.8545,51344000,12.8545,-0.007942238056716375,-0.007942238056716375
2012-09-11 00:00:00+00:00,12.88,12.88,12.713,12.7835,12.7835,50496000,12.7835,-0.005538667720145397,-0.005538667720145397
2012-09-12 00:00:00+00:00,12.825,12.889,12.675,12.7815,12.7815,45464000,12.7815,-0.00015646391582876132,-0.00015646391582876132
2012-09-13 00:00:00+00:00,12.747,13.1,12.69,13.012,13.012,70512000,13.012,0.017873195657121883,0.017873195657121883
2012-09-14 00:00:00+00:00,13.07,13.2055,12.9885,13.0635,13.0635,73324000,13.0635,0.003950073207661769,0.003950073207661769
2012-09-17 00:00:00+00:00,13.0625,13.0625,12.85,12.9,12.9,46126000,12.9,-0.012594770451140372,-0.012594770451140372
2012-09-18 00:00:00+00:00,12.924,13.025,12.85,12.9375,12.9375,44300000,12.9375,0.00290275965796141,0.00290275965796141
2012-09-19 00:00:00+00:00,12.9725,13.142,12.9265,13.084,13.084,52736000,13.084,0.011260038650549718,0.011260038650549718
2012-09-20 00:00:00+00:00,13.0015,13.0435,12.9,13.0405,13.0405,58272000,13.0405,-0.0033302103544438234,-0.0033302103544438234
2012-09-21 00:00:00+00:00,13.087,13.1,12.837,12.8735,12.8735,121186000,12.8735,-0.012888964413480506,-0.012888964413480506
2012-09-24 00:00:00+00:00,12.761,12.78,12.65,12.74,12.74,54158000,12.74,-0.010424284764195917,-0.010424284764195917
2012-09-25 00:00:00+00:00,12.8165,12.9475,12.5515,12.623,12.623,88116000,12.623,-0.009226103373292804,-0.009226103373292804
2012-09-26 00:00:00+00:00,12.62,12.7305,12.4115,12.4835,12.4835,58410000,12.4835,-0.011112774429884942,-0.011112774429884942
2012-09-27 00:00:00+00:00,12.527,12.87,12.526,12.8295,12.8295,67948000,12.8295,0.027339434365969327,0.027339434365969327
2012-09-28 00:00:00+00:00,12.807,12.85,12.66,12.716,12.716,49132000,12.716,-0.008886163658252726,-0.008886163658252726
2012-10-01 00:00:00+00:00,12.77,12.808,12.5245,12.6005,12.6005,51624000,12.6005,-0.009124547338772456,-0.009124547338772456
2012-10-02 00:00:00+00:00,12.64,12.6575,12.4515,12.53,12.53,43916000,12.53,-0.0056107268018068665,-0.0056107268018068665
2012-10-03 00:00:00+00:00,12.5605,12.805,12.478,12.796,12.796,54912000,12.796,0.02100685317929456,0.02100685317929456
2012-10-04 00:00:00+00:00,12.8005,13.076,12.7935,13.0235,13.0235,54008000,13.0235,0.017622795772581933,0.017622795772581933
2012-10-05 00:00:00+00:00,13.06,13.095,12.8745,12.9255,12.9255,56130000,12.9255,-0.007553313494059376,-0.007553313494059376
2012-10-08 00:00:00+00:00,12.8835,12.99,12.778,12.953,12.953,35246000,12.953,0.0021253171823246713,0.0021253171823246713
2012-10-09 00:00:00+00:00,12.9335,12.9675,12.5365,12.548,12.548,69896000,12.548,-0.031766131219687105,-0.031766131219687105
2012-10-10 00:00:00+00:00,12.6,12.623,12.2005,12.2495,12.2495,78966000,12.2495,-0.0240761704972353,-0.0240761704972353
2012-10-11 00:00:00+00:00,12.4,12.465,12.0945,12.211,12.211,68946000,12.211,-0.003147934980311541,-0.003147934980311541
2012-10-12 00:00:00+00:00,12.159,12.273,12.0955,12.118,12.118,44064000,12.118,-0.007645234328087509,-0.007645234328087509
2012-10-15 00:00:00+00:00,12.1425,12.239,11.9255,12.209,12.209,59196000,12.209,0.00748143416392094,0.00748143416392094
2012-10-16 00:00:00+00:00,12.2435,12.2885,12.104,12.197,12.197,44082000,12.197,-0.0009833648256171842,-0.0009833648256171842
2012-10-17 00:00:00+00:00,12.1685,12.44,12.165,12.3745,12.3745,66054000,12.3745,0.014447883736983578,0.014447883736983578
2012-10-18 00:00:00+00:00,12.3885,12.5455,12.135,12.2425,12.2425,106106000,12.2425,-0.010724399003749356,-0.010724399003749356
2012-10-19 00:00:00+00:00,12.258,12.341,11.947,12.0,12.0,87906000,12.0,-0.020006854806335104,-0.020006854806335104
2012-10-22 00:00:00+00:00,11.9405,11.9475,11.616,11.689,11.689,90000000,11.689,-0.0262584211623671,-0.0262584211623671
2012-10-23 00:00:00+00:00,11.5525,11.825,11.5005,11.7155,11.7155,88616000,11.7155,0.002264522747716996,0.002264522747716996
2012-10-24 00:00:00+00:00,11.794,11.797,11.3975,11.4245,11.4245,73574000,11.4245,-0.025152579226888308,-0.025152579226888308
2012-10-25 00:00:00+00:00,11.546,11.546,11.146,11.146,11.146,134826000,11.146,-0.024679482999117323,-0.024679482999117323
2012-10-26 00:00:00+00:00,11.43,11.9355,11.3345,11.912,11.912,227350000,11.912,0.06646560623436325,0.06646560623436325
2012-10-31 00:00:00+00:00,11.816,11.935,11.525,11.6445,11.6445,95952000,11.6445,-0.022712329850000212,-0.022712329850000212
2012-11-01 00:00:00+00:00,11.7115,11.7275,11.567,11.607,11.607,78102000,11.607,-0.0032256011452221683,-0.0032256011452221683
2012-11-02 00:00:00+00:00,11.7005,11.87,11.6055,11.621,11.621,67494000,11.621,0.001205441854251044,0.001205441854251044
2012-11-05 00:00:00+00:00,11.602,11.7415,11.5055,11.7165,11.7165,36922000,11.7165,0.008184298495587891,0.008184298495587891
2012-11-06 00:00:00+00:00,11.7705,11.8875,11.7225,11.878,11.878,53226000,11.878,0.013689844857343795,0.013689844857343795
2012-11-07 00:00:00+00:00,11.7825,11.783,11.471,11.603,11.603,72484000,11.603,-0.023424264228260164,-0.023424264228260164
2012-11-08 00:00:00+00:00,11.611,11.6725,11.355,11.3675,11.3675,59648000,11.3675,-0.020505278648379772,-0.020505278648379772
2012-11-09 00:00:00+00:00,11.313,11.5485,11.23,11.3155,11.3155,61850000,11.3155,-0.004584939478364486,-0.004584939478364486
2012-11-12 00:00:00+00:00,11.3295,11.461,11.2705,11.3235,11.3235,42576000,11.3235,0.0007067450269880158,0.0007067450269880158
2012-11-13 00:00:00+00:00,11.256,11.395,11.2355,11.33,11.33,52596000,11.33,0.0005738627742629343,0.0005738627742629343
2012-11-14 00:00:00+00:00,11.325,11.3705,11.1255,11.1475,11.1475,60682000,11.1475,-0.01623881752042017,-0.01623881752042017
2012-11-15 00:00:00+00:00,11.115,11.258,10.909,11.03,11.03,68094000,11.03,-0.01059642425408368,-0.01059642425408368
2012-11-16 00:00:00+00:00,11.0655,11.3125,10.932,11.2615,11.2615,87056000,11.2615,0.0207709954938849,0.0207709954938849
2012-11-19 00:00:00+00:00,11.416,11.625,11.3725,11.4855,11.4855,71824000,11.4855,0.019695541479855003,0.019695541479855003
2012-11-20 00:00:00+00:00,11.5,11.691,11.475,11.689,11.689,55434000,11.689,0.017562858386482527,0.017562858386482527
2012-11-21 00:00:00+00:00,11.692,11.9335,11.6375,11.9015,11.9015,59186000,11.9015,0.018016213968331963,0.018016213968331963
2012-11-23 00:00:00+00:00,11.9945,12.0,11.824,11.994,11.994,35536000,11.994,0.007742082152352791,0.007742082152352791
2012-11-26 00:00:00+00:00,12.0195,12.216,11.9,12.181,12.181,83566000,12.181,0.015470835971503772,0.015470835971503772
2012-11-27 00:00:00+00:00,12.161,12.2835,12.077,12.17,12.17,60970000,12.17,-0.0009034537183860246,-0.0009034537183860246
2012-11-28 00:00:00+00:00,12.1225,12.3615,12.075,12.3555,12.3555,54868000,12.3555,0.015127401067840234,0.015127401067840234
2012-11-29 00:00:00+00:00,12.4025,12.624,12.375,12.5635,12.5635,106210000,12.5635,0.01669447657399796,0.01669447657399796
2012-11-30 00:00:00+00:00,12.519,12.6325,12.4135,12.6025,12.6025,75948000,12.6025,0.003099422333374766,0.003099422333374766
2012-12-03 00:00:00+00:00,12.627,12.708,12.5,12.5165,12.5165,59812000,12.5165,-0.006847433100495483,-0.006847433100495483
2012-12-04 00:00:00+00:00,12.497,12.65,12.433,12.6245,12.6245,62294000,12.6245,0.008591596542616566,0.008591596542616566
2012-12-05 00:00:00+00:00,12.622,12.7775,12.519,12.698,12.698,57044000,12.698,0.005805130331488355,0.005805130331488355
2012-12-06 00:00:00+00:00,12.65,12.7585,12.5755,12.6685,12.6685,71158000,12.6685,-0.0023259033212430645,-0.0023259033212430645
2012-12-07 00:00:00+00:00,12.707,12.7605,12.6005,12.6635,12.6635,43406000,12.6635,-0.0003947576239483474,-0.0003947576239483474
2012-12-10 00:00:00+00:00,12.655,12.739,12.365,12.3885,12.3885,70076000,12.3885,-0.021955216866322482,-0.021955216866322482
2012-12-11 00:00:00+00:00,12.425,12.674,12.3325,12.5345,12.5345,83704000,12.5345,0.01171621956522808,0.01171621956522808
2012-12-12 00:00:00+00:00,12.5535,12.718,12.503,12.588,12.588,52562000,12.588,0.004259136700187874,0.004259136700187874
2012-12-13 00:00:00+00:00,12.5555,12.727,12.501,12.5625,12.5625,49204000,12.5625,-0.0020277933828659026,-0.0020277933828659026
2012-12-14 00:00:00+00:00,12.5055,12.595,12.3895,12.4595,12.4595,50538000,12.4595,-0.00823280167606858,-0.00823280167606858
2012-12-17 00:00:00+00:00,12.4905,12.7,12.463,12.693,12.693,45540000,12.693,0.018567276262814146,0.018567276262814146
2012-12-18 00:00:00+00:00,12.7285,13.1555,12.7285,13.02,13.02,99220000,13.02,0.0254359763743831,0.0254359763743831
2012-12-19 00:00:00+00:00,13.065,13.0835,12.884,12.8995,12.8995,46000000,12.8995,-0.009298085853895414,-0.009298085853895414
2012-12-20 00:00:00+00:00,12.918,13.1205,12.827,13.075,13.075,51692000,13.075,0.01351345902445874,0.01351345902445874
2012-12-21 00:00:00+00:00,12.891,12.919,12.787,12.846,12.846,94092000,12.846,-0.017669531115385804,-0.017669531115385804
2012-12-24 00:00:00+00:00,12.865,12.975,12.848,12.931,12.931,19688000,12.931,0.0065950504781136995,0.0065950504781136995
2012-12-26 00:00:00+00:00,12.8575,12.871,12.402,12.4315,12.4315,83054000,12.4315,-0.03939395528743895,-0.03939395528743895
2012-12-27 00:00:00+00:00,12.414,12.4675,12.143,12.4155,12.4155,72786000,12.4155,-0.001287882014852535,-0.001287882014852535
2012-12-28 00:00:00+00:00,12.2925,12.372,12.2525,12.259,12.259,37174000,12.259,-0.01268533089856591,-0.01268533089856591
2012-12-31 00:00:00+00:00,12.1875,12.6205,12.1375,12.5435,12.5435,68380000,12.5435,0.022942242006898636,0.022942242006898636
2013-01-02 00:00:00+00:00,12.804,12.905,12.663,12.8655,12.8655,65420000,12.8655,0.02534670699669303,0.02534670699669303
2013-01-03 00:00:00+00:00,12.8635,13.044,12.8185,12.924,12.924,55018000,12.924,0.00453673784580292,0.00453673784580292
2013-01-04 00:00:00+00:00,12.879,12.99,12.8325,12.9575,12.9575,37484000,12.9575,0.0025887231194728372,0.0025887231194728372
2013-01-07 00:00:00+00:00,13.1485,13.4865,13.1335,13.423,13.423,98200000,13.423,0.035294882423774473,0.035294882423774473
2013-01-08 00:00:00+00:00,13.3535,13.449,13.1785,13.319,13.319,60214000,13.319,-0.007778066286605519,-0.007778066286605519
2013-01-09 00:00:00+00:00,13.4085,13.475,13.27,13.3175,13.3175,45312000,13.3175,-0.00011262740987637827,-0.00011262740987637827
2013-01-10 00:00:00+00:00,13.427,13.437,13.115,13.267,13.267,57268000,13.267,-0.0037992108742375516,-0.0037992108742375516
2013-01-11 00:00:00+00:00,13.255,13.4215,13.2055,13.397,13.397,48266000,13.397,0.009751052360069174,0.009751052360069174
2013-01-14 00:00:00+00:00,13.4,13.713,13.377,13.6365,13.6365,85500000,13.6365,0.01771921995303674,0.01771921995303674
2013-01-15 00:00:00+00:00,13.534,13.6365,13.465,13.595,13.595,46538000,13.595,-0.003047943163451474,-0.003047943163451474
2013-01-16 00:00:00+00:00,13.5265,13.562,13.3915,13.4465,13.4465,41312000,13.4465,-0.010983228948805443,-0.010983228948805443
2013-01-17 00:00:00+00:00,13.575,13.5985,13.4605,13.524,13.524,37692000,13.524,0.005747035710010859,0.005747035710010859
2013-01-18 00:00:00+00:00,13.5415,13.725,13.48,13.606,13.606,58840000,13.606,0.0060449870772295135,0.0060449870772295135
2013-01-22 00:00:00+00:00,13.581,13.605,13.4615,13.5095,13.5095,42754000,13.5095,-0.0071177302581364,-0.0071177302581364
2013-01-23 00:00:00+00:00,13.5285,13.5545,13.3325,13.4055,13.4055,50178000,13.4055,-0.007728071157313285,-0.007728071157313285
2013-01-24 00:00:00+00:00,13.4685,13.8325,13.4685,13.673,13.673,68340000,13.673,0.019758014819525348,0.019758014819525348
2013-01-25 00:00:00+00:00,13.75,14.236,13.72,14.1995,14.1995,99362000,14.1995,0.03778366739273354,0.03778366739273354
2013-01-28 00:00:00+00:00,14.189,14.224,13.72,13.802,13.802,86428000,13.802,-0.028393243521268197,-0.028393243521268197
2013-01-29 00:00:00+00:00,13.7675,13.773,12.9175,13.0175,13.0175,203452000,13.0175,-0.058518903143493,-0.058518903143493
2013-01-30 00:00:00+00:00,14.15,14.21,13.3555,13.638,13.638,261508000,13.638,0.04656540804354414,0.04656540804354414
2013-01-31 00:00:00+00:00,13.552,13.797,13.185,13.275,13.275,135442000,13.275,-0.026977446970458594,-0.026977446970458594
2013-02-01 00:00:00+00:00,13.4465,13.4465,13.14,13.25,13.25,122300000,13.25,-0.001885014695771335,-0.001885014695771335
2013-02-04 00:00:00+00:00,13.139,13.234,12.9535,12.999,12.999,74472000,12.999,-0.019125121006349128,-0.019125121006349128
2013-02-05 00:00:00+00:00,13.1,13.4015,13.073,13.3445,13.3445,80258000,13.3445,0.026231883512505955,0.026231883512505955
2013-02-06 00:00:00+00:00,13.258,13.3445,13.0555,13.111,13.111,55408000,13.111,-0.017652742421123135,-0.017652742421123135
2013-02-07 00:00:00+00:00,13.205,13.205,12.7555,13.0115,13.0115,79514000,13.0115,-0.0076179907127047935,-0.0076179907127047935
2013-02-08 00:00:00+00:00,13.07,13.2625,13.0275,13.0975,13.0975,77584000,13.0975,0.006587790495677701,0.006587790495677701
2013-02-11 00:00:00+00:00,13.16,13.1625,12.83,12.8605,12.8605,68074000,12.8605,-0.018260773997748152,-0.018260773997748152
2013-02-12 00:00:00+00:00,12.9595,13.008,12.85,12.935,12.935,58874000,12.935,0.005776217335502773,0.005776217335502773
2013-02-13 00:00:00+00:00,13.0765,13.498,13.015,13.4735,13.4735,105860000,13.4735,0.04078797770666846,0.04078797770666846
2013-02-14 00:00:00+00:00,13.3685,13.5325,13.27,13.462,13.462,69260000,13.462,-0.0008538917561396625,-0.0008538917561396625
2013-02-15 00:00:00+00:00,13.3815,13.446,13.1555,13.2545,13.2545,79598000,13.2545,-0.015533784173495506,-0.015533784173495506
2013-02-19 00:00:00+00:00,13.2955,13.5055,13.225,13.4875,13.4875,57084000,13.4875,0.01742621316922722,0.01742621316922722
2013-02-20 00:00:00+00:00,13.51,13.715,13.3185,13.3205,13.3205,70578000,13.3205,-0.012459128638988227,-0.012459128638988227
2013-02-21 00:00:00+00:00,13.256,13.474,13.1625,13.297,13.297,72748000,13.297,-0.0017657560706959925,-0.0017657560706959925
2013-02-22 00:00:00+00:00,13.331,13.3555,13.0805,13.271,13.271,62496000,13.271,-0.0019572424194566093,-0.0019572424194566093
2013-02-25 00:00:00+00:00,13.347,13.4345,12.9825,12.9935,12.9935,60648000,12.9935,-0.021131971035257897,-0.021131971035257897
2013-02-26 00:00:00+00:00,13.0445,13.102,12.7865,12.968,12.968,66972000,12.968,-0.0019644479864793455,-0.0019644479864793455
2013-02-27 00:00:00+00:00,12.97,13.2915,12.843,13.1625,13.1625,58162000,13.1625,0.01488709302671891,0.01488709302671891
2013-02-28 00:00:00+00:00,13.0905,13.35,13.0315,13.2135,13.2135,53344000,13.2135,0.0038671567757292257,0.0038671567757292257
2013-03-01 00:00:00+00:00,13.1635,13.33,13.052,13.287,13.287,59140000,13.287,0.005547079373347846,0.005547079373347846
2013-03-04 00:00:00+00:00,13.268,13.665,13.207,13.6555,13.6555,69060000,13.6555,0.027356257270072584,0.027356257270072584
2013-03-05 00:00:00+00:00,13.7,13.834,13.4995,13.7795,13.7795,73724000,13.7795,0.00903960957772507,0.00903960957772507
2013-03-06 00:00:00+00:00,13.788,13.8245,13.5915,13.6895,13.6895,41014000,13.6895,-0.006552864833088288,-0.006552864833088288
2013-03-07 00:00:00+00:00,13.705,13.74,13.5925,13.694,13.694,38780000,13.694,0.00032866507499105716,0.00032866507499105716
2013-03-08 00:00:00+00:00,13.75,13.772,13.575,13.7095,13.7095,37596000,13.7095,0.0011312424801909816,0.0011312424801909816
2013-03-11 00:00:00+00:00,13.6715,13.6995,13.52,13.562,13.562,38098000,13.562,-0.010817258917411903,-0.010817258917411903
2013-03-12 00:00:00+00:00,13.55,13.87,13.518,13.7065,13.7065,64924000,13.7065,0.010598408610147993,0.010598408610147993
2013-03-13 00:00:00+00:00,13.762,13.825,13.632,13.755,13.755,37684000,13.755,0.0035322215047395747,0.0035322215047395747
2013-03-14 00:00:00+00:00,13.4835,13.5,13.1765,13.287,13.287,104534000,13.287,-0.03461628076736708,-0.03461628076736708
2013-03-15 00:00:00+00:00,13.249,13.363,13.0025,13.091,13.091,97318000,13.091,-0.014861142411208969,-0.014861142411208969
2013-03-18 00:00:00+00:00,12.965,13.0745,12.856,12.8945,12.8945,54404000,12.8945,-0.015124107335295893,-0.015124107335295893
2013-03-19 00:00:00+00:00,12.92,12.975,12.631,12.8205,12.8205,74770000,12.8205,-0.005755411570620763,-0.005755411570620763
2013-03-20 00:00:00+00:00,12.9025,12.988,12.7275,12.864,12.864,54778000,12.864,0.003387260144565261,0.003387260144565261
2013-03-21 00:00:00+00:00,12.8055,12.85,12.634,12.6695,12.6695,56128000,12.6695,-0.015235182181391287,-0.015235182181391287
2013-03-22 00:00:00+00:00,12.7275,12.8885,12.6035,12.8875,12.8875,62492000,12.8875,0.01706031908785885,0.01706031908785885
2013-03-25 00:00:00+00:00,12.929,12.9715,12.725,12.801,12.801,50278000,12.801,-0.006734556469105607,-0.006734556469105607
2013-03-26 00:00:00+00:00,12.8525,13.074,12.814,13.0155,13.0155,48420000,13.0155,0.01661766204554444,0.01661766204554444
2013-03-27 00:00:00+00:00,12.9375,13.2965,12.895,13.265,13.265,57498000,13.265,0.018988032670185926,0.018988032670185926
2013-03-28 00:00:00+00:00,13.291,13.369,13.203,13.3245,13.3245,49474000,13.3245,0.004475458306025417,0.004475458306025417
2013-04-01 00:00:00+00:00,13.349,13.37,13.0505,13.0805,13.0805,50496000,13.0805,-0.018481874297587807,-0.018481874297587807
2013-04-02 00:00:00+00:00,13.12,13.2945,13.0275,13.166,13.166,52622000,13.166,0.006515177447544589,0.006515177447544589
2013-04-03 00:00:00+00:00,13.106,13.1835,12.8875,12.9515,12.9515,48276000,12.9515,-0.01642613749209804,-0.01642613749209804
2013-04-04 00:00:00+00:00,12.9615,13.0205,12.806,12.954,12.954,39288000,12.954,0.0001930092071384092,0.0001930092071384092
2013-04-05 00:00:00+00:00,12.786,12.809,12.6835,12.774,12.774,51148000,12.774,-0.013992765621328023,-0.013992765621328023
2013-04-08 00:00:00+00:00,12.796,12.984,12.7815,12.9475,12.9475,45912000,12.9475,0.013490864176512081,0.013490864176512081
2013-04-09 00:00:00+00:00,12.9425,13.1305,12.85,13.057,13.057,43132000,13.057,0.008421669109992182,0.008421669109992182
2013-04-10 00:00:00+00:00,13.089,13.299,12.966,13.2385,13.2385,46450000,13.2385,0.013804862613458554,0.013804862613458554
2013-04-11 00:00:00+00:00,13.237,13.5485,13.237,13.4925,13.4925,61810000,13.4925,0.019004724471300707,0.019004724471300707
2013-04-12 00:00:00+00:00,13.506,13.6635,13.351,13.6435,13.6435,57326000,13.6435,0.011129242229426515,0.011129242229426515
2013-04-15 00:00:00+00:00,13.554,13.756,13.355,13.386,13.386,66520000,13.386,-0.01905383306163691,-0.01905383306163691
2013-04-16 00:00:00+00:00,13.4655,13.64,13.403,13.617,13.617,42744000,13.617,0.01710962746398787,0.01710962746398787
2013-04-17 00:00:00+00:00,13.54,13.5425,13.2125,13.37,13.37,62702000,13.37,-0.018305621028586565,-0.018305621028586565
2013-04-18 00:00:00+00:00,13.3405,13.3495,12.83,12.971,12.971,62752000,12.971,-0.030297294755315687,-0.030297294755315687
2013-04-19 00:00:00+00:00,12.908,13.144,12.875,13.016,13.016,52050000,13.016,0.0034632735582006387,0.0034632735582006387
2013-04-22 00:00:00+00:00,12.9675,13.23,12.9015,13.1775,13.1775,42382000,13.1775,0.012331459830488167,0.012331459830488167
2013-04-23 00:00:00+00:00,13.225,13.4935,13.225,13.445,13.445,45412000,13.445,0.02009645997360311,0.02009645997360311
2013-04-24 00:00:00+00:00,13.475,13.5735,13.3405,13.439,13.439,37056000,13.439,-0.0004463621559008506,-0.0004463621559008506
2013-04-25 00:00:00+00:00,13.5765,13.79,13.525,13.735,13.735,122330000,13.735,0.02178639198230997,0.02178639198230997
2013-04-26 00:00:00+00:00,13.4985,13.601,12.6405,12.7405,12.7405,280600000,12.7405,-0.07516142370552431,-0.07516142370552431
2013-04-29 00:00:00+00:00,12.745,12.8505,12.4575,12.487,12.487,142340000,12.487,-0.02009779270870476,-0.02009779270870476
2013-04-30 00:00:00+00:00,12.4685,12.734,12.428,12.6905,12.6905,84976000,12.6905,0.016165578920316087,0.016165578920316087
2013-05-01 00:00:00+00:00,12.695,12.71,12.2875,12.4115,12.4115,87828000,12.4115,-0.02223021987511567,-0.02223021987511567
2013-05-02 00:00:00+00:00,12.447,12.6465,12.289,12.6275,12.6275,78724000,12.6275,0.01725351318186214,0.01725351318186214
2013-05-03 00:00:00+00:00,12.807,12.9625,12.735,12.9025,12.9025,70280000,12.9025,0.021544115680674696,0.021544115680674696
2013-05-06 00:00:00+00:00,12.9045,12.975,12.671,12.786,12.786,46956000,12.786,-0.009070268696210143,-0.009070268696210143
2013-05-07 00:00:00+00:00,12.8155,12.987,12.6455,12.8865,12.8865,62674000,12.8865,0.007829429419548839,0.007829429419548839
2013-05-08 00:00:00+00:00,12.8435,13.015,12.7665,12.934,12.934,53540000,12.934,0.003679251260317202,0.003679251260317202
2013-05-09 00:00:00+00:00,12.9365,13.1775,12.844,13.008,13.008,55386000,13.008,0.005705049781053827,0.005705049781053827
2013-05-10 00:00:00+00:00,13.044,13.1825,13.0105,13.1815,13.1815,62906000,13.1815,0.01324977859439017,0.01324977859439017
2013-05-13 00:00:00+00:00,13.1385,13.294,13.1,13.2255,13.2255,42990000,13.2255,0.0033324528132096577,0.0033324528132096577
2013-05-14 00:00:00+00:00,13.225,13.47,13.2015,13.4165,13.4165,54000000,13.4165,0.01433850854600156,0.01433850854600156
2013-05-15 00:00:00+00:00,13.3535,13.4525,13.228,13.328,13.328,54410000,13.328,-0.00661820733456922,-0.00661820733456922
2013-05-16 00:00:00+00:00,13.298,13.4215,13.1925,13.206,13.206,32870000,13.206,-0.009195813652107275,-0.009195813652107275
2013-05-17 00:00:00+00:00,13.2915,13.499,13.25,13.495,13.495,50546000,13.495,0.021647974697588352,0.021647974697588352
2013-05-20 00:00:00+00:00,13.45,13.5895,13.325,13.3815,13.3815,44180000,13.3815,-0.008446090430157045,-0.008446090430157045
2013-05-21 00:00:00+00:00,13.437,13.5385,13.383,13.443,13.443,34824000,13.443,0.004585368432304856,0.004585368432304856
2013-05-22 00:00:00+00:00,13.3695,13.3795,13.04,13.148,13.148,66640000,13.148,-0.022188868670142647,-0.022188868670142647
2013-05-23 00:00:00+00:00,13.0245,13.1585,12.9795,13.09,13.09,40006000,13.09,-0.004421075880164441,-0.004421075880164441
2013-05-24 00:00:00+00:00,12.9925,13.0965,12.917,13.087,13.087,33926000,13.087,-0.00022920884846503112,-0.00022920884846503112
2013-05-28 00:00:00+00:00,13.324,13.555,13.3,13.3645,13.3645,69420000,13.3645,0.020982566669202004,0.020982566669202004
2013-05-29 00:00:00+00:00,13.273,13.4125,13.242,13.2765,13.2765,38068000,13.2765,-0.006606382647641291,-0.006606382647641291
2013-05-30 00:00:00+00:00,13.2855,13.4285,13.2805,13.3415,13.3415,33350000,13.3415,0.004883922849356643,0.004883922849356643
2013-05-31 00:00:00+00:00,13.3,13.5955,13.297,13.46,13.46,67486000,13.46,0.008842846272320952,0.008842846272320952
2013-06-03 00:00:00+00:00,13.448,13.4555,13.1475,13.344,13.344,50878000,13.344,-0.008655478600190884,-0.008655478600190884
2013-06-04 00:00:00+00:00,13.35,13.444,13.151,13.285,13.285,41772000,13.285,-0.004431266404614116,-0.004431266404614116
2013-06-05 00:00:00+00:00,13.2905,13.583,13.251,13.3585,13.3585,70246000,13.3585,0.005517307144261022,0.005517307144261022
2013-06-06 00:00:00+00:00,13.3875,13.525,13.2105,13.3915,13.3915,49526000,13.3915,0.0024672909712667,0.0024672909712667
2013-06-07 00:00:00+00:00,13.487,14.005,13.4565,13.8435,13.8435,92652000,13.8435,0.033195631064299604,0.033195631064299604
2013-06-10 00:00:00+00:00,13.834,14.1235,13.762,14.0535,14.0535,61730000,14.0535,0.015055666685611434,0.015055666685611434
2013-06-11 00:00:00+00:00,13.8,13.9205,13.712,13.739,13.739,61956000,13.739,-0.022632971135404405,-0.022632971135404405
2013-06-12 00:00:00+00:00,13.83,13.84,13.5225,13.5835,13.5835,44778000,13.5835,-0.011382683059673968,-0.011382683059673968
2013-06-13 00:00:00+00:00,13.575,13.84,13.5145,13.7895,13.7895,52996000,13.7895,0.015051612107644646,0.015051612107644646
2013-06-14 00:00:00+00:00,13.75,13.8535,13.672,13.6995,13.6995,43016000,13.6995,-0.006548097172075712,-0.006548097172075712
2013-06-17 00:00:00+00:00,13.8175,14.01,13.7825,13.903,13.903,57680000,13.903,0.014745308369699997,0.014745308369699997
2013-06-18 00:00:00+00:00,13.954,14.1455,13.9055,14.088,14.088,42922000,14.088,0.013218727006498688,0.013218727006498688
2013-06-19 00:00:00+00:00,14.063,14.167,13.8935,13.908,13.908,56550000,13.908,-0.012859157048290003,-0.012859157048290003
2013-06-20 00:00:00+00:00,13.757,13.93,13.6195,13.672,13.672,59680000,13.672,-0.017114268332325124,-0.017114268332325124
2013-06-21 00:00:00+00:00,13.7285,13.792,13.4895,13.668,13.668,84020000,13.668,-0.00029261156024449925,-0.00029261156024449925
2013-06-24 00:00:00+00:00,13.5645,13.658,13.25,13.5305,13.5305,77276000,13.5305,-0.010110937838161083,-0.010110937838161083
2013-06-25 00:00:00+00:00,13.615,13.6735,13.45,13.6045,13.6045,48992000,13.6045,0.005454223950569879,0.005454223950569879
2013-06-26 00:00:00+00:00,13.699,13.899,13.675,13.8785,13.8785,60590000,13.8785,0.01994025970904645,0.01994025970904645
2013-06-27 00:00:00+00:00,13.959,14.01,13.727,13.8775,13.8775,50390000,13.8775,-7.205649232117285e-05,-7.205649232117285e-05
2013-06-28 00:00:00+00:00,13.8095,13.9915,13.8095,13.8845,13.8845,63866000,13.8845,0.0005042864453817047,0.0005042864453817047
2013-07-01 00:00:00+00:00,13.95,14.1645,13.858,14.105,14.105,57764000,14.105,0.01575623442639855,0.01575623442639855
2013-07-02 00:00:00+00:00,14.052,14.329,14.0295,14.1865,14.1865,64764000,14.1865,0.005761463722009087,0.005761463722009087
2013-07-03 00:00:00+00:00,14.1,14.27,14.1,14.2015,14.2015,27460000,14.2015,0.0010567846552057185,0.0010567846552057185
2013-07-05 00:00:00+00:00,14.25,14.319,14.1035,14.294,14.294,39708000,14.294,0.006492275966612529,0.006492275966612529
2013-07-08 00:00:00+00:00,14.321,14.5835,14.307,14.5295,14.5295,60934000,14.5295,0.016341196630028032,0.016341196630028032
2013-07-09 00:00:00+00:00,14.55,14.6285,14.4005,14.5765,14.5765,55512000,14.5765,0.0032295774652300376,0.0032295774652300376
2013-07-10 00:00:00+00:00,14.5705,14.667,14.47,14.6165,14.6165,36204000,14.6165,0.002740384683475987,0.002740384683475987
2013-07-11 00:00:00+00:00,14.7495,15.0345,14.605,14.983,14.983,80146000,14.983,0.0247651974844857,0.0247651974844857
2013-07-12 00:00:00+00:00,14.9345,15.3775,14.925,15.3775,15.3775,90786000,15.3775,0.025989177039378995,0.025989177039378995
2013-07-15 00:00:00+00:00,15.3635,15.3995,15.2175,15.3285,15.3285,44912000,15.3285,-0.003191561362149877,-0.003191561362149877
2013-07-16 00:00:00+00:00,15.365,15.4695,15.2755,15.3435,15.3435,53204000,15.3435,0.0009780908447982696,0.0009780908447982696
2013-07-17 00:00:00+00:00,15.3485,15.44,15.2845,15.4345,15.4345,40594000,15.4345,0.005913331936448837,0.005913331936448837
2013-07-18 00:00:00+00:00,15.3135,15.317,15.0935,15.2055,15.2055,61276000,15.2055,-0.014948059011056605,-0.014948059011056605
2013-07-19 00:00:00+00:00,15.2195,15.2895,15.0955,15.2615,15.2615,59462000,15.2615,0.003676112716342665,0.003676112716342665
2013-07-22 00:00:00+00:00,15.4625,15.4625,15.1,15.174,15.174,50414000,15.174,-0.0057498803088866755,-0.0057498803088866755
2013-07-23 00:00:00+00:00,15.158,15.253,15.028,15.053,15.053,39992000,15.053,-0.008006130037516074,-0.008006130037516074
2013-07-24 00:00:00+00:00,15.151,15.192,14.902,14.947,14.947,40010000,14.947,-0.007066696074689533,-0.007066696074689533
2013-07-25 00:00:00+00:00,14.95,15.225,14.8375,15.17,15.17,108116000,15.17,0.014809182556763353,0.014809182556763353
2013-07-26 00:00:00+00:00,14.9775,15.681,14.7775,15.6005,15.6005,176350000,15.6005,0.02798317166347044,0.02798317166347044
2013-07-29 00:00:00+00:00,15.5535,15.65,15.295,15.305,15.305,64236000,15.305,-0.01912339262653546,-0.01912339262653546
2013-07-30 00:00:00+00:00,15.386,15.489,15.0785,15.1205,15.1205,61068000,15.1205,-0.012128133409680232,-0.012128133409680232
2013-07-31 00:00:00+00:00,15.1955,15.2575,15.05,15.061,15.061,37826000,15.061,-0.003942817757983979,-0.003942817757983979
2013-08-01 00:00:00+00:00,15.154,15.3105,14.945,15.2785,15.2785,59434000,15.2785,0.014337990150647472,0.014337990150647472
2013-08-02 00:00:00+00:00,15.2315,15.2665,15.075,15.2105,15.2105,50052000,15.2105,-0.00446063253967031,-0.00446063253967031
2013-08-05 00:00:00+00:00,15.17,15.181,14.915,15.0495,15.0495,44664000,15.0495,-0.010641210789048726,-0.010641210789048726
2013-08-06 00:00:00+00:00,15.0255,15.068,14.876,15.0375,15.0375,36980000,15.0375,-0.0007976867508428828,-0.0007976867508428828
2013-08-07 00:00:00+00:00,15.0075,15.0495,14.8075,14.8455,14.8455,39220000,14.8455,-0.012850292278078834,-0.012850292278078834
2013-08-08 00:00:00+00:00,14.926,14.926,14.6275,14.787,14.787,46868000,14.787,-0.003948372631367894,-0.003948372631367894
2013-08-09 00:00:00+00:00,14.784,14.9635,14.715,14.863,14.863,39006000,14.863,0.005126486775407494,0.005126486775407494
2013-08-12 00:00:00+00:00,14.7895,14.954,14.763,14.8345,14.8345,30090000,14.8345,-0.0019193540701613334,-0.0019193540701613334
2013-08-13 00:00:00+00:00,14.794,14.8185,14.5335,14.6985,14.6985,46998000,14.6985,-0.00921010133475077,-0.00921010133475077
2013-08-14 00:00:00+00:00,14.7145,14.7145,14.527,14.567,14.567,28300000,14.567,-0.008986751295035074,-0.008986751295035074
2013-08-15 00:00:00+00:00,14.4395,14.465,14.2575,14.3235,14.3235,45228000,14.3235,-0.016857151390580936,-0.016857151390580936
2013-08-16 00:00:00+00:00,14.3275,14.4165,14.225,14.241,14.241,48450000,14.241,-0.005776416838939154,-0.005776416838939154
2013-08-19 00:00:00+00:00,14.2595,14.478,14.174,14.2785,14.2785,49548000,14.2785,0.0026297811400418478,0.0026297811400418478
2013-08-20 00:00:00+00:00,14.294,14.4755,14.287,14.3545,14.3545,31726000,14.3545,0.005308572519765219,0.005308572519765219
2013-08-21 00:00:00+00:00,14.2545,14.425,14.1915,14.2285,14.2285,36306000,14.2285,-0.008816486454780295,-0.008816486454780295
2013-08-22 00:00:00+00:00,14.24,14.4935,14.24,14.4865,14.4865,28452000,14.4865,0.017970185819645938,0.017970185819645938
2013-08-23 00:00:00+00:00,14.5605,14.575,14.395,14.5005,14.5005,39238000,14.5005,0.00096595032866945,0.00096595032866945
2013-08-26 00:00:00+00:00,14.5215,14.5525,14.281,14.3105,14.3105,34234000,14.3105,-0.013189598031703532,-0.013189598031703532
2013-08-27 00:00:00+00:00,14.1935,14.264,13.987,14.0465,14.0465,49520000,14.0465,-0.018620279132588912,-0.018620279132588912
2013-08-28 00:00:00+00:00,14.018,14.15,13.9665,14.079,14.079,29142000,14.079,0.0023110710540498835,0.0023110710540498835
2013-08-29 00:00:00+00:00,14.0725,14.299,14.0,14.199,14.199,31328000,14.199,0.008487214111830316,0.008487214111830316
2013-08-30 00:00:00+00:00,14.2295,14.2435,14.0,14.049,14.049,30694000,14.049,-0.010620320722706262,-0.010620320722706262
2013-09-03 00:00:00+00:00,14.2365,14.5695,14.2085,14.44,14.44,57952000,14.44,0.027450914595165684,0.027450914595165684
2013-09-04 00:00:00+00:00,14.4165,14.7615,14.379,14.682,14.682,48772000,14.682,0.016620120223909577,0.016620120223909577
2013-09-05 00:00:00+00:00,14.6815,14.85,14.6355,14.705,14.705,36332000,14.705,0.0015653183173686346,0.0015653183173686346
2013-09-06 00:00:00+00:00,14.7665,14.944,14.54,14.793,14.793,45840000,14.793,0.0059665239041403065,0.0059665239041403065
2013-09-09 00:00:00+00:00,14.861,14.998,14.83,14.9855,14.9855,32872000,14.9855,0.01292897100190522,0.01292897100190522
2013-09-10 00:00:00+00:00,15.0275,15.05,14.861,15.018,15.018,35568000,15.018,0.00216641476568831,0.00216641476568831
2013-09-11 00:00:00+00:00,14.9455,15.093,14.892,14.982,14.982,34852000,14.982,-0.0024000011520010547,-0.0024000011520010547
2013-09-12 00:00:00+00:00,14.9695,15.1,14.883,14.943,14.943,32124000,14.943,-0.0026065177664350817,-0.0026065177664350817
2013-09-13 00:00:00+00:00,15.007,15.011,14.81,14.896,14.896,27012000,14.896,-0.0031502422245446964,-0.0031502422245446964
2013-09-16 00:00:00+00:00,14.991,15.05,14.763,14.803,14.803,36168000,14.803,-0.006262857603356207,-0.006262857603356207
2013-09-17 00:00:00+00:00,14.8815,15.2325,14.8005,15.2085,15.2085,45930000,15.2085,0.027024619147251957,0.027024619147251957
2013-09-18 00:00:00+00:00,15.203,15.637,15.1455,15.6015,15.6015,58928000,15.6015,0.025512581400553326,0.025512581400553326
2013-09-19 00:00:00+00:00,15.6885,15.727,15.552,15.603,15.603,47018000,15.603,9.613997988469164e-05,9.613997988469164e-05
2013-09-20 00:00:00+00:00,15.627,16.0285,15.6205,15.817,15.817,106046000,15.817,0.013622107522306762,0.013622107522306762
2013-09-23 00:00:00+00:00,15.7005,15.795,15.4385,15.5745,15.5745,37698000,15.5745,-0.015450349551870463,-0.015450349551870463
2013-09-24 00:00:00+00:00,15.6215,15.904,15.564,15.7065,15.7065,40672000,15.7065,0.008439677984008034,0.008439677984008034
2013-09-25 00:00:00+00:00,15.7265,15.8355,15.5375,15.6325,15.6325,40172000,15.6325,-0.004722558954173503,-0.004722558954173503
2013-09-26 00:00:00+00:00,15.695,15.9685,15.663,15.906,15.906,39798000,15.906,0.017344316075627496,0.017344316075627496
2013-09-27 00:00:00+00:00,15.846,15.8605,15.6675,15.8005,15.8005,33150000,15.8005,-0.006654811433112638,-0.006654811433112638
2013-09-30 00:00:00+00:00,15.6705,15.7655,15.553,15.632,15.632,32472000,15.632,-0.010721489801404003,-0.010721489801404003
2013-10-01 00:00:00+00:00,15.711,16.049999,15.6825,16.047501,16.047501,47928000,16.047501,0.02623304121836979,0.02623304121836979
2013-10-02 00:00:00+00:00,15.902,16.0865,15.876,16.025499,16.025499,44348000,16.025499,-0.0013719953513128163,-0.0013719953513128163
2013-10-03 00:00:00+00:00,16.019501,16.146,15.651,15.738,15.738,53496000,15.738,-0.01810297105469222,-0.01810297105469222
2013-10-04 00:00:00+00:00,15.7565,15.96,15.631,15.952,15.952,36300000,15.952,0.013506043106690879,0.013506043106690879
2013-10-07 00:00:00+00:00,15.762,15.767,15.487,15.5015,15.5015,41664000,15.5015,-0.02864741978305338,-0.02864741978305338
2013-10-08 00:00:00+00:00,15.575,15.5775,15.0135,15.1615,15.1615,63324000,15.1615,-0.022177473525867727,-0.022177473525867727
2013-10-09 00:00:00+00:00,15.171,15.175,14.825,14.9115,14.9115,64948000,14.9115,-0.016626592572388948,-0.016626592572388948
2013-10-10 00:00:00+00:00,15.2315,15.335,15.1295,15.2585,15.2585,51102000,15.2585,0.02300399748753681,0.02300399748753681
2013-10-11 00:00:00+00:00,15.2385,15.5465,15.192,15.5445,15.5445,43262000,15.5445,0.018570153484535463,0.018570153484535463
2013-10-14 00:00:00+00:00,15.461,15.5825,15.35,15.535,15.535,38782000,15.535,-0.0006113354652339488,-0.0006113354652339488
2013-10-15 00:00:00+00:00,15.4935,15.5395,15.263,15.32,15.32,45222000,15.32,-0.013936378532565508,-0.013936378532565508
2013-10-16 00:00:00+00:00,15.419,15.54,15.2775,15.5245,15.5245,43414000,15.5245,0.01326025686930633,0.01326025686930633
2013-10-17 00:00:00+00:00,15.3535,15.55,15.262,15.5385,15.5385,52968000,15.5385,0.0009013940023777846,0.0009013940023777846
2013-10-18 00:00:00+00:00,15.968,16.5945,15.8375,16.446501,16.446501,119396000,16.446501,0.05679193423512583,0.05679193423512583
2013-10-21 00:00:00+00:00,16.494499,16.5,16.190001,16.322001,16.322001,50446000,16.322001,-0.007598797105204474,-0.007598797105204474
2013-10-22 00:00:00+00:00,16.386,16.855499,16.284,16.627001,16.627001,78710000,16.627001,0.01851398788733048,0.01851398788733048
2013-10-23 00:00:00+00:00,16.542,16.586,16.202999,16.337999,16.337999,56364000,16.337999,-0.01753431848870768,-0.01753431848870768
2013-10-24 00:00:00+00:00,16.481501,16.6325,16.3375,16.6105,16.6105,117694000,16.6105,0.016541403807446325,0.016541403807446325
2013-10-25 00:00:00+00:00,17.93,18.42,17.631001,18.1695,18.1695,240736000,18.1695,0.08970933862270958,0.08970933862270958
2013-10-28 00:00:00+00:00,17.996,18.137501,17.860001,17.908001,17.908001,72716000,17.908001,-0.014496767923147079,-0.014496767923147079
2013-10-29 00:00:00+00:00,17.948,18.144501,17.814501,18.135,18.135,43708000,18.135,0.012596176515183403,0.012596176515183403
2013-10-30 00:00:00+00:00,18.131001,18.25,17.932501,18.054001,18.054001,90044000,18.054001,-0.004476450469516774,-0.004476450469516774
2013-10-31 00:00:00+00:00,18.0865,18.299999,17.950001,18.2015,18.2015,49336000,18.2015,0.008136686003675836,0.008136686003675836
2013-11-01 00:00:00+00:00,18.2815,18.2885,17.805,17.950001,17.950001,66620000,17.950001,-0.013913837624432062,-0.013913837624432062
2013-11-04 00:00:00+00:00,18.006001,18.049999,17.719999,17.937,17.937,38768000,17.937,-0.000724552077715662,-0.000724552077715662
2013-11-05 00:00:00+00:00,17.839001,18.008499,17.742001,17.9445,17.9445,40142000,17.9445,0.00041804273005449774,0.00041804273005449774
2013-11-06 00:00:00+00:00,18.022499,18.143499,17.725,17.809,17.809,45646000,17.809,-0.00757971380306291,-0.00757971380306291
2013-11-07 00:00:00+00:00,17.792999,17.895,17.094,17.177999,17.177999,84926000,17.177999,-0.03607451036383202,-0.03607451036383202
2013-11-08 00:00:00+00:00,17.297501,17.5525,17.202,17.515499,17.515499,53138000,17.515499,0.01945670897941407,0.01945670897941407
2013-11-11 00:00:00+00:00,17.529499,17.768499,17.403,17.719,17.719,45234000,17.719,0.011551364066481584,0.011551364066481584
2013-11-12 00:00:00+00:00,17.6495,17.774,17.364,17.4765,17.4765,46862000,17.4765,-0.013780388829963823,-0.013780388829963823
2013-11-13 00:00:00+00:00,17.370001,17.811001,17.284,17.811001,17.811001,55466000,17.811001,0.0189591787557569,0.0189591787557569
2013-11-14 00:00:00+00:00,17.869499,18.447001,17.821501,18.370001,18.370001,83196000,18.370001,0.0309026535618887,0.0309026535618887
2013-11-15 00:00:00+00:00,18.3815,18.645,18.2775,18.4585,18.4585,89832000,18.4585,0.004806015338184072,0.004806015338184072
2013-11-18 00:00:00+00:00,18.514,18.6745,18.2335,18.309,18.309,54748000,18.309,-0.008132226771330586,-0.008132226771330586
2013-11-19 00:00:00+00:00,18.291,18.438999,18.125,18.247,18.247,38096000,18.247,-0.003392059276069509,-0.003392059276069509
2013-11-20 00:00:00+00:00,18.378,18.378,18.022499,18.1285,18.1285,35430000,18.1285,-0.006515397407454927,-0.006515397407454927
2013-11-21 00:00:00+00:00,18.202499,18.4625,18.165001,18.445999,18.445999,39292000,18.445999,0.017362205054287164,0.017362205054287164
2013-11-22 00:00:00+00:00,18.5,18.725,18.3155,18.615499,18.615499,59310000,18.615499,0.0091470227031403,0.0091470227031403
2013-11-25 00:00:00+00:00,18.691,18.8895,18.659,18.832001,18.832001,59446000,18.832001,0.011563090314653333,0.011563090314653333
2013-11-26 00:00:00+00:00,18.880501,19.125,18.740999,19.068501,19.068501,54488000,19.068501,0.012480207764796159,0.012480207764796159
2013-11-27 00:00:00+00:00,19.174999,19.35,19.130501,19.335501,19.335501,45394000,19.335501,0.013905024899089968,0.013905024899089968
2013-11-29 00:00:00+00:00,19.455,19.705,19.431,19.681,19.681,48120000,19.681,0.017710867058390246,0.017710867058390246
2013-12-02 00:00:00+00:00,19.950001,19.950001,19.455,19.615,19.615,94280000,19.615,-0.0033591236797845714,-0.0033591236797845714
2013-12-03 00:00:00+00:00,19.505501,19.547501,19.155001,19.233,19.233,74058000,19.233,-0.019667025988285795,-0.019667025988285795
2013-12-04 00:00:00+00:00,19.174999,19.484501,19.074499,19.298,19.298,47106000,19.298,0.0033739099249620935,0.0033739099249620935
2013-12-05 00:00:00+00:00,19.3325,19.3325,19.068501,19.224501,19.224501,38130000,19.224501,-0.003815904330077592,-0.003815904330077592
2013-12-06 00:00:00+00:00,19.4175,19.4175,19.1915,19.3475,19.3475,39694000,19.3475,0.00637765289436281,0.00637765289436281
2013-12-09 00:00:00+00:00,19.4055,19.4105,19.1285,19.244499,19.244499,55236000,19.244499,-0.00533795850140067,-0.00533795850140067
2013-12-10 00:00:00+00:00,19.187,19.452999,19.150999,19.389,19.389,54736000,19.389,0.00748064128779163,0.00748064128779163
2013-12-11 00:00:00+00:00,19.367001,19.448999,19.1,19.109501,19.109501,49026000,19.109501,-0.014520249020864951,-0.014520249020864951
2013-12-12 00:00:00+00:00,19.063,19.25,18.975,19.0625,19.0625,42474000,19.0625,-0.0024625915603727366,-0.0024625915603727366
2013-12-13 00:00:00+00:00,19.266001,19.471001,19.190001,19.212,19.212,60500000,19.212,0.007812029434947608,0.007812029434947608
2013-12-16 00:00:00+00:00,19.251499,19.584999,19.25,19.4485,19.4485,45034000,19.4485,0.012234862465291575,0.012234862465291575
2013-12-17 00:00:00+00:00,19.532499,19.568001,19.325001,19.3825,19.3825,46878000,19.3825,-0.00339934915689253,-0.00339934915689253
2013-12-18 00:00:00+00:00,19.4615,19.815001,19.155001,19.798,19.798,69782000,19.798,0.021210325386638473,0.021210325386638473
2013-12-19 00:00:00+00:00,19.713499,19.8645,19.629999,19.759501,19.759501,48544000,19.759501,-0.001946483533194336,-0.001946483533194336
2013-12-20 00:00:00+00:00,19.827499,20.236,19.789,20.110001,20.110001,100678000,20.110001,0.017582814546642487,0.017582814546642487
2013-12-23 00:00:00+00:00,20.1845,20.25,19.959999,20.146,20.146,53190000,20.146,0.0017885040094257484,0.0017885040094257484
2013-12-24 00:00:00+00:00,20.125999,20.186001,19.818501,19.959999,19.959999,27608000,19.959999,-0.009275536737373193,-0.009275536737373193
2013-12-26 00:00:00+00:00,20.0895,20.226,19.8405,20.2195,20.2195,37370000,20.2195,0.01291726451138019,0.01291726451138019
2013-12-27 00:00:00+00:00,20.2325,20.2815,19.8125,19.903999,19.903999,39738000,19.903999,-0.015726818978886455,-0.015726818978886455
2013-12-30 00:00:00+00:00,19.970501,19.996,19.622499,19.668501,19.668501,49742000,19.668501,-0.011902244241046338,-0.011902244241046338
2013-12-31 00:00:00+00:00,19.729,19.9415,19.690001,19.939501,19.939501,39930000,19.939501,0.01368431707077054,0.01368431707077054
2014-01-02 00:00:00+00:00,19.940001,19.968,19.701,19.8985,19.8985,42756000,19.8985,-0.0020583871402897144,-0.0020583871402897144
2014-01-03 00:00:00+00:00,19.914499,20.1355,19.811001,19.822001,19.822001,44204000,19.822001,-0.003851869571532932,-0.003851869571532932
2014-01-06 00:00:00+00:00,19.7925,19.85,19.421,19.681499,19.681499,63412000,19.681499,-0.007113425010905339,-0.007113425010905339
2014-01-07 00:00:00+00:00,19.752001,19.9235,19.7145,19.901501,19.901501,38320000,19.901501,0.011116098599035522,0.011116098599035522
2014-01-08 00:00:00+00:00,19.9235,20.15,19.802,20.096001,20.096001,46330000,20.096001,0.009725684025291718,0.009725684025291718
2014-01-09 00:00:00+00:00,20.185499,20.3445,19.922001,20.050501,20.050501,42060000,20.050501,-0.0022666990753663296,-0.0022666990753663296
2014-01-10 00:00:00+00:00,20.126499,20.188,19.690001,19.882999,19.882999,53590000,19.882999,-0.008389095989845373,-0.008389095989845373
2014-01-13 00:00:00+00:00,19.899,19.989,19.422501,19.549,19.549,56898000,19.549,-0.016940910753739304,-0.016940910753739304
2014-01-14 00:00:00+00:00,19.606501,19.931499,19.564501,19.877001,19.877001,46802000,19.877001,0.016639200489881215,0.016639200489881215
2014-01-15 00:00:00+00:00,19.947001,19.9655,19.626499,19.793501,19.793501,53566000,19.793501,-0.0042096832206257526,-0.0042096832206257526
2014-01-16 00:00:00+00:00,19.684,19.9645,19.470501,19.790001,19.790001,52024000,19.790001,-0.0001768413521936674,-0.0001768413521936674
2014-01-17 00:00:00+00:00,19.712999,20.1745,19.683001,19.980499,19.980499,90102000,19.980499,0.009579937738468795,0.009579937738468795
2014-01-21 00:00:00+00:00,20.15,20.389999,20.08,20.352501,20.352501,62442000,20.352501,0.018447055716494788,0.018447055716494788
2014-01-22 00:00:00+00:00,20.4,20.403,20.1,20.226999,20.226999,41210000,20.226999,-0.0061855074679191815,-0.0061855074679191815
2014-01-23 00:00:00+00:00,20.049999,20.3085,19.8895,19.9935,19.9935,60508000,19.9935,-0.011611075402042837,-0.011611075402042837
2014-01-24 00:00:00+00:00,19.908001,20.01,19.363501,19.379999,19.379999,89168000,19.379999,-0.031165665867013848,-0.031165665867013848
2014-01-27 00:00:00+00:00,19.525,19.705,19.0245,19.313999,19.313999,78736000,19.313999,-0.003411385094220895,-0.003411385094220895
2014-01-28 00:00:00+00:00,19.370001,19.737,19.356001,19.7215,19.7215,57890000,19.7215,0.02087924142161207,0.02087924142161207
2014-01-29 00:00:00+00:00,19.608,19.6425,19.162001,19.209999,19.209999,67646000,19.209999,-0.026278486466179706,-0.026278486466179706
2014-01-30 00:00:00+00:00,19.688499,20.3125,19.385,20.150499,20.150499,209478000,20.150499,0.04779812762980949,0.04779812762980949
2014-01-31 00:00:00+00:00,18.587999,18.772499,17.888,17.9345,17.9345,323096000,17.9345,-0.11650282020837613,-0.11650282020837613
2014-02-03 00:00:00+00:00,17.948999,18.0425,17.004999,17.307501,17.307501,205616000,17.307501,-0.03558624079721506,-0.03558624079721506
2014-02-04 00:00:00+00:00,17.4795,17.700001,17.201,17.397499,17.397499,96258000,17.397499,0.005186468908882087,0.005186468908882087
2014-02-05 00:00:00+00:00,17.299999,17.4685,16.886499,17.3225,17.3225,88708000,17.3225,-0.004320225737944151,-0.004320225737944151
2014-02-06 00:00:00+00:00,17.370001,17.740999,17.370001,17.7295,17.7295,66714000,17.7295,0.023223684379445313,0.023223684379445313
2014-02-07 00:00:00+00:00,17.948999,18.09,17.6245,18.054001,18.054001,86610000,18.054001,0.01813740336650418,0.01813740336650418
2014-02-10 00:00:00+00:00,18.0805,18.25,17.967501,18.043501,18.043501,68994000,18.043501,-0.0005817577236307386,-0.0005817577236307386
2014-02-11 00:00:00+00:00,18.091999,18.1805,17.8125,18.0895,18.0895,64442000,18.0895,0.002546094903626965,0.002546094903626965
2014-02-12 00:00:00+00:00,17.821501,17.887501,17.316,17.4625,17.4625,131754000,17.4625,-0.035275934862265115,-0.035275934862265115
2014-02-13 00:00:00+00:00,17.385,17.860001,17.325001,17.860001,17.860001,83500000,17.860001,0.02250790685631282,0.02250790685631282
2014-02-14 00:00:00+00:00,17.966999,17.966999,17.6675,17.8675,17.8675,70404000,17.8675,0.0004197886726038823,0.0004197886726038823
2014-02-18 00:00:00+00:00,17.764,17.786501,17.4725,17.682501,17.682501,99960000,17.682501,-0.010407913630901352,-0.010407913630901352
2014-02-19 00:00:00+00:00,17.632,17.726999,17.305,17.368999,17.368999,83362000,17.368999,-0.017888555983060096,-0.017888555983060096
2014-02-20 00:00:00+00:00,17.440001,17.523001,17.219,17.49,17.49,69856000,17.49,0.006942338532475254,0.006942338532475254
2014-02-21 00:00:00+00:00,17.622,17.707001,17.3375,17.337999,17.337999,84200000,17.337999,-0.00872872226084294,-0.00872872226084294
2014-02-24 00:00:00+00:00,17.259501,17.65,17.164499,17.589001,17.589001,72894000,17.589001,0.014373196734233859,0.014373196734233859
2014-02-25 00:00:00+00:00,17.65,18.054001,17.579,17.916,17.916,74728000,17.916,0.018420404841152253,0.018420404841152253
2014-02-26 00:00:00+00:00,17.993,18.237499,17.8585,17.99,17.99,72442000,17.99,0.004121879617387936,0.004121879617387936
2014-02-27 00:00:00+00:00,17.861,18.029499,17.775,18.0065,18.0065,62098000,18.0065,0.0009167558599089757,0.0009167558599089757
2014-02-28 00:00:00+00:00,18.030001,18.293501,17.854,18.105,18.105,77640000,18.105,0.005455339395253834,0.005455339395253834
2014-03-03 00:00:00+00:00,17.937,18.048,17.724001,17.989,17.989,55966000,17.989,-0.006427683237055375,-0.006427683237055375
2014-03-04 00:00:00+00:00,18.195,18.284,18.122999,18.195,18.195,54088000,18.195,0.01138637108357407,0.01138637108357407
2014-03-05 00:00:00+00:00,18.206499,18.636499,18.195,18.6185,18.6185,76966000,18.6185,0.02300887900057936,0.02300887900057936
2014-03-06 00:00:00+00:00,18.702499,18.7665,18.445,18.608,18.608,58532000,18.608,-0.0005641142883938238,-0.0005641142883938238
2014-03-07 00:00:00+00:00,18.729,18.7495,18.4765,18.603001,18.603001,45596000,18.603001,-0.00026868398568886097,-0.00026868398568886097
2014-03-10 00:00:00+00:00,18.634501,18.636499,18.35,18.526501,18.526501,42116000,18.526501,-0.004120718249843539,-0.004120718249843539
2014-03-11 00:00:00+00:00,18.5495,18.639999,18.364,18.441,18.441,44922000,18.441,-0.004625746947794191,-0.004625746947794191
2014-03-12 00:00:00+00:00,18.32,18.558001,18.1805,18.532,18.532,44332000,18.532,0.004922520961419968,0.004922520961419968
2014-03-13 00:00:00+00:00,18.830999,19.1555,18.403999,18.5755,18.5755,136580000,18.5755,0.0023445405875445577,0.0023445405875445577
2014-03-14 00:00:00+00:00,18.639999,18.928499,18.577499,18.687,18.687,88044000,18.687,0.005984586798171722,0.005984586798171722
2014-03-17 00:00:00+00:00,18.785999,18.942499,18.743999,18.752001,18.752001,46060000,18.752001,0.003472371782127448,0.003472371782127448
2014-03-18 00:00:00+00:00,18.865999,18.950001,18.75,18.938499,18.938499,49670000,18.938499,0.009896367631226746,0.009896367631226746
2014-03-19 00:00:00+00:00,18.938499,18.950001,18.471001,18.661501,18.661501,52934000,18.661501,-0.014734202726695116,-0.014734202726695116
2014-03-20 00:00:00+00:00,18.532,18.65,18.311001,18.4485,18.4485,51170000,18.4485,-0.011479565258339673,-0.011479565258339673
2014-03-21 00:00:00+00:00,18.549999,18.642,17.92,18.031,18.031,108282000,18.031,-0.022890567574206537,-0.022890567574206537
2014-03-24 00:00:00+00:00,18.004499,18.075001,17.43,17.592501,17.592501,97470000,17.592501,-0.024619767093261493,-0.024619767093261493
2014-03-25 00:00:00+00:00,17.7015,17.9485,17.441999,17.7355,17.7355,88914000,17.7355,0.008095548966223571,0.008095548966223571
2014-03-26 00:00:00+00:00,17.856501,17.879999,17.17,17.1705,17.1705,82414000,17.1705,-0.032375485622689694,-0.032375485622689694
2014-03-27 00:00:00+00:00,17.157499,17.200001,16.544001,16.9235,16.9235,115328000,16.9235,-0.014489606466173671,-0.014489606466173671
2014-03-28 00:00:00+00:00,17.002501,17.35,16.804001,16.914499,16.914499,79736000,16.914499,-0.0005320054659435882,-0.0005320054659435882
2014-03-31 00:00:00+00:00,17.120001,17.314501,16.702999,16.818501,16.818501,85950000,16.818501,-0.005691652634140849,-0.005691652634140849
2014-04-01 00:00:00+00:00,16.904499,17.2215,16.9,17.1495,17.1495,72002000,17.1495,0.019489488189751596,0.019489488189751596
2014-04-02 00:00:00+00:00,17.2995,17.415001,17.018999,17.098,17.098,89510000,17.098,-0.0030075210639553284,-0.0030075210639553284
2014-04-03 00:00:00+00:00,17.091,17.125,16.423,16.681,16.681,127986000,16.681,-0.024691150432123506,-0.024691150432123506
2014-04-04 00:00:00+00:00,16.7575,16.771999,15.7805,16.15,16.15,250692000,16.15,-0.03235029750325297,-0.03235029750325297
2014-04-07 00:00:00+00:00,16.0495,16.247,15.6565,15.888,15.888,141548000,15.888,-0.01635594236584868,-0.01635594236584868
2014-04-08 00:00:00+00:00,16.094,16.4,15.922,16.3535,16.3535,131552000,16.3535,0.02887783440960255,0.02887783440960255
2014-04-09 00:00:00+00:00,16.4235,16.608999,16.125,16.5905,16.5905,101132000,16.5905,0.014388300673507626,0.014388300673507626
2014-04-10 00:00:00+00:00,16.530001,16.549999,15.825,15.8555,15.8555,122534000,15.8555,-0.04531379909973391,-0.04531379909973391
2014-04-11 00:00:00+00:00,15.7,15.825,15.475,15.5865,15.5865,145750000,15.5865,-0.017111288307519127,-0.017111288307519127
2014-04-14 00:00:00+00:00,15.8835,16.024,15.564,15.7955,15.7955,85870000,15.7955,0.013319934361558273,0.013319934361558273
2014-04-15 00:00:00+00:00,15.835,15.914,15.275,15.804,15.804,107972000,15.804,0.0005379832089120696,0.0005379832089120696
2014-04-16 00:00:00+00:00,16.0585,16.200001,15.7355,16.184,16.184,85698000,16.184,0.023760027316300007,0.023760027316300007
2014-04-17 00:00:00+00:00,15.988,16.433001,15.988,16.245501,16.245501,85984000,16.245501,0.003792909038609318,0.003792909038609318
2014-04-21 00:00:00+00:00,16.1985,16.557501,16.115499,16.543501,16.543501,59988000,16.543501,0.018177326974819663,0.018177326974819663
2014-04-22 00:00:00+00:00,16.6,16.875,16.447001,16.466,16.466,74232000,16.466,-0.004695687002639145,-0.004695687002639145
2014-04-23 00:00:00+00:00,16.653,16.6565,16.1695,16.229,16.229,72092000,16.229,-0.01449788354248949,-0.01449788354248949
2014-04-24 00:00:00+00:00,16.4835,16.870001,16.147499,16.8575,16.8575,185874000,16.8575,0.03799589629285531,0.03799589629285531
2014-04-25 00:00:00+00:00,15.8125,15.8245,15.1355,15.1915,15.1915,323604000,15.1915,-0.10405960071720739,-0.10405960071720739
2014-04-28 00:00:00+00:00,15.2,15.2195,14.4,14.829,14.829,289596000,14.829,-0.024151337916460597,-0.024151337916460597
2014-04-29 00:00:00+00:00,14.822,15.092,14.5225,15.019,15.019,130186000,15.019,0.012731343230511708,0.012731343230511708
2014-04-30 00:00:00+00:00,14.905,15.228,14.905,15.2065,15.2065,81772000,15.2065,0.01240690179940911,0.01240690179940911
2014-05-01 00:00:00+00:00,15.2065,15.524,15.2,15.3945,15.3945,86572000,15.3945,0.012287334748888806,0.012287334748888806
2014-05-02 00:00:00+00:00,15.521,15.6645,15.2155,15.4005,15.4005,79902000,15.4005,0.0003896736532502046,0.0003896736532502046
2014-05-05 00:00:00+00:00,15.3185,15.5115,15.25,15.5025,15.5025,50398000,15.5025,0.006601324816903975,0.006601324816903975
2014-05-06 00:00:00+00:00,15.4765,15.4905,14.852,14.869,14.869,93646000,14.869,-0.04172279252680979,-0.04172279252680979
2014-05-07 00:00:00+00:00,14.778,14.82,14.334,14.6355,14.6355,140304000,14.6355,-0.015828424481108758,-0.015828424481108758
2014-05-08 00:00:00+00:00,14.541,14.794,14.3615,14.416,14.416,76964000,14.416,-0.015111383367995319,-0.015111383367995319
2014-05-09 00:00:00+00:00,14.5285,14.684,14.219,14.612,14.612,81260000,14.612,0.013504408067053903,0.013504408067053903
2014-05-12 00:00:00+00:00,14.715,15.167,14.708,15.143,15.143,74592000,15.143,0.035695270041482464,0.035695270041482464
2014-05-13 00:00:00+00:00,15.13,15.28,15.0375,15.232,15.232,70198000,15.232,0.005860099074491038,0.005860099074491038
2014-05-14 00:00:00+00:00,15.125,15.232,14.833,14.881,14.881,66466000,14.881,-0.02331324660109624,-0.02331324660109624
2014-05-15 00:00:00+00:00,14.901,14.96,14.519,14.7595,14.7595,85902000,14.7595,-0.008198288188122422,-0.008198288188122422
2014-05-16 00:00:00+00:00,14.64,14.944,14.5775,14.885,14.885,72736000,14.885,0.008467051207948936,0.008467051207948936
2014-05-19 00:00:00+00:00,14.788,14.95,14.6905,14.838,14.838,45684000,14.838,-0.003162536700405648,-0.003162536700405648
2014-05-20 00:00:00+00:00,14.855,15.223,14.8375,15.0595,15.0595,81914000,15.0595,0.014817563522055037,0.014817563522055037
2014-05-21 00:00:00+00:00,15.1105,15.298,15.076,15.2505,15.2505,68176000,15.2505,0.012603268111799189,0.012603268111799189
2014-05-22 00:00:00+00:00,15.2525,15.427,15.1505,15.2455,15.2455,51536000,15.2455,-0.00032791186023105985,-0.00032791186023105985
2014-05-23 00:00:00+00:00,15.273,15.6175,15.245,15.612,15.612,61058000,15.612,0.023755471777411104,0.023755471777411104
2014-05-27 00:00:00+00:00,15.7205,15.7315,15.369,15.541,15.541,97242000,15.541,-0.004558156384893595,-0.004558156384893595
2014-05-28 00:00:00+00:00,15.475,15.691,15.371,15.508,15.508,54520000,15.508,-0.0021256731247922514,-0.0021256731247922514
2014-05-29 00:00:00+00:00,15.521,15.7435,15.51,15.689,15.689,47310000,15.689,0.011603810042135777,0.011603810042135777
2014-05-30 00:00:00+00:00,15.7215,15.7325,15.3785,15.6275,15.6275,85204000,15.6275,-0.003927647026988154,-0.003927647026988154
2014-06-02 00:00:00+00:00,15.6295,15.63,15.35,15.442,15.442,44068000,15.442,-0.011941112937206266,-0.011941112937206266
2014-06-03 00:00:00+00:00,15.2875,15.396,15.2535,15.3595,15.3595,47584000,15.3595,-0.005356894780261782,-0.005356894780261782
2014-06-04 00:00:00+00:00,15.3425,15.475,15.192,15.339,15.339,42142000,15.339,-0.0013355703403903178,-0.0013355703403903178
2014-06-05 00:00:00+00:00,15.405,16.396999,15.345,16.178499,16.178499,155934000,16.178499,0.05328453371064508,0.05328453371064508
2014-06-06 00:00:00+00:00,16.25,16.544001,16.2465,16.4835,16.4835,104880000,16.4835,0.018676742096334367,0.018676742096334367
2014-06-09 00:00:00+00:00,16.578501,16.65,16.282499,16.375,16.375,64244000,16.375,-0.006604099051635779,-0.006604099051635779
2014-06-10 00:00:00+00:00,16.3825,16.775,16.375,16.620501,16.620501,73268000,16.620501,0.014881151855985304,0.014881151855985304
2014-06-11 00:00:00+00:00,16.799999,17.035999,16.694,16.76,16.76,88736000,16.76,0.008358161676636187,0.008358161676636187
2014-06-12 00:00:00+00:00,16.7775,16.7775,16.233,16.2955,16.2955,85526000,16.2955,-0.028106098976189223,-0.028106098976189223
2014-06-13 00:00:00+00:00,16.352501,16.465,16.1765,16.313499,16.313499,55296000,16.313499,0.0011039285092980195,0.0011039285092980195
2014-06-16 00:00:00+00:00,16.243,16.4345,16.176001,16.381001,16.381001,48996000,16.381001,0.004129263081780774,0.004129263081780774
2014-06-17 00:00:00+00:00,16.377001,16.566999,16.261499,16.281,16.281,58482000,16.281,-0.006123403919449302,-0.006123403919449302
2014-06-18 00:00:00+00:00,16.4,16.7875,16.25,16.719,16.719,128030000,16.719,0.026547013506131627,0.026547013506131627
2014-06-19 00:00:00+00:00,16.763,16.945,16.299,16.35,16.35,106412000,16.35,-0.022317899912246635,-0.022317899912246635
2014-06-20 00:00:00+00:00,16.388,16.410999,16.021,16.209999,16.209999,121080000,16.209999,-0.008599623285994264,-0.008599623285994264
2014-06-23 00:00:00+00:00,16.1665,16.377501,16.070499,16.362,16.362,52096000,16.362,0.009333299034238091,0.009333299034238091
2014-06-24 00:00:00+00:00,16.377001,16.4865,16.136999,16.208,16.208,52532000,16.208,-0.009456625585178952,-0.009456625585178952
2014-06-25 00:00:00+00:00,16.216499,16.407499,16.087,16.372,16.372,46556000,16.372,0.010067611123829145,0.010067611123829145
2014-06-26 00:00:00+00:00,16.4245,16.432501,16.106501,16.2845,16.2845,53990000,16.2845,-0.005358823474322716,-0.005358823474322716
2014-06-27 00:00:00+00:00,16.294001,16.326,16.1635,16.2285,16.2285,48324000,16.2285,-0.0034447793422330737,-0.0034447793422330737
2014-06-30 00:00:00+00:00,16.249001,16.349001,16.112,16.239,16.239,53426000,16.239,0.000646800669349907,0.000646800669349907
2014-07-01 00:00:00+00:00,16.292999,16.66,16.254999,16.619499,16.619499,63472000,16.619499,0.023160888085667897,0.023160888085667897
2014-07-02 00:00:00+00:00,16.66,16.837999,16.583,16.6425,16.6425,53626000,16.6425,0.0013830199241032205,0.0013830199241032205
2014-07-03 00:00:00+00:00,16.741501,16.915001,16.653999,16.8745,16.8745,38886000,16.8745,0.013843942197276367,0.013843942197276367
2014-07-07 00:00:00+00:00,16.875,16.877501,16.625999,16.6775,16.6775,42578000,16.6775,-0.011743101088464498,-0.011743101088464498
2014-07-08 00:00:00+00:00,16.655001,16.687,16.07,16.1905,16.1905,85432000,16.1905,-0.029635855127595277,-0.029635855127595277
2014-07-09 00:00:00+00:00,16.2355,16.51,16.157499,16.498501,16.498501,63322000,16.498501,0.018844877820774833,0.018844877820774833
2014-07-10 00:00:00+00:00,16.216999,16.499001,16.1325,16.396,16.396,53300000,16.396,-0.006232125652621738,-0.006232125652621738
2014-07-11 00:00:00+00:00,16.7355,17.35,16.7355,17.309999,17.309999,166016000,17.309999,0.054246908775950085,0.054246908775950085
2014-07-14 00:00:00+00:00,17.3515,17.7885,17.268,17.766001,17.766001,112198000,17.766001,0.026002263216756697,0.026002263216756697
2014-07-15 00:00:00+00:00,17.686001,17.779499,17.469999,17.722,17.722,83418000,17.722,-0.002479769009687245,-0.002479769009687245
2014-07-16 00:00:00+00:00,17.781,17.966,17.65,17.795,17.795,70072000,17.795,0.004110713337045319,0.004110713337045319
2014-07-17 00:00:00+00:00,17.672001,17.848,17.569,17.622499,17.622499,72720000,17.622499,-0.009741081041901705,-0.009741081041901705
2014-07-18 00:00:00+00:00,17.719999,17.983999,17.604,17.933001,17.933001,68148000,17.933001,0.017466208809149595,0.017466208809149595
2014-07-21 00:00:00+00:00,17.905001,18.085501,17.836,17.988001,17.988001,45568000,17.988001,0.003062277771672766,0.003062277771672766
2014-07-22 00:00:00+00:00,17.762501,18.1465,17.762501,18.042,18.042,57778000,18.042,0.0029974487333704622,0.0029974487333704622
2014-07-23 00:00:00+00:00,17.952499,18.0315,17.830999,17.907,17.907,53746000,17.907,-0.007510675379824643,-0.007510675379824643
2014-07-24 00:00:00+00:00,17.999001,18.2425,17.926001,17.9305,17.9305,141774000,17.9305,0.0013114755978106555,0.0013114755978106555
2014-07-25 00:00:00+00:00,15.865,16.2435,15.738,16.2005,16.2005,356930000,16.2005,-0.10146106749285336,-0.10146106749285336
2014-07-28 00:00:00+00:00,16.2125,16.240999,15.825,16.0205,16.0205,118640000,16.0205,-0.011172953820152286,-0.011172953820152286
2014-07-29 00:00:00+00:00,16.099001,16.145,15.975,16.0,16.0,57676000,16.0,-0.0012804298996463102,-0.0012804298996463102
2014-07-30 00:00:00+00:00,16.0725,16.136499,15.925,16.1255,16.1255,79380000,16.1255,0.007813147713262459,0.007813147713262459
2014-07-31 00:00:00+00:00,16.0005,16.034,15.593,15.6495,15.6495,103840000,15.6495,-0.02996290235904708,-0.02996290235904708
2014-08-01 00:00:00+00:00,15.6845,15.7915,15.2295,15.353,15.353,148830000,15.353,-0.019128072917234677,-0.019128072917234677
2014-08-04 00:00:00+00:00,15.442,15.809,15.425,15.6825,15.6825,84018000,15.6825,0.02123454631199928,0.02123454631199928
2014-08-05 00:00:00+00:00,15.665,15.7275,15.503,15.616,15.616,57042000,15.616,-0.004249411318024563,-0.004249411318024563
2014-08-06 00:00:00+00:00,15.5415,15.789,15.51,15.6945,15.6945,45938000,15.6945,0.005014302836338033,0.005014302836338033
2014-08-07 00:00:00+00:00,15.7605,15.794,15.4825,15.5725,15.5725,58712000,15.5725,-0.00780379436091112,-0.00780379436091112
2014-08-08 00:00:00+00:00,15.597,15.866,15.533,15.84,15.84,54118000,15.84,0.017031848240116245,0.017031848240116245
2014-08-11 00:00:00+00:00,15.924,16.018999,15.844,15.9165,15.9165,49372000,15.9165,0.004817920613337892,0.004817920613337892
2014-08-12 00:00:00+00:00,15.9445,16.0655,15.8475,15.966,15.966,38316000,15.966,0.003105154223989574,0.003105154223989574
2014-08-13 00:00:00+00:00,16.379999,16.586,16.306999,16.313999,16.313999,98782000,16.313999,0.021562112357734156,0.021562112357734156
2014-08-14 00:00:00+00:00,16.389999,16.7045,16.335501,16.6605,16.6605,68408000,16.6605,0.02101707471180596,0.02101707471180596
2014-08-15 00:00:00+00:00,16.700001,16.75,16.416,16.681499,16.681499,77934000,16.681499,0.0012596127050726628,0.0012596127050726628
2014-08-18 00:00:00+00:00,16.774,16.889999,16.688499,16.7265,16.7265,49708000,16.7265,0.0026940270931693072,0.0026940270931693072
2014-08-19 00:00:00+00:00,16.7435,16.790501,16.650499,16.7565,16.7565,34276000,16.7565,0.0017919546054863328,0.0017919546054863328
2014-08-20 00:00:00+00:00,16.733999,16.858,16.701,16.789,16.789,36210000,16.789,0.0019376673573855713,0.0019376673573855713
2014-08-21 00:00:00+00:00,16.823999,16.829,16.6115,16.6455,16.6455,39422000,16.6455,-0.008584000427670274,-0.008584000427670274
2014-08-22 00:00:00+00:00,16.6495,16.704,16.540001,16.5795,16.5795,44224000,16.5795,-0.003972917189608263,-0.003972917189608263
2014-08-25 00:00:00+00:00,16.6605,16.838499,16.6355,16.701,16.701,39154000,16.701,0.007301605432497797,0.007301605432497797
2014-08-26 00:00:00+00:00,16.85,17.218,16.727501,17.091499,17.091499,73094000,17.091499,0.02311260752388296,0.02311260752388296
2014-08-27 00:00:00+00:00,17.1045,17.3335,17.066999,17.159,17.159,59232000,17.159,0.003941611910120548,0.003941611910120548
2014-08-28 00:00:00+00:00,17.0,17.0895,16.940001,17.000999,17.000999,45054000,17.000999,-0.009250710267963164,-0.009250710267963164
2014-08-29 00:00:00+00:00,17.087999,17.091,16.884001,16.952,16.952,38790000,16.952,-0.0028862860695227166,-0.0028862860695227166
2014-09-02 00:00:00+00:00,16.999001,17.125,16.858,17.118999,17.118999,46520000,17.118999,0.009803078412014525,0.009803078412014525
2014-09-03 00:00:00+00:00,17.127001,17.1635,16.877501,16.950001,16.950001,39874000,16.950001,-0.0099210065545048,-0.0099210065545048
2014-09-04 00:00:00+00:00,17.1845,17.469,17.179001,17.297501,17.297501,79312000,17.297501,0.02029414737914232,0.02029414737914232
2014-09-05 00:00:00+00:00,17.315001,17.341499,17.125,17.319,17.319,42140000,17.319,0.001242124544256295,0.001242124544256295
2014-09-08 00:00:00+00:00,17.226999,17.290501,16.952,17.117001,17.117001,59106000,17.117001,-0.011731984611928394,-0.011731984611928394
2014-09-09 00:00:00+00:00,17.0805,17.087999,16.459,16.487499,16.487499,92936000,16.487499,-0.0374697227435558,-0.0374697227435558
2014-09-10 00:00:00+00:00,16.715,16.749001,16.441,16.5665,16.5665,75948000,16.5665,0.004780126630272604,0.004780126630272604
2014-09-11 00:00:00+00:00,16.497,16.650499,16.3195,16.525999,16.525999,54404000,16.525999,-0.002447746253414319,-0.002447746253414319
2014-09-12 00:00:00+00:00,16.478001,16.644501,16.439501,16.5595,16.5595,68586000,16.5595,0.00202511749629334,0.00202511749629334
2014-09-15 00:00:00+00:00,16.5455,16.5665,15.95,16.1945,16.1945,80008000,16.1945,-0.022288276844343088,-0.022288276844343088
2014-09-16 00:00:00+00:00,16.053499,16.474001,16.004999,16.388,16.388,65198000,16.388,0.011877681264394013,0.011877681264394013
2014-09-17 00:00:00+00:00,16.388,16.4,16.076,16.200001,16.200001,82720000,16.200001,-0.011538055717893157,-0.011538055717893157
2014-09-18 00:00:00+00:00,16.271999,16.355,16.185499,16.25,16.25,51538000,16.25,0.0030816048090148264,0.0030816048090148264
2014-09-19 00:00:00+00:00,16.379999,16.638,16.2785,16.566,16.566,137724000,16.566,0.01925949340032593,0.01925949340032593
2014-09-22 00:00:00+00:00,16.4245,16.474501,16.052999,16.225,16.225,62194000,16.225,-0.020799139585918554,-0.020799139585918554
2014-09-23 00:00:00+00:00,16.122999,16.379999,16.0625,16.181499,16.181499,47052000,16.181499,-0.002684710010075162,-0.002684710010075162
2014-09-24 00:00:00+00:00,16.2085,16.472,15.978,16.4105,16.4105,52844000,16.4105,0.014052821283825193,0.014052821283825193
2014-09-25 00:00:00+00:00,16.3995,16.427,16.07,16.0965,16.0965,58576000,16.0965,-0.019319516810749015,-0.019319516810749015
2014-09-26 00:00:00+00:00,16.030001,16.174999,15.882,16.1605,16.1605,72760000,16.1605,0.003968136155203722,0.003968136155203722
2014-09-29 00:00:00+00:00,16.025,16.1875,15.95,16.091,16.091,38492000,16.091,-0.0043098837313451585,-0.0043098837313451585
2014-09-30 00:00:00+00:00,16.068001,16.171499,15.9255,16.122,16.122,52724000,16.122,0.001924689384396029,0.001924689384396029
2014-10-01 00:00:00+00:00,16.101999,16.1085,15.7775,15.873,15.873,61782000,15.873,-0.015565246271304829,-0.015565246271304829
2014-10-02 00:00:00+00:00,15.846,15.9265,15.5655,15.9205,15.9205,71078000,15.9205,0.0029880343681179633,0.0029880343681179633
2014-10-03 00:00:00+00:00,16.018,16.257999,15.9765,16.136999,16.136999,60748000,16.136999,0.013507123031603757,0.013507123031603757
2014-10-06 00:00:00+00:00,16.174999,16.206499,15.98,16.110001,16.110001,45806000,16.110001,-0.0016744507276986278,-0.0016744507276986278
2014-10-07 00:00:00+00:00,15.9715,16.1,15.8335,15.849,15.849,47308000,15.849,-0.016333852411839017,-0.016333852411839017
2014-10-08 00:00:00+00:00,15.829,16.2055,15.707,16.135,16.135,69056000,16.135,0.017884418653636665,0.017884418653636665
2014-10-09 00:00:00+00:00,16.074499,16.113501,15.726,15.7685,15.7685,71758000,15.7685,-0.02297654636426729,-0.02297654636426729
2014-10-10 00:00:00+00:00,15.701,15.8885,15.569,15.5695,15.5695,73638000,15.5695,-0.012700406847279045,-0.012700406847279045
2014-10-13 00:00:00+00:00,15.4935,15.66,15.1735,15.3225,15.3225,87278000,15.3225,-0.01599153591462922,-0.01599153591462922
2014-10-14 00:00:00+00:00,15.4,15.612,15.2875,15.4155,15.4155,67716000,15.4155,0.006051160373350676,0.006051160373350676
2014-10-15 00:00:00+00:00,15.2175,15.395,14.955,15.2985,15.2985,106878000,15.2985,-0.007618712374554923,-0.007618712374554923
2014-10-16 00:00:00+00:00,14.6915,15.341,14.6915,15.143,15.143,94626000,15.143,-0.01021640540202698,-0.01021640540202698
2014-10-17 00:00:00+00:00,15.3575,15.46,15.136,15.182,15.182,88102000,15.182,0.002572136620058077,0.002572136620058077
2014-10-20 00:00:00+00:00,15.1475,15.3265,15.101,15.3105,15.3105,64690000,15.3105,0.008428351934949277,0.008428351934949277
2014-10-21 00:00:00+00:00,15.495,15.782,15.3535,15.7665,15.7665,71186000,15.7665,0.0293485684198561,0.0293485684198561
2014-10-22 00:00:00+00:00,15.7715,15.949,15.632,15.6485,15.6485,62518000,15.6485,-0.007512370202170169,-0.007512370202170169
2014-10-23 00:00:00+00:00,15.67,15.84,15.57,15.659,15.659,180764000,15.659,0.000670765816094233,0.000670765816094233
2014-10-24 00:00:00+00:00,14.22,14.6905,14.2,14.353,14.353,396022000,14.353,-0.08708685197406263,-0.08708685197406263
2014-10-27 00:00:00+00:00,14.285,14.521,14.251,14.4985,14.4985,119012000,14.4985,0.010086216210281437,0.010086216210281437
2014-10-28 00:00:00+00:00,14.488,14.9,14.488,14.7795,14.7795,111452000,14.7795,0.019195889648977293,0.019195889648977293
2014-10-29 00:00:00+00:00,14.9555,14.9805,14.6535,14.706,14.706,97638000,14.706,-0.004985511674471447,-0.004985511674471447
2014-10-30 00:00:00+00:00,14.699,14.987,14.618,14.9535,14.9535,81104000,14.9535,0.016689812374700887,0.016689812374700887
2014-10-31 00:00:00+00:00,15.2575,15.286,15.075,15.273,15.273,91014000,15.273,0.02114117743957725,0.02114117743957725
2014-11-03 00:00:00+00:00,15.312,15.4005,15.162,15.286,15.286,64850000,15.286,0.0008508132323837674,0.0008508132323837674
2014-11-04 00:00:00+00:00,15.1995,15.2125,15.0085,15.1405,15.1405,68548000,15.1405,-0.009564104257630948,-0.009564104257630948
2014-11-05 00:00:00+00:00,15.1505,15.2,14.708,14.826,14.826,93490000,14.826,-0.020990876328533307,-0.020990876328533307
2014-11-06 00:00:00+00:00,14.8345,14.85,14.6145,14.832,14.832,75162000,14.832,0.0004046125889712775,0.0004046125889712775
2014-11-07 00:00:00+00:00,14.891,14.9995,14.8145,14.993,14.993,52948000,14.993,0.010796416689266636,0.010796416689266636
2014-11-10 00:00:00+00:00,15.0,15.29,15.0,15.2555,15.2555,56182000,15.2555,0.017356668257711653,0.017356668257711653
2014-11-11 00:00:00+00:00,15.297,15.619,15.1825,15.6005,15.6005,76072000,15.6005,0.02236287125343338,0.02236287125343338
2014-11-12 00:00:00+00:00,15.5375,15.629,15.4395,15.5755,15.5755,43660000,15.5755,-0.0016037981369441397,-0.0016037981369441397
2014-11-13 00:00:00+00:00,15.6,15.8945,15.5755,15.824,15.824,73728000,15.824,0.015828607993389164,0.015828607993389164
2014-11-14 00:00:00+00:00,15.856,16.643999,15.82,16.391001,16.391001,177556000,16.391001,0.035204689835955254,0.035204689835955254
2014-11-17 00:00:00+00:00,16.322001,16.4,15.9015,16.1525,16.1525,95698000,16.1525,-0.014657628266127973,-0.014657628266127973
2014-11-18 00:00:00+00:00,16.199499,16.478001,16.1625,16.2465,16.2465,70990000,16.2465,0.00580266451158107,0.00580266451158107
2014-11-19 00:00:00+00:00,16.362499,16.42,16.201,16.327,16.327,65632000,16.327,0.00494267818226303,0.00494267818226303
2014-11-20 00:00:00+00:00,16.200001,16.633499,16.1665,16.527,16.527,68734000,16.527,0.01217522801466177,0.01217522801466177
2014-11-21 00:00:00+00:00,16.771,16.9165,16.5735,16.6315,16.6315,89332000,16.6315,0.006303080415072981,0.006303080415072981
2014-11-24 00:00:00+00:00,16.739,16.869499,16.68,16.782,16.782,55084000,16.782,0.009008395874115394,0.009008395874115394
2014-11-25 00:00:00+00:00,16.7635,16.8165,16.563999,16.752001,16.752001,51300000,16.752001,-0.0017891696253335642,-0.0017891696253335642
2014-11-26 00:00:00+00:00,16.688999,16.7325,16.5875,16.678499,16.678499,39672000,16.678499,-0.00439730895069966,-0.00439730895069966
2014-11-28 00:00:00+00:00,16.8015,17.063,16.8015,16.931999,16.931999,61036000,16.931999,0.01508485872706266,0.01508485872706266
2014-12-01 00:00:00+00:00,16.906,17.032,16.296499,16.299999,16.299999,98898000,16.299999,-0.038040217135885596,-0.038040217135885596
2014-12-02 00:00:00+00:00,16.375,16.3965,16.1625,16.3155,16.3155,55806000,16.3155,0.0009505297568561721,0.0009505297568561721
2014-12-03 00:00:00+00:00,16.286501,16.338499,15.718,15.825,15.825,113620000,15.825,-0.030524608189637804,-0.030524608189637804
2014-12-04 00:00:00+00:00,15.7765,15.9295,15.6735,15.8465,15.8465,65806000,15.8465,0.00135768771940753,0.00135768771940753
2014-12-05 00:00:00+00:00,15.84,15.8465,15.542,15.6315,15.6315,65304000,15.6315,-0.013660546631192602,-0.013660546631192602
2014-12-08 00:00:00+00:00,15.5785,15.828,15.241,15.332,15.332,72784000,15.332,-0.019345961600146178,-0.019345961600146178
2014-12-09 00:00:00+00:00,15.1495,15.682,15.057,15.625,15.625,80990000,15.625,0.018930048104156525,0.018930048104156525
2014-12-10 00:00:00+00:00,15.6,15.6595,15.234,15.292,15.292,64918000,15.292,-0.021542379788298833,-0.021542379788298833
2014-12-11 00:00:00+00:00,15.3945,15.632,15.3005,15.368,15.368,65258000,15.368,0.004957609632089114,0.004957609632089114
2014-12-12 00:00:00+00:00,15.1995,15.532,15.1505,15.366,15.366,63070000,15.366,-0.0001301490208123369,-0.0001301490208123369
2014-12-15 00:00:00+00:00,15.4435,15.543,15.1075,15.3035,15.3035,76832000,15.3035,-0.004075716038279323,-0.004075716038279323
2014-12-16 00:00:00+00:00,15.2175,15.2245,14.7505,14.753,14.753,130026000,14.753,-0.03663510847173398,-0.03663510847173398
2014-12-17 00:00:00+00:00,14.8185,14.9835,14.6515,14.944,14.944,88670000,14.944,0.01286342955105693,0.01286342955105693
2014-12-18 00:00:00+00:00,15.2005,15.225,14.6625,14.8865,14.8865,154762000,14.8865,-0.0038551195061079023,-0.0038551195061079023
2014-12-19 00:00:00+00:00,14.8455,15.077,14.776,14.995,14.995,174182000,14.995,0.007262050220593485,0.007262050220593485
2014-12-22 00:00:00+00:00,15.097,15.368,15.097,15.327,15.327,80076000,15.327,0.02189916681579821,0.02189916681579821
2014-12-23 00:00:00+00:00,15.349,15.3745,15.1625,15.3145,15.3145,54274000,15.3145,-0.0008158869959634565,-0.0008158869959634565
2014-12-24 00:00:00+00:00,15.319,15.35,15.144,15.1515,15.1515,30276000,15.1515,-0.010700555065595599,-0.010700555065595599
2014-12-26 00:00:00+00:00,15.25,15.539,15.1905,15.4545,15.4545,57876000,15.4545,0.019800686115883728,0.019800686115883728
2014-12-29 00:00:00+00:00,15.3925,15.7135,15.329,15.602,15.602,60180000,15.602,0.00949888809502599,0.00949888809502599
2014-12-30 00:00:00+00:00,15.4955,15.697,15.467,15.515,15.515,41860000,15.515,-0.00559181326577783,-0.00559181326577783
2014-12-31 00:00:00+00:00,15.5775,15.649,15.5005,15.5175,15.5175,40960000,15.5175,0.00016112140532712223,0.00016112140532712223
2015-01-02 00:00:00+00:00,15.629,15.7375,15.348,15.426,15.426,55664000,15.426,-0.00591402179386325,-0.00591402179386325
2015-01-05 00:00:00+00:00,15.3505,15.419,15.0425,15.1095,15.1095,55484000,15.1095,-0.020730712443098907,-0.020730712443098907
2015-01-06 00:00:00+00:00,15.112,15.15,14.619,14.7645,14.7645,70380000,14.7645,-0.02309803431346979,-0.02309803431346979
2015-01-07 00:00:00+00:00,14.875,15.064,14.7665,14.921,14.921,52806000,14.921,0.010543965903045764,0.010543965903045764
2015-01-08 00:00:00+00:00,15.016,15.157,14.8055,15.023,15.023,61768000,15.023,0.006812743422002143,0.006812743422002143
2015-01-09 00:00:00+00:00,15.074,15.1435,14.834,14.8465,14.8465,51848000,14.8465,-0.011818212846576774,-0.011818212846576774
2015-01-12 00:00:00+00:00,14.878,14.9255,14.464,14.5705,14.5705,68428000,14.5705,-0.01876521052550358,-0.01876521052550358
2015-01-13 00:00:00+00:00,14.874,15.075,14.6615,14.737,14.737,82728000,14.737,0.0113624015229196,0.0113624015229196
2015-01-14 00:00:00+00:00,14.5965,14.7955,14.325,14.6635,14.6635,110774000,14.6635,-0.004999925383606754,-0.004999925383606754
2015-01-15 00:00:00+00:00,14.7,14.8,14.341,14.3475,14.3475,88384000,14.3475,-0.021785701847138593,-0.021785701847138593
2015-01-16 00:00:00+00:00,14.314,14.5395,14.2625,14.537,14.537,69564000,14.537,0.013121412443807295,0.013121412443807295
2015-01-20 00:00:00+00:00,14.6295,14.668,14.3195,14.472,14.472,61502000,14.472,-0.004481375351193942,-0.004481375351193942
2015-01-21 00:00:00+00:00,14.482,15.3,14.363,14.8625,14.8625,201302000,14.8625,0.02662551392390634,0.02662551392390634
2015-01-22 00:00:00+00:00,15.0,15.6125,15.0,15.516,15.516,107252000,15.516,0.04303048756082056,0.04303048756082056
2015-01-23 00:00:00+00:00,15.404,15.8465,15.386,15.6195,15.6195,89928000,15.6195,0.006648384078202679,0.006648384078202679
2015-01-26 00:00:00+00:00,15.591,15.65,15.376,15.483,15.483,63394000,15.483,-0.00877748582122352,-0.00877748582122352
2015-01-27 00:00:00+00:00,15.315,15.512,15.1315,15.3375,15.3375,58406000,15.3375,-0.009441837797669933,-0.009441837797669933
2015-01-28 00:00:00+00:00,15.4905,15.5755,15.19,15.1955,15.1955,61276000,15.1955,-0.009301478648609836,-0.009301478648609836
2015-01-29 00:00:00+00:00,15.2365,15.64,14.9665,15.589,15.589,173132000,15.589,0.025566205942123766,0.025566205942123766
2015-01-30 00:00:00+00:00,17.316,17.975,17.037001,17.7265,17.7265,477122000,17.7265,0.1284951577411822,0.1284951577411822
2015-02-02 00:00:00+00:00,17.502501,18.25,17.5005,18.223499,18.223499,204638000,18.223499,0.027651220034840867,0.027651220034840867
2015-02-03 00:00:00+00:00,18.0145,18.391001,18.0105,18.1775,18.1775,124252000,18.1775,-0.0025273495644923165,-0.0025273495644923165
2015-02-04 00:00:00+00:00,17.919001,18.375,17.911501,18.237499,18.237499,83398000,18.237499,0.00329529347475096,0.00329529347475096
2015-02-05 00:00:00+00:00,18.299999,18.940001,18.295,18.6945,18.6945,144952000,18.6945,0.024749503935578603,0.024749503935578603
2015-02-06 00:00:00+00:00,18.7435,18.7995,18.550501,18.714001,18.714001,77848000,18.714001,0.0010425973372457458,0.0010425973372457458
2015-02-09 00:00:00+00:00,18.549999,18.720501,18.360001,18.528,18.528,54492000,18.528,-0.009988858899065405,-0.009988858899065405
2015-02-10 00:00:00+00:00,18.5595,18.715,18.425501,18.65,18.65,45744000,18.65,0.006563044699239906,0.006563044699239906
2015-02-11 00:00:00+00:00,18.561501,18.855,18.555,18.757,18.757,55730000,18.757,0.005720869988379697,0.005720869988379697
2015-02-12 00:00:00+00:00,18.754999,18.925501,18.657499,18.8585,18.8585,55822000,18.8585,0.00539672456012847,0.00539672456012847
2015-02-13 00:00:00+00:00,18.9205,19.15,18.8505,19.091499,19.091499,69502000,19.091499,0.012279416803369992,0.012279416803369992
2015-02-17 00:00:00+00:00,18.886,18.9995,18.633499,18.7715,18.7715,73464000,18.7715,-0.01690339527870775,-0.01690339527870775
2015-02-18 00:00:00+00:00,18.688999,18.837,18.6425,18.668501,18.668501,53012000,18.668501,-0.005502097066782439,-0.005502097066782439
2015-02-19 00:00:00+00:00,18.6745,19.094,18.671499,18.950001,18.950001,59076000,18.950001,0.014966319202669722,0.014966319202669722
2015-02-20 00:00:00+00:00,18.931,19.184999,18.792,19.183001,19.183001,65160000,19.183001,0.0122205379848066,0.0122205379848066
2015-02-23 00:00:00+00:00,19.172001,19.226999,18.9,19.007,19.007,43540000,19.007,-0.00921718991498849,-0.00921718991498849
2015-02-24 00:00:00+00:00,18.932501,19.024,18.808001,18.929501,18.929501,38416000,18.929501,-0.004085727769603588,-0.004085727769603588
2015-02-25 00:00:00+00:00,18.863501,19.3925,18.827,19.268499,19.268499,63490000,19.268499,0.01774998169527302,0.01774998169527302
2015-02-26 00:00:00+00:00,19.203501,19.4685,19.164,19.24,19.24,53742000,19.24,-0.001480141056809767,-0.001480141056809767
2015-02-27 00:00:00+00:00,19.200001,19.2995,18.9895,19.007999,19.007999,50646000,19.007999,-0.012131554666754788,-0.012131554666754788
2015-03-02 00:00:00+00:00,19.0425,19.295,18.974001,19.283001,19.283001,42784000,19.283001,0.014364040025811512,0.014364040025811512
2015-03-03 00:00:00+00:00,19.1975,19.305,19.08,19.230499,19.230499,38930000,19.230499,-0.0027264222946378376,-0.0027264222946378376
2015-03-04 00:00:00+00:00,19.2855,19.395,19.109501,19.136,19.136,45182000,19.136,-0.0049261305337581045,-0.0049261305337581045
2015-03-05 00:00:00+00:00,19.2805,19.421,19.1945,19.3915,19.3915,53870000,19.3915,0.013263447957891236,0.013263447957891236
2015-03-06 00:00:00+00:00,19.275999,19.35,18.944,19.004499,19.004499,52540000,19.004499,-0.020159085116190568,-0.020159085116190568
2015-03-09 00:00:00+00:00,18.92,18.966499,18.764,18.927999,18.927999,46228000,18.927999,-0.004033486205676021,-0.004033486205676021
2015-03-10 00:00:00+00:00,18.872499,18.8885,18.459,18.4755,18.4755,62420000,18.4755,-0.02419672433673435,-0.02419672433673435
2015-03-11 00:00:00+00:00,18.5305,18.6675,18.313,18.318501,18.318501,49902000,18.318501,-0.008533997313328203,-0.008533997313328203
2015-03-12 00:00:00+00:00,18.441,18.775,18.375999,18.712,18.712,56200000,18.712,0.021253496527694385,0.021253496527694385
2015-03-13 00:00:00+00:00,18.576,18.699499,18.334,18.528999,18.528999,52234000,18.528999,-0.009828010951055212,-0.009828010951055212
2015-03-16 00:00:00+00:00,18.518999,18.697001,18.336,18.6675,18.6675,47082000,18.6675,0.007447025596897064,0.007447025596897064
2015-03-17 00:00:00+00:00,18.5555,18.725,18.482,18.596001,18.596001,40740000,18.596001,-0.0038374863243773876,-0.0038374863243773876
2015-03-18 00:00:00+00:00,18.498501,18.7995,18.334999,18.757,18.757,53082000,18.757,0.008620458474862067,0.008620458474862067
2015-03-19 00:00:00+00:00,18.693501,18.855499,18.609501,18.662001,18.662001,38314000,18.662001,-0.0050775916815506555,-0.0050775916815506555
2015-03-20 00:00:00+00:00,18.814501,18.9685,18.796,18.9245,18.9245,75272000,18.9245,0.01396795449858207,0.01396795449858207
2015-03-23 00:00:00+00:00,18.9035,19.088499,18.747,18.755501,18.755501,44786000,18.755501,-0.008970282841601415,-0.008970282841601415
2015-03-24 00:00:00+00:00,18.699499,18.761999,18.613501,18.7045,18.7045,44564000,18.7045,-0.0027229594314358402,-0.0027229594314358402
2015-03-25 00:00:00+00:00,18.758499,19.025,18.5145,18.548,18.548,68590000,18.548,-0.00840217009298414,-0.00840217009298414
2015-03-26 00:00:00+00:00,18.4795,18.57,18.282499,18.3675,18.3675,58600000,18.3675,-0.009779168016918841,-0.009779168016918841
2015-03-27 00:00:00+00:00,18.355499,18.658501,18.328501,18.528,18.528,52196000,18.528,0.008700302878289247,0.008700302878289247
2015-03-30 00:00:00+00:00,18.5935,18.806,18.577499,18.7295,18.7295,36418000,18.7295,0.010816719567606582,0.010816719567606582
2015-03-31 00:00:00+00:00,18.662001,18.885,18.5755,18.605,18.605,50122000,18.605,-0.006669459159605483,-0.006669459159605483
2015-04-01 00:00:00+00:00,18.605,18.658001,18.417,18.513,18.513,49162000,18.513,-0.00495717379154623,-0.00495717379154623
2015-04-02 00:00:00+00:00,18.525,18.664,18.450001,18.612499,18.612499,37506000,18.612499,0.005360156275752508,0.005360156275752508
2015-04-06 00:00:00+00:00,18.504999,19.01,18.468,18.851999,18.851999,61014000,18.851999,0.012785611733921148,0.012785611733921148
2015-04-07 00:00:00+00:00,18.807501,18.9655,18.7015,18.720501,18.720501,39098000,18.720501,-0.006999722504872344,-0.006999722504872344
2015-04-08 00:00:00+00:00,18.733,19.079,18.7325,19.059999,19.059999,52728000,19.059999,0.01797261224831662,0.01797261224831662
2015-04-09 00:00:00+00:00,19.033001,19.221001,18.940001,19.177,19.177,47846000,19.177,0.006119798531220933,0.006119798531220933
2015-04-10 00:00:00+00:00,19.2155,19.356001,19.066,19.1325,19.1325,51470000,19.1325,-0.0023231845894394402,-0.0023231845894394402
2015-04-13 00:00:00+00:00,19.1765,19.264,19.007,19.118,19.118,37890000,19.118,-0.0007581600603683126,-0.0007581600603683126
2015-04-14 00:00:00+00:00,19.175501,19.390499,19.060499,19.255501,19.255501,51672000,19.255501,0.007166486502595577,0.007166486502595577
2015-04-15 00:00:00+00:00,19.2325,19.289,19.082001,19.172501,19.172501,38664000,19.172501,-0.004319773329251531,-0.004319773329251531
2015-04-16 00:00:00+00:00,19.1845,19.372499,19.1775,19.302,19.302,41608000,19.302,0.006731704670029389,0.006731704670029389
2015-04-17 00:00:00+00:00,19.1315,19.177999,18.719999,18.778,18.778,76794000,18.778,-0.02752274564858864,-0.02752274564858864
2015-04-20 00:00:00+00:00,18.9275,19.597,18.85,19.4755,19.4755,100322000,19.4755,0.036471293531836216,0.036471293531836216
2015-04-21 00:00:00+00:00,19.5655,19.73,19.34,19.559,19.559,92870000,19.559,0.004278273187188813,0.004278273187188813
2015-04-22 00:00:00+00:00,19.595501,19.714001,19.4,19.49,19.49,69494000,19.49,-0.0035340250359114163,-0.0035340250359114163
2015-04-23 00:00:00+00:00,19.5105,19.594,19.307501,19.4995,19.4995,159600000,19.4995,0.0004873106958540837,0.0004873106958540837
2015-04-24 00:00:00+00:00,21.950001,22.6325,21.950001,22.254999,22.254999,343538000,22.254999,0.1321778333187706,0.1321778333187706
2015-04-27 00:00:00+00:00,22.193001,22.349501,21.870501,21.927999,21.927999,108618000,21.927999,-0.01480234413740457,-0.01480234413740457
2015-04-28 00:00:00+00:00,21.925501,21.950001,21.402,21.4655,21.4655,82810000,21.4655,-0.02131731825747477,-0.02131731825747477
2015-04-29 00:00:00+00:00,21.3375,21.712,21.3015,21.4685,21.4685,72434000,21.4685,0.00013974938300099758,0.00013974938300099758
2015-04-30 00:00:00+00:00,21.355499,21.5875,20.962,21.089001,21.089001,72958000,21.089001,-0.01783511957450413,-0.01783511957450413
2015-05-01 00:00:00+00:00,21.191,21.282,20.799999,21.143499,21.143499,71316000,21.143499,0.002580857408400277,0.002580857408400277
2015-05-04 00:00:00+00:00,21.24,21.488501,21.121,21.152,21.152,45408000,21.152,0.00040198131316415,0.00040198131316415
2015-05-05 00:00:00+00:00,21.1425,21.3755,21.051001,21.0595,21.0595,57128000,21.0595,-0.0043826989356931445,-0.0043826989356931445
2015-05-06 00:00:00+00:00,21.071501,21.136,20.727501,20.955,20.955,51050000,20.955,-0.004974483356547987,-0.004974483356547987
2015-05-07 00:00:00+00:00,21.2075,21.424999,21.1425,21.344,21.344,55322000,21.344,0.018393388356178566,0.018393388356178566
2015-05-08 00:00:00+00:00,21.5375,21.76,21.508499,21.6845,21.6845,58176000,21.6845,0.015827049875331768,0.015827049875331768
2015-05-11 00:00:00+00:00,21.6255,21.950001,21.568501,21.6425,21.6425,47874000,21.6425,-0.0019387455007533999,-0.0019387455007533999
2015-05-12 00:00:00+00:00,21.554001,21.6625,21.335501,21.551001,21.551001,38956000,21.551001,-0.0042367085207989244,-0.0042367085207989244
2015-05-13 00:00:00+00:00,21.499001,21.6765,21.290001,21.3435,21.3435,39926000,21.3435,-0.009675021915274114,-0.009675021915274114
2015-05-14 00:00:00+00:00,21.4725,21.65,21.3505,21.614,21.614,37770000,21.614,0.012594009209255309,0.012594009209255309
2015-05-15 00:00:00+00:00,21.4,21.52,21.215,21.299999,21.299999,84806000,21.299999,-0.014634227113952384,-0.014634227113952384
2015-05-18 00:00:00+00:00,21.299999,21.363501,21.073,21.261999,21.261999,47804000,21.261999,-0.0017856309328732848,-0.0017856309328732848
2015-05-19 00:00:00+00:00,21.2435,21.412001,21.0315,21.085501,21.085501,49284000,21.085501,-0.008335746950399871,-0.008335746950399871
2015-05-20 00:00:00+00:00,21.030001,21.355,20.917999,21.193001,21.193001,43924000,21.193001,0.005085337776078943,0.005085337776078943
2015-05-21 00:00:00+00:00,21.4,21.844999,21.4,21.581499,21.581499,82428000,21.581499,0.01816543422300164,0.01816543422300164
2015-05-22 00:00:00+00:00,21.577499,21.622,21.380501,21.3815,21.3815,40412000,21.3815,-0.009310357719831075,-0.009310357719831075
2015-05-26 00:00:00+00:00,21.309999,21.35,21.1,21.2735,21.2735,44884000,21.2735,-0.005063895477071317,-0.005063895477071317
2015-05-27 00:00:00+00:00,21.372499,21.592501,21.2505,21.570999,21.570999,44622000,21.570999,0.013887606968115251,0.013887606968115251
2015-05-28 00:00:00+00:00,21.4855,21.567499,21.2735,21.328501,21.328501,38248000,21.328501,-0.011305520246018599,-0.011305520246018599
2015-05-29 00:00:00+00:00,21.3615,21.625,21.3615,21.4615,21.4615,60322000,21.4615,0.006216378835504553,0.006216378835504553
2015-06-01 00:00:00+00:00,21.52,21.658001,21.309999,21.546,21.546,45066000,21.546,0.003929552228473108,0.003929552228473108
2015-06-02 00:00:00+00:00,21.5035,21.661501,21.3125,21.5495,21.5495,33378000,21.5495,0.00016242995244021715,0.00016242995244021715
2015-06-03 00:00:00+00:00,21.719999,21.9195,21.637501,21.8295,21.8295,54558000,21.8295,0.012909651614912542,0.012909651614912542
2015-06-04 00:00:00+00:00,21.719999,21.837999,21.462999,21.539,21.539,50216000,21.539,-0.0133970206441354,-0.0133970206441354
2015-06-05 00:00:00+00:00,21.483,21.540001,21.325001,21.3475,21.3475,38158000,21.3475,-0.00893060859559393,-0.00893060859559393
2015-06-08 00:00:00+00:00,21.281,21.34,21.071501,21.174999,21.174999,43450000,21.174999,-0.00811344348700896,-0.00811344348700896
2015-06-09 00:00:00+00:00,21.148001,21.3745,20.957001,21.274,21.274,45774000,21.274,0.00466447651685796,0.00466447651685796
2015-06-10 00:00:00+00:00,21.323,21.610001,21.283001,21.5385,21.5385,43446000,21.5385,0.01235636159093092,0.01235636159093092
2015-06-11 00:00:00+00:00,21.6145,21.9445,21.5735,21.6485,21.6485,58450000,21.6485,0.005094136563177905,0.005094136563177905
2015-06-12 00:00:00+00:00,21.5625,21.618,21.413,21.496,21.496,41088000,21.496,-0.007069296670391984,-0.007069296670391984
2015-06-15 00:00:00+00:00,21.382999,21.4025,21.132,21.1835,21.1835,41020000,21.1835,-0.014644294556174142,-0.014644294556174142
2015-06-16 00:00:00+00:00,21.2075,21.3985,21.133499,21.363001,21.363001,45928000,21.363001,0.008437923720985464,0.008437923720985464
2015-06-17 00:00:00+00:00,21.417999,21.567499,21.237499,21.390499,21.390499,43718000,21.390499,0.001286351002455501,0.001286351002455501
2015-06-18 00:00:00+00:00,21.514999,21.9865,21.470501,21.9695,21.9695,67568000,21.9695,0.026708276350305937,0.026708276350305937
2015-06-19 00:00:00+00:00,22.013,22.2495,21.662001,21.746,21.746,89902000,21.746,-0.010225295255205007,-0.010225295255205007
2015-06-22 00:00:00+00:00,21.85,21.962,21.709,21.814501,21.814501,36472000,21.814501,0.0031450995692476943,0.0031450995692476943
2015-06-23 00:00:00+00:00,21.779499,22.351999,21.6845,22.2995,22.2995,64900000,22.2995,0.021989324545237728,0.021989324545237728
2015-06-24 00:00:00+00:00,22.248501,22.3235,22.011499,22.042,22.042,52416000,22.042,-0.01161453242069289,-0.01161453242069289
2015-06-25 00:00:00+00:00,21.9035,22.1735,21.8195,22.004999,22.004999,44750000,22.004999,-0.0016800694505137645,-0.0016800694505137645
2015-06-26 00:00:00+00:00,22.087999,22.1745,21.753,21.905001,21.905001,52490000,21.905001,-0.004554687901298155,-0.004554687901298155
2015-06-29 00:00:00+00:00,21.749001,21.85,21.450001,21.493,21.493,55064000,21.493,-0.018987666192399652,-0.018987666192399652
2015-06-30 00:00:00+00:00,21.709999,21.7785,21.523001,21.7045,21.7045,51938000,21.7045,0.009792311594299712,0.009792311594299712
2015-07-01 00:00:00+00:00,21.967501,22.0,21.778999,21.869499,21.869499,39742000,21.869499,0.007573314013565334,0.007573314013565334
2015-07-02 00:00:00+00:00,21.85,21.91,21.674,21.8855,21.8855,26868000,21.8855,0.0007313907475252358,0.0007313907475252358
2015-07-06 00:00:00+00:00,21.761499,21.9865,21.676001,21.802,21.802,38064000,21.802,-0.003822608374362137,-0.003822608374362137
2015-07-07 00:00:00+00:00,21.784,21.886499,21.2785,21.836,21.836,69084000,21.836,0.001558275213344338,0.001558275213344338
2015-07-08 00:00:00+00:00,21.717501,21.7995,21.4415,21.485001,21.485001,47662000,21.485001,-0.016204920148453154,-0.016204920148453154
2015-07-09 00:00:00+00:00,21.745001,21.936001,21.7075,21.7195,21.7195,45428000,21.7195,0.01085541077187967,0.01085541077187967
2015-07-10 00:00:00+00:00,22.0245,22.236,21.950001,22.175501,22.175501,48020000,22.175501,0.020777646407633993,0.020777646407633993
2015-07-13 00:00:00+00:00,22.414499,22.893499,22.377001,22.7785,22.7785,79136000,22.7785,0.02682898766602399,0.02682898766602399
2015-07-14 00:00:00+00:00,23.115999,23.48,22.908001,23.2785,23.2785,94724000,23.2785,0.02171307918105648,0.02171307918105648
2015-07-15 00:00:00+00:00,23.152,23.235001,23.01,23.0595,23.0595,59748000,23.0595,-0.009452355759025378,-0.009452355759025378
2015-07-16 00:00:00+00:00,23.275,23.794001,23.24,23.774,23.774,81912000,23.774,0.03051471451980581,0.03051471451980581
2015-07-17 00:00:00+00:00,23.885,24.271,23.862499,24.150499,24.150499,98644000,24.150499,0.015712495852561917,0.015712495852561917
2015-07-20 00:00:00+00:00,24.6285,24.66,24.27,24.405001,24.405001,95050000,24.405001,0.010483027903325313,0.010483027903325313
2015-07-21 00:00:00+00:00,24.395,24.444,24.127501,24.4,24.4,63636000,24.4,-0.00020493801516380318,-0.00020493801516380318
2015-07-22 00:00:00+00:00,24.2995,24.625,24.245001,24.4135,24.4135,62298000,24.4135,0.0005531256863035621,0.0005531256863035621
2015-07-23 00:00:00+00:00,24.583,24.583,23.785,24.108999,24.108999,187488000,24.108999,-0.012551084696583927,-0.012551084696583927
2015-07-24 00:00:00+00:00,28.949499,29.0285,26.467501,26.471001,26.471001,438188000,26.471001,0.09346465863103216,0.09346465863103216
2015-07-27 00:00:00+00:00,26.387501,27.247499,26.33,26.570499,26.570499,149820000,26.570499,0.00375170825506242,0.00375170825506242
2015-07-28 00:00:00+00:00,26.799999,26.8195,26.156,26.3015,26.3015,105462000,26.3015,-0.010175568397108425,-0.010175568397108425
2015-07-29 00:00:00+00:00,26.546,26.6485,26.250999,26.450001,26.450001,75052000,26.450001,0.0056302243336291205,0.0056302243336291205
2015-07-30 00:00:00+00:00,26.3825,26.959999,26.2145,26.837999,26.837999,74862000,26.837999,0.014562560306673597,0.014562560306673597
2015-07-31 00:00:00+00:00,26.9545,27.142,26.726,26.807501,26.807501,60512000,26.807501,-0.0011370200030082441,-0.0011370200030082441
2015-08-03 00:00:00+00:00,26.872499,27.021999,26.468,26.751499,26.751499,60284000,26.751499,-0.002091227259998887,-0.002091227259998887
2015-08-04 00:00:00+00:00,26.484501,26.8475,26.458,26.594999,26.594999,58692000,26.594999,-0.005867318561930148,-0.005867318561930148
2015-08-05 00:00:00+00:00,26.940001,26.957001,26.705999,26.8505,26.8505,57788000,26.8505,0.009561252162188807,0.009561252162188807
2015-08-06 00:00:00+00:00,26.965,27.136999,26.375999,26.473,26.473,76410000,26.473,-0.014159097086520878,-0.014159097086520878
2015-08-07 00:00:00+00:00,26.458,26.473,25.9105,26.131001,26.131001,79384000,26.131001,-0.013002958412412894,-0.013002958412412894
2015-08-10 00:00:00+00:00,26.426001,26.614,26.15,26.200001,26.200001,52318000,26.200001,0.0026370616785070466,0.0026370616785070466
2015-08-11 00:00:00+00:00,26.182501,26.448999,26.1,26.372999,26.372999,53532000,26.372999,0.006581272684593976,0.006581272684593976
2015-08-12 00:00:00+00:00,26.1875,26.375,25.653,26.2955,26.2955,79246000,26.2955,-0.0029428997371917153,-0.0029428997371917153
2015-08-13 00:00:00+00:00,26.3685,26.733,26.2745,26.483,26.483,57904000,26.483,0.007105195820602364,0.007105195820602364
2015-08-14 00:00:00+00:00,26.4125,26.7055,26.4125,26.576,26.576,39896000,26.576,0.003505535167945116,0.003505535167945116
2015-08-17 00:00:00+00:00,26.564501,26.937,26.356001,26.761,26.761,51634000,26.761,0.006937050898649931,0.006937050898649931
2015-08-18 00:00:00+00:00,26.752001,26.974501,26.65,26.750999,26.750999,41426000,26.750999,-0.0003737853305177741,-0.0003737853305177741
2015-08-19 00:00:00+00:00,26.687,26.862499,26.450001,26.646,26.646,46480000,26.646,-0.00393277290105104,-0.00393277290105104
2015-08-20 00:00:00+00:00,26.519501,26.6625,25.7885,25.789,25.789,88160000,25.789,-0.03269100111540892,-0.03269100111540892
2015-08-21 00:00:00+00:00,25.368,25.616501,24.723499,24.723499,24.723499,134130000,24.723499,-0.04219387654226978,-0.04219387654226978
2015-08-24 00:00:00+00:00,23.179001,23.829,22.549999,23.168501,23.168501,201952000,23.168501,-0.06496052725614908,-0.06496052725614908
2015-08-25 00:00:00+00:00,24.3745,24.472,23.3125,23.318501,23.318501,113586000,23.318501,0.006453439203741785,0.006453439203741785
2015-08-26 00:00:00+00:00,24.201,25.186001,23.938,25.0385,25.0385,127172000,25.0385,0.07116756045628346,0.07116756045628346
2015-08-27 00:00:00+00:00,25.685499,26.134501,25.363001,25.918501,25.918501,122290000,25.918501,0.034542397737410385,0.034542397737410385
2015-08-28 00:00:00+00:00,25.875,26.075001,25.652,25.900499,25.900499,54934000,25.900499,-0.0006948030924643997,-0.0006948030924643997
2015-08-31 00:00:00+00:00,25.822001,25.970501,25.453501,25.644501,25.644501,60046000,25.644501,-0.00993307226125323,-0.00993307226125323
2015-09-01 00:00:00+00:00,24.957001,25.5,24.671499,24.827,24.827,77290000,24.827,-0.03239739203414107,-0.03239739203414107
2015-09-02 00:00:00+00:00,25.254499,25.542999,24.886,25.5275,25.5275,74142000,25.5275,0.0278245318137868,0.0278245318137868
2015-09-03 00:00:00+00:00,25.725,25.792,25.1285,25.236,25.236,62994000,25.236,-0.011484755938992928,-0.011484755938992928
2015-09-04 00:00:00+00:00,24.8825,25.1425,24.782,24.950001,24.950001,53850000,24.950001,-0.011397684230875883,-0.011397684230875883
2015-09-08 00:00:00+00:00,25.4345,25.9175,25.425501,25.877001,25.877001,76214000,25.877001,0.036480719651111104,0.036480719651111104
2015-09-09 00:00:00+00:00,26.200001,26.497499,25.753,25.8445,25.8445,87414000,25.8445,-0.0012567695696944947,-0.0012567695696944947
2015-09-10 00:00:00+00:00,25.7575,26.306499,25.739,26.112,26.112,51520000,26.112,0.010297166422592463,0.010297166422592463
2015-09-11 00:00:00+00:00,26.053499,26.472,26.0305,26.472,26.472,64558000,26.472,0.01369259183761465,0.01369259183761465
2015-09-14 00:00:00+00:00,26.472,26.622499,25.929001,26.069,26.069,62604000,26.069,-0.015340701675804206,-0.015340701675804206
2015-09-15 00:00:00+00:00,26.1625,26.396,25.860001,26.1185,26.1185,57318000,26.1185,0.0018970065569098794,0.0018970065569098794
2015-09-16 00:00:00+00:00,26.099001,26.415001,25.926001,26.369499,26.369499,45056000,26.369499,0.00956412582195449,0.00956412582195449
2015-09-17 00:00:00+00:00,26.349001,27.348499,26.328501,26.943501,26.943501,83390000,26.943501,0.021534116672938263,0.021534116672938263
2015-09-18 00:00:00+00:00,26.731001,27.312,26.567499,27.013,27.013,123202000,27.013,0.0025761136154856977,0.0025761136154856977
2015-09-21 00:00:00+00:00,27.216499,27.489,26.9795,27.4195,27.4195,65666000,27.4195,0.014936207492054033,0.014936207492054033
2015-09-22 00:00:00+00:00,26.9855,27.1775,26.632999,26.92,26.92,76834000,26.92,-0.018384934326322003,-0.018384934326322003
2015-09-23 00:00:00+00:00,26.915001,27.060499,26.700001,26.803499,26.803499,44752000,26.803499,-0.004337066080399665,-0.004337066080399665
2015-09-24 00:00:00+00:00,26.5275,26.728001,26.143499,26.6875,26.6875,70020000,26.6875,-0.004337147707284071,-0.004337147707284071
2015-09-25 00:00:00+00:00,27.1285,27.139999,26.07,26.2125,26.2125,80620000,26.2125,-0.017958894760805047,-0.017958894760805047
2015-09-28 00:00:00+00:00,26.000999,26.014,24.716499,25.202999,25.202999,108690000,25.202999,-0.0392734008550355,-0.0392734008550355
2015-09-29 00:00:00+00:00,25.299999,25.573999,24.525,24.803499,24.803499,89150000,24.803499,-0.01597826344446486,-0.01597826344446486
2015-09-30 00:00:00+00:00,25.271999,25.639999,25.0835,25.5945,25.5945,80094000,25.5945,0.03139275272475439,0.03139275272475439
2015-10-01 00:00:00+00:00,25.549999,26.040001,25.299999,26.035999,26.035999,75370000,26.035999,0.01710267264849018,0.01710267264849018
2015-10-02 00:00:00+00:00,25.6495,26.629999,25.405001,26.627001,26.627001,91956000,26.627001,0.022445618833393948,0.022445618833393948
2015-10-05 00:00:00+00:00,26.849501,27.2955,26.799999,27.184,27.184,67828000,27.184,0.02070278879439993,0.02070278879439993
2015-10-06 00:00:00+00:00,27.275,27.575001,26.6665,26.874001,26.874001,90056000,26.874001,-0.011469251265671986,-0.011469251265671986
2015-10-07 00:00:00+00:00,27.0895,27.1,26.450001,27.097,27.097,76242000,27.097,0.008263706986920133,0.008263706986920133
2015-10-08 00:00:00+00:00,26.835501,26.9695,25.994499,26.658001,26.658001,93528000,26.658001,-0.01633368995680728,-0.01633368995680728
2015-10-09 00:00:00+00:00,26.724001,27.0895,26.5135,26.99,26.99,70748000,26.99,0.012377096335896095,0.012377096335896095
2015-10-12 00:00:00+00:00,26.997999,27.541,26.99,27.509501,27.509501,55522000,27.509501,0.019065008883462055,0.019065008883462055
2015-10-13 00:00:00+00:00,27.313,27.66,27.155001,27.445,27.445,58760000,27.445,-0.0023474339115226606,-0.0023474339115226606
2015-10-14 00:00:00+00:00,27.566999,27.612499,26.983999,27.241501,27.241501,71642000,27.241501,-0.007442419448629188,-0.007442419448629188
2015-10-15 00:00:00+00:00,27.387501,28.15,27.35,28.122,28.122,98740000,28.122,0.031810605615400826,0.031810605615400826
2015-10-16 00:00:00+00:00,28.2635,28.547001,28.015499,28.538,28.538,86316000,28.538,0.01468434433975934,0.01468434433975934
2015-10-19 00:00:00+00:00,28.538,28.950001,28.368999,28.657499,28.657499,87508000,28.657499,0.004178621603764504,0.004178621603764504
2015-10-20 00:00:00+00:00,28.6,28.65,27.764,28.044001,28.044001,86924000,28.044001,-0.02164041310917597,-0.02164041310917597
2015-10-21 00:00:00+00:00,28.193501,28.262501,27.625999,27.7885,27.7885,66872000,27.7885,-0.009152474955779677,-0.009152474955779677
2015-10-22 00:00:00+00:00,28.135,28.4575,27.8335,28.195499,28.195499,155588000,28.195499,0.014540089228777295,0.014540089228777295
2015-10-23 00:00:00+00:00,30.884001,30.9725,29.768,29.9515,29.9515,213854000,29.9515,0.06041705150380742,0.06041705150380742
2015-10-26 00:00:00+00:00,30.115,30.4925,29.814501,30.4305,30.4305,85394000,30.4305,0.01586598814757958,0.01586598814757958
2015-10-27 00:00:00+00:00,30.43,30.7355,30.276501,30.550501,30.550501,75742000,30.550501,0.003935689901115383,0.003935689901115383
2015-10-28 00:00:00+00:00,30.615,30.8615,30.475,30.855,30.855,78524000,30.855,0.009917726944558123,0.009917726944558123
2015-10-29 00:00:00+00:00,30.885,31.377001,30.769501,31.327499,31.327499,77920000,31.327499,0.015197462363436052,0.015197462363436052
2015-10-30 00:00:00+00:00,31.300501,31.535999,31.264,31.295,31.295,77488000,31.295,-0.0010379337598013664,-0.0010379337598013664
2015-11-02 00:00:00+00:00,31.356501,31.431499,31.0205,31.4175,31.4175,56330000,31.4175,0.003906722130497726,0.003906722130497726
2015-11-03 00:00:00+00:00,31.4765,31.494499,31.1,31.265499,31.265499,64938000,31.265499,-0.004849841276229051,-0.004849841276229051
2015-11-04 00:00:00+00:00,31.388,32.296501,31.3675,32.047501,32.047501,96810000,32.047501,0.024703987176900612,0.024703987176900612
2015-11-05 00:00:00+00:00,32.355,32.849998,32.154499,32.782501,32.782501,94476000,32.782501,0.02267565851968768,0.02267565851968768
2015-11-06 00:00:00+00:00,32.75,33.112999,32.599998,32.968498,32.968498,81844000,32.968498,0.005657632551810189,0.005657632551810189
2015-11-09 00:00:00+00:00,32.932499,33.098,32.392502,32.774502,32.774502,80976000,32.774502,-0.005901664453015395,-0.005901664453015395
2015-11-10 00:00:00+00:00,32.550499,33.0,32.362999,32.984001,32.984001,69790000,32.984001,0.006371790696011661,0.006371790696011661
2015-11-11 00:00:00+00:00,33.162498,33.798,33.162498,33.662498,33.662498,107746000,33.662498,0.02036177300209365,0.02036177300209365
2015-11-12 00:00:00+00:00,33.650002,33.782001,33.210999,33.279999,33.279999,85694000,33.279999,-0.011427812819491432,-0.011427812819491432
2015-11-13 00:00:00+00:00,33.178501,33.349998,32.022499,32.1175,32.1175,125222000,32.1175,-0.03555553298130274,-0.03555553298130274
2015-11-16 00:00:00+00:00,32.046001,32.4995,31.1145,32.390499,32.390499,148718000,32.390499,0.008464086130442075,0.008464086130442075
2015-11-17 00:00:00+00:00,32.532501,32.662498,32.049999,32.165001,32.165001,86404000,32.165001,-0.006986203101412966,-0.006986203101412966
2015-11-18 00:00:00+00:00,32.3255,33.243999,32.318501,33.176998,33.176998,89396000,33.176998,0.030977868525947794,0.030977868525947794
2015-11-19 00:00:00+00:00,33.2495,33.643002,32.950001,33.063499,33.063499,94104000,33.063499,-0.003426879815620426,-0.003426879815620426
2015-11-20 00:00:00+00:00,33.396999,33.443501,32.878502,33.422501,33.422501,77922000,33.422501,0.010799431132119838,0.010799431132119838
2015-11-23 00:00:00+00:00,33.575001,34.1385,33.506001,33.949501,33.949501,87702000,33.949501,0.015644800016163318,0.015644800016163318
2015-11-24 00:00:00+00:00,33.707001,33.790001,33.060501,33.557499,33.557499,90868000,33.557499,-0.011613800231211497,-0.011613800231211497
2015-11-25 00:00:00+00:00,33.75,33.985001,33.562,33.766998,33.766998,53958000,33.766998,0.0062235793966323935,0.0062235793966323935
2015-11-27 00:00:00+00:00,34.040001,34.0495,33.605,33.662998,33.662998,39336000,33.662998,-0.0030846830382624773,-0.0030846830382624773
2015-11-30 00:00:00+00:00,33.794998,34.064499,33.23,33.240002,33.240002,113864000,33.240002,-0.012645221782708679,-0.012645221782708679
2015-12-01 00:00:00+00:00,33.6875,34.049999,33.393002,33.952999,33.952999,95024000,33.952999,0.021223155735535286,0.021223155735535286
2015-12-02 00:00:00+00:00,34.049999,34.241001,33.712502,33.800499,33.800499,85470000,33.800499,-0.00450162019764656,-0.00450162019764656
2015-12-03 00:00:00+00:00,33.972,34.1395,33.074001,33.3125,33.3125,101294000,33.3125,-0.01454286376754267,-0.01454286376754267
2015-12-04 00:00:00+00:00,33.299999,33.738998,33.07,33.632,33.632,90696000,33.632,0.009545292768477175,0.009545292768477175
2015-12-07 00:00:00+00:00,33.737,33.772999,33.025002,33.491501,33.491501,74656000,33.491501,-0.004186289543724938,-0.004186289543724938
2015-12-08 00:00:00+00:00,33.156502,33.9995,32.989498,33.866501,33.866501,73038000,33.866501,0.011134649581208146,0.011134649581208146
2015-12-09 00:00:00+00:00,33.900002,33.950001,32.784,33.239498,33.239498,103164000,33.239498,-0.018687487145218992,-0.018687487145218992
2015-12-10 00:00:00+00:00,33.279499,33.426498,32.978001,33.116001,33.116001,69110000,33.116001,-0.00372228811336221,-0.00372228811336221
2015-12-11 00:00:00+00:00,32.561501,32.894001,31.981001,32.0075,32.0075,109488000,32.0075,-0.034046329135245565,-0.034046329135245565
2015-12-14 00:00:00+00:00,32.087502,32.929501,31.7635,32.8955,32.8955,86594000,32.8955,0.027365619962648097,0.027365619962648097
2015-12-15 00:00:00+00:00,33.251499,33.575001,32.8675,32.931999,32.931999,95068000,32.931999,0.00110892876973202,0.00110892876973202
2015-12-16 00:00:00+00:00,33.178001,33.8675,32.966,33.788502,33.788502,79290000,33.788502,0.025675768030106925,0.025675768030106925
2015-12-17 00:00:00+00:00,34.0,34.125,33.532501,33.532501,33.532501,73632000,33.532501,-0.007605419484761575,-0.007605419484761575
2015-12-18 00:00:00+00:00,33.432499,33.841999,33.206501,33.207001,33.207001,136826000,33.207001,-0.00975442043019399,-0.00975442043019399
2015-12-21 00:00:00+00:00,33.424999,33.494999,32.946499,33.225498,33.225498,65018000,33.225498,0.0005568660145690891,0.0005568660145690891
2015-12-22 00:00:00+00:00,33.341499,33.4245,32.963001,33.157501,33.157501,53356000,33.157501,-0.002048627654837946,-0.002048627654837946
2015-12-23 00:00:00+00:00,33.325001,33.330002,32.831501,33.185001,33.185001,54458000,33.185001,0.0008290311865248533,0.0008290311865248533
2015-12-24 00:00:00+00:00,33.1675,33.234001,33.029999,33.1395,33.1395,21824000,33.1395,-0.0013720723549290991,-0.0013720723549290991
2015-12-28 00:00:00+00:00,33.278,33.775002,33.275002,33.759998,33.759998,75672000,33.759998,0.018550686108993106,0.018550686108993106
2015-12-29 00:00:00+00:00,33.898998,34.821999,33.894501,34.698502,34.698502,114700000,34.698502,0.027419905506093932,0.027419905506093932
2015-12-30 00:00:00+00:00,34.594501,34.774502,34.319,34.453499,34.453499,70380000,34.453499,-0.007085956200988396,-0.007085956200988396
2015-12-31 00:00:00+00:00,34.304001,34.387501,33.794498,33.794498,33.794498,74992000,33.794498,-0.01931255161754532,-0.01931255161754532
2016-01-04 00:00:00+00:00,32.814499,32.886002,31.3755,31.849501,31.849501,186290000,31.849501,-0.059276293468121,-0.059276293468121
2016-01-05 00:00:00+00:00,32.342999,32.345501,31.3825,31.689501,31.689501,116452000,31.689501,-0.005036287418838323,-0.005036287418838323
2016-01-06 00:00:00+00:00,31.1,31.9895,31.015499,31.6325,31.6325,106584000,31.6325,-0.0018003542053678366,-0.0018003542053678366
2016-01-07 00:00:00+00:00,31.09,31.5,30.2605,30.396999,30.396999,141498000,30.396999,-0.03984118664722287,-0.03984118664722287
2016-01-08 00:00:00+00:00,30.983,31.207001,30.299999,30.352501,30.352501,110258000,30.352501,-0.0014649670518506984,-0.0014649670518506984
2016-01-11 00:00:00+00:00,30.624001,30.9925,29.928499,30.886999,30.886999,97832000,30.886999,0.017456431647188287,0.017456431647188287
2016-01-12 00:00:00+00:00,31.262501,31.2995,30.612,30.894501,30.894501,94482000,30.894501,0.00024285587228777496,0.00024285587228777496
2016-01-13 00:00:00+00:00,31.044001,31.044001,28.958,29.0905,29.0905,153104000,29.0905,-0.06016654650516044,-0.06016654650516044
2016-01-14 00:00:00+00:00,29.012501,30.112499,28.493999,29.65,29.65,144760000,29.65,0.01905046504721064,0.01905046504721064
2016-01-15 00:00:00+00:00,28.612,29.231001,28.264999,28.509001,28.509001,155690000,28.509001,-0.03924226346980462,-0.03924226346980462
2016-01-19 00:00:00+00:00,28.8545,29.200001,28.3225,28.724001,28.724001,96144000,28.724001,0.007513183088233473,0.007513183088233473
2016-01-20 00:00:00+00:00,28.218,28.922501,27.358999,28.588499,28.588499,159328000,28.588499,-0.00472854098059366,-0.00472854098059366
2016-01-21 00:00:00+00:00,28.679001,29.4405,28.410999,28.750999,28.750999,99044000,28.750999,0.00566801038418499,0.00566801038418499
2016-01-22 00:00:00+00:00,29.436501,30.004999,29.2055,29.819,29.819,102402000,29.819,0.036473259767965484,0.036473259767965484
2016-01-25 00:00:00+00:00,29.8995,30.424999,29.728001,29.8265,29.8265,87922000,29.8265,0.0002514858636284832,0.0002514858636284832
2016-01-26 00:00:00+00:00,30.172501,30.225,29.518999,30.0625,30.0625,75314000,30.0625,0.007881287768631054,0.007881287768631054
2016-01-27 00:00:00+00:00,30.099501,30.1695,28.938999,29.1675,29.1675,103058000,29.1675,-0.030223472150104885,-0.030223472150104885
2016-01-28 00:00:00+00:00,30.418501,31.903,29.877501,31.7675,31.7675,280304000,31.7675,0.08538867888067726,0.08538867888067726
2016-01-29 00:00:00+00:00,28.599001,29.65,28.5,29.35,29.35,293552000,29.35,-0.07915120832244683,-0.07915120832244683
2016-02-01 00:00:00+00:00,28.907499,29.09,28.515499,28.740499,28.740499,127102000,28.740499,-0.020985303213063407,-0.020985303213063407
2016-02-02 00:00:00+00:00,28.5,28.577999,27.504499,27.605,27.605,126240000,27.605,-0.04031032732503409,-0.04031032732503409
2016-02-03 00:00:00+00:00,27.674999,27.799999,26.094999,26.553499,26.553499,200974000,26.553499,-0.03883538765426488,-0.03883538765426488
2016-02-04 00:00:00+00:00,26.25,26.949499,25.961,26.813,26.813,123982000,26.813,0.00972531645126844,0.00972531645126844
2016-02-05 00:00:00+00:00,26.464001,26.4725,24.959499,25.106501,25.106501,194178000,25.106501,-0.06576002794695103,-0.06576002794695103
2016-02-08 00:00:00+00:00,24.3235,24.674999,23.7605,24.405001,24.405001,196510000,24.405001,-0.028338746271740673,-0.028338746271740673
2016-02-09 00:00:00+00:00,23.900499,24.919001,23.700001,24.1035,24.1035,141558000,24.1035,-0.012431012146539371,-0.012431012146539371
2016-02-10 00:00:00+00:00,24.587999,25.233,24.299999,24.524,24.524,135724000,24.524,0.017295171732660968,0.017295171732660968
2016-02-11 00:00:00+00:00,24.5585,25.465,24.200001,25.191,25.191,147948000,25.191,0.026834557969094366,0.026834557969094366
2016-02-12 00:00:00+00:00,25.535,25.8375,25.074499,25.354,25.354,107696000,25.354,0.0064497206469990185,0.0064497206469990185
2016-02-16 00:00:00+00:00,25.974001,26.2225,25.583,26.055,26.055,102370000,26.055,0.027273179844643093,0.027273179844643093
2016-02-17 00:00:00+00:00,26.437,26.874001,25.9695,26.705,26.705,96480000,26.705,0.02464112543055573,0.02464112543055573
2016-02-18 00:00:00+00:00,27.0595,27.059999,26.186501,26.25,26.25,94700000,26.25,-0.017184824754100856,-0.017184824754100856
2016-02-19 00:00:00+00:00,26.0355,26.797501,25.7675,26.745001,26.745001,99494000,26.745001,0.018681588335746385,0.018681588335746385
2016-02-22 00:00:00+00:00,27.110001,28.032499,27.054001,27.975,27.975,111332000,27.975,0.04496367682461,0.04496367682461
2016-02-23 00:00:00+00:00,27.7775,27.845501,27.2665,27.646999,27.646999,81016000,27.646999,-0.011794067382229018,-0.011794067382229018
2016-02-24 00:00:00+00:00,27.2875,27.713499,26.657499,27.702,27.702,124634000,27.702,0.0019874259371469886,0.0019874259371469886
2016-02-25 00:00:00+00:00,27.775999,27.9695,27.2645,27.7575,27.7575,90510000,27.7575,0.0020014611933766987,0.0020014611933766987
2016-02-26 00:00:00+00:00,28.006001,28.125,27.658501,27.761499,27.761499,97540000,27.761499,0.00014405879352807715,0.00014405879352807715
2016-02-29 00:00:00+00:00,27.700001,28.240499,27.6255,27.625999,27.625999,82908000,27.625999,-0.004892810659829145,-0.004892810659829145
2016-03-01 00:00:00+00:00,27.814501,28.9625,27.799999,28.952,28.952,100770000,28.952,0.04688196418145853,0.04688196418145853
2016-03-02 00:00:00+00:00,29.0875,29.25,28.684999,29.0105,29.0105,91644000,29.0105,0.002018547159399468,0.002018547159399468
2016-03-03 00:00:00+00:00,28.898001,28.9935,28.6555,28.8745,28.8745,54826000,28.8745,-0.004698980746123116,-0.004698980746123116
2016-03-04 00:00:00+00:00,29.053499,29.07,28.553499,28.757,28.757,68330000,28.757,-0.004077636806509996,-0.004077636806509996
2016-03-07 00:00:00+00:00,28.677,28.681499,27.7775,28.139999,28.139999,98538000,28.139999,-0.02168919971856801,-0.02168919971856801
2016-03-08 00:00:00+00:00,27.893499,28.567499,27.737,28.013,28.013,94600000,28.013,-0.0045233280074131925,-0.0045233280074131925
2016-03-09 00:00:00+00:00,27.978001,28.0175,27.5065,27.973499,27.973499,87546000,27.973499,-0.0014110904328722325,-0.0014110904328722325
2016-03-10 00:00:00+00:00,28.337,28.35,27.395,27.946501,27.946501,78398000,27.946501,-0.000965593780317582,-0.000965593780317582
2016-03-11 00:00:00+00:00,28.3475,28.503,28.136499,28.480499,28.480499,75426000,28.480499,0.01892760352866193,0.01892760352866193
2016-03-14 00:00:00+00:00,28.35,28.8445,28.1525,28.668501,28.668501,69084000,28.668501,0.006579386452623817,0.006579386452623817
2016-03-15 00:00:00+00:00,28.549999,29.076,28.35,28.851,28.851,77536000,28.851,0.006345660488131817,0.006345660488131817
2016-03-16 00:00:00+00:00,28.832001,29.066,28.556999,28.713499,28.713499,70754000,28.713499,-0.0047772937799745365,-0.0047772937799745365
2016-03-17 00:00:00+00:00,28.4755,28.57,27.7505,27.972,27.972,118562000,27.972,-0.02616335077685937,-0.02616335077685937
2016-03-18 00:00:00+00:00,28.047001,28.116501,27.304501,27.604,27.604,145938000,27.604,-0.013243320083265063,-0.013243320083265063
2016-03-21 00:00:00+00:00,27.445499,27.761999,26.929001,27.698999,27.698999,103114000,27.698999,0.003435585597858281,0.003435585597858281
2016-03-22 00:00:00+00:00,27.255501,28.138,27.252501,28.024,28.024,80012000,28.024,0.01166501053897219,0.01166501053897219
2016-03-23 00:00:00+00:00,28.049999,28.624001,27.905001,28.481501,28.481501,79674000,28.481501,0.01619350291148603,0.01619350291148603
2016-03-24 00:00:00+00:00,28.355499,29.1775,28.354,29.147499,29.147499,103710000,29.147499,0.023114322710377323,0.023114322710377323
2016-03-28 00:00:00+00:00,29.219999,29.237499,28.778,28.9935,28.9935,62430000,28.9935,-0.005297444584269642,-0.005297444584269642
2016-03-29 00:00:00+00:00,29.0075,29.7925,28.825001,29.693001,29.693001,87852000,29.693001,0.02383969453884625,0.02383969453884625
2016-03-30 00:00:00+00:00,29.835501,30.162001,29.75,29.9345,29.9345,77810000,29.9345,0.0081002999100069,0.0081002999100069
2016-03-31 00:00:00+00:00,29.964001,30.0375,29.6105,29.681999,29.681999,53636000,29.681999,-0.008470893598458812,-0.008470893598458812
2016-04-01 00:00:00+00:00,29.5245,29.9515,29.415001,29.924999,29.924999,58348000,29.924999,0.008153450243986822,0.008153450243986822
2016-04-04 00:00:00+00:00,29.950001,29.975,29.5275,29.6595,29.6595,49416000,29.6595,-0.00891173918030382,-0.00891173918030382
2016-04-05 00:00:00+00:00,29.5385,29.6735,29.262501,29.306999,29.306999,46178000,29.306999,-0.011956117629483216,-0.011956117629483216
2016-04-06 00:00:00+00:00,29.375999,30.119499,29.375,30.104,30.104,56998000,30.104,0.0268316920737624,0.0268316920737624
2016-04-07 00:00:00+00:00,29.938,29.98,29.454,29.571501,29.571501,63780000,29.571501,-0.01784695980871744,-0.01784695980871744
2016-04-08 00:00:00+00:00,29.716,29.893,29.450001,29.73,29.73,51838000,29.73,0.005345543527587693,0.005345543527587693
2016-04-11 00:00:00+00:00,29.806999,30.200001,29.745501,29.796499,29.796499,54086000,29.796499,0.002234266378181696,0.002234266378181696
2016-04-12 00:00:00+00:00,29.92,30.202999,29.615499,30.158501,30.158501,52822000,30.158501,0.012075936924890403,0.012075936924890403
2016-04-13 00:00:00+00:00,30.384001,30.8405,30.2645,30.740999,30.740999,84566000,30.740999,0.019130395642765537,0.019130395642765537
2016-04-14 00:00:00+00:00,30.7535,31.219,30.7535,31.0375,31.0375,70242000,31.0375,0.009598914878441176,0.009598914878441176
2016-04-15 00:00:00+00:00,31.096001,31.338499,30.9055,31.2945,31.2945,57754000,31.2945,0.008246212421616399,0.008246212421616399
2016-04-18 00:00:00+00:00,31.2675,31.882,31.247999,31.7675,31.7675,87218000,31.7675,0.015001391340651066,0.015001391340651066
2016-04-19 00:00:00+00:00,31.857,31.900499,31.040001,31.395,31.395,81118000,31.395,-0.01179511003047955,-0.01179511003047955
2016-04-20 00:00:00+00:00,31.5,31.827499,31.15,31.6495,31.6495,52188000,31.6495,0.00807370611101642,0.00807370611101642
2016-04-21 00:00:00+00:00,31.549999,31.891001,31.424999,31.549999,31.549999,51926000,31.549999,-0.0031487933855886066,-0.0031487933855886066
2016-04-22 00:00:00+00:00,31.223499,31.4125,30.577999,31.025,31.025,101678000,31.025,-0.016780226200829713,-0.016780226200829713
2016-04-25 00:00:00+00:00,30.8305,31.349001,30.8125,31.309999,31.309999,53658000,31.309999,0.009144172308965198,0.009144172308965198
2016-04-26 00:00:00+00:00,31.3085,31.3375,30.743999,30.844,30.844,50428000,30.844,-0.014995261428921831,-0.014995261428921831
2016-04-27 00:00:00+00:00,30.59,30.797501,30.063999,30.328501,30.328501,81376000,30.328501,-0.016854344505099886,-0.016854344505099886
2016-04-28 00:00:00+00:00,30.777,31.34,29.959999,30.1,30.1,157452000,30.1,-0.007562725710784286,-0.007562725710784286
2016-04-29 00:00:00+00:00,33.299999,33.499001,32.700001,32.9795,32.9795,206214000,32.9795,0.09136098455824149,0.09136098455824149
2016-05-02 00:00:00+00:00,33.195999,34.275002,33.101501,34.192501,34.192501,131570000,34.192501,0.036120194706676795,0.036120194706676795
2016-05-03 00:00:00+00:00,33.868,34.014999,33.5215,33.566002,33.566002,98468000,33.566002,-0.018492641549659766,-0.018492641549659766
2016-05-04 00:00:00+00:00,33.129501,33.700001,33.106998,33.544998,33.544998,92710000,33.544998,-0.0006259480766430509,-0.0006259480766430509
2016-05-05 00:00:00+00:00,33.665501,33.824501,32.799999,32.954498,32.954498,97682000,32.954498,-0.017759999898123366,-0.017759999898123366
2016-05-06 00:00:00+00:00,32.802502,33.8475,32.800499,33.697498,33.697498,87306000,33.697498,0.022295829783379798,0.022295829783379798
2016-05-09 00:00:00+00:00,33.697498,34.348999,33.570499,33.987499,33.987499,79644000,33.987499,0.008569189257304776,0.008569189257304776
2016-05-10 00:00:00+00:00,34.700001,35.227501,34.674999,35.1535,35.1535,122112000,35.1535,0.033731406021047385,0.033731406021047385
2016-05-11 00:00:00+00:00,35.289501,35.950001,35.0825,35.661499,35.661499,146764000,35.661499,0.014347460889016317,0.014347460889016317
2016-05-12 00:00:00+00:00,35.868999,36.122501,35.5755,35.8965,35.8965,100964000,35.8965,0.006568150259196087,0.006568150259196087
2016-05-13 00:00:00+00:00,35.731998,35.962502,35.3255,35.495998,35.495998,95268000,35.495998,-0.011219839973036657,-0.011219839973036657
2016-05-16 00:00:00+00:00,35.5065,35.662498,35.014,35.533001,35.533001,108658000,35.533001,0.0010419125672172815,0.0010419125672172815
2016-05-17 00:00:00+00:00,35.494999,35.723499,34.695499,34.7635,34.7635,102428000,34.7635,-0.021893884522407123,-0.021893884522407123
2016-05-18 00:00:00+00:00,34.478001,35.126999,34.438,34.872501,34.872501,85664000,34.872501,0.0031305958831034934,0.0031305958831034934
2016-05-19 00:00:00+00:00,34.594002,34.970001,34.478001,34.925999,34.925999,60512000,34.925999,0.0015329272255447187,0.0015329272255447187
2016-05-20 00:00:00+00:00,35.052502,35.362,35.0,35.139999,35.139999,58324000,35.139999,0.006108545415664324,0.006108545415664324
2016-05-23 00:00:00+00:00,35.212502,35.299999,34.820999,34.837502,34.837502,51902000,34.837502,-0.0086456040838869,-0.0086456040838869
2016-05-24 00:00:00+00:00,34.900501,35.375,34.900002,35.209999,35.209999,60676000,35.209999,0.010635654548472578,0.010635654548472578
2016-05-25 00:00:00+00:00,35.400002,35.542999,35.276001,35.4175,35.4175,65354000,35.4175,0.005875943505430519,0.005875943505430519
2016-05-26 00:00:00+00:00,35.4165,35.75,35.364498,35.745499,35.745499,48934000,35.745499,0.009218310844411272,0.009218310844411272
2016-05-27 00:00:00+00:00,35.75,35.830002,35.555,35.612,35.612,44984000,35.612,-0.0037416994043554127,-0.0037416994043554127
2016-05-31 00:00:00+00:00,35.616501,36.211498,35.566002,36.1395,36.1395,72366000,36.1395,0.014703790271174312,0.014703790271174312
2016-06-01 00:00:00+00:00,36.044998,36.321499,35.910999,35.972,35.972,65262000,35.972,-0.004645591930330063,-0.004645591930330063
2016-06-02 00:00:00+00:00,36.0485,36.414001,35.775002,36.411999,36.411999,60532000,36.411999,0.012157505127299375,0.012157505127299375
2016-06-03 00:00:00+00:00,36.337002,36.349998,35.921501,36.277,36.277,67346000,36.277,-0.0037144315390856735,-0.0037144315390856735
2016-06-06 00:00:00+00:00,36.325001,36.575001,36.221001,36.336498,36.336498,54096000,36.336498,0.0016387590449177833,0.0016387590449177833
2016-06-07 00:00:00+00:00,36.494499,36.5,36.0275,36.187,36.187,54650000,36.187,-0.004122752373375228,-0.004122752373375228
2016-06-08 00:00:00+00:00,36.32,36.471001,36.080002,36.332001,36.332001,44468000,36.332001,0.003998984851887178,0.003998984851887178
2016-06-09 00:00:00+00:00,36.154999,36.445499,36.115002,36.3825,36.3825,43406000,36.3825,0.001388966641431755,0.001388966641431755
2016-06-10 00:00:00+00:00,36.1175,36.249001,35.710499,35.8955,35.8955,68514000,35.8955,-0.013475950357266953,-0.013475950357266953
2016-06-13 00:00:00+00:00,35.7005,36.099499,35.557999,35.762001,35.762001,67044000,35.762001,-0.0037260343324246005,-0.0037260343324246005
2016-06-14 00:00:00+00:00,35.616501,36.040501,35.613499,35.965,35.965,50138000,35.965,0.005660338203666892,0.005660338203666892
2016-06-15 00:00:00+00:00,36.099998,36.127998,35.6675,35.713001,35.713001,54188000,35.713001,-0.007031447159394511,-0.007031447159394511
2016-06-16 00:00:00+00:00,35.602501,35.900002,35.264999,35.8755,35.8755,61960000,35.8755,0.004539815104966958,0.004539815104966958
2016-06-17 00:00:00+00:00,35.9095,35.91,34.959,35.3195,35.3195,117956000,35.3195,-0.015619391914724882,-0.015619391914724882
2016-06-20 00:00:00+00:00,35.674999,36.065498,35.540501,35.7005,35.7005,73544000,35.7005,0.01072947493958926,0.01072947493958926
2016-06-21 00:00:00+00:00,35.785999,35.919998,35.636002,35.791,35.791,42750000,35.791,0.00253177086341878,0.00253177086341878
2016-06-22 00:00:00+00:00,35.828999,35.849998,35.378502,35.529999,35.529999,45210000,35.529999,-0.007319083265469526,-0.007319083265469526
2016-06-23 00:00:00+00:00,35.775002,36.105999,35.625,36.104,36.104,56500000,36.104,0.01602628063699422,0.01602628063699422
2016-06-24 00:00:00+00:00,34.650002,35.626499,34.610001,34.948002,34.948002,152650000,34.948002,-0.03254236286097197,-0.03254236286097197
2016-06-27 00:00:00+00:00,34.600498,34.841,34.105999,34.568001,34.568001,111360000,34.568001,-0.01093287210560756,-0.01093287210560756
2016-06-28 00:00:00+00:00,35.0,35.400002,34.908501,35.397499,35.397499,80740000,35.397499,0.023712740368285443,0.023712740368285443
2016-06-29 00:00:00+00:00,35.787498,35.974998,35.676998,35.779999,35.779999,61402000,35.779999,0.010747882205592156,0.010747882205592156
2016-06-30 00:00:00+00:00,35.860001,35.968498,35.626999,35.780998,35.780998,57102000,35.780998,2.7920237054879965e-05,2.7920237054879965e-05
2016-07-01 00:00:00+00:00,35.866001,36.400002,35.827,36.284,36.284,58408000,36.284,0.013959902383644716,0.013959902383644716
2016-07-05 00:00:00+00:00,36.139999,36.478001,35.980499,36.404999,36.404999,48628000,36.404999,0.0033292276252220405,0.0033292276252220405
2016-07-06 00:00:00+00:00,36.2855,36.8885,36.129002,36.880501,36.880501,78764000,36.880501,0.012976882816902268,0.012976882816902268
2016-07-07 00:00:00+00:00,36.966499,36.977501,36.581501,36.828499,36.828499,58916000,36.828499,-0.0014110083877887157,-0.0014110083877887157
2016-07-08 00:00:00+00:00,37.007,37.305,36.900002,37.290501,37.290501,68584000,37.290501,0.012466654530773506,0.012466654530773506
2016-07-11 00:00:00+00:00,37.5,37.794998,37.349998,37.688999,37.688999,63906000,37.688999,0.010629618819643038,0.010629618819643038
2016-07-12 00:00:00+00:00,37.842999,37.867001,37.016499,37.4105,37.4105,112474000,37.4105,-0.007416834476393065,-0.007416834476393065
2016-07-13 00:00:00+00:00,37.338001,37.843498,37.0625,37.1315,37.1315,82846000,37.1315,-0.007485747708554021,-0.007485747708554021
2016-07-14 00:00:00+00:00,37.443001,37.452,36.951,37.060001,37.060001,47810000,37.060001,-0.001927418132018853,-0.001927418132018853
2016-07-15 00:00:00+00:00,37.327499,37.327499,36.702499,36.771999,36.771999,62428000,36.771999,-0.007801589033580436,-0.007801589033580436
2016-07-18 00:00:00+00:00,36.774502,37.080002,36.436001,36.803501,36.803501,59098000,36.803501,0.0008563177124172522,0.0008563177124172522
2016-07-19 00:00:00+00:00,36.625,37.1665,36.615501,36.997501,36.997501,44336000,36.997501,0.005257393303398396,0.005257393303398396
2016-07-20 00:00:00+00:00,37.200001,37.3125,37.035,37.285999,37.285999,44280000,37.285999,0.007767524430832621,0.007767524430832621
2016-07-21 00:00:00+00:00,37.375,37.467999,37.1395,37.2215,37.2215,46342000,37.2215,-0.0017313429380193983,-0.0017313429380193983
2016-07-22 00:00:00+00:00,37.3895,37.563999,37.176498,37.243,37.243,45554000,37.243,0.0005774563878747006,0.0005774563878747006
2016-07-25 00:00:00+00:00,37.327499,37.424999,36.767502,36.980499,36.980499,53586000,36.980499,-0.007073288055046199,-0.007073288055046199
2016-07-26 00:00:00+00:00,37.135502,37.156502,36.637501,36.779499,36.779499,50594000,36.779499,-0.0054501220984014,-0.0054501220984014
2016-07-27 00:00:00+00:00,36.898499,37.047001,36.693001,36.8335,36.8335,58262000,36.8335,0.001467159616379258,0.001467159616379258
2016-07-28 00:00:00+00:00,37.299,37.667999,36.985001,37.630501,37.630501,152352000,37.630501,0.021407161195715167,0.021407161195715167
2016-07-29 00:00:00+00:00,38.25,38.299999,37.75,37.940498,37.940498,135542000,37.940498,0.008204172047072217,0.008204172047072217
2016-08-01 00:00:00+00:00,37.9935,38.525002,37.853001,38.387001,38.387001,71564000,38.387001,0.011699796250207289,0.011699796250207289
2016-08-02 00:00:00+00:00,38.190498,38.2505,37.851002,38.028999,38.028999,72066000,38.028999,-0.009369886390846585,-0.009369886390846585
2016-08-03 00:00:00+00:00,37.853001,37.9445,37.612499,37.731998,37.731998,71630000,37.731998,-0.007840512486287842,-0.007840512486287842
2016-08-04 00:00:00+00:00,37.685001,38.25,37.517502,38.038502,38.038502,63564000,38.038502,0.008090369519173416,0.008090369519173416
2016-08-05 00:00:00+00:00,38.240501,38.4235,38.154499,38.299,38.299,54088000,38.299,0.006824928883790573,0.006824928883790573
2016-08-08 00:00:00+00:00,38.3405,38.349998,38.050999,38.327999,38.327999,39726000,38.327999,0.0007568873050712436,0.0007568873050712436
2016-08-09 00:00:00+00:00,38.369499,38.630001,38.345001,38.415501,38.415501,37522000,38.415501,0.0022803765248754202,0.0022803765248754202
2016-08-10 00:00:00+00:00,38.490002,38.605,38.309502,38.428001,38.428001,32086000,38.428001,0.0003253365550742011,0.0003253365550742011
2016-08-11 00:00:00+00:00,38.497002,38.6875,38.456001,38.562,38.562,40394000,38.562,0.0034809490470205508,0.0034809490470205508
2016-08-12 00:00:00+00:00,38.423,38.657501,38.421001,38.627998,38.627998,31266000,38.627998,0.0017100147115521552,0.0017100147115521552
2016-08-15 00:00:00+00:00,38.595001,38.602001,38.385502,38.4245,38.4245,42370000,38.4245,-0.005282073350501773,-0.005282073350501773
2016-08-16 00:00:00+00:00,38.431,38.436501,38.191002,38.202,38.202,32092000,38.202,-0.005807406715311152,-0.005807406715311152
2016-08-17 00:00:00+00:00,38.220501,38.261002,37.959999,38.231499,38.231499,37822000,38.231499,0.000771886721152152,0.000771886721152152
2016-08-18 00:00:00+00:00,38.200001,38.258499,38.029999,38.223,38.223,29176000,38.223,-0.00022232831674199338,-0.00022232831674199338
2016-08-19 00:00:00+00:00,38.095001,38.1245,37.844501,37.865501,37.865501,46864000,37.865501,-0.009396994972936452,-0.009396994972936452
2016-08-22 00:00:00+00:00,37.875,37.9925,37.605,37.973999,37.973999,33586000,37.973999,0.002861254992998697,0.002861254992998697
2016-08-23 00:00:00+00:00,38.165501,38.235001,38.049999,38.122501,38.122501,30482000,38.122501,0.003902996550842437,0.003902996550842437
2016-08-24 00:00:00+00:00,38.150002,38.170502,37.768002,37.862499,37.862499,34882000,37.862499,-0.006843535296259697,-0.006843535296259697
2016-08-25 00:00:00+00:00,37.799999,38.028,37.737,37.960999,37.960999,32460000,37.960999,0.0025981406294126644,0.0025981406294126644
2016-08-26 00:00:00+00:00,38.002499,38.5,37.990002,38.450001,38.450001,55536000,38.450001,0.01279943138804397,0.01279943138804397
2016-08-29 00:00:00+00:00,38.436001,38.749001,38.43,38.564499,38.564499,43972000,38.564499,0.0029734162880584495,0.0029734162880584495
2016-08-30 00:00:00+00:00,38.552502,38.591999,38.278,38.379002,38.379002,34184000,38.379002,-0.004821651132675187,-0.004821651132675187
2016-08-31 00:00:00+00:00,38.330002,38.481998,38.200001,38.458,38.458,32676000,38.458,0.002056249613557079,0.002056249613557079
2016-09-01 00:00:00+00:00,38.544998,38.602001,38.337502,38.530998,38.530998,35846000,38.530998,0.0018963234688499835,0.0018963234688499835
2016-09-02 00:00:00+00:00,38.705502,38.799999,38.584999,38.622002,38.622002,43636000,38.622002,0.002359053885244494,0.002359053885244494
2016-09-06 00:00:00+00:00,38.702,39.473999,38.511002,39.443501,39.443501,74396000,39.443501,0.021047179460800067,0.021047179460800067
2016-09-07 00:00:00+00:00,39.476501,39.539501,39.216499,39.223999,39.223999,48492000,39.223999,-0.005580514688953184,-0.005580514688953184
2016-09-08 00:00:00+00:00,39.1945,39.325001,39.071999,39.202999,39.202999,40610000,39.202999,-0.0005355298822451,-0.0005355298822451
2016-09-09 00:00:00+00:00,38.967999,39.049999,38.005501,38.007,38.007,85146000,38.007,-0.03098289568406569,-0.03098289568406569
2016-09-12 00:00:00+00:00,37.8675,38.632999,37.799999,38.574501,38.574501,62494000,38.574501,0.01482110903825588,0.01482110903825588
2016-09-13 00:00:00+00:00,38.438499,38.494499,37.952499,38.050499,38.050499,62344000,38.050499,-0.013677263781319888,-0.013677263781319888
2016-09-14 00:00:00+00:00,38.110001,38.375,37.942501,38.054501,38.054501,50460000,38.054501,0.00010517048823828126,0.00010517048823828126
2016-09-15 00:00:00+00:00,38.099998,38.543499,37.879002,38.484501,38.484501,60680000,38.484501,0.011236219778335478,0.011236219778335478
2016-09-16 00:00:00+00:00,38.664001,39.022999,38.583,38.925999,38.925999,109984000,38.925999,0.011406793319076961,0.011406793319076961
2016-09-19 00:00:00+00:00,38.998501,39.097,38.549999,38.755001,38.755001,45944000,38.755001,-0.004402576594016013,-0.004402576594016013
2016-09-20 00:00:00+00:00,38.799999,39.068501,38.799999,39.011002,39.011002,38744000,39.011002,0.006583903373705796,0.006583903373705796
2016-09-21 00:00:00+00:00,39.162498,39.5345,38.9505,39.487,39.487,54372000,39.487,0.012127794902849907,0.012127794902849907
2016-09-22 00:00:00+00:00,39.713501,40.294498,39.713501,40.235001,40.235001,81578000,40.235001,0.01876578463892618,0.01876578463892618
2016-09-23 00:00:00+00:00,40.156502,40.387501,40.105999,40.287498,40.287498,47070000,40.287498,0.0013039090462868019,0.0013039090462868019
2016-09-26 00:00:00+00:00,40.09,40.296501,39.857498,39.958,39.958,53028000,39.958,-0.008212295020608293,-0.008212295020608293
2016-09-27 00:00:00+00:00,40.092499,40.832001,40.0555,40.8055,40.8055,76392000,40.8055,0.020987973768695507,0.020987973768695507
2016-09-28 00:00:00+00:00,40.900002,41.507,40.851501,41.436001,41.436001,88442000,41.436001,0.015333216083006253,0.015333216083006253
2016-09-29 00:00:00+00:00,41.412998,41.875,41.231499,41.452499,41.452499,98444000,41.452499,0.00039807693993426733,0.00039807693993426733
2016-09-30 00:00:00+00:00,41.630501,41.997501,41.619999,41.865501,41.865501,88612000,41.865501,0.009913953352302012,0.009913953352302012
2016-10-03 00:00:00+00:00,41.799999,41.993,41.5625,41.837002,41.837002,55388000,41.837002,-0.0006809593519865367,-0.0006809593519865367
2016-10-04 00:00:00+00:00,42.045502,42.1185,41.513,41.7015,41.7015,59006000,41.7015,-0.003244063888880136,-0.003244063888880136
2016-10-05 00:00:00+00:00,41.900002,42.283501,41.806,42.217999,42.217999,69382000,42.217999,0.012309547316470727,0.012309547316470727
2016-10-06 00:00:00+00:00,42.185001,42.3605,42.029999,42.083,42.083,53680000,42.083,-0.0032027880333885526,-0.0032027880333885526
2016-10-07 00:00:00+00:00,42.289501,42.297501,41.872501,41.9715,41.9715,48524000,41.9715,-0.0026530421429101325,-0.0026530421429101325
2016-10-10 00:00:00+00:00,42.162498,42.259998,42.0135,42.085499,42.085499,36542000,42.085499,0.002712423028405898,0.002712423028405898
2016-10-11 00:00:00+00:00,42.050999,42.064499,41.4175,41.549999,41.549999,71764000,41.549999,-0.012805742315338146,-0.012805742315338146
2016-10-12 00:00:00+00:00,41.700001,41.883499,41.505001,41.704498,41.704498,47608000,41.704498,0.003711491461034477,0.003711491461034477
2016-10-13 00:00:00+00:00,41.450001,41.59,41.060501,41.464001,41.464001,61828000,41.464001,-0.005783383690390903,-0.005783383690390903
2016-10-14 00:00:00+00:00,41.754002,41.786999,41.147999,41.147999,41.147999,59996000,41.147999,-0.007650306038446233,-0.007650306038446233
2016-10-17 00:00:00+00:00,41.075001,41.099998,40.584,40.647499,40.647499,67230000,40.647499,-0.012237990080451696,-0.012237990080451696
2016-10-18 00:00:00+00:00,41.105499,41.162998,40.750999,40.8825,40.8825,50250000,40.8825,0.005764789738594722,0.005764789738594722
2016-10-19 00:00:00+00:00,41.02,41.033501,40.758499,40.884499,40.884499,41814000,40.884499,4.889503161046049e-05,4.889503161046049e-05
2016-10-20 00:00:00+00:00,40.699501,40.7855,40.154999,40.515999,40.515999,63040000,40.515999,-0.009054060513075756,-0.009054060513075756
2016-10-21 00:00:00+00:00,40.467999,40.971001,40.450001,40.949501,40.949501,55860000,40.949501,0.010642691489704575,0.010642691489704575
2016-10-24 00:00:00+00:00,41.247501,41.915001,41.1105,41.904499,41.904499,81218000,41.904499,0.023053571232864174,0.023053571232864174
2016-10-25 00:00:00+00:00,41.965,42.154499,41.660999,41.758999,41.758999,64968000,41.758999,-0.003478222884934552,-0.003478222884934552
2016-10-26 00:00:00+00:00,41.638,41.672001,41.0,41.129501,41.129501,79962000,41.129501,-0.015189323075395979,-0.015189323075395979
2016-10-27 00:00:00+00:00,41.562,41.585999,40.7715,40.917999,40.917999,148128000,40.917999,-0.005155610310669226,-0.005155610310669226
2016-10-28 00:00:00+00:00,39.099998,39.474499,38.730499,38.816002,38.816002,216822000,38.816002,-0.052737455307729775,-0.052737455307729775
2016-10-31 00:00:00+00:00,39.051498,39.685001,39.005501,39.491001,39.491001,108266000,39.491001,0.01724023887993051,0.01724023887993051
2016-11-01 00:00:00+00:00,39.950001,40.042,38.835499,39.2705,39.2705,106108000,39.2705,-0.005599222292177268,-0.005599222292177268
2016-11-02 00:00:00+00:00,39.196499,39.237499,38.177502,38.278,38.278,100530000,38.278,-0.025598282258654455,-0.025598282258654455
2016-11-03 00:00:00+00:00,38.252499,38.849998,38.200001,38.351501,38.351501,77450000,38.351501,0.0019183479360165563,0.0019183479360165563
2016-11-04 00:00:00+00:00,38.1395,38.299999,37.661499,37.752499,37.752499,102442000,37.752499,-0.015741994372403215,-0.015741994372403215
2016-11-07 00:00:00+00:00,38.582001,39.386501,38.547001,39.246498,39.246498,119688000,39.246498,0.03881054513838408,0.03881054513838408
2016-11-08 00:00:00+00:00,39.248501,39.587002,38.955002,39.387501,39.387501,68252000,39.387501,0.0035863151542792912,0.0035863151542792912
2016-11-09 00:00:00+00:00,38.200001,38.875,38.004501,38.594002,38.594002,171258000,38.594002,-0.020351656676468582,-0.020351656676468582
2016-11-10 00:00:00+00:00,38.940498,38.941502,35.884998,37.118999,37.118999,254940000,37.118999,-0.03896793483612243,-0.03896793483612243
2016-11-11 00:00:00+00:00,36.786499,37.162998,36.445,36.9505,36.9505,132456000,36.9505,-0.0045497618571810235,-0.0045497618571810235
2016-11-14 00:00:00+00:00,37.275501,37.299999,35.505001,35.953499,35.953499,146426000,35.953499,-0.027352770047072497,-0.027352770047072497
2016-11-15 00:00:00+00:00,36.5,37.339001,36.2995,37.161999,37.161999,135116000,37.161999,0.03306029784604065,0.03306029784604065
2016-11-16 00:00:00+00:00,36.993999,37.4935,36.780499,37.324501,37.324501,72976000,37.324501,0.004363267378940477,0.004363267378940477
2016-11-17 00:00:00+00:00,37.466,37.875,37.400002,37.82,37.82,73802000,37.82,0.013188088950016701,0.013188088950016701
2016-11-18 00:00:00+00:00,38.049999,38.387001,37.882,38.007999,38.007999,87468000,38.007999,0.0049585743440579075,0.0049585743440579075
2016-11-21 00:00:00+00:00,38.299999,39.017502,38.255501,39.0,39.0,92292000,39.0,0.025765008555277153,0.025765008555277153
2016-11-22 00:00:00+00:00,39.408501,39.619999,39.049999,39.266499,39.266499,106226000,39.266499,0.00681006646154777,0.00681006646154777
2016-11-23 00:00:00+00:00,39.086498,39.087502,38.655998,39.006001,39.006001,70806000,39.006001,-0.006656206503726471,-0.006656206503726471
2016-11-25 00:00:00+00:00,39.325001,39.337502,38.895,39.018501,39.018501,36742000,39.018501,0.0003204121727542894,0.0003204121727542894
2016-11-28 00:00:00+00:00,38.849499,38.849998,38.212002,38.338501,38.338501,88776000,38.338501,-0.01758127895530506,-0.01758127895530506
2016-11-29 00:00:00+00:00,38.400002,38.494499,38.066002,38.125999,38.125999,65446000,38.125999,-0.005558201441952558,-0.005558201441952558
2016-11-30 00:00:00+00:00,38.099998,38.404499,37.512501,37.5285,37.5285,92518000,37.5285,-0.01579579354035716,-0.01579579354035716
2016-12-01 00:00:00+00:00,37.620499,37.668499,36.901501,37.182499,37.182499,93320000,37.182499,-0.009262450732363937,-0.009262450732363937
2016-12-02 00:00:00+00:00,37.169998,37.4245,36.834999,37.016998,37.016998,71226000,37.016998,-0.004460981034968042,-0.004460981034968042
2016-12-05 00:00:00+00:00,37.25,38.074501,37.099998,37.967999,37.967999,86294000,37.967999,0.025366460800163446,0.025366460800163446
2016-12-06 00:00:00+00:00,38.199501,38.411999,37.862499,38.236,38.236,75894000,38.236,0.007033806846077493,0.007033806846077493
2016-12-07 00:00:00+00:00,38.227501,38.521,37.791,38.521,38.521,73698000,38.521,0.007426066931419059,0.007426066931419059
2016-12-08 00:00:00+00:00,38.593498,38.689499,38.259499,38.366501,38.366501,63792000,38.366501,-0.004018838066891767,-0.004018838066891767
2016-12-09 00:00:00+00:00,38.5,38.512501,38.266998,38.432999,38.432999,49418000,38.432999,0.0017317304570563504,0.0017317304570563504
2016-12-12 00:00:00+00:00,38.32,38.344501,37.860001,38.006001,38.006001,59278000,38.006001,-0.011172371212299227,-0.011172371212299227
2016-12-13 00:00:00+00:00,38.248001,39.123001,38.099998,38.716999,38.716999,105706000,38.716999,0.01853468592860595,0.01853468592860595
2016-12-14 00:00:00+00:00,38.912498,39.042999,38.140499,38.441002,38.441002,109096000,38.441002,-0.007154103879748177,-0.007154103879748177
2016-12-15 00:00:00+00:00,38.313999,38.455002,38.015499,38.049999,38.049999,76038000,38.049999,-0.010223592333172781,-0.010223592333172781
2016-12-16 00:00:00+00:00,38.25,38.2565,37.700001,37.8885,37.8885,96964000,37.8885,-0.004253422061481422,-0.004253422061481422
2016-12-19 00:00:00+00:00,37.9445,38.525002,37.807999,38.299999,38.299999,62264000,38.299999,0.010802234111935137,0.010802234111935137
2016-12-20 00:00:00+00:00,38.432499,38.719501,38.385502,38.561001,38.561001,54072000,38.561001,0.00679155887203067,0.00679155887203067
2016-12-21 00:00:00+00:00,38.5,38.561001,38.285,38.529999,38.529999,40892000,38.529999,-0.000804296264706595,-0.000804296264706595
2016-12-22 00:00:00+00:00,38.405998,38.560501,38.151001,38.317001,38.317001,50872000,38.317001,-0.005543444648409624,-0.005543444648409624
2016-12-23 00:00:00+00:00,38.227501,38.325001,37.899502,38.029499,38.029499,39632000,38.029499,-0.00753153999261094,-0.00753153999261094
2016-12-27 00:00:00+00:00,38.169998,38.732498,38.060001,38.57,38.57,52774000,38.57,0.01411262417689337,0.01411262417689337
2016-12-28 00:00:00+00:00,38.8125,39.0,38.525002,38.606499,38.606499,66020000,38.606499,0.000945857954016279,0.000945857954016279
2016-12-29 00:00:00+00:00,38.619999,38.669998,38.0425,38.2575,38.2575,63166000,38.2575,-0.009081010691098587,-0.009081010691098587
2016-12-30 00:00:00+00:00,38.323502,38.369999,37.414001,37.4935,37.4935,82788000,37.4935,-0.020172034863980923,-0.020172034863980923
2017-01-03 00:00:00+00:00,37.896,37.938,37.384998,37.683498,37.683498,70422000,37.683498,0.0050546951751476,0.0050546951751476
2017-01-04 00:00:00+00:00,37.919498,37.984001,37.709999,37.859001,37.859001,50210000,37.859001,0.004646478951023914,0.004646478951023914
2017-01-05 00:00:00+00:00,38.077499,39.119999,38.013,39.022499,39.022499,116602000,39.022499,0.03026961847894493,0.03026961847894493
2017-01-06 00:00:00+00:00,39.118,39.972,38.924,39.7995,39.7995,119724000,39.7995,0.019715972173219187,0.019715972173219187
2017-01-09 00:00:00+00:00,39.900002,40.088501,39.588501,39.846001,39.846001,68922000,39.846001,0.00116769948584434,0.00116769948584434
2017-01-10 00:00:00+00:00,39.830002,39.900002,39.477001,39.794998,39.794998,51168000,39.794998,-0.0012808228830120095,-0.0012808228830120095
2017-01-11 00:00:00+00:00,39.682999,39.974998,39.475498,39.951,39.951,59856000,39.951,0.003912477187876129,0.003912477187876129
2017-01-12 00:00:00+00:00,40.015499,40.706501,39.974998,40.681999,40.681999,97478000,40.681999,0.018132006411281664,0.018132006411281664
2017-01-13 00:00:00+00:00,40.716,41.0825,40.57,40.856998,40.856998,75838000,40.856998,0.004292406704309309,0.004292406704309309
2017-01-17 00:00:00+00:00,40.785,40.799999,40.172001,40.486,40.486,73410000,40.486,-0.0091218809643231,-0.0091218809643231
2017-01-18 00:00:00+00:00,40.474998,40.586498,40.213501,40.374001,40.374001,47084000,40.374001,-0.002770197136734535,-0.002770197136734535
2017-01-19 00:00:00+00:00,40.5,40.675499,40.366001,40.452,40.452,50816000,40.452,0.0019300478372730006,0.0019300478372730006
2017-01-20 00:00:00+00:00,40.764,40.800999,40.313,40.4165,40.4165,67524000,40.4165,-0.0008779686102837986,-0.0008779686102837986
2017-01-23 00:00:00+00:00,40.34,40.924999,40.254002,40.894001,40.894001,55950000,40.894001,0.01174526004468724,0.01174526004468724
2017-01-24 00:00:00+00:00,41.099998,41.199501,40.724998,41.122002,41.122002,59434000,41.122002,0.005559929257848064,0.005559929257848064
2017-01-25 00:00:00+00:00,41.289501,41.870998,41.2645,41.826,41.826,78452000,41.826,0.016974849000141227,0.016974849000141227
2017-01-26 00:00:00+00:00,41.776501,42.192001,41.650002,41.9575,41.9575,71726000,41.9575,0.0031390454678806596,0.0031390454678806596
2017-01-27 00:00:00+00:00,41.950001,41.985001,41.472,41.788502,41.788502,59974000,41.788502,-0.004035971279000186,-0.004035971279000186
2017-01-30 00:00:00+00:00,41.650002,41.674999,40.819,41.519001,41.519001,74946000,41.519001,-0.006470052046668689,-0.006470052046668689
2017-01-31 00:00:00+00:00,41.1875,41.349499,40.978001,41.174,41.174,62744000,41.174,-0.008344188687411887,-0.008344188687411887
2017-02-01 00:00:00+00:00,41.460499,41.688999,41.247002,41.6175,41.6175,77004000,41.6175,0.010713762698912319,0.010713762698912319
2017-02-02 00:00:00+00:00,41.829498,42.1245,41.412998,41.997501,41.997501,147010000,41.997501,0.009089364627144197,0.009089364627144197
2017-02-03 00:00:00+00:00,40.335999,40.915001,40.200001,40.509998,40.509998,217376000,40.509998,-0.036061308669100865,-0.036061308669100865
2017-02-06 00:00:00+00:00,40.490002,40.535999,40.150002,40.382,40.382,77946000,40.382,-0.0031646667158899055,-0.0031646667158899055
2017-02-07 00:00:00+00:00,40.4655,40.807999,40.375,40.625,40.625,69322000,40.625,0.0059994995217191975,0.0059994995217191975
2017-02-08 00:00:00+00:00,40.634499,41.074001,40.625,40.9855,40.9855,57160000,40.9855,0.008834704965892259,0.008834704965892259
2017-02-09 00:00:00+00:00,41.080002,41.25,40.9855,41.068001,41.068001,49698000,41.068001,0.002010908170783051,0.002010908170783051
2017-02-10 00:00:00+00:00,41.191002,41.400002,41.142502,41.373001,41.373001,48592000,41.373001,0.007399264544085911,0.007399264544085911
2017-02-13 00:00:00+00:00,41.581001,42.150002,41.427502,41.8265,41.8265,83452000,41.8265,0.010901591617009416,0.010901591617009416
2017-02-14 00:00:00+00:00,41.849998,41.915501,41.572498,41.8195,41.8195,55848000,41.8195,-0.00016737202057117415,-0.00016737202057117415
2017-02-15 00:00:00+00:00,41.700001,42.140499,41.640999,42.134998,42.134998,59378000,42.134998,0.007515963830737934,0.007515963830737934
2017-02-16 00:00:00+00:00,42.091999,42.25,41.969002,42.207001,42.207001,54294000,42.207001,0.0017074059980991194,0.0017074059980991194
2017-02-17 00:00:00+00:00,42.099998,42.363499,42.036499,42.253502,42.253502,62246000,42.253502,0.0011011301862241044,0.0011011301862241044
2017-02-21 00:00:00+00:00,42.442001,42.898998,42.362499,42.821999,42.821999,70154000,42.821999,0.01336472792234044,0.01336472792234044
2017-02-22 00:00:00+00:00,42.8475,42.921501,42.609001,42.780499,42.780499,52340000,42.780499,-0.0009695979491450603,-0.0009695979491450603
2017-02-23 00:00:00+00:00,42.878502,43.042999,42.400002,42.609501,42.609501,69240000,42.609501,-0.004005111338103428,-0.004005111338103428
2017-02-24 00:00:00+00:00,42.234501,42.290501,41.887501,42.262001,42.262001,73760000,42.262001,-0.00818889577060047,-0.00818889577060047
2017-02-27 00:00:00+00:00,42.118999,42.625,41.983501,42.431999,42.431999,54272000,42.431999,0.004014410189624296,0.004014410189624296
2017-02-28 00:00:00+00:00,42.572498,42.704498,42.102501,42.251999,42.251999,55874000,42.251999,-0.004251104702881127,-0.004251104702881127
2017-03-01 00:00:00+00:00,42.6525,42.741501,42.4505,42.653999,42.653999,55202000,42.653999,0.009469366437543853,0.009469366437543853
2017-03-02 00:00:00+00:00,42.653999,42.741001,42.363998,42.445499,42.445499,42642000,42.445499,-0.0049001562194922734,-0.0049001562194922734
2017-03-03 00:00:00+00:00,42.360001,42.599499,42.313499,42.493999,42.493999,38822000,42.493999,0.001141989449264338,0.001141989449264338
2017-03-06 00:00:00+00:00,42.261501,42.4245,42.056,42.330502,42.330502,52208000,42.330502,-0.0038549522966881897,-0.0038549522966881897
2017-03-07 00:00:00+00:00,42.273998,42.423,42.1875,42.300999,42.300999,44952000,42.300999,-0.0006972108693932304,-0.0006972108693932304
2017-03-08 00:00:00+00:00,42.400002,42.6535,42.3395,42.525002,42.525002,45730000,42.525002,0.005281482518451253,0.005281482518451253
2017-03-09 00:00:00+00:00,42.549999,42.82,42.515499,42.650002,42.650002,40964000,42.650002,0.002935135517922332,0.002935135517922332
2017-03-10 00:00:00+00:00,42.849998,42.8675,42.585999,42.623001,42.623001,48728000,42.623001,-0.0006332836877432993,-0.0006332836877432993
2017-03-13 00:00:00+00:00,42.588501,42.7845,42.585499,42.7295,42.7295,38194000,42.7295,0.0024955110634475824,0.0024955110634475824
2017-03-14 00:00:00+00:00,42.677502,42.6875,42.377499,42.626499,42.626499,42612000,42.626499,-0.0024134460659527507,-0.0024134460659527507
2017-03-15 00:00:00+00:00,42.716499,42.7225,42.355499,42.648499,42.648499,51244000,42.648499,0.0005159777426928625,0.0005159777426928625
2017-03-16 00:00:00+00:00,42.764999,42.775002,42.525501,42.671001,42.671001,36846000,42.671001,0.0005274761460562238,0.0005274761460562238
2017-03-17 00:00:00+00:00,42.6745,42.691502,42.532001,42.615501,42.615501,67688000,42.615501,-0.00130149570055622,-0.00130149570055622
2017-03-20 00:00:00+00:00,42.5755,42.889999,42.550499,42.848499,42.848499,45654000,42.848499,0.005452554929775227,0.005452554929775227
2017-03-21 00:00:00+00:00,42.942001,43.139999,42.065498,42.16,42.16,87658000,42.16,-0.01619871102561758,-0.01619871102561758
2017-03-22 00:00:00+00:00,42.0215,42.468498,41.952499,42.403,42.403,53174000,42.403,0.005747210218789488,0.005747210218789488
2017-03-23 00:00:00+00:00,42.41,42.544498,42.240002,42.368999,42.368999,39060000,42.368999,-0.0008021752990220126,-0.0008021752990220126
2017-03-24 00:00:00+00:00,42.584,42.59,42.176498,42.280499,42.280499,42766000,42.280499,-0.0020909759499065763,-0.0020909759499065763
2017-03-27 00:00:00+00:00,41.9035,42.514999,41.674999,42.341,42.341,55116000,42.341,0.0014299205526655135,0.0014299205526655135
2017-03-28 00:00:00+00:00,42.587502,42.923,42.505001,42.799999,42.799999,60832000,42.799999,0.010782195467631707,0.010782195467631707
2017-03-29 00:00:00+00:00,42.952499,43.821999,42.951,43.716,43.716,89716000,43.716,0.021176088591162264,0.021176088591162264
2017-03-30 00:00:00+00:00,43.747501,43.853001,43.583,43.817001,43.817001,55254000,43.817001,0.002307724941915055,0.002307724941915055
2017-03-31 00:00:00+00:00,43.849998,44.517502,43.8325,44.327,44.327,79152000,44.327,0.011572079449391258,0.011572079449391258
2017-04-03 00:00:00+00:00,44.400002,44.6745,44.271,44.5755,44.5755,68446000,44.5755,0.0055904085304760145,0.0055904085304760145
2017-04-04 00:00:00+00:00,44.575001,45.426998,44.514,45.341499,45.341499,99694000,45.341499,0.017038325111172967,0.017038325111172967
2017-04-05 00:00:00+00:00,45.541,46.186001,45.280998,45.464001,45.464001,150168000,45.464001,0.002698120142862874,0.002698120142862874
2017-04-06 00:00:00+00:00,45.689999,45.859501,44.724499,44.914001,44.914001,126882000,44.914001,-0.012171253569123078,-0.012171253569123078
2017-04-07 00:00:00+00:00,44.982498,45.004501,44.4655,44.743999,44.743999,74218000,44.743999,-0.003792237251200723,-0.003792237251200723
2017-04-10 00:00:00+00:00,44.981499,45.425499,44.950001,45.352001,45.352001,63686000,45.352001,0.013496963901825258,0.013496963901825258
2017-04-11 00:00:00+00:00,45.352001,45.562,44.875,45.118,45.118,60254000,45.118,-0.0051730191055147385,-0.0051730191055147385
2017-04-12 00:00:00+00:00,45.154499,45.204498,44.762501,44.811501,44.811501,49122000,44.811501,-0.006816454741912165,-0.006816454741912165
2017-04-13 00:00:00+00:00,44.572498,44.748501,44.224499,44.233501,44.233501,63492000,44.233501,-0.012982382056553301,-0.012982382056553301
2017-04-17 00:00:00+00:00,44.375,45.118999,44.375,45.099499,45.099499,57094000,45.099499,0.019388694631714616,0.019388694631714616
2017-04-18 00:00:00+00:00,45.0495,45.480499,45.039001,45.188999,45.188999,59984000,45.188999,0.0019825344600272014,0.0019825344600272014
2017-04-19 00:00:00+00:00,45.391998,45.525002,44.8685,44.959999,44.959999,57404000,44.959999,-0.005080488916065822,-0.005080488916065822
2017-04-20 00:00:00+00:00,44.985001,45.265999,44.814499,45.103001,45.103001,56288000,45.103001,0.003175601971390169,0.003175601971390169
2017-04-21 00:00:00+00:00,45.133499,45.182499,44.838501,44.926498,44.926498,48410000,44.926498,-0.003921008738130466,-0.003921008738130466
2017-04-24 00:00:00+00:00,45.433998,45.4995,45.191002,45.370499,45.370499,62458000,45.370499,0.009834315495817782,0.009834315495817782
2017-04-25 00:00:00+00:00,45.352001,45.473999,45.150002,45.381001,45.381001,67612000,45.381001,0.00023144521130505444,0.00023144521130505444
2017-04-26 00:00:00+00:00,45.514999,45.787498,45.377998,45.4645,45.4645,52178000,45.4645,0.0018382643629963964,0.0018382643629963964
2017-04-27 00:00:00+00:00,45.719501,46.092999,45.605499,45.918999,45.918999,106110000,45.918999,0.009947151346404464,0.009947151346404464
2017-04-28 00:00:00+00:00,47.441502,47.4795,46.216499,46.2495,46.2495,147294000,46.2495,0.007171700095959778,0.007171700095959778
2017-05-01 00:00:00+00:00,46.389999,47.720001,46.389999,47.411499,47.411499,109330000,47.411499,0.02481414112716008,0.02481414112716008
2017-05-02 00:00:00+00:00,47.3325,47.505001,47.070499,47.347,47.347,76976000,47.347,-0.001361334564004981,-0.001361334564004981
2017-05-03 00:00:00+00:00,47.299999,47.299999,46.794998,47.051498,47.051498,71654000,47.051498,-0.006260755658072863,-0.006260755658072863
2017-05-04 00:00:00+00:00,47.237499,47.25,46.710999,46.876499,46.876499,48368000,46.876499,-0.003726241548333519,-0.003726241548333519
2017-05-05 00:00:00+00:00,47.026001,47.039501,46.514999,46.7075,46.7075,57328000,46.7075,-0.0036117110940794128,-0.0036117110940794128
2017-05-08 00:00:00+00:00,47.047501,47.452499,46.960499,47.452,47.452,68314000,47.452,0.015813922447001333,0.015813922447001333
2017-05-09 00:00:00+00:00,47.639999,47.894501,47.509998,47.640999,47.640999,65242000,47.640999,0.003975040241679585,0.003975040241679585
2017-05-10 00:00:00+00:00,47.674999,47.6875,47.25,47.447498,47.447498,41930000,47.447498,-0.00406991956345174,-0.00406991956345174
2017-05-11 00:00:00+00:00,47.255501,47.5145,47.039001,47.381001,47.381001,43882000,47.381001,-0.00140246891178824,-0.00140246891178824
2017-05-12 00:00:00+00:00,47.724998,48.1395,47.5765,48.067501,48.067501,72518000,48.067501,0.014384968303135407,0.014384968303135407
2017-05-15 00:00:00+00:00,47.936501,48.157501,47.803001,47.898499,47.898499,85412000,47.898499,-0.0035221260594589885,-0.0035221260594589885
2017-05-16 00:00:00+00:00,48.049999,48.502998,48.045502,48.303501,48.303501,62522000,48.303501,0.008419874694731337,0.008419874694731337
2017-05-17 00:00:00+00:00,47.735001,48.02,47.206001,47.237999,47.237999,102912000,47.237999,-0.022305410242716803,-0.022305410242716803
2017-05-18 00:00:00+00:00,47.240002,48.137501,47.237999,47.9245,47.9245,78786000,47.9245,0.014428223648117437,0.014428223648117437
2017-05-19 00:00:00+00:00,48.141998,48.445999,47.986,47.992001,47.992001,79442000,47.992001,0.0014074952784928544,0.0014074952784928544
2017-05-22 00:00:00+00:00,48.200001,48.569,48.145,48.533501,48.533501,52844000,48.533501,0.011219950571240278,0.011219950571240278
2017-05-23 00:00:00+00:00,48.750999,48.759998,48.342499,48.577,48.577,48312000,48.577,0.0008958661001917722,0.0008958661001917722
2017-05-24 00:00:00+00:00,48.799999,49.049999,48.511501,49.017502,49.017502,48920000,49.017502,0.009027250150163533,0.009027250150163533
2017-05-25 00:00:00+00:00,49.2425,49.950001,49.105499,49.668999,49.668999,96440000,49.668999,0.013203557897125968,0.013203557897125968
2017-05-26 00:00:00+00:00,49.75,49.932499,49.462502,49.789001,49.789001,69384000,49.789001,0.0024131202765480513,0.0024131202765480513
2017-05-30 00:00:00+00:00,49.8255,50.060001,49.776001,49.834999,49.834999,65262000,49.834999,0.0009234321703333234,0.0009234321703333234
2017-05-31 00:00:00+00:00,50.0,50.006001,49.108002,49.730999,49.730999,78262000,49.730999,-0.002089067350544478,-0.002089067350544478
2017-06-01 00:00:00+00:00,49.929501,49.949501,49.568501,49.797501,49.797501,49096000,49.797501,0.0013363410459646444,0.0013363410459646444
2017-06-02 00:00:00+00:00,49.949501,50.424,49.783501,50.336498,50.336498,75046000,50.336498,0.010765618293881205,0.010765618293881205
2017-06-05 00:00:00+00:00,50.3615,50.6605,50.175499,50.567001,50.567001,54398000,50.567001,0.004568789055702176,0.004568789055702176
2017-06-06 00:00:00+00:00,50.599998,50.825001,50.0625,50.150002,50.150002,66928000,50.150002,-0.008280655109901594,-0.008280655109901594
2017-06-07 00:00:00+00:00,50.297501,50.512501,50.099998,50.503502,50.503502,56460000,50.503502,0.007024126123305178,0.007024126123305178
2017-06-08 00:00:00+00:00,50.603001,50.6805,50.3055,50.5135,50.5135,55358000,50.5135,0.00019794687695533363,0.00019794687695533363
2017-06-09 00:00:00+00:00,50.625,50.649502,46.349998,48.915501,48.915501,152954000,48.915501,-0.03214628717464626,-0.03214628717464626
2017-06-12 00:00:00+00:00,48.349998,48.797501,47.25,48.245499,48.245499,188944000,48.245499,-0.013791801654329038,-0.013791801654329038
2017-06-13 00:00:00+00:00,48.899502,49.224998,48.305,49.039501,49.039501,91600000,49.039501,0.016323577749551375,0.016323577749551375
2017-06-14 00:00:00+00:00,49.429501,49.516998,48.335499,48.823502,48.823502,79498000,48.823502,-0.004414320920652592,-0.004414320920652592
2017-06-15 00:00:00+00:00,47.935001,48.286499,47.542999,48.2085,48.2085,107478000,48.2085,-0.012676441231791602,-0.012676441231791602
2017-06-16 00:00:00+00:00,49.799999,49.987499,49.099998,49.385502,49.385502,229454000,49.385502,0.024121545281599342,0.024121545281599342
2017-06-19 00:00:00+00:00,50.849998,50.849998,49.494999,49.758499,49.758499,100868000,49.758499,0.007524383846666188,0.007524383846666188
2017-06-20 00:00:00+00:00,49.900002,50.243999,49.601002,49.629501,49.629501,81536000,49.629501,-0.0025958480387362998,-0.0025958480387362998
2017-06-21 00:00:00+00:00,49.935001,50.136002,49.6325,50.1115,50.1115,58450000,50.1115,0.009665087522272542,0.009665087522272542
2017-06-22 00:00:00+00:00,50.1115,50.348,49.860001,50.064999,50.064999,45068000,50.064999,-0.0009283814827647666,-0.0009283814827647666
2017-06-23 00:00:00+00:00,50.126999,50.230999,49.901001,50.187,50.187,57582000,50.187,0.002433887831521107,0.002433887831521107
2017-06-26 00:00:00+00:00,50.424999,50.490002,49.599998,49.699001,49.699001,67724000,49.699001,-0.009771196720311796,-0.009771196720311796
2017-06-27 00:00:00+00:00,49.5345,49.939999,48.799999,48.839001,48.839001,75648000,48.839001,-0.017455637809089184,-0.017455637809089184
2017-06-28 00:00:00+00:00,48.927502,49.534,48.460499,49.516499,49.516499,74752000,49.516499,0.013776732681623936,0.013776732681623936
2017-06-29 00:00:00+00:00,48.950001,49.377998,48.262501,48.796501,48.796501,86060000,48.796501,-0.014647317700673752,-0.014647317700673752
2017-06-30 00:00:00+00:00,49.006001,49.1735,48.380501,48.400002,48.400002,67806000,48.400002,-0.008158754423903439,-0.008158754423903439
2017-07-03 00:00:00+00:00,48.6395,48.724499,47.549999,47.682999,47.682999,58182000,47.682999,-0.014924935775899095,-0.014924935775899095
2017-07-05 00:00:00+00:00,48.0765,48.75,47.762501,48.57,48.57,73060000,48.57,0.018431137088653286,0.018431137088653286
2017-07-06 00:00:00+00:00,48.233002,48.720001,47.951,48.257,48.257,65192000,48.257,-0.006465161375206011,-0.006465161375206011
2017-07-07 00:00:00+00:00,48.477501,49.005501,48.457001,48.938,48.938,52868000,48.938,0.014013295830045616,0.014013295830045616
2017-07-10 00:00:00+00:00,49.25,49.972,49.174999,49.823502,49.823502,70926000,49.823502,0.01793260960609839,0.01793260960609839
2017-07-11 00:00:00+00:00,49.650002,49.7995,49.186001,49.706501,49.706501,59654000,49.706501,-0.002351071041240065,-0.002351071041240065
2017-07-12 00:00:00+00:00,50.032501,50.427502,49.904999,50.3255,50.3255,72172000,50.3255,0.012376177518919399,0.012376177518919399
2017-07-13 00:00:00+00:00,50.230999,50.344002,49.794998,50.031502,50.031502,57616000,50.031502,-0.005859059859999878,-0.005859059859999878
2017-07-14 00:00:00+00:00,50.119999,50.2225,49.844501,50.0905,50.0905,42050000,50.0905,0.0011785223157762719,0.0011785223157762719
2017-07-17 00:00:00+00:00,50.234501,50.737499,50.190498,50.501999,50.501999,74252000,50.501999,0.008181550304250707,0.008181550304250707
2017-07-18 00:00:00+00:00,50.299999,51.301498,50.200001,51.2225,51.2225,80152000,51.2225,0.014165968982919181,0.014165968982919181
2017-07-19 00:00:00+00:00,51.25,51.579498,51.125,51.343498,51.343498,59280000,51.343498,0.0023594184913313283,0.0023594184913313283
2017-07-20 00:00:00+00:00,51.579498,51.748501,51.125999,51.435001,51.435001,61950000,51.435001,0.0017805868944588315,0.0017805868944588315
2017-07-21 00:00:00+00:00,51.063999,51.305,50.549999,51.283501,51.283501,54692000,51.283501,-0.0029498115121461346,-0.0029498115121461346
2017-07-24 00:00:00+00:00,51.417,52.150501,51.371498,51.947498,51.947498,65760000,51.947498,0.012864472178627247,0.012864472178627247
2017-07-25 00:00:00+00:00,51.9025,52.1665,51.624001,51.9935,51.9935,48952000,51.9935,0.0008851560767877594,0.0008851560767877594
2017-07-26 00:00:00+00:00,52.16,52.66,52.16,52.639999,52.639999,58426000,52.639999,0.012357557251824955,0.012357557251824955
2017-07-27 00:00:00+00:00,53.477501,54.165501,52.008999,52.299999,52.299999,219834000,52.299999,-0.006479916069683023,-0.006479916069683023
2017-07-28 00:00:00+00:00,50.606998,51.642502,50.049999,51.001999,51.001999,154188000,51.001999,-0.02513152391580725,-0.02513152391580725
2017-07-31 00:00:00+00:00,50.952499,50.952499,49.351002,49.389,49.389,147042000,49.389,-0.03213710070061639,-0.03213710070061639
2017-08-01 00:00:00+00:00,49.8055,50.32,49.578999,49.809502,49.809502,91452000,49.809502,0.008478041708846324,0.008478041708846324
2017-08-02 00:00:00+00:00,50.088501,50.1605,49.086498,49.794498,49.794498,81400000,49.794498,-0.00030127304352219693,-0.00030127304352219693
2017-08-03 00:00:00+00:00,49.973499,49.974998,49.2295,49.346001,49.346001,65116000,49.346001,-0.009047766837864613,-0.009047766837864613
2017-08-04 00:00:00+00:00,49.484001,49.5835,49.099998,49.379002,49.379002,54606000,49.379002,0.0006685439397585278,0.0006685439397585278
2017-08-07 00:00:00+00:00,49.532501,49.75,49.356998,49.613499,49.613499,53532000,49.613499,0.004737680859665247,0.004737680859665247
2017-08-08 00:00:00+00:00,49.717499,49.813999,49.289501,49.492001,49.492001,58056000,49.492001,-0.002451893403863039,-0.002451893403863039
2017-08-09 00:00:00+00:00,49.130001,49.400002,48.7635,49.100498,49.100498,71394000,49.100498,-0.007941883241783998,-0.007941883241783998
2017-08-10 00:00:00+00:00,48.814999,48.993,47.734001,47.846001,47.846001,113682000,47.846001,-0.025881636576452705,-0.025881636576452705
2017-08-11 00:00:00+00:00,48.0,48.519501,47.569,48.399502,48.399502,69360000,48.399502,0.011501983674674771,0.011501983674674771
2017-08-14 00:00:00+00:00,48.920502,49.275002,48.809502,49.165001,49.165001,63458000,49.165001,0.01569248415833902,0.01569248415833902
2017-08-15 00:00:00+00:00,49.445,49.587002,49.099998,49.137001,49.137001,50986000,49.137001,-0.0005696730521770658,-0.0005696730521770658
2017-08-16 00:00:00+00:00,49.0825,49.323002,48.660999,48.909,48.909,62642000,48.909,-0.004650906893987754,-0.004650906893987754
2017-08-17 00:00:00+00:00,48.891998,48.891998,48.015999,48.0285,48.0285,70248000,48.0285,-0.01816684391752496,-0.01816684391752496
2017-08-18 00:00:00+00:00,48.07,48.2715,47.732498,47.9235,47.9235,65696000,47.9235,-0.0021885951707531436,-0.0021885951707531436
2017-08-21 00:00:00+00:00,47.878502,48.060001,47.272999,47.664501,47.664501,63290000,47.664501,-0.005419082544120546,-0.005419082544120546
2017-08-22 00:00:00+00:00,47.776001,48.3965,47.775002,48.345001,48.345001,55000000,48.345001,0.014175917626944722,0.014175917626944722
2017-08-23 00:00:00+00:00,47.969002,48.099998,47.709999,47.900002,47.900002,53366000,47.900002,-0.009247278449650922,-0.009247278449650922
2017-08-24 00:00:00+00:00,47.870998,47.950001,47.056999,47.622501,47.622501,103914000,47.622501,-0.005810186541328654,-0.005810186541328654
2017-08-25 00:00:00+00:00,47.799999,47.881001,47.205002,47.263,47.263,66496000,47.263,-0.007577611256253033,-0.007577611256253033
2017-08-28 00:00:00+00:00,47.327,47.650002,47.112499,47.300999,47.300999,51934000,47.300999,0.0008036674093115239,0.0008036674093115239
2017-08-29 00:00:00+00:00,47.0,47.799999,46.816502,47.702999,47.702999,57486000,47.702999,0.0084628522530751,0.0084628522530751
2017-08-30 00:00:00+00:00,47.922001,48.470501,47.845501,48.379501,48.379501,58092000,48.379501,0.014081922913949493,0.014081922913949493
2017-08-31 00:00:00+00:00,48.735001,49.049999,48.638,49.029999,49.029999,66630000,49.029999,0.013356144318188927,0.013356144318188927
2017-09-01 00:00:00+00:00,49.209999,49.224998,48.844002,48.912498,48.912498,50718000,48.912498,-0.0023993886202786554,-0.0023993886202786554
2017-09-05 00:00:00+00:00,48.77,48.838501,48.018501,48.2635,48.2635,57664000,48.2635,-0.013357365250768654,-0.013357365250768654
2017-09-06 00:00:00+00:00,48.416,48.591999,48.029999,48.389999,48.389999,42598000,48.389999,0.0026175787433821754,0.0026175787433821754
2017-09-07 00:00:00+00:00,48.700001,49.029499,48.627499,48.973499,48.973499,51336000,48.973499,0.01198615493119189,0.01198615493119189
2017-09-08 00:00:00+00:00,48.955002,48.993999,48.1735,48.294998,48.294998,52106000,48.294998,-0.013951320851888244,-0.013951320851888244
2017-09-11 00:00:00+00:00,48.723,49.097,48.710999,48.897999,48.897999,43734000,48.897999,0.012408481179067657,0.012408481179067657
2017-09-12 00:00:00+00:00,49.163502,49.233501,48.776001,49.129002,49.129002,49622000,49.129002,0.004713057121962965,0.004713057121962965
2017-09-13 00:00:00+00:00,49.198502,50.0,48.971001,49.98,49.98,67494000,49.98,0.01717339288667186,0.01717339288667186
2017-09-14 00:00:00+00:00,49.84,49.928001,49.387001,49.6105,49.6105,78266000,49.6105,-0.007420420531454731,-0.007420420531454731
2017-09-15 00:00:00+00:00,49.650501,49.8125,49.2015,49.3395,49.3395,75204000,49.3395,-0.005477527591195127,-0.005477527591195127
2017-09-18 00:00:00+00:00,49.52,49.6395,48.408501,48.709499,48.709499,68226000,48.709499,-0.012850914880948385,-0.012850914880948385
2017-09-19 00:00:00+00:00,48.862499,48.911999,48.373001,48.493,48.493,53422000,48.493,-0.004454604773239547,-0.004454604773239547
2017-09-20 00:00:00+00:00,48.5895,48.740501,48.108002,48.6605,48.6605,57776000,48.6605,0.00344815505280576,0.00344815505280576
2017-09-21 00:00:00+00:00,48.565498,48.584999,48.101002,48.232498,48.232498,46752000,48.232498,-0.008834586453600822,-0.008834586453600822
2017-09-22 00:00:00+00:00,48.050499,48.280499,47.721001,47.755001,47.755001,52836000,47.755001,-0.009949231802256958,-0.009949231802256958
2017-09-25 00:00:00+00:00,47.4655,47.471001,46.644501,46.989498,46.989498,102480000,46.989498,-0.016159664493325933,-0.016159664493325933
2017-09-26 00:00:00+00:00,47.274502,47.431499,46.587502,46.93,46.93,71296000,46.93,-0.001267000127264036,-0.001267000127264036
2017-09-27 00:00:00+00:00,47.400002,47.764999,47.165001,47.543499,47.543499,62978000,47.543499,0.01298793059524323,0.01298793059524323
2017-09-28 00:00:00+00:00,47.592999,47.985001,47.505001,47.82,47.82,50452000,47.82,0.005798901628609248,0.005798901628609248
2017-09-29 00:00:00+00:00,48.005501,48.241501,47.918999,48.067501,48.067501,50876000,48.067501,0.005162331838253191,0.005162331838253191
2017-10-02 00:00:00+00:00,48.200001,48.365501,47.605999,47.959499,47.959499,48858000,47.959499,-0.002249409968851403,-0.002249409968851403
2017-10-03 00:00:00+00:00,47.900002,48.184502,47.518501,47.855,47.855,53332000,47.855,-0.002181278251710852,-0.002181278251710852
2017-10-04 00:00:00+00:00,47.710499,48.3895,47.702499,48.272499,48.272499,50548000,48.272499,0.008686413970958339,0.008686413970958339
2017-10-05 00:00:00+00:00,48.5,49.0755,48.481998,49.0425,49.0425,64584000,49.0425,0.01582524950257543,0.01582524950257543
2017-10-06 00:00:00+00:00,48.782001,49.787498,48.782001,49.479,49.479,75642000,49.479,0.008861068012721178,0.008861068012721178
2017-10-09 00:00:00+00:00,49.661999,49.924999,49.375,49.5495,49.5495,58772000,49.5495,0.001423832773603336,0.001423832773603336
2017-10-10 00:00:00+00:00,49.8335,49.897499,49.005001,49.360001,49.360001,61698000,49.360001,-0.003831770051276796,-0.003831770051276796
2017-10-11 00:00:00+00:00,49.563499,49.775002,49.334999,49.75,49.75,46742000,49.75,0.00787006374815035,0.00787006374815035
2017-10-12 00:00:00+00:00,49.8405,50.422001,49.619999,50.046501,50.046501,81346000,50.046501,0.005942129622893374,0.005942129622893374
2017-10-13 00:00:00+00:00,50.349998,50.3885,50.051498,50.146999,50.146999,48630000,50.146999,0.002006078911372234,0.002006078911372234
2017-10-16 00:00:00+00:00,50.422001,50.4785,50.051998,50.317001,50.317001,40178000,50.317001,0.0033843399080949756,0.0033843399080949756
2017-10-17 00:00:00+00:00,50.279499,50.573502,50.219002,50.456501,50.456501,46394000,50.456501,0.002768586708566644,0.002768586708566644
2017-10-18 00:00:00+00:00,50.463501,51.115501,49.827499,49.849998,49.849998,49994000,49.849998,-0.012093142468043636,-0.012093142468043636
2017-10-19 00:00:00+00:00,49.5,49.552502,49.012001,49.330502,49.330502,62164000,49.330502,-0.01047586473034957,-0.01047586473034957
2017-10-20 00:00:00+00:00,49.676498,49.730999,49.099998,49.1455,49.1455,47302000,49.1455,-0.0037573056153257225,-0.0037573056153257225
2017-10-23 00:00:00+00:00,49.336498,49.339001,48.125,48.314999,48.314999,69882000,48.314999,-0.017043235188044497,-0.017043235188044497
2017-10-24 00:00:00+00:00,48.450001,48.9925,48.25,48.794998,48.794998,54478000,48.794998,0.009885756851851911,0.009885756851851911
2017-10-25 00:00:00+00:00,48.900002,49.222,48.312,48.6455,48.6455,60662000,48.6455,-0.0030685006823815393,-0.0030685006823815393
2017-10-26 00:00:00+00:00,49.016499,49.145,48.427502,48.621498,48.621498,112374000,48.621498,-0.0004935281437837339,-0.0004935281437837339
2017-10-27 00:00:00+00:00,52.907001,55.278999,52.5275,55.047501,55.047501,331300000,55.047501,0.12413068826348027,0.12413068826348027
2017-10-30 00:00:00+00:00,54.7505,56.1395,54.678001,55.5425,55.5425,132262000,55.5425,0.008952026426213039,0.008952026426213039
2017-10-31 00:00:00+00:00,55.450001,55.527,55.056,55.264,55.264,69540000,55.264,-0.005026791504877413,-0.005026791504877413
2017-11-01 00:00:00+00:00,55.27,55.448502,54.837002,55.183998,55.183998,75110000,55.183998,-0.0014486820121728183,-0.0014486820121728183
2017-11-02 00:00:00+00:00,54.890499,55.097,54.343498,54.710999,54.710999,73698000,54.710999,-0.008608252127150764,-0.008608252127150764
2017-11-03 00:00:00+00:00,54.557499,55.633999,54.425999,55.580002,55.580002,75030000,55.580002,0.01575869247357927,0.01575869247357927
2017-11-06 00:00:00+00:00,55.4575,56.2705,55.438499,56.033001,56.033001,67622000,56.033001,0.008117360436891609,0.008117360436891609
2017-11-07 00:00:00+00:00,56.237,56.529999,55.875,56.158501,56.158501,53780000,56.158501,0.0022372470304716065,0.0022372470304716065
2017-11-08 00:00:00+00:00,56.140999,56.777,55.955502,56.644001,56.644001,51630000,56.644001,0.008608018249045526,0.008608018249045526
2017-11-09 00:00:00+00:00,56.298,56.480999,55.788502,56.456501,56.456501,74654000,56.456501,-0.0033156381882854117,-0.0033156381882854117
2017-11-10 00:00:00+00:00,56.305,56.587502,56.202999,56.267502,56.267502,43598000,56.267502,-0.003353308471536529,-0.003353308471536529
2017-11-13 00:00:00+00:00,56.150002,56.994999,56.117001,56.4585,56.4585,58368000,56.4585,0.0033887156359080376,0.0033887156359080376
2017-11-14 00:00:00+00:00,56.505501,56.900002,56.1945,56.841999,56.841999,62768000,56.841999,0.0067696165146143485,0.0067696165146143485
2017-11-15 00:00:00+00:00,56.350498,56.587502,56.081501,56.334499,56.334499,78574000,56.334499,-0.008968353157059777,-0.008968353157059777
2017-11-16 00:00:00+00:00,56.507999,56.908001,56.502499,56.864498,56.864498,44266000,56.864498,0.009364091323078952,0.009364091323078952
2017-11-17 00:00:00+00:00,56.914001,56.939999,56.290501,56.493999,56.493999,48268000,56.493999,-0.0065367895495727375,-0.0065367895495727375
2017-11-20 00:00:00+00:00,56.488499,56.671001,56.127499,56.315498,56.315498,43278000,56.315498,-0.003164647546896661,-0.003164647546896661
2017-11-21 00:00:00+00:00,56.643002,57.0,56.41,56.974499,56.974499,49588000,56.974499,0.011634009187495542,0.011634009187495542
2017-11-22 00:00:00+00:00,57.049999,58.0135,57.049999,57.807999,57.807999,71106000,57.807999,0.014523375343962242,0.014523375343962242
2017-11-24 00:00:00+00:00,58.035,59.341999,58.035,59.299999,59.299999,70560000,59.299999,0.025482132033632723,0.025482132033632723
2017-11-27 00:00:00+00:00,60.132999,60.670502,59.557499,59.7915,59.7915,134880000,59.7915,0.008254221245171741,0.008254221245171741
2017-11-28 00:00:00+00:00,60.243999,60.266998,59.425999,59.68,59.68,91188000,59.68,-0.0018665544899394474,-0.0018665544899394474
2017-11-29 00:00:00+00:00,59.740002,59.740002,57.259499,58.063499,58.063499,185150000,58.063499,-0.02745973387204614,-0.02745973387204614
2017-11-30 00:00:00+00:00,58.355,58.928501,58.0,58.837502,58.837502,90184000,58.837502,0.013242218695727831,0.013242218695727831
2017-12-01 00:00:00+00:00,58.602501,58.982498,57.599998,58.1175,58.1175,82142000,58.1175,-0.01231261739510913,-0.01231261739510913
2017-12-04 00:00:00+00:00,58.692501,58.759998,56.400002,56.697498,56.697498,118638000,56.697498,-0.024736740548122412,-0.024736740548122412
2017-12-05 00:00:00+00:00,56.412998,57.963501,56.237,57.078499,57.078499,81596000,57.078499,0.006697413060854514,0.006697413060854514
2017-12-06 00:00:00+00:00,56.899502,57.794498,56.804001,57.6175,57.6175,57066000,57.6175,0.009398845165698765,0.009398845165698765
2017-12-07 00:00:00+00:00,57.829498,58.1595,57.549999,57.989498,57.989498,50232000,57.989498,0.006435584183429109,0.006435584183429109
2017-12-08 00:00:00+00:00,58.52,58.6395,57.855,58.099998,58.099998,61002000,58.099998,0.0019037042485193247,0.0019037042485193247
2017-12-11 00:00:00+00:00,58.23,58.494999,57.849998,58.445999,58.445999,47270000,58.445999,0.005937604472605724,0.005937604472605724
2017-12-12 00:00:00+00:00,58.3255,58.68,58.080502,58.254002,58.254002,44718000,58.254002,-0.003290439958594106,-0.003290439958594106
2017-12-13 00:00:00+00:00,58.5,58.543499,58.0135,58.206501,58.206501,52336000,58.206501,-0.0008157444182442215,-0.0008157444182442215
2017-12-14 00:00:00+00:00,58.185501,58.8965,58.122501,58.713001,58.713001,64286000,58.713001,0.00866413489272024,0.00866413489272024
2017-12-15 00:00:00+00:00,58.9515,59.137501,58.466499,58.957001,58.957001,95572000,58.957001,0.004147197171253054,0.004147197171253054
2017-12-18 00:00:00+00:00,59.3685,59.738998,59.045502,59.528999,59.528999,58952000,59.528999,0.0096551903784917,0.0096551903784917
2017-12-19 00:00:00+00:00,59.4575,59.648499,58.957001,59.368999,59.368999,51756000,59.368999,-0.0026913841994318016,-0.0026913841994318016
2017-12-20 00:00:00+00:00,59.525002,59.549999,58.799999,58.881001,58.881001,47424000,58.881001,-0.008253712817799028,-0.008253712817799028
2017-12-21 00:00:00+00:00,58.794998,58.9585,58.382,58.737999,58.737999,42462000,58.737999,-0.0024316151380520483,-0.0024316151380520483
2017-12-22 00:00:00+00:00,58.604,58.730999,58.391499,58.417999,58.417999,31702000,58.417999,-0.005462815412927691,-0.005462815412927691
2017-12-26 00:00:00+00:00,58.417999,58.916,58.0275,58.838001,58.838001,40104000,58.838001,0.007163877264222283,0.007163877264222283
2017-12-27 00:00:00+00:00,58.995499,59.364498,58.780499,59.112999,59.112999,37344000,59.112999,0.0046629277966425565,0.0046629277966425565
2017-12-28 00:00:00+00:00,59.450001,59.505001,59.219002,59.305,59.305,36834000,59.305,0.0032427700158953465,0.0032427700158953465
2017-12-29 00:00:00+00:00,59.1175,59.200001,58.375,58.473499,58.473499,53768000,58.473499,-0.0141199764298076,-0.0141199764298076
2018-01-02 00:00:00+00:00,58.599998,59.5,58.525501,59.4505,59.4505,53890000,59.4505,0.016570390478923596,0.016570390478923596
2018-01-03 00:00:00+00:00,59.415001,60.274502,59.415001,60.209999,60.209999,62176000,60.209999,0.012694401337464275,0.012694401337464275
2018-01-04 00:00:00+00:00,60.25,60.793499,60.233002,60.4795,60.4795,60442000,60.4795,0.004466029773517267,0.004466029773517267
2018-01-05 00:00:00+00:00,60.8755,61.457001,60.5,61.457001,61.457001,70894000,61.457001,0.016033294905584552,0.016033294905584552
2018-01-08 00:00:00+00:00,61.799999,62.653999,61.601501,62.343498,62.343498,85590000,62.343498,0.014321624863883223,0.014321624863883223
2018-01-09 00:00:00+00:00,62.845001,62.966499,62.088001,62.634998,62.634998,73226000,62.634998,0.0046648109543210945,0.0046648109543210945
2018-01-10 00:00:00+00:00,62.2575,62.716499,61.8615,62.716499,62.716499,53720000,62.716499,0.0013003596037533744,0.0013003596037533744
2018-01-11 00:00:00+00:00,62.987,63.838501,62.823002,63.834,63.834,62500000,63.834,0.017661408793404852,0.017661408793404852
2018-01-12 00:00:00+00:00,63.669498,65.288002,63.669498,65.260002,65.260002,108874000,65.260002,0.022093358049534276,0.022093358049534276
2018-01-16 00:00:00+00:00,66.150002,66.997002,64.614998,65.242996,65.242996,144414000,65.242996,-0.00026062236664102105,-0.00026062236664102105
2018-01-17 00:00:00+00:00,65.612,65.699997,64.043999,64.75,64.75,105076000,64.75,-0.007584998865530109,-0.007584998865530109
2018-01-18 00:00:00+00:00,64.697502,65.230003,64.200996,64.666,64.666,80538000,64.666,-0.0012981395159202124,-0.0012981395159202124
2018-01-19 00:00:00+00:00,65.599998,65.650002,64.649498,64.728996,64.728996,91570000,64.728996,0.0009737007909821634,0.0009737007909821634
2018-01-22 00:00:00+00:00,64.858498,66.372498,64.833,66.365501,66.365501,82802000,66.365501,0.024968096354910485,0.024968096354910485
2018-01-23 00:00:00+00:00,66.904503,68.245003,66.866997,68.126999,68.126999,103386000,68.126999,0.026196237462553666,0.026196237462553666
2018-01-24 00:00:00+00:00,68.740997,69.407997,66.900002,67.875504,67.875504,136150000,67.875504,-0.0036983920312772703,-0.0036983920312772703
2018-01-25 00:00:00+00:00,68.400002,68.917,67.880997,68.897499,68.897499,95060000,68.897499,0.01494467473585787,0.01494467473585787
2018-01-26 00:00:00+00:00,69.600502,70.126503,69.045502,70.102501,70.102501,97146000,70.102501,0.01733859263078371,0.01733859263078371
2018-01-29 00:00:00+00:00,70.459,71.569504,70.022003,70.884003,70.884003,114038000,70.884003,0.011086309428228065,0.011086309428228065
2018-01-30 00:00:00+00:00,70.158501,71.962502,69.599998,71.890999,71.890999,117438000,71.890999,0.014106288693814573,0.014106288693814573
2018-01-31 00:00:00+00:00,72.565002,73.628998,72.501999,72.544502,72.544502,128494000,72.544502,0.009049125109839774,0.009049125109839774
2018-02-01 00:00:00+00:00,72.25,72.994003,69.257004,69.5,69.5,182276000,69.5,-0.04287344166867368,-0.04287344166867368
2018-02-02 00:00:00+00:00,73.869499,74.900002,70.699997,71.497498,71.497498,222514000,71.497498,0.02833570350995286,0.02833570350995286
2018-02-05 00:00:00+00:00,70.130997,72.948997,66.036003,69.5,69.5,229900000,69.5,-0.02833570350995291,-0.02833570350995291
2018-02-06 00:00:00+00:00,68.072998,72.199501,67.5895,72.141998,72.141998,221336000,72.141998,0.037309618667497345,0.037309618667497345
2018-02-07 00:00:00+00:00,72.449997,73.0495,70.7575,70.838997,70.838997,143254000,70.838997,-0.0182267170912653,-0.0182267170912653
2018-02-08 00:00:00+00:00,71.484001,71.6875,67.497002,67.525002,67.525002,171572000,67.525002,-0.04791172484963984,-0.04791172484963984
2018-02-09 00:00:00+00:00,68.6745,69.175003,63.296501,66.980003,66.980003,282830000,66.980003,-0.008103817141791727,-0.008103817141791727
2018-02-12 00:00:00+00:00,68.233498,69.690498,67.2005,69.311501,69.311501,134778000,69.311501,0.0342167398665,0.0342167398665
2018-02-13 00:00:00+00:00,69.296501,70.986,69.176498,70.725502,70.725502,118358000,70.725502,0.020195363054851312,0.020195363054851312
2018-02-14 00:00:00+00:00,70.3125,72.602997,70.167999,72.552498,72.552498,119184000,72.552498,0.025504195087152924,0.025504195087152924
2018-02-15 00:00:00+00:00,73.344498,73.446999,71.842003,73.087997,73.087997,113054000,73.087997,0.007353743383028464,0.007353743383028464
2018-02-16 00:00:00+00:00,72.8685,73.290001,72.328003,72.434502,72.434502,89452000,72.434502,-0.008981420706525049,-0.008981420706525049
2018-02-20 00:00:00+00:00,72.324501,74.438499,72.324501,73.417503,73.417503,129984000,73.417503,0.013479634843194664,0.013479634843194664
2018-02-21 00:00:00+00:00,74.25,75.1745,73.945999,74.146004,74.146004,126088000,74.146004,0.009873808686063513,0.009873808686063513
2018-02-22 00:00:00+00:00,74.767998,75.126999,73.788002,74.266998,74.266998,97162000,74.266998,0.0016305044056134186,0.0016305044056134186
2018-02-23 00:00:00+00:00,74.766998,75.0,74.324997,75.0,75.0,88362000,75.0,0.00982143276088404,0.00982143276088404
2018-02-26 00:00:00+00:00,75.459999,76.141998,75.349998,76.097504,76.097504,99100000,76.097504,0.014527351844680703,0.014527351844680703
2018-02-27 00:00:00+00:00,76.224998,76.338997,75.360497,75.598999,75.598999,96176000,75.598999,-0.006572423023904001,-0.006572423023904001
2018-02-28 00:00:00+00:00,75.975502,76.434998,75.599998,75.622498,75.622498,90300000,75.622498,0.0003107891491000791,0.0003107891491000791
2018-03-01 00:00:00+00:00,75.68,75.9245,73.25,74.672501,74.672501,136704000,74.672501,-0.01264193297904525,-0.01264193297904525
2018-03-02 00:00:00+00:00,73.455002,75.052498,72.750504,75.012497,75.012497,131752000,75.012497,0.004542827795153783,0.004542827795153783
2018-03-05 00:00:00+00:00,74.711998,76.268997,74.050003,76.180496,76.180496,104678000,76.180496,0.01545074560221445,0.01545074560221445
2018-03-06 00:00:00+00:00,76.660004,77.106499,76.400002,76.882004,76.882004,91234000,76.882004,0.009166358995093198,0.009166358995093198
2018-03-07 00:00:00+00:00,76.325996,77.294998,76.125504,77.25,77.25,83482000,77.25,0.004775084858251272,0.004775084858251272
2018-03-08 00:00:00+00:00,77.5,77.744003,77.262497,77.593002,77.593002,77252000,77.593002,0.004430326932449302,0.004430326932449302
2018-03-09 00:00:00+00:00,78.175003,78.946999,77.954002,78.944504,78.944504,90686000,78.944504,0.017267881888658316,0.017267881888658316
2018-03-12 00:00:00+00:00,79.629997,80.266502,79.334999,79.919502,79.919502,103484000,79.919502,0.012274778490690285,0.012274778490690285
2018-03-13 00:00:00+00:00,80.797997,80.876999,78.900497,79.408997,79.408997,130638000,79.408997,-0.006408228913351833,-0.006408228913351833
2018-03-14 00:00:00+00:00,79.849998,80.321999,79.544502,79.550003,79.550003,85188000,79.550003,0.001774118319625302,0.001774118319625302
2018-03-15 00:00:00+00:00,79.75,79.845497,78.905502,79.115997,79.115997,81394000,79.115997,-0.005470700495768852,-0.005470700495768852
2018-03-16 00:00:00+00:00,79.172501,79.472,78.375,78.584,78.584,108500000,78.584,-0.006746975627588621,-0.006746975627588621
2018-03-19 00:00:00+00:00,77.726501,78.083,76.267502,77.246498,77.246498,131616000,77.246498,-0.017166534955633556,-0.017166534955633556
2018-03-20 00:00:00+00:00,77.516998,79.349998,77.2705,79.3255,79.3255,91632000,79.3255,0.026558059215566924,0.026558059215566924
2018-03-21 00:00:00+00:00,79.322502,79.5,78.158501,79.093002,79.093002,95016000,79.093002,-0.002935240063391822,-0.002935240063391822
2018-03-22 00:00:00+00:00,78.273499,78.692497,77.120003,77.246002,77.246002,126412000,77.246002,-0.023629240175849307,-0.023629240175849307
2018-03-23 00:00:00+00:00,76.9505,77.450996,74.767998,74.778,74.778,160120000,74.778,-0.032471436320965774,-0.032471436320965774
2018-03-26 00:00:00+00:00,76.5,77.849503,74.962502,77.792999,77.792999,112494000,77.792999,0.039527715916435315,0.039527715916435315
2018-03-27 00:00:00+00:00,78.620003,78.7985,74.115997,74.852501,74.852501,139992000,74.852501,-0.03853191618765702,-0.03853191618765702
2018-03-28 00:00:00+00:00,72.349998,72.794998,69.308502,71.570999,71.570999,274106000,71.570999,-0.044829573785541525,-0.044829573785541525
2018-03-29 00:00:00+00:00,70.300003,72.773499,68.260002,72.366997,72.366997,251622000,72.366997,0.011060402906907072,0.011060402906907072
2018-04-02 00:00:00+00:00,70.880997,71.068001,67.75,68.599503,68.599503,209272000,68.599503,-0.05346506311480258,-0.05346506311480258
2018-04-03 00:00:00+00:00,69.569,70.699997,67.766502,69.602501,69.602501,204624000,69.602501,0.014515210795176665,0.014515210795176665
2018-04-04 00:00:00+00:00,67.912003,70.769501,67.643997,70.528503,70.528503,139646000,70.528503,0.01321642538138778,0.01321642538138778
2018-04-05 00:00:00+00:00,72.099503,72.977997,71.3535,72.587502,72.587502,128270000,72.587502,0.028775832266920882,0.028775832266920882
2018-04-06 00:00:00+00:00,71.498497,72.625,70.013,70.261497,70.261497,117646000,70.261497,-0.03256880506484564,-0.03256880506484564
2018-04-09 00:00:00+00:00,71.251503,71.924004,70.128502,70.304001,70.304001,84164000,70.304001,0.0006047572398657142,0.0006047572398657142
2018-04-10 00:00:00+00:00,71.599503,71.918999,70.785004,71.810997,71.810997,85082000,71.810997,0.02120891545989147,0.02120891545989147
2018-04-11 00:00:00+00:00,71.972,72.439003,71.244499,71.352501,71.352501,71650000,71.352501,-0.006405230019700349,-0.006405230019700349
2018-04-12 00:00:00+00:00,71.974998,72.606003,71.752998,72.425003,72.425003,62700000,72.425003,0.014919189211241518,0.014919189211241518
2018-04-13 00:00:00+00:00,72.457001,72.988998,71.225998,71.539497,71.539497,73706000,71.539497,-0.012301882303011009,-0.012301882303011009
2018-04-16 00:00:00+00:00,72.25,72.349998,71.374001,72.074997,72.074997,56172000,72.074997,0.007457499126592884,0.007457499126592884
2018-04-17 00:00:00+00:00,73.114998,75.359497,72.850998,75.191498,75.191498,102288000,75.191498,0.042330964152404706,0.042330964152404706
2018-04-18 00:00:00+00:00,75.732498,76.690002,75.205498,76.391998,76.391998,104550000,76.391998,0.01583978641358846,0.01583978641358846
2018-04-19 00:00:00+00:00,77.161003,78.426003,76.953003,77.845497,77.845497,130474000,77.845497,0.01884810213609129,0.01884810213609129
2018-04-20 00:00:00+00:00,78.059998,78.059998,75.804497,76.374496,76.374496,110832000,76.374496,-0.019077236151258056,-0.019077236151258056
2018-04-23 00:00:00+00:00,77.334503,77.400002,75.170502,75.892998,75.892998,89308000,75.892998,-0.0063243912703914475,-0.0063243912703914475
2018-04-24 00:00:00+00:00,76.790001,76.974998,72.422501,73.004501,73.004501,149894000,73.004501,-0.038803330399700894,-0.038803330399700894
2018-04-25 00:00:00+00:00,72.900002,73.499496,70.750999,73.008499,73.008499,131746000,73.008499,5.476224721088057e-05,5.476224721088057e-05
2018-04-26 00:00:00+00:00,74.250504,76.471001,73.925003,75.898003,75.898003,176022000,75.898003,0.03881451409090335,0.03881451409090335
2018-04-27 00:00:00+00:00,81.7005,81.904999,78.369499,78.630997,78.630997,261064000,78.630997,0.03537561244184917,0.03537561244184917
2018-04-30 00:00:00+00:00,79.125,79.800003,78.046997,78.306503,78.306503,109282000,78.306503,-0.0041353336510447855,-0.0041353336510447855
2018-05-01 00:00:00+00:00,78.161003,79.25,77.609001,79.112999,79.112999,91442000,79.112999,0.010246545644257699,0.010246545644257699
2018-05-02 00:00:00+00:00,79.049004,79.425003,78.318001,78.484001,78.484001,87206000,78.484001,-0.007982402455760663,-0.007982402455760663
2018-05-03 00:00:00+00:00,78.000504,78.739998,77.301003,78.603996,78.603996,85038000,78.603996,0.0015277427382182703,0.0015277427382182703
2018-05-04 00:00:00+00:00,78.122498,79.245003,78.109497,79.047501,79.047501,68872000,79.047501,0.005626412415032982,0.005626412415032982
2018-05-07 00:00:00+00:00,79.467003,80.347504,79.391502,80.007004,80.007004,76038000,80.007004,0.012065230589047123,0.012065230589047123
2018-05-08 00:00:00+00:00,79.75,79.844002,79.125504,79.619499,79.619499,61358000,79.619499,-0.004855155678077008,-0.004855155678077008
2018-05-09 00:00:00+00:00,80.0,80.400002,79.599998,80.400002,80.400002,72746000,80.400002,0.00975517589701523,0.00975517589701523
2018-05-10 00:00:00+00:00,80.424004,80.779999,80.171997,80.454002,80.454002,56350000,80.454002,0.0006714163239430867,0.0006714163239430867
2018-05-11 00:00:00+00:00,80.5495,80.555,79.894501,80.1455,80.1455,45278000,80.1455,-0.0038418846337314487,-0.0038418846337314487
2018-05-14 00:00:00+00:00,80.199997,80.558998,80.002502,80.077003,80.077003,50190000,80.077003,-0.0008550235190492628,-0.0008550235190492628
2018-05-15 00:00:00+00:00,79.389999,79.389999,78.261002,78.806,78.806,101550000,78.806,-0.015999573134556425,-0.015999573134556425
2018-05-16 00:00:00+00:00,78.875,79.721497,78.833504,79.363998,79.363998,51412000,79.363998,0.007055703634732617,0.007055703634732617
2018-05-17 00:00:00+00:00,79.028,79.702003,78.650002,79.087997,79.087997,42952000,79.087997,-0.0034837210997077585,-0.0034837210997077585
2018-05-18 00:00:00+00:00,79.066498,79.179497,78.605003,78.718498,78.718498,52852000,78.718498,-0.004682946354758885,-0.004682946354758885
2018-05-21 00:00:00+00:00,79.25,79.602501,78.75,79.273003,79.273003,58504000,79.273003,0.00701945703815513,0.00701945703815513
2018-05-22 00:00:00+00:00,79.494499,79.494499,78.762497,79.07,79.07,42312000,79.07,-0.002564093232733751,-0.002564093232733751
2018-05-23 00:00:00+00:00,78.552498,80.093002,78.317001,80.093002,80.093002,67238000,80.093002,0.01285494838210573,0.01285494838210573
2018-05-24 00:00:00+00:00,79.901497,80.412003,79.418999,80.153503,80.153503,68600000,80.153503,0.0007550991876506532,0.0007550991876506532
2018-05-25 00:00:00+00:00,80.150002,80.706001,80.022499,80.5075,80.5075,53968000,80.5075,0.004406764133948114,0.004406764133948114
2018-05-29 00:00:00+00:00,80.0355,81.0895,80.0075,80.643501,80.643501,76930000,80.643501,0.0016878707726780773,0.0016878707726780773
2018-05-30 00:00:00+00:00,80.904999,81.300003,80.6465,81.244499,81.244499,58148000,81.244499,0.00742489574318307,0.00742489574318307
2018-05-31 00:00:00+00:00,81.150002,81.75,81.067497,81.481003,81.481003,63326000,81.481003,0.0029067867497075814,0.0029067867497075814
2018-06-01 00:00:00+00:00,81.851501,82.336502,81.754501,82.077003,82.077003,66268000,82.077003,0.007287966545834017,0.007287966545834017
2018-06-04 00:00:00+00:00,82.445,83.283997,82.274498,83.263496,83.263496,63754000,83.263496,0.014352362237651144,0.014352362237651144
2018-06-05 00:00:00+00:00,83.649498,84.949997,83.502998,84.817497,84.817497,95644000,84.817497,0.01849162422580054,0.01849162422580054
2018-06-06 00:00:00+00:00,85.225502,85.724998,84.323502,84.787498,84.787498,109464000,84.787498,-0.0003537513775799473,-0.0003537513775799473
2018-06-07 00:00:00+00:00,84.928001,84.995003,83.805496,84.464996,84.464996,75314000,84.464996,-0.0038109026660178716,-0.0038109026660178716
2018-06-08 00:00:00+00:00,84.056,84.472,83.650497,84.199501,84.199501,59102000,84.199501,-0.003148205152872724,-0.003148205152872724
2018-06-11 00:00:00+00:00,84.0755,84.711998,84.029503,84.456001,84.456001,46710000,84.456001,0.003041705662954393,0.003041705662954393
2018-06-12 00:00:00+00:00,84.650002,84.975502,84.575996,84.9375,84.9375,45184000,84.9375,0.005684991383483861,0.005684991383483861
2018-06-13 00:00:00+00:00,85.140503,85.6875,85.005997,85.242996,85.242996,66550000,85.242996,0.003590262519309785,0.003590262519309785
2018-06-14 00:00:00+00:00,85.674004,86.239998,85.443497,86.193001,86.193001,63488000,86.193001,0.011083025046899491,0.011083025046899491
2018-06-15 00:00:00+00:00,85.699997,86.043503,85.426003,85.7985,85.7985,95552000,85.7985,-0.004587455653958633,-0.004587455653958633
2018-06-18 00:00:00+00:00,85.313004,86.336998,85.127998,86.189499,86.189499,62154000,86.189499,0.004546825079503777,0.004546825079503777
2018-06-19 00:00:00+00:00,85.452003,86.805496,85.019501,86.738998,86.738998,85802000,86.738998,0.006355237673488954,0.006355237673488954
2018-06-20 00:00:00+00:00,87.125,88.1465,87.068001,87.503998,87.503998,86652000,87.503998,0.008780897171712652,0.008780897171712652
2018-06-21 00:00:00+00:00,88.0,88.154999,85.877998,86.511002,86.511002,98822000,86.511002,-0.011412887147097634,-0.011412887147097634
2018-06-22 00:00:00+00:00,87.130997,87.150002,85.595001,85.783501,85.783501,81502000,85.783501,-0.008444904635853958,-0.008444904635853958
2018-06-25 00:00:00+00:00,85.125504,85.25,82.315498,83.157501,83.157501,150224000,83.157501,-0.031090279932130847,-0.031090279932130847
2018-06-26 00:00:00+00:00,83.6185,85.078499,83.167,84.554497,84.554497,87732000,84.554497,0.016659849359989733,0.016659849359989733
2018-06-27 00:00:00+00:00,85.405502,85.597504,83.0,83.025497,83.025497,97444000,83.025497,-0.018248507999582227,-0.018248507999582227
2018-06-28 00:00:00+00:00,83.626999,85.275002,83.058502,85.072502,85.072502,90594000,85.072502,0.024356104234885878,0.024356104234885878
2018-06-29 00:00:00+00:00,85.849998,86.170502,84.716003,84.989998,84.989998,90870000,84.989998,-0.0009702786501752794,-0.0009702786501752794
2018-07-02 00:00:00+00:00,84.135002,85.694504,83.903,85.689003,85.689003,63714000,85.689003,0.008190918671746773,0.008190918671746773
2018-07-03 00:00:00+00:00,86.197998,86.25,84.624001,84.697998,84.697998,43546000,84.697998,-0.011632532635072005,-0.011632532635072005
2018-07-05 00:00:00+00:00,85.268997,85.5345,84.107498,84.986504,84.986504,59662000,84.986504,0.00340050239838086,0.00340050239838086
2018-07-06 00:00:00+00:00,84.800003,85.763496,84.583504,85.531502,85.531502,53006000,85.531502,0.006392285114762386,0.006392285114762386
2018-07-09 00:00:00+00:00,86.202499,86.977997,85.811501,86.950996,86.950996,60240000,86.950996,0.016459943065627775,0.016459943065627775
2018-07-10 00:00:00+00:00,86.926498,87.5,86.550003,87.153503,87.153503,60058000,87.153503,0.002326270630407988,0.002326270630407988
2018-07-11 00:00:00+00:00,86.899498,87.848,86.699997,87.75,87.75,64196000,87.75,0.006820896121767164,0.006820896121767164
2018-07-12 00:00:00+00:00,88.225502,89.900002,88.109001,89.831001,89.831001,90654000,89.831001,0.0234382761036766,0.0234382761036766
2018-07-13 00:00:00+00:00,90.196503,90.764999,89.761497,90.651497,90.651497,87664000,90.651497,0.009092312679938251,0.009092312679938251
2018-07-16 00:00:00+00:00,91.097504,92.097504,90.722504,91.124496,91.124496,109324000,91.124496,0.0052042083197394815,0.0052042083197394815
2018-07-17 00:00:00+00:00,90.578003,92.584503,89.869003,92.196503,92.196503,113658000,92.196503,0.01169554197743233,0.01169554197743233
2018-07-18 00:00:00+00:00,92.400002,92.944,91.563499,92.146004,92.146004,97238000,92.146004,-0.0005478823314821825,-0.0005478823314821825
2018-07-19 00:00:00+00:00,91.473,92.050003,90.563499,90.648499,90.648499,93538000,90.648499,-0.01638494022235171,-0.01638494022235171
2018-07-20 00:00:00+00:00,91.250504,91.741997,90.502998,90.684998,90.684998,77688000,90.684998,0.0004025621420945483,0.0004025621420945483
2018-07-23 00:00:00+00:00,90.610497,90.949997,88.499496,90.099998,90.099998,77770000,90.099998,-0.00647179859828851,-0.00647179859828851
2018-07-24 00:00:00+00:00,91.4505,92.0,90.469002,91.461998,91.461998,85574000,91.461998,0.015003421190133114,0.015003421190133114
2018-07-25 00:00:00+00:00,91.464996,93.192001,91.132004,93.180496,93.180496,74764000,93.180496,0.018614865798310117,0.018614865798310117
2018-07-26 00:00:00+00:00,91.949997,92.234001,90.224998,90.400002,90.400002,198488000,90.400002,-0.030294139883152407,-0.030294139883152407
2018-07-27 00:00:00+00:00,93.802498,94.002502,90.3265,90.863503,90.863503,193620000,90.863503,0.005114123885115665,0.005114123885115665
2018-07-30 00:00:00+00:00,91.366501,91.474998,88.301003,88.960999,88.960999,131246000,88.960999,-0.021160353201734084,-0.021160353201734084
2018-07-31 00:00:00+00:00,89.324501,90.091499,86.966003,88.872002,88.872002,114774000,88.872002,-0.0010009054217092167,-0.0010009054217092167
2018-08-01 00:00:00+00:00,89.199997,89.921997,88.801003,89.858498,89.858498,83062000,89.858498,0.011039033828793086,0.011039033828793086
2018-08-02 00:00:00+00:00,89.438499,91.828003,89.300003,91.716499,91.716499,87094000,91.716499,0.020466098129730114,0.020466098129730114
2018-08-03 00:00:00+00:00,91.887001,92.050003,91.074997,91.164497,91.164497,69210000,91.164497,-0.006036752734600175,-0.006036752734600175
2018-08-06 00:00:00+00:00,91.290497,92.388496,90.945999,92.387497,92.387497,67836000,92.387497,0.01332612163145932,0.01332612163145932
2018-08-07 00:00:00+00:00,92.726501,93.486,92.313499,93.124001,93.124001,67550000,93.124001,0.007940293486325757,0.007940293486325757
2018-08-08 00:00:00+00:00,93.050003,94.5755,92.724998,94.325996,94.325996,79260000,94.325996,0.012824875905902686,0.012824875905902686
2018-08-09 00:00:00+00:00,94.099998,95.7285,93.874001,94.926003,94.926003,97208000,94.926003,0.006340847267238557,0.006340847267238557
2018-08-10 00:00:00+00:00,94.425499,94.974998,93.9105,94.315002,94.315002,72798000,94.315002,-0.00645740729532375,-0.00645740729532375
2018-08-13 00:00:00+00:00,94.925003,96.25,94.683502,94.809998,94.809998,110630000,94.809998,0.005234602831823735,0.005234602831823735
2018-08-14 00:00:00+00:00,95.969498,96.050499,95.0,95.982498,95.982498,79722000,95.982498,0.012290994511845971,0.012290994511845971
2018-08-15 00:00:00+00:00,95.477501,95.810501,93.489502,94.130997,94.130997,154014000,94.130997,-0.019478465109020796,-0.019478465109020796
2018-08-16 00:00:00+00:00,95.196999,95.25,94.177498,94.325996,94.325996,79142000,94.325996,0.0020694277934358634,0.0020694277934358634
2018-08-17 00:00:00+00:00,94.290001,94.400002,92.777496,94.111,94.111,82086000,94.111,-0.0022818883537136904,-0.0022818883537136904
2018-08-20 00:00:00+00:00,94.528503,94.587502,93.303001,93.835503,93.835503,57240000,93.835503,-0.0029316554755541542,-0.0029316554755541542
2018-08-21 00:00:00+00:00,94.0,94.887497,93.720497,94.170998,94.170998,62112000,94.170998,0.0035689761187184116,0.0035689761187184116
2018-08-22 00:00:00+00:00,93.832001,95.290001,93.832001,95.245003,95.245003,61610000,95.245003,0.011340293367619167,0.011340293367619167
2018-08-23 00:00:00+00:00,95.358498,95.974998,95.038002,95.144997,95.144997,71260000,95.144997,-0.0010505384652289903,-0.0010505384652289903
2018-08-24 00:00:00+00:00,95.525497,95.800499,95.126999,95.269501,95.269501,56018000,95.269501,0.001307715736467372,0.001307715736467372
2018-08-27 00:00:00+00:00,95.75,96.385002,95.463997,96.384003,96.384003,71380000,96.384003,0.011630515903255511,0.011630515903255511
2018-08-28 00:00:00+00:00,96.886497,97.088997,96.441002,96.640999,96.640999,62014000,96.640999,0.0026628276046407064,0.0026628276046407064
2018-08-29 00:00:00+00:00,97.672501,99.934502,97.446999,99.904999,99.904999,130636000,99.904999,0.033216652975074805,0.033216652975074805
2018-08-30 00:00:00+00:00,99.871002,101.278503,99.345001,100.119003,100.119003,145546000,100.119003,0.0021397840210652663,0.0021397840210652663
2018-08-31 00:00:00+00:00,100.349998,101.119003,100.237,100.635498,100.635498,84088000,100.635498,0.005145549783603594,0.005145549783603594
2018-09-04 00:00:00+00:00,101.324997,102.525002,100.650002,101.975502,101.975502,114422000,101.975502,0.013227549719439485,0.013227549719439485
2018-09-05 00:00:00+00:00,101.905502,102.018997,99.494499,99.740997,99.740997,164412000,99.740997,-0.02215581190910566,-0.02215581190910566
2018-09-06 00:00:00+00:00,100.3255,100.375,96.760498,97.915497,97.915497,149774000,97.915497,-0.018471964870594066,-0.018471964870594066
2018-09-07 00:00:00+00:00,96.935501,98.760002,96.8675,97.6035,97.6035,97852000,97.6035,-0.003191477755189183,-0.003191477755189183
2018-09-10 00:00:00+00:00,98.550003,98.652,96.575996,96.9505,96.9505,90896000,96.9505,-0.006712814458868383,-0.006712814458868383
2018-09-11 00:00:00+00:00,96.413498,99.444,95.849998,99.357498,99.357498,100672000,99.357498,0.024523897735759605,0.024523897735759605
2018-09-12 00:00:00+00:00,99.699997,100.0,98.122002,99.5,99.5,88280000,99.5,0.0014332074558494545,0.0014332074558494545
2018-09-13 00:00:00+00:00,100.0,100.438004,99.101501,99.4935,99.4935,72430000,99.4935,-6.532876704326335e-05,-6.532876704326335e-05
2018-09-14 00:00:00+00:00,99.6465,99.682503,97.960999,98.509499,98.509499,72840000,98.509499,-0.00993933532094213,-0.00993933532094213
2018-09-17 00:00:00+00:00,97.736504,97.841003,94.370499,95.401497,95.401497,141004000,95.401497,-0.03205870992153668,-0.03205870992153668
2018-09-18 00:00:00+00:00,95.932503,97.910004,95.772003,97.052498,97.052498,85374000,97.052498,0.017157778438378308,0.017157778438378308
2018-09-19 00:00:00+00:00,97.025002,97.041496,95.245003,96.320999,96.320999,81136000,96.320999,-0.007565695408936781,-0.007565695408936781
2018-09-20 00:00:00+00:00,96.929001,97.75,96.612503,97.214996,97.214996,63098000,97.214996,0.009238626217408175,0.009238626217408175
2018-09-21 00:00:00+00:00,97.710999,97.865501,95.525002,95.750504,95.750504,137118000,95.750504,-0.015179087647400433,-0.015179087647400433
2018-09-24 00:00:00+00:00,95.189499,96.844002,93.25,96.718002,96.718002,84274000,96.718002,0.010053656770454595,0.010053656770454595
2018-09-25 00:00:00+00:00,97.144997,98.795502,96.942497,98.727501,98.727501,90768000,98.727501,0.02056399132260481,0.02056399132260481
2018-09-26 00:00:00+00:00,98.425003,99.762497,98.075996,98.7425,98.7425,86270000,98.7425,0.00015191168231003355,0.00015191168231003355
2018-09-27 00:00:00+00:00,99.662003,100.807999,99.429001,100.649002,100.649002,86588000,100.649002,0.0191237849578657,0.0191237849578657
2018-09-28 00:00:00+00:00,100.220497,101.325996,99.822998,100.150002,100.150002,81702000,100.150002,-0.0049701544058371235,-0.0049701544058371235
2018-10-01 00:00:00+00:00,101.099503,101.6595,100.18,100.218002,100.218002,69210000,100.218002,0.0006787511104880648,0.0006787511104880648
2018-10-02 00:00:00+00:00,99.999496,100.669502,98.288498,98.565498,98.565498,108014000,98.565498,-0.016626551683758997,-0.016626551683758997
2018-10-03 00:00:00+00:00,99.084999,99.485001,97.490501,97.638,97.638,105062000,97.638,-0.009454519602068875,-0.009454519602068875
2018-10-04 00:00:00+00:00,97.449997,97.800003,94.828499,95.471001,95.471001,145140000,95.471001,-0.022444214982457206,-0.022444214982457206
2018-10-05 00:00:00+00:00,95.899498,96.454002,93.141502,94.482498,94.482498,136446000,94.482498,-0.010407935926398134,-0.010407935926398134
2018-10-08 00:00:00+00:00,93.699997,95.099998,91.532997,93.221001,93.221001,147864000,93.221001,-0.013441582071687037,-0.013441582071687037
2018-10-09 00:00:00+00:00,92.999496,94.834,92.615997,93.515999,93.515999,95458000,93.515999,0.003159505030076868,0.003159505030076868
2018-10-10 00:00:00+00:00,92.894501,92.928001,87.720497,87.762497,87.762497,219778000,87.762497,-0.06349826579586493,-0.06349826579586493
2018-10-11 00:00:00+00:00,86.199997,87.769997,84.254997,85.968002,85.968002,278718000,85.968002,-0.02065911090926597,-0.02065911090926597
2018-10-12 00:00:00+00:00,90.400002,90.447502,87.126503,89.430496,89.430496,188892000,89.430496,0.03948658532905418,0.03948658532905418
2018-10-15 00:00:00+00:00,89.75,89.752502,86.711502,88.047501,88.047501,128744000,88.047501,-0.015585289641903135,-0.015585289641903135
2018-10-16 00:00:00+00:00,89.175003,91.194,88.077499,90.998001,90.998001,117198000,90.998001,0.03296108630451728,0.03296108630451728
2018-10-17 00:00:00+00:00,92.139503,92.25,90.349998,91.586502,91.586502,105904000,91.586502,0.006446363500609332,0.006446363500609332
2018-10-18 00:00:00+00:00,91.074501,91.5075,88.393501,88.536003,88.536003,117480000,88.536003,-0.03387461989620841,-0.03387461989620841
2018-10-19 00:00:00+00:00,89.258003,90.455002,87.650002,88.2015,88.2015,118144000,88.2015,-0.003785313176152462,-0.003785313176152462
2018-10-22 00:00:00+00:00,89.199997,90.474998,87.800003,89.464996,89.464996,90000000,89.464996,0.014223472962749673,0.014223472962749673
2018-10-23 00:00:00+00:00,87.112,88.817001,85.699997,88.434998,88.434998,134478000,88.434998,-0.011579646362325917,-0.011579646362325917
2018-10-24 00:00:00+00:00,88.684998,88.885498,82.828003,83.209999,83.209999,138568000,83.209999,-0.06090027537672424,-0.06090027537672424
2018-10-25 00:00:00+00:00,85.167,89.740501,84.600502,89.108498,89.108498,205714000,89.108498,0.0684871850162544,0.0684871850162544
2018-10-26 00:00:00+00:00,82.4795,84.922997,80.150002,82.140503,82.140503,299276000,82.140503,-0.08142347370988484,-0.08142347370988484
2018-10-29 00:00:00+00:00,83.0,83.287003,74.75,76.944,76.944,277322000,76.944,-0.06535334766561474,-0.06535334766561474
2018-10-30 00:00:00+00:00,74.307999,77.0495,73.818001,76.521004,76.521004,249202000,76.521004,-0.005512619296586606,-0.005512619296586606
2018-10-31 00:00:00+00:00,78.499496,81.195503,78.254501,79.900497,79.900497,187804000,79.900497,0.04321680778950704,0.04321680778950704
2018-11-01 00:00:00+00:00,81.176498,83.522499,79.921997,83.276497,83.276497,162710000,83.276497,0.041384287473547755,0.041384287473547755
2018-11-02 00:00:00+00:00,83.929497,84.872002,82.591499,83.276497,83.276497,139110000,83.276497,0.0,0.0
2018-11-05 00:00:00+00:00,82.878502,82.904503,79.818001,81.389999,81.389999,112494000,81.389999,-0.022913957449346763,-0.022913957449346763
2018-11-06 00:00:00+00:00,80.917503,83.25,80.727501,82.140503,82.140503,85148000,82.140503,0.009178829148493295,0.009178829148493295
2018-11-07 00:00:00+00:00,83.650002,87.961502,83.204002,87.774498,87.774498,163844000,87.774498,0.06633977066889168,0.06633977066889168
2018-11-08 00:00:00+00:00,87.75,89.199997,86.255501,87.745499,87.745499,130698000,87.745499,-0.0003304352866854618,-0.0003304352866854618
2018-11-09 00:00:00+00:00,86.625,87.195999,85.093498,85.621498,85.621498,118044000,85.621498,-0.02450417110720937,-0.02450417110720937
2018-11-12 00:00:00+00:00,84.912003,85.427498,81.500504,81.842499,81.842499,136124000,81.842499,-0.045139740108121,-0.045139740108121
2018-11-13 00:00:00+00:00,82.4645,83.852997,80.6875,81.558502,81.558502,118666000,81.558502,-0.0034760776767089924,-0.0034760776767089924
2018-11-14 00:00:00+00:00,82.816002,83.650002,79.8535,79.9505,79.9505,129738000,79.9505,-0.01991288552198784,-0.01991288552198784
2018-11-15 00:00:00+00:00,79.050499,81.240997,77.3255,80.972,80.972,168546000,80.972,0.012695722730230063,0.012695722730230063
2018-11-16 00:00:00+00:00,79.375,80.723999,78.655998,79.670502,79.670502,121322000,79.670502,-0.016204011535317017,-0.016204011535317017
2018-11-19 00:00:00+00:00,78.850502,79.059502,75.167999,75.614502,75.614502,155800000,75.614502,-0.05225131417783995,-0.05225131417783995
2018-11-20 00:00:00+00:00,71.875,76.737503,71.0,74.773003,74.773003,217576000,74.773003,-0.011191192813822392,-0.011191192813822392
2018-11-21 00:00:00+00:00,77.149498,77.5,75.75,75.836502,75.836502,114336000,75.836502,0.014122836092975823,0.014122836092975823
2018-11-23 00:00:00+00:00,75.849998,76.809998,75.0905,75.102997,75.102997,54152000,75.102997,-0.009719268700547564,-0.009719268700547564
2018-11-26 00:00:00+00:00,76.949997,79.240501,76.210999,79.066498,79.066498,125154000,79.066498,0.05142878046749493,0.05142878046749493
2018-11-27 00:00:00+00:00,78.7995,79.8825,77.900497,79.070999,79.070999,115664000,79.070999,5.692514535280473e-05,5.692514535280473e-05
2018-11-28 00:00:00+00:00,80.695999,84.072502,80.060997,83.887497,83.887497,169174000,83.887497,0.05913040934454809,0.05913040934454809
2018-11-29 00:00:00+00:00,83.749496,84.499496,82.616501,83.678497,83.678497,132264000,83.678497,-0.0024945408479393563,-0.0024945408479393563
2018-11-30 00:00:00+00:00,83.974998,84.800003,83.324997,84.508499,84.508499,115236000,84.508499,0.009870070312731523,0.009870070312731523
2018-12-03 00:00:00+00:00,88.473,88.917,86.5,88.617996,88.617996,137246000,88.617996,0.04748284292313708,0.04748284292313708
2018-12-04 00:00:00+00:00,87.800003,88.516998,83.25,83.419998,83.419998,173890000,83.419998,-0.06044688731637173,-0.06044688731637173
2018-12-06 00:00:00+00:00,80.7435,85.052498,80.4925,84.959503,84.959503,175788000,84.959503,0.018286642871109374,0.018286642871109374
2018-12-07 00:00:00+00:00,85.253502,85.946503,81.273003,81.456497,81.456497,151522000,81.456497,-0.042105609069930494,-0.042105609069930494
2018-12-10 00:00:00+00:00,81.192001,82.899498,79.543503,82.051498,82.051498,149896000,82.051498,0.0072779759347961605,0.0072779759347961605
2018-12-11 00:00:00+00:00,83.900002,83.973503,80.980003,82.162003,82.162003,124894000,82.162003,0.0013458700534058699,0.0013458700534058699
2018-12-12 00:00:00+00:00,83.449997,85.249496,83.013496,83.177002,83.177002,131960000,83.177002,0.012277946764246945,0.012277946764246945
2018-12-13 00:00:00+00:00,84.0,84.606003,82.074997,82.918999,82.918999,105426000,82.918999,-0.003106675729155176,-0.003106675729155176
2018-12-14 00:00:00+00:00,81.900002,82.128502,79.25,79.595497,79.595497,127344000,79.595497,-0.04090669471978987,-0.04090669471978987
2018-12-17 00:00:00+00:00,78.300003,78.806503,75.250504,76.045502,76.045502,176596000,76.045502,-0.04562564924141145,-0.04562564924141145
2018-12-18 00:00:00+00:00,77.0,78.377502,76.150497,77.573997,77.573997,130460000,77.573997,0.019900409170714877,0.019900409170714877
2018-12-19 00:00:00+00:00,77.152496,79.226501,74.158997,74.753998,74.753998,175844000,74.753998,-0.037029585037359716,-0.037029585037359716
2018-12-20 00:00:00+00:00,74.199997,75.474998,71.634499,73.041496,73.041496,199836000,73.041496,-0.023174977785687636,-0.023174977785687636
2018-12-21 00:00:00+00:00,73.249496,74.0,68.197998,68.872498,68.872498,272806000,68.872498,-0.05877077787018914,-0.05877077787018914
2018-12-24 00:00:00+00:00,67.300003,69.801498,65.349998,67.197998,67.197998,144400000,67.197998,-0.024613484715826188,-0.024613484715826188
2018-12-26 00:00:00+00:00,68.444504,73.657997,68.150497,73.544998,73.544998,208236000,73.544998,0.09025398115841456,0.09025398115841456
2018-12-27 00:00:00+00:00,72.709999,73.449997,69.515503,73.082001,73.082001,194440000,73.082001,-0.006315324489735661,-0.006315324489735661
2018-12-28 00:00:00+00:00,73.667503,75.6735,72.449997,73.901001,73.901001,176580000,73.901001,0.011144261106612402,0.011144261106612402
2018-12-31 00:00:00+00:00,75.540001,76.038002,74.349998,75.098503,75.098503,139090000,75.098503,0.016074251955363897,0.016074251955363897
2019-01-02 00:00:00+00:00,73.260002,77.667999,73.046501,76.956497,76.956497,159662000,76.956497,0.024439663020435116,0.024439663020435116
2019-01-03 00:00:00+00:00,76.000504,76.900002,74.855499,75.014,75.014,139512000,75.014,-0.025565525386824325,-0.025565525386824325
2019-01-04 00:00:00+00:00,76.5,79.699997,75.915497,78.769501,78.769501,183652000,78.769501,0.048851116013171575,0.048851116013171575
2019-01-07 00:00:00+00:00,80.115501,81.727997,79.459503,81.475502,81.475502,159864000,81.475502,0.033776507307751995,0.033776507307751995
2019-01-08 00:00:00+00:00,83.234497,83.830498,80.830498,82.829002,82.829002,177628000,82.829002,0.016475879659140987,0.016475879659140987
2019-01-09 00:00:00+00:00,82.649002,83.389999,82.07,82.971001,82.971001,126976000,82.971001,0.0017128954420932876,0.0017128954420932876
2019-01-10 00:00:00+00:00,82.050499,83.162498,81.081001,82.810997,82.810997,130154000,82.810997,-0.001930294623204307,-0.001930294623204307
2019-01-11 00:00:00+00:00,82.027496,83.014503,81.810997,82.028,82.028,93724000,82.028,-0.009500214188352734,-0.009500214188352734
2019-01-14 00:00:00+00:00,80.75,82.410004,79.7575,80.860497,80.860497,120118000,80.860497,-0.014335241773866454,-0.014335241773866454
2019-01-15 00:00:00+00:00,81.599998,83.758003,81.300499,83.727997,83.727997,119970000,83.727997,0.034848003179886754,0.034848003179886754
2019-01-16 00:00:00+00:00,84.210999,85.25,83.793999,84.189003,84.189003,127338000,84.189003,0.00549089321835752,0.00549089321835752
2019-01-17 00:00:00+00:00,84.0,85.008499,83.875,84.661003,84.661003,84178000,84.661003,0.005590775394254875,0.005590775394254875
2019-01-18 00:00:00+00:00,85.599998,85.809998,84.577003,84.809998,84.809998,120410000,84.809998,0.0017583543793275882,0.0017583543793275882
2019-01-22 00:00:00+00:00,84.050003,84.093498,80.510002,81.608498,81.608498,128336000,81.608498,-0.038480038086977496,-0.038480038086977496
2019-01-23 00:00:00+00:00,82.800003,82.871498,80.599998,82.000999,82.000999,104504000,82.000999,0.004798031412365052,0.004798031412365052
2019-01-24 00:00:00+00:00,82.053497,82.862999,81.588997,82.746498,82.746498,81798000,82.746498,0.009050263003082766,0.009050263003082766
2019-01-25 00:00:00+00:00,83.525002,84.174004,83.080498,83.528503,83.528503,98918000,83.528503,0.009406233782488841,0.009406233782488841
2019-01-28 00:00:00+00:00,82.179497,82.25,80.704498,81.894501,81.894501,96754000,81.894501,-0.019756081154744067,-0.019756081154744067
2019-01-29 00:00:00+00:00,81.563499,81.619003,79.536003,79.694,79.694,92656000,79.694,-0.027237545094041696,-0.027237545094041696
2019-01-30 00:00:00+00:00,81.150002,83.847504,80.984001,83.5215,83.5215,115676000,83.5215,0.04690978308951213,0.04690978308951213
2019-01-31 00:00:00+00:00,84.642502,86.820503,83.954002,85.936501,85.936501,218206000,85.936501,0.028504579322881182,0.028504579322881182
2019-02-01 00:00:00+00:00,81.944,83.653,81.100502,81.311501,81.311501,230124000,81.311501,-0.055321192802695686,-0.055321192802695686
2019-02-04 00:00:00+00:00,81.150002,82.481499,80.675003,81.665497,81.665497,98582000,81.665497,0.004344129061716152,0.004344129061716152
2019-02-05 00:00:00+00:00,82.167,83.263,82.125,82.940498,82.940498,89062000,82.940498,0.015491859815625857,0.015491859815625857
2019-02-06 00:00:00+00:00,83.537498,83.612999,81.667,82.013,82.013,78798000,82.013,-0.011245687856673807,-0.011245687856673807
2019-02-07 00:00:00+00:00,81.25,81.277,79.6455,80.718498,80.718498,92532000,80.718498,-0.01591000294400157,-0.01591000294400157
2019-02-08 00:00:00+00:00,79.300003,79.429497,78.337997,79.411003,79.411003,113150000,79.411003,-0.01633083286161609,-0.01633083286161609
2019-02-11 00:00:00+00:00,80.049004,80.4645,79.300003,79.550003,79.550003,66346000,79.550003,0.0017488570175208966,0.0017488570175208966
2019-02-12 00:00:00+00:00,80.199997,81.970001,79.944,81.900497,81.900497,97172000,81.900497,0.029119266720753576,0.029119266720753576
2019-02-13 00:00:00+00:00,82.349998,82.819,81.855499,82.0,82.0,71206000,82.0,0.0012141880475735032,0.0012141880475735032
2019-02-14 00:00:00+00:00,81.224998,81.894997,80.303001,81.1325,81.1325,82410000,81.1325,-0.010635626590271443,-0.010635626590271443
2019-02-15 00:00:00+00:00,81.392998,81.445503,80.224998,80.397499,80.397499,86878000,80.397499,-0.00910055193806681,-0.00910055193806681
2019-02-19 00:00:00+00:00,80.050003,81.699997,80.028,81.378998,81.378998,73634000,81.378998,0.012134161154307928,0.012134161154307928
2019-02-20 00:00:00+00:00,81.5,81.746498,80.505997,81.105003,81.105003,66752000,81.105003,-0.0033725813990574,-0.0033725813990574
2019-02-21 00:00:00+00:00,80.9925,81.178001,80.045502,80.972,80.972,69668000,80.972,-0.0016412325918345252,-0.0016412325918345252
2019-02-22 00:00:00+00:00,81.175003,81.747002,81.058502,81.578003,81.578003,61924000,81.578003,0.007456238651484901,0.007456238651484901
2019-02-25 00:00:00+00:00,82.072502,82.730003,81.519501,81.650002,81.650002,63690000,81.650002,0.0008821893604529995,0.0008821893604529995
2019-02-26 00:00:00+00:00,81.299004,81.999496,80.806503,81.82,81.82,53316000,81.82,0.002079868589983709,0.002079868589983709
2019-02-27 00:00:00+00:00,81.408997,82.0905,80.754997,82.054497,82.054497,62976000,82.054497,0.0028619115768172467,0.0028619115768172467
2019-02-28 00:00:00+00:00,81.762497,82.588501,81.691498,81.991501,81.991501,60518000,81.991501,-0.0007680285269331597,-0.0007680285269331597
2019-03-01 00:00:00+00:00,82.7565,83.712997,82.550003,83.586502,83.586502,99498000,83.586502,0.019266452173415053,0.019266452173415053
2019-03-04 00:00:00+00:00,84.25,85.471497,83.718002,84.808502,84.808502,123348000,84.808502,0.014513749481627012,0.014513749481627012
2019-03-05 00:00:00+00:00,85.147499,85.389999,84.4505,84.621498,84.621498,73630000,84.621498,-0.0022074494001841504,-0.0022074494001841504
2019-03-06 00:00:00+00:00,84.7985,84.887497,83.414001,83.447502,83.447502,79920000,83.447502,-0.013970632238455091,-0.013970632238455091
2019-03-07 00:00:00+00:00,83.3685,83.487503,81.025497,81.297501,81.297501,99140000,81.297501,-0.02610243749357683,-0.02610243749357683
2019-03-08 00:00:00+00:00,80.2005,81.136002,79.328499,81.040001,81.040001,93340000,81.040001,-0.0031724057939492623,-0.0031724057939492623
2019-03-11 00:00:00+00:00,81.306,83.614502,81.300499,83.530998,83.530998,77528000,83.530998,0.030274924219611563,0.030274924219611563
2019-03-12 00:00:00+00:00,83.449997,84.213501,83.049004,83.654999,83.654999,72290000,83.654999,0.0014833900561437487,0.0014833900561437487
2019-03-13 00:00:00+00:00,84.150002,85.0,83.967499,84.540497,84.540497,71040000,84.540497,0.010529487439500546,0.010529487439500546
2019-03-14 00:00:00+00:00,84.559998,85.099998,84.217003,84.310997,84.310997,58932000,84.310997,-0.002718366724365648,-0.002718366724365648
2019-03-15 00:00:00+00:00,85.150002,85.940002,84.656502,85.617996,85.617996,151018000,85.617996,0.015383187425656737,0.015383187425656737
2019-03-18 00:00:00+00:00,85.635002,87.5,85.6315,87.107498,87.107498,108582000,87.107498,0.01724747041661557,0.01724747041661557
2019-03-19 00:00:00+00:00,87.675499,89.208,87.675499,88.092499,88.092499,127284000,88.092499,0.011244422319959509,0.011244422319959509
2019-03-20 00:00:00+00:00,88.497002,89.974998,88.351501,89.863503,89.863503,125312000,89.863503,0.01990449831129648,0.01990449831129648
2019-03-21 00:00:00+00:00,89.813004,91.1875,89.363998,90.962997,90.962997,115356000,90.962997,0.01216091170386979,0.01216091170386979
2019-03-22 00:00:00+00:00,90.508499,90.948997,88.155502,88.238503,88.238503,127260000,88.238503,-0.03040938774215863,-0.03040938774215863
2019-03-25 00:00:00+00:00,87.889503,89.134003,87.375,88.712997,88.712997,102076000,88.712997,0.005362996496462233,0.005362996496462233
2019-03-26 00:00:00+00:00,89.650002,90.288498,88.667999,89.188004,89.188004,97318000,89.188004,0.0053401400346005275,0.0053401400346005275
2019-03-27 00:00:00+00:00,89.206497,89.375,87.283997,88.285004,88.285004,86496000,88.285004,-0.010176283174635615,-0.010176283174635615
2019-03-28 00:00:00+00:00,88.5,88.8965,87.6735,88.670998,88.670998,60860000,88.670998,0.004362605481975084,0.004362605481975084
2019-03-29 00:00:00+00:00,89.329002,89.642998,88.831497,89.037498,89.037498,66416000,89.037498,0.00412473829748091,0.00412473829748091
2019-04-01 00:00:00+00:00,90.005501,90.783501,89.936501,90.709503,90.709503,84776000,90.709503,0.018604518770808907,0.018604518770808907
2019-04-02 00:00:00+00:00,90.551003,91.0,90.255997,90.698997,90.698997,68962000,90.698997,-0.00011582698728817645,-0.00011582698728817645
2019-04-03 00:00:00+00:00,91.335999,91.5,90.481003,91.035004,91.035004,78522000,91.035004,0.003697793269524658,0.003697793269524658
2019-04-04 00:00:00+00:00,91.032501,91.4375,90.209999,90.943001,90.943001,72478000,90.943001,-0.0010111442626130215,-0.0010111442626130215
2019-04-05 00:00:00+00:00,91.449997,91.929001,91.259499,91.863998,91.863998,72810000,91.863998,0.010076253070115355,0.010076253070115355
2019-04-08 00:00:00+00:00,91.661499,92.510002,91.255501,92.492996,92.492996,75056000,92.492996,0.006823722030064876,0.006823722030064876
2019-04-09 00:00:00+00:00,92.274498,92.654503,91.588997,91.792,91.792,74288000,91.792,-0.007607774873123307,-0.007607774873123307
2019-04-10 00:00:00+00:00,92.050003,92.400002,91.440498,92.366501,92.366501,59280000,92.366501,0.006239221763373156,0.006239221763373156
2019-04-11 00:00:00+00:00,92.434998,92.497498,92.015503,92.203499,92.203499,53096000,92.203499,-0.0017662896719675089,-0.0017662896719675089
2019-04-12 00:00:00+00:00,92.419998,92.574997,92.065002,92.153,92.153,62288000,92.153,-0.0005478407491672612,-0.0005478407491672612
2019-04-15 00:00:00+00:00,92.099998,92.342499,90.945,92.2435,92.2435,74488000,92.2435,0.0009815805318039612,0.0009815805318039612
2019-04-16 00:00:00+00:00,92.567497,93.488503,92.400002,93.152,93.152,60892000,93.152,0.009800747829655265,0.009800747829655265
2019-04-17 00:00:00+00:00,93.649498,93.823502,93.022003,93.240997,93.240997,57870000,93.240997,0.0009549393828685284,0.0009549393828685284
2019-04-18 00:00:00+00:00,93.439499,93.541,92.973999,93.084503,93.084503,54998000,93.084503,-0.0016797919425764632,-0.0016797919425764632
2019-04-22 00:00:00+00:00,92.769997,94.420998,92.281998,94.365501,94.365501,67476000,94.365501,0.013667835844337044,0.013667835844337044
2019-04-23 00:00:00+00:00,94.559998,96.462997,94.478996,96.188499,96.188499,92808000,96.188499,0.01913424666223466,0.01913424666223466
2019-04-24 00:00:00+00:00,96.25,96.484497,94.907997,95.087502,95.087502,73516000,95.087502,-0.01151225615339828,-0.01151225615339828
2019-04-25 00:00:00+00:00,95.849998,96.122498,95.015503,95.112503,95.112503,121982000,95.112503,0.00026289168755800956,0.00026289168755800956
2019-04-26 00:00:00+00:00,96.449997,97.550003,94.900002,97.531502,97.531502,168652000,97.531502,0.025114990210726537,0.025114990210726537
2019-04-29 00:00:00+00:00,97.449997,97.817001,96.704498,96.921501,96.921501,80426000,96.921501,-0.006274040426972633,-0.006274040426972633
2019-04-30 00:00:00+00:00,96.504997,96.7855,95.347504,96.325996,96.325996,70120000,96.325996,-0.006163152374416825,-0.006163152374416825
2019-05-01 00:00:00+00:00,96.654503,97.181999,95.527496,95.575996,95.575996,62340000,95.575996,-0.00781652979016216,-0.00781652979016216
2019-05-02 00:00:00+00:00,95.666496,96.077499,94.093498,95.041,95.041,79258000,95.041,-0.005613323218908946,-0.005613323218908946
2019-05-03 00:00:00+00:00,97.449997,98.220001,96.800003,98.123001,98.123001,127632000,98.123001,0.03191342647603667,0.03191342647603667
2019-05-06 00:00:00+00:00,95.899002,97.949997,95.525002,97.527496,97.527496,108356000,97.527496,-0.006087455417744843,-0.006087455417744843
2019-05-07 00:00:00+00:00,96.999496,97.455002,95.168999,96.050003,96.050003,118042000,96.050003,-0.01526542805449628,-0.01526542805449628
2019-05-08 00:00:00+00:00,95.943497,96.768501,95.5,95.888496,95.888496,81572000,95.888496,-0.0016829040443615145,-0.0016829040443615145
2019-05-09 00:00:00+00:00,95.0,95.470001,93.800003,94.9935,94.9935,106166000,94.9935,-0.009377548196853965,-0.009377548196853965
2019-05-10 00:00:00+00:00,94.900002,95.189499,92.800003,94.499001,94.499001,114360000,94.499001,-0.005219205191834513,-0.005219205191834513
2019-05-13 00:00:00+00:00,91.828003,92.327003,90.900002,91.134003,91.134003,115668000,91.134003,-0.03625827921275188,-0.03625827921275188
2019-05-14 00:00:00+00:00,91.974998,92.622002,90.787498,92.005997,92.005997,92582000,92.005997,0.009522775904717442,0.009522775904717442
2019-05-15 00:00:00+00:00,91.397499,93.721497,91.150002,93.557503,93.557503,93852000,93.557503,0.01672249289673524,0.01672249289673524
2019-05-16 00:00:00+00:00,94.296997,95.875504,94.114502,95.378502,95.378502,94156000,95.378502,0.019276954544137526,0.019276954544137526
2019-05-17 00:00:00+00:00,94.652496,95.526497,93.366501,93.449997,93.449997,94732000,93.449997,-0.020426705349243502,-0.020426705349243502
2019-05-20 00:00:00+00:00,92.634499,93.389,91.777,92.948502,92.948502,75964000,92.948502,-0.005380903952757453,-0.005380903952757453
2019-05-21 00:00:00+00:00,93.739502,93.949997,92.300003,92.875999,92.875999,80102000,92.875999,-0.000780338473010107,-0.000780338473010107
2019-05-22 00:00:00+00:00,92.588997,93.574501,92.550003,92.984001,92.984001,58732000,92.984001,0.0011621867228703356,0.0011621867228703356
2019-05-23 00:00:00+00:00,91.829498,92.199997,90.209999,90.774002,90.774002,88486000,90.774002,-0.02405452307245191,-0.02405452307245191
2019-05-24 00:00:00+00:00,91.794502,92.087997,90.892502,91.164001,91.164001,67394000,91.164001,0.004287170254833773,0.004287170254833773
2019-05-28 00:00:00+00:00,91.637497,92.463501,91.3675,91.821503,91.821503,64000000,91.821503,0.007186414391571057,0.007186414391571057
2019-05-29 00:00:00+00:00,91.155998,91.5,90.376503,90.959503,90.959503,85580000,90.959503,-0.009432122182738407,-0.009432122182738407
2019-05-30 00:00:00+00:00,91.274498,91.473503,90.391502,90.816002,90.816002,62938000,90.816002,-0.0015788819270314133,-0.0015788819270314133
2019-05-31 00:00:00+00:00,89.500504,89.779503,88.635002,88.753502,88.753502,92376000,88.753502,-0.022972616828165544,-0.022972616828165544
2019-06-03 00:00:00+00:00,88.000504,88.314499,83.599998,84.634499,84.634499,181974000,84.634499,-0.0475209136452573,-0.0475209136452573
2019-06-04 00:00:00+00:00,84.961998,86.541,84.044502,86.477997,86.477997,113582000,86.477997,0.02154803855141064,0.02154803855141064
2019-06-05 00:00:00+00:00,87.480003,87.599998,85.762497,86.925003,86.925003,84796000,86.925003,0.005155700768319178,0.005155700768319178
2019-06-06 00:00:00+00:00,86.885498,88.0,86.306503,87.718002,87.718002,73786000,87.718002,0.009081433866067946,0.009081433866067946
2019-06-07 00:00:00+00:00,88.184998,90.3125,87.974503,90.2015,90.2015,96164000,90.2015,0.02791891036955404,0.02791891036955404
2019-06-10 00:00:00+00:00,91.099998,94.2435,90.900002,93.031502,93.031502,107420000,93.031502,0.030892110337539105,0.030892110337539105
2019-06-11 00:00:00+00:00,94.162498,94.684998,92.900002,93.184998,93.184998,80854000,93.184998,0.0016485760903498486,0.0016485760903498486
2019-06-12 00:00:00+00:00,92.698997,93.25,92.219002,92.765999,92.765999,53566000,92.765999,-0.004506560501245521,-0.004506560501245521
2019-06-13 00:00:00+00:00,93.335999,94.154503,93.111,93.514999,93.514999,55916000,93.514999,0.008041657972790816,0.008041657972790816
2019-06-14 00:00:00+00:00,93.199997,93.800003,92.949997,93.483498,93.483498,57024000,93.483498,-0.00033691180200206964,-0.00033691180200206964
2019-06-17 00:00:00+00:00,93.824997,94.7845,93.772499,94.301498,94.301498,52686000,94.301498,0.008712146245647456,0.008712146245647456
2019-06-18 00:00:00+00:00,95.067497,96.083504,94.989502,95.068497,95.068497,77914000,95.068497,0.00810057785723445,0.00810057785723445
2019-06-19 00:00:00+00:00,95.391998,95.978996,94.623497,95.439499,95.439499,57906000,95.439499,0.003894875562178111,0.003894875562178111
2019-06-20 00:00:00+00:00,96.666496,96.760002,95.290001,95.9095,95.9095,64344000,95.9095,0.004912510100993197,0.004912510100993197
2019-06-21 00:00:00+00:00,95.805,96.297501,95.378998,95.565002,95.565002,78672000,95.565002,-0.0035983733408179643,-0.0035983733408179643
2019-06-24 00:00:00+00:00,95.633003,95.843002,95.065002,95.695,95.695,45660000,95.695,0.0013593853253112988,0.0013593853253112988
2019-06-25 00:00:00+00:00,95.592003,95.819504,93.621002,93.913498,93.913498,60246000,93.913498,-0.018791925937872402,-0.018791925937872402
2019-06-26 00:00:00+00:00,94.624001,95.190002,94.365997,94.891502,94.891502,48838000,94.891502,0.01036003016269119,0.01036003016269119
2019-06-27 00:00:00+00:00,95.099998,95.561996,94.902,95.213997,95.213997,42834000,95.213997,0.003392803585933112,0.003392803585933112
2019-06-28 00:00:00+00:00,95.455002,95.647003,94.199997,94.681503,94.681503,60748000,94.681503,-0.005608299256289162,-0.005608299256289162
2019-07-01 00:00:00+00:00,96.149002,96.490997,95.733002,96.109497,96.109497,63842000,96.109497,0.014969476190483272,0.014969476190483272
2019-07-02 00:00:00+00:00,95.969002,96.739502,95.331497,96.7155,96.7155,52918000,96.7155,0.006285543934593882,0.006285543934593882
2019-07-03 00:00:00+00:00,96.794502,97.079498,96.525002,96.949997,96.949997,33806000,96.949997,0.0024216715752986002,0.0024216715752986002
2019-07-05 00:00:00+00:00,96.43,97.294998,96.264999,97.1455,97.1455,52568000,97.1455,0.00201450388224394,0.00201450388224394
2019-07-08 00:00:00+00:00,96.706001,97.800003,96.412498,97.615997,97.615997,57668000,97.615997,0.004831529049710661,0.004831529049710661
2019-07-09 00:00:00+00:00,97.389999,99.500504,97.174004,99.415001,99.415001,86914000,99.415001,0.018261634092059477,0.018261634092059477
2019-07-10 00:00:00+00:00,99.8255,101.247002,99.769997,100.870499,100.870499,98638000,100.870499,0.014534488247054672,0.014534488247054672
2019-07-11 00:00:00+00:00,101.280998,101.790001,99.764999,100.053497,100.053497,86356000,100.053497,-0.008132493073288054,-0.008132493073288054
2019-07-12 00:00:00+00:00,100.413498,100.849998,100.193497,100.550003,100.550003,50186000,100.550003,0.004950133111908021,0.004950133111908021
2019-07-15 00:00:00+00:00,101.07,101.144997,100.077499,101.0495,101.0495,59626000,101.0495,0.00495534973730316,0.00495534973730316
2019-07-16 00:00:00+00:00,100.528999,101.316002,100.060997,100.495003,100.495003,52364000,100.495003,-0.005502490921920227,-0.005502490921920227
2019-07-17 00:00:00+00:00,100.352501,100.599998,99.601501,99.601501,99.601501,51176000,99.601501,-0.008930770111824618,-0.008930770111824618
2019-07-18 00:00:00+00:00,99.000504,99.375,97.577499,98.894997,98.894997,69738000,98.894997,-0.007118583859953306,-0.007118583859953306
2019-07-19 00:00:00+00:00,99.560501,99.800003,98.111504,98.225998,98.225998,63712000,98.225998,-0.006787725159116648,-0.006787725159116648
2019-07-22 00:00:00+00:00,98.556999,99.449997,97.913002,99.281502,99.281502,58000000,99.281502,0.010688343971142818,0.010688343971142818
2019-07-23 00:00:00+00:00,99.7995,99.889503,98.656502,99.724503,99.724503,54070000,99.724503,0.004452144363668034,0.004452144363668034
2019-07-24 00:00:00+00:00,98.464996,100.065002,98.293503,100.040497,100.040497,52626000,100.040497,0.0031636599360104307,0.0031636599360104307
2019-07-25 00:00:00+00:00,100.050003,100.059998,98.636002,98.691002,98.691002,82730000,98.691002,-0.013581296873141163,-0.013581296873141163
2019-07-26 00:00:00+00:00,97.099998,97.544998,96.225502,97.152496,97.152496,98542000,97.152496,-0.015711909414809423,-0.015711909414809423
2019-07-29 00:00:00+00:00,96.5,96.611504,94.527,95.622498,95.622498,89864000,95.622498,-0.01587374062340649,-0.01587374062340649
2019-07-30 00:00:00+00:00,94.556,95.494499,94.174004,94.926498,94.926498,58218000,94.926498,-0.007305240225524602,-0.007305240225524602
2019-07-31 00:00:00+00:00,94.905502,94.977501,92.472,93.338997,93.338997,89414000,93.338997,-0.01686489207008059,-0.01686489207008059
2019-08-01 00:00:00+00:00,93.585999,94.896004,92.2005,92.765999,92.765999,94266000,92.765999,-0.006157812234209516,-0.006157812234209516
2019-08-02 00:00:00+00:00,92.253502,92.318001,90.401001,91.162003,91.162003,99124000,91.162003,-0.01744200607630943,-0.01744200607630943
2019-08-05 00:00:00+00:00,88.511002,89.433502,87.439003,88.2565,88.2565,121164000,88.2565,-0.032390829000401904,-0.032390829000401904
2019-08-06 00:00:00+00:00,89.611504,89.688499,87.669998,89.391502,89.391502,101406000,89.391502,0.01277827424096626,0.01277827424096626
2019-08-07 00:00:00+00:00,88.699501,89.946503,87.849998,89.669998,89.669998,90538000,89.669998,0.0031106209269966697,0.0031106209269966697
2019-08-08 00:00:00+00:00,90.300003,91.712997,89.905502,91.644501,91.644501,74024000,91.644501,0.021780729825689633,0.021780729825689633
2019-08-09 00:00:00+00:00,91.447502,91.554497,90.111,90.378998,90.378998,57596000,90.378998,-0.01390505508753164,-0.01390505508753164
2019-08-12 00:00:00+00:00,89.7995,90.049004,88.849998,89.246002,89.246002,58110000,89.246002,-0.012615293259918439,-0.012615293259918439
2019-08-13 00:00:00+00:00,89.150002,91.586998,89.0,91.217003,91.217003,79880000,91.217003,0.02184469196849593,0.02184469196849593
2019-08-14 00:00:00+00:00,89.650497,89.782501,87.861,88.148003,88.148003,97872000,88.148003,-0.03422406208550789,-0.03422406208550789
2019-08-15 00:00:00+00:00,89.099503,89.400002,88.098,88.806,88.806,75182000,88.806,0.007436961261926521,0.007436961261926521
2019-08-16 00:00:00+00:00,89.644501,90.1455,89.227501,89.628502,89.628502,60360000,89.628502,0.00921915679241939,0.00921915679241939
2019-08-19 00:00:00+00:00,90.903999,91.300003,90.630501,90.806,90.806,56326000,90.806,0.013051990643735214,0.013051990643735214
2019-08-20 00:00:00+00:00,90.724998,90.841003,89.994003,90.069,90.069,38590000,90.069,-0.008149319461094932,-0.008149319461094932
2019-08-21 00:00:00+00:00,90.969498,91.478996,90.75,91.177002,91.177002,40636000,91.177002,0.012226650969021582,0.012226650969021582
2019-08-22 00:00:00+00:00,91.400002,91.470497,90.004997,90.233002,90.233002,53070000,90.233002,-0.010407458243364962,-0.010407458243364962
2019-08-23 00:00:00+00:00,89.651497,90.245003,87.261497,87.481003,87.481003,105416000,87.481003,-0.03097357476316055,-0.03097357476316055
2019-08-26 00:00:00+00:00,88.345497,88.5,87.175499,88.443497,88.443497,61600000,88.443497,0.010942234918565927,0.010942234918565927
2019-08-27 00:00:00+00:00,88.786499,88.970001,87.334,88.091499,88.091499,60394000,88.091499,-0.003987860474827727,-0.003987860474827727
2019-08-28 00:00:00+00:00,87.75,88.392998,87.202499,88.212502,88.212502,48394000,88.212502,0.0013726633350712334,0.0013726633350712334
2019-08-29 00:00:00+00:00,89.150002,89.927498,88.862503,89.32,89.32,60302000,89.32,0.012476727972484938,0.012476727972484938
2019-08-30 00:00:00+00:00,89.874496,89.987,88.2285,88.814499,88.814499,61174000,88.814499,-0.005675513275048684,-0.005675513275048684
2019-09-03 00:00:00+00:00,88.5,90.040001,88.400002,89.491997,89.491997,70860000,89.491997,0.007599288591371289,0.007599288591371289
2019-09-04 00:00:00+00:00,90.25,90.3815,89.811501,90.030998,90.030998,46482000,90.030998,0.006004830964489801,0.006004830964489801
2019-09-05 00:00:00+00:00,91.097504,92.099998,90.778999,92.036003,92.036003,66216000,92.036003,0.02202580420045709,0.02202580420045709
2019-09-06 00:00:00+00:00,91.911003,92.032501,91.32,91.675499,91.675499,49938000,91.675499,-0.003924680369117899,-0.003924680369117899
2019-09-09 00:00:00+00:00,92.050003,92.5,91.230499,91.567497,91.567497,59990000,91.567497,-0.0011787846178418142,-0.0011787846178418142
2019-09-10 00:00:00+00:00,91.137497,91.290497,90.266998,91.027496,91.027496,52278000,91.027496,-0.005914757742542917,-0.005914757742542917
2019-09-11 00:00:00+00:00,90.607002,91.670998,90.454002,91.149498,91.149498,48656000,91.149498,0.0013393789804068122,0.0013393789804068122
2019-09-12 00:00:00+00:00,91.8815,92.682999,91.713997,92.177498,92.177498,56470000,92.177498,0.011215050672676013,0.011215050672676013
2019-09-13 00:00:00+00:00,92.100502,92.306,91.758499,91.967003,91.967003,39426000,91.967003,-0.002286194706217138,-0.002286194706217138
2019-09-16 00:00:00+00:00,91.200996,91.2845,90.010002,90.391998,90.391998,73510000,90.391998,-0.017274103889496212,-0.017274103889496212
2019-09-17 00:00:00+00:00,90.353996,91.199501,90.205002,91.127502,91.127502,39648000,91.127502,0.008103900960921987,0.008103900960921987
2019-09-18 00:00:00+00:00,90.851997,91.102997,89.775002,90.873001,90.873001,50112000,90.873001,-0.002796708379242918,-0.002796708379242918
2019-09-19 00:00:00+00:00,91.051003,91.628502,90.894997,91.074997,91.074997,40630000,91.074997,0.0022203715919701167,0.0022203715919701167
2019-09-20 00:00:00+00:00,91.085503,91.531502,89.045998,89.708,89.708,106838000,89.708,-0.01512335869069967,-0.01512335869069967
2019-09-23 00:00:00+00:00,88.849998,89.635002,88.365997,89.264999,89.264999,58446000,89.264999,-0.004950488701716487,-0.004950488701716487
2019-09-24 00:00:00+00:00,89.530502,89.7855,86.777496,87.080498,87.080498,92320000,87.080498,-0.024776507333140498,-0.024776507333140498
2019-09-25 00:00:00+00:00,87.367996,88.650002,86.150002,88.416496,88.416496,69864000,88.416496,0.01522560334045737,0.01522560334045737
2019-09-26 00:00:00+00:00,88.139503,88.168503,86.574997,86.991997,86.991997,70736000,86.991997,-0.016242432652008414,-0.016242432652008414
2019-09-27 00:00:00+00:00,87.400002,87.456001,85.691002,86.272499,86.272499,78144000,86.272499,-0.00830524605267571,-0.00830524605267571
2019-09-30 00:00:00+00:00,86.349503,86.873001,85.460999,86.795502,86.795502,52894000,86.795502,0.006043920182131048,0.006043920182131048
2019-10-01 00:00:00+00:00,87.300003,87.779999,86.420502,86.782501,86.782501,61690000,86.782501,-0.00014980008756424474,-0.00014980008756424474
2019-10-02 00:00:00+00:00,86.387001,86.444504,85.25,85.661499,85.661499,66022000,85.661499,-0.013001528509116636,-0.013001528509116636
2019-10-03 00:00:00+00:00,85.650002,86.25,84.252998,86.221001,86.221001,69364000,86.221001,0.006510307636491043,0.006510307636491043
2019-10-04 00:00:00+00:00,86.301003,87.028999,85.961502,86.982498,86.982498,49438000,86.982498,0.008793146916006503,0.008793146916006503
2019-10-07 00:00:00+00:00,86.581497,87.391502,86.184998,86.633003,86.633003,43094000,86.633003,-0.0040260860358429474,-0.0040260860358429474
2019-10-08 00:00:00+00:00,86.124496,86.349998,85.25,85.275497,85.275497,50840000,85.275497,-0.015793683476464843,-0.015793683476464843
2019-10-09 00:00:00+00:00,85.980499,86.497498,85.718002,86.099503,86.099503,40870000,86.099503,0.009616482568702822,0.009616482568702822
2019-10-10 00:00:00+00:00,86.262001,86.914497,85.6875,86.013,86.013,51504000,86.013,-0.0010051914390393612,-0.0010051914390393612
2019-10-11 00:00:00+00:00,87.146004,87.272499,86.492996,86.596001,86.596001,65100000,86.596001,0.0067551890527993465,0.0067551890527993465
2019-10-14 00:00:00+00:00,86.445503,87.094498,86.099998,86.821503,86.821503,38204000,86.821503,0.0026006847278772713,0.0026006847278772713
2019-10-15 00:00:00+00:00,87.107002,88.822502,87.030998,88.369003,88.369003,62234000,88.369003,0.01766694195601786,0.01766694195601786
2019-10-16 00:00:00+00:00,88.666496,89.311996,88.526001,88.871498,88.871498,55268000,88.871498,0.005670220333282536,0.005670220333282536
2019-10-17 00:00:00+00:00,89.824501,89.942497,89.100998,89.374001,89.374001,52948000,89.374001,0.0056383396390849334,0.0056383396390849334
2019-10-18 00:00:00+00:00,89.389999,89.698997,87.459999,87.875504,87.875504,67250000,87.875504,-0.016908737795312382,-0.016908737795312382
2019-10-21 00:00:00+00:00,88.483002,89.293999,88.25,89.282997,89.282997,42608000,89.282997,0.015889981083964937,0.015889981083964937
2019-10-22 00:00:00+00:00,89.407501,89.488998,88.099998,88.286499,88.286499,42234000,88.286499,-0.011223869905585795,-0.011223869905585795
2019-10-23 00:00:00+00:00,88.065002,88.502502,87.099998,88.108498,88.108498,42764000,88.108498,-0.002018209852278819,-0.002018209852278819
2019-10-24 00:00:00+00:00,88.554497,89.417,88.013496,89.039001,89.039001,88922000,89.039001,0.010505500367686249,0.010505500367686249
2019-10-25 00:00:00+00:00,84.877502,88.210503,84.75,88.066498,88.066498,192528000,88.066498,-0.010982299025262966,-0.010982299025262966
2019-10-28 00:00:00+00:00,87.403,88.934998,87.125,88.853996,88.853996,74178000,88.853996,0.008902340063215216,0.008902340063215216
2019-10-29 00:00:00+00:00,88.740501,88.849998,87.790497,88.135498,88.135498,45538000,88.135498,-0.008119147987150523,-0.008119147987150523
2019-10-30 00:00:00+00:00,88.012001,89.119003,87.956001,88.999496,88.999496,48988000,88.999496,0.009755326516156876,0.009755326516156876
2019-10-31 00:00:00+00:00,88.7995,89.599998,88.573997,88.833,88.833,55624000,88.833,-0.0018725042092234093,-0.0018725042092234093
2019-11-01 00:00:00+00:00,89.400497,89.872498,89.260498,89.571999,89.571999,55808000,89.571999,0.008284557392848151,0.008284557392848151
2019-11-04 00:00:00+00:00,90.050499,90.752998,90.050499,90.233002,90.233002,55438000,90.233002,0.007352476005441272,0.007352476005441272
2019-11-05 00:00:00+00:00,90.458,90.512497,89.699997,90.085503,90.085503,37710000,90.085503,-0.0016359833162736049,-0.0016359833162736049
2019-11-06 00:00:00+00:00,90.050003,90.125,89.429001,89.788498,89.788498,40596000,89.788498,-0.0033023701954492924,-0.0033023701954492924
2019-11-07 00:00:00+00:00,90.188004,90.294998,89.174004,89.410004,89.410004,53022000,89.410004,-0.004224304987149422,-0.004224304987149422
2019-11-08 00:00:00+00:00,89.394501,89.494003,88.702003,89.293999,89.293999,42466000,89.293999,-0.0012982923084770813,-0.0012982923084770813
2019-11-11 00:00:00+00:00,88.900002,89.0,88.356499,88.582497,88.582497,38920000,88.582497,-0.007999997871233832,-0.007999997871233832
2019-11-12 00:00:00+00:00,88.733002,89.310997,88.595497,88.900002,88.900002,40752000,88.900002,0.003577877711806563,0.003577877711806563
2019-11-13 00:00:00+00:00,88.669502,88.75,87.365997,87.655502,87.655502,59790000,87.655502,-0.014097783229718752,-0.014097783229718752
2019-11-14 00:00:00+00:00,87.571503,88.329498,87.477997,87.730003,87.730003,45296000,87.730003,0.0008495685487923757,0.0008495685487923757
2019-11-15 00:00:00+00:00,88.002502,88.084,86.642998,86.974503,86.974503,78552000,86.974503,-0.008648943600155097,-0.008648943600155097
2019-11-18 00:00:00+00:00,86.915001,87.684998,86.135498,87.626503,87.626503,56790000,87.626503,0.0074684911107715975,0.0074684911107715975
2019-11-19 00:00:00+00:00,87.849503,88.033997,87.151497,87.639503,87.639503,45416000,87.639503,0.000148345937932106,0.000148345937932106
2019-11-20 00:00:00+00:00,87.457001,88.125999,86.706001,87.276497,87.276497,55800000,87.276497,-0.0041506382623585055,-0.0041506382623585055
2019-11-21 00:00:00+00:00,87.150002,87.343498,86.517998,86.735497,86.735497,53258000,86.735497,-0.006217982227931516,-0.006217982227931516
2019-11-22 00:00:00+00:00,86.950996,87.321503,86.550003,87.286003,87.286003,49582000,87.286003,0.006326894508740737,0.006326894508740737
2019-11-25 00:00:00+00:00,87.662498,88.871002,87.662003,88.692001,88.692001,69724000,88.692001,0.01597958706260473,0.01597958706260473
2019-11-26 00:00:00+00:00,88.996002,89.851501,88.917503,89.847,89.847,63624000,89.847,0.012938518824783368,0.012938518824783368
2019-11-27 00:00:00+00:00,90.050003,91.224998,89.865501,90.925499,90.925499,60512000,90.925499,0.01193225520707919,0.01193225520707919
2019-11-29 00:00:00+00:00,90.889,91.234497,90.039497,90.040001,90.040001,38468000,90.040001,-0.009786451752880083,-0.009786451752880083
2019-12-02 00:00:00+00:00,90.220001,90.277496,88.134003,89.080002,89.080002,78512000,89.080002,-0.010719162303811121,-0.010719162303811121
2019-12-03 00:00:00+00:00,88.0,88.643501,87.361504,88.498001,88.498001,67618000,88.498001,-0.006554900652736005,-0.006554900652736005
2019-12-04 00:00:00+00:00,88.7005,89.454498,88.011002,88.0345,88.0345,53402000,88.0345,-0.005251181085146861,-0.005251181085146861
2019-12-05 00:00:00+00:00,88.175003,88.175003,87.0,87.024002,87.024002,56476000,87.024002,-0.01154481744024205,-0.01154481744024205
2019-12-06 00:00:00+00:00,87.559998,87.720001,87.0065,87.580002,87.580002,62348000,87.580002,0.006368718546745534,0.006368718546745534
2019-12-09 00:00:00+00:00,87.532997,88.344498,87.280502,87.475502,87.475502,48856000,87.475502,-0.0011939071897216545,-0.0011939071897216545
2019-12-10 00:00:00+00:00,87.370003,87.533501,86.75,86.960503,86.960503,50286000,86.960503,-0.005904749954939892,-0.005904749954939892
2019-12-11 00:00:00+00:00,87.083504,87.5,86.7855,87.435997,87.435997,41952000,87.435997,0.0054530357920907204,0.0054530357920907204
2019-12-12 00:00:00+00:00,87.5,88.199997,87.272003,88.016502,88.016502,61918000,88.016502,0.00661725676834517,0.00661725676834517
2019-12-13 00:00:00+00:00,88.25,88.449501,87.75,88.046997,88.046997,54914000,88.046997,0.0003464091135090424,0.0003464091135090424
2019-12-16 00:00:00+00:00,88.349998,88.474998,87.852501,88.460503,88.460503,62904000,88.460503,0.004685429871061626,0.004685429871061626
2019-12-17 00:00:00+00:00,88.900497,89.599998,88.869499,89.532997,89.532997,72888000,89.532997,0.012051080288846156,0.012051080288846156
2019-12-18 00:00:00+00:00,89.750999,89.910004,89.117996,89.2015,89.2015,67028000,89.2015,-0.0037093833106356965,-0.0037093833106356965
2019-12-19 00:00:00+00:00,89.025002,89.649498,88.703003,89.613998,89.613998,53056000,89.613998,0.0046136798691116775,0.0046136798691116775
2019-12-20 00:00:00+00:00,89.981003,90.148499,89.122498,89.324997,89.324997,103016000,89.324997,-0.0032301651329329096,-0.0032301651329329096
2019-12-23 00:00:00+00:00,89.413002,89.650002,89.225502,89.650002,89.650002,42728000,89.650002,0.0036318520358706065,0.0036318520358706065
2019-12-24 00:00:00+00:00,89.690498,89.778503,89.378998,89.460503,89.460503,17626000,89.460503,-0.0021160017465891023,-0.0021160017465891023
2019-12-26 00:00:00+00:00,90.050499,93.523003,89.974998,93.438499,93.438499,120108000,93.438499,0.04350623455311444,0.04350623455311444
2019-12-27 00:00:00+00:00,94.146004,95.07,93.300499,93.489998,93.489998,123732000,93.489998,0.0005510021439155525,0.0005510021439155525
2019-12-30 00:00:00+00:00,93.699997,94.199997,92.030998,92.344498,92.344498,73494000,92.344498,-0.012328330133691133,-0.012328330133691133
2019-12-31 00:00:00+00:00,92.099998,92.663002,91.611504,92.391998,92.391998,50130000,92.391998,0.0005142459890196942,0.0005142459890196942
2020-01-02 00:00:00+00:00,93.75,94.900497,93.207497,94.900497,94.900497,80580000,94.900497,0.02678856952795383,0.02678856952795383
2020-01-03 00:00:00+00:00,93.224998,94.309998,93.224998,93.748497,93.748497,75288000,93.748497,-0.012213309971837756,-0.012213309971837756
2020-01-06 00:00:00+00:00,93.0,95.184502,93.0,95.143997,95.143997,81236000,95.143997,0.014775869171784552,0.014775869171784552
2020-01-07 00:00:00+00:00,95.224998,95.694504,94.601997,95.343002,95.343002,80898000,95.343002,0.0020894346957535427,0.0020894346957535427
2020-01-08 00:00:00+00:00,94.902,95.550003,94.321999,94.598503,94.598503,70160000,94.598503,-0.007839285181233967,-0.007839285181233967
2020-01-09 00:00:00+00:00,95.494499,95.890999,94.790001,95.052498,95.052498,63346000,95.052498,0.004787698085577774,0.004787698085577774
2020-01-10 00:00:00+00:00,95.268501,95.347,94.0,94.157997,94.157997,57074000,94.157997,-0.00945515907058947,-0.00945515907058947
2020-01-13 00:00:00+00:00,94.565498,94.900002,94.040001,94.565002,94.565002,55616000,94.565002,0.004313259466592663,0.004313259466592663
2020-01-14 00:00:00+00:00,94.293999,94.355499,92.927498,93.472,93.472,68818000,93.472,-0.011625523684561103,-0.011625523684561103
2020-01-15 00:00:00+00:00,93.612503,93.943001,92.754501,93.100998,93.100998,57932000,93.100998,-0.003977022323480521,-0.003977022323480521
2020-01-16 00:00:00+00:00,94.149498,94.279503,93.301003,93.897003,93.897003,53190000,93.897003,0.008513564890103876,0.008513564890103876
2020-01-17 00:00:00+00:00,94.294502,94.332001,92.862503,93.236,93.236,79946000,93.236,-0.007064555567530536,-0.007064555567530536
2020-01-21 00:00:00+00:00,93.25,94.713501,93.0,94.599998,94.599998,74156000,94.599998,0.014523541711759996,0.014523541711759996
2020-01-22 00:00:00+00:00,94.804497,95.125,94.167,94.373001,94.373001,64326000,94.373001,-0.0024024290282783803,-0.0024024290282783803
2020-01-23 00:00:00+00:00,94.255501,94.499001,93.638,94.228996,94.228996,49692000,94.228996,-0.0015270785068580062,-0.0015270785068580062
2020-01-24 00:00:00+00:00,94.568497,94.749496,92.372002,93.082001,93.082001,75324000,93.082001,-0.012247111541584976,-0.012247111541584976
2020-01-27 00:00:00+00:00,91.0,92.050003,90.766998,91.417,91.417,70570000,91.417,-0.01804937905076671,-0.01804937905076671
2020-01-28 00:00:00+00:00,92.025002,92.905502,91.500999,92.662498,92.662498,56160000,92.662498,0.01353238161043846,0.01353238161043846
2020-01-29 00:00:00+00:00,93.199997,93.737503,92.750999,92.900002,92.900002,41760000,92.900002,0.002559828949184188,0.002559828949184188
2020-01-30 00:00:00+00:00,92.900002,93.643501,92.530502,93.533997,93.533997,126548000,93.533997,0.0068013071363821846,0.0068013071363821846
2020-01-31 00:00:00+00:00,102.573502,102.786003,100.113503,100.435997,100.435997,311346000,100.435997,0.07119570437088107,0.07119570437088107
2020-02-03 00:00:00+00:00,100.529999,102.425003,100.012497,100.209999,100.209999,117834000,100.209999,-0.0022527047643878346,-0.0022527047643878346
2020-02-04 00:00:00+00:00,101.494003,102.989998,100.768501,102.483498,102.483498,105786000,102.483498,0.022433816404212423,0.022433816404212423
2020-02-05 00:00:00+00:00,103.551003,103.551003,101.599998,101.9935,101.9935,87524000,101.9935,-0.004792704731886217,-0.004792704731886217
2020-02-06 00:00:00+00:00,102.051003,102.815002,101.239998,102.511497,102.511497,63660000,102.511497,0.0050658723784827026,0.0050658723784827026
2020-02-07 00:00:00+00:00,102.099503,104.926498,101.904999,103.963997,103.963997,101906000,103.963997,0.014069698372001716,0.014069698372001716
2020-02-10 00:00:00+00:00,104.250504,106.779999,104.248001,106.695503,106.695503,101124000,106.695503,0.025934354701216168,0.025934354701216168
2020-02-11 00:00:00+00:00,107.544998,109.297501,106.800003,107.540001,107.540001,114920000,107.540001,0.007883869465177211,0.007883869465177211
2020-02-12 00:00:00+00:00,108.160004,109.012497,107.764503,108.0,108.0,66686000,108.0,0.004268346443822131,0.004268346443822131
2020-02-13 00:00:00+00:00,107.249496,108.514,107.099998,107.4935,107.4935,60636000,107.4935,-0.004700846500870079,-0.004700846500870079
2020-02-14 00:00:00+00:00,107.783997,107.952003,106.294502,106.7435,106.7435,52124000,106.7435,-0.007001620298225052,-0.007001620298225052
2020-02-18 00:00:00+00:00,106.250999,108.303497,106.205498,107.783501,107.783501,58912000,107.783501,0.009695834488075724,0.009695834488075724
2020-02-19 00:00:00+00:00,108.389999,109.254997,108.056,108.511002,108.511002,51224000,108.511002,0.006726973948247104,0.006726973948247104
2020-02-20 00:00:00+00:00,108.653503,108.8395,106.372498,107.654999,107.654999,62626000,107.654999,-0.007919908500234624,-0.007919908500234624
2020-02-21 00:00:00+00:00,107.107498,107.227501,104.400002,104.7985,104.7985,92926000,104.7985,-0.02689220145380174,-0.02689220145380174
2020-02-24 00:00:00+00:00,100.158997,101.964996,99.398499,100.4645,100.4645,130940000,100.4645,-0.042235027540891305,-0.042235027540891305
2020-02-25 00:00:00+00:00,101.320999,101.730003,97.920998,98.637001,98.637001,124382000,98.637001,-0.018357976360055248,-0.018357976360055248
2020-02-26 00:00:00+00:00,98.514,100.733498,98.022499,98.9795,98.9795,104492000,98.9795,0.0034663030789559655,0.0034663030789559655
2020-02-27 00:00:00+00:00,96.719002,98.75,94.138,94.214996,94.214996,162880000,94.214996,-0.04933339586705193,-0.04933339586705193
2020-02-28 00:00:00+00:00,90.731499,94.487999,90.556503,94.1875,94.1875,189620000,94.1875,-0.00029188573165418307,-0.00029188573165418307
2020-03-02 00:00:00+00:00,95.324501,97.725502,93.5,97.697502,97.697502,135234000,97.697502,0.03658851426964767,0.03658851426964767
2020-03-03 00:00:00+00:00,98.768501,99.816498,94.404503,95.449501,95.449501,150690000,95.449501,-0.023278668366264285,-0.023278668366264285
2020-03-04 00:00:00+00:00,97.328499,98.900002,96.099998,98.791496,98.791496,95458000,98.791496,0.0344142058847482,0.0344142058847482
2020-03-05 00:00:00+00:00,96.650002,98.036003,95.5,96.2015,96.2015,94964000,96.2015,-0.02656657810915447,-0.02656657810915447
2020-03-06 00:00:00+00:00,93.75,95.543503,93.474998,95.054497,95.054497,105472000,95.054497,-0.011994570309344059,-0.011994570309344059
2020-03-09 00:00:00+00:00,88.693001,93.138496,88.064499,90.030502,90.030502,156264000,90.030502,-0.05430185573236907,-0.05430185573236907
2020-03-10 00:00:00+00:00,93.543999,94.713501,90.908501,94.591003,94.591003,142666000,94.591003,0.0494138418027747,0.0494138418027747
2020-03-11 00:00:00+00:00,92.892502,93.566002,90.074997,91.042999,91.042999,112496000,91.042999,-0.038230454427145746,-0.038230454427145746
2020-03-12 00:00:00+00:00,86.098999,88.25,83.75,83.830498,83.830498,226924000,83.830498,-0.0825350321734267,-0.0825350321734267
2020-03-13 00:00:00+00:00,87.75,89.315498,84.030998,89.25,89.25,176194000,89.25,0.06264454143356828,0.06264454143356828
2020-03-16 00:00:00+00:00,82.0755,87.972504,81.301498,84.457497,84.457497,178346000,84.457497,-0.05519300692341985,-0.05519300692341985
2020-03-17 00:00:00+00:00,88.773499,92.889,84.461998,90.391998,90.391998,218342000,90.391998,0.06790733204476451,0.06790733204476451
2020-03-18 00:00:00+00:00,87.5,92.083,87.25,91.5,91.5,192904000,91.5,0.012183226500382486,0.012183226500382486
2020-03-19 00:00:00+00:00,93.0,97.25,91.6325,94.046501,94.046501,207998000,94.046501,0.027450379158393934,0.027450379158393934
2020-03-20 00:00:00+00:00,96.315498,97.849998,91.036499,92.304497,92.304497,196358000,92.304497,-0.01869648955778967,-0.01869648955778967
2020-03-23 00:00:00+00:00,91.387497,95.970001,90.599998,95.141502,95.141502,156170000,95.141502,0.030272416258316948,0.030272416258316948
2020-03-24 00:00:00+00:00,97.574997,97.75,95.016998,97.004997,97.004997,142942000,97.004997,0.0193972145000277,0.0193972145000277
2020-03-25 00:00:00+00:00,96.0345,97.513,94.289001,94.292,94.292,129582000,94.292,-0.02836614223072326,-0.02836614223072326
2020-03-26 00:00:00+00:00,95.099998,97.824501,94.4645,97.774498,97.774498,124426000,97.774498,0.03626743598192821,0.03626743598192821
2020-03-27 00:00:00+00:00,96.542999,96.989502,94.996002,95.004997,95.004997,107758000,95.004997,-0.028734296174420013,-0.028734296174420013
2020-03-30 00:00:00+00:00,96.141502,98.681503,95.616997,98.197502,98.197502,122522000,98.197502,0.033051286937788686,0.033051286937788686
2020-03-31 00:00:00+00:00,98.217499,99.651001,97.2005,97.486,97.486,102472000,97.486,-0.007271999204780511,-0.007271999204780511
2020-04-01 00:00:00+00:00,96.648499,97.248001,94.650002,95.385002,95.385002,82438000,95.385002,-0.021787423595079642,-0.021787423595079642
2020-04-02 00:00:00+00:00,95.082001,96.376503,94.5,95.941498,95.941498,86720000,95.941498,0.005817255522253741,0.005817255522253741
2020-04-03 00:00:00+00:00,95.557503,96.316498,94.457497,95.329498,95.329498,72198000,95.329498,-0.006399319304158728,-0.006399319304158728
2020-04-06 00:00:00+00:00,96.800003,99.926003,96.500999,99.879501,99.879501,115464000,99.879501,0.046625178830665207,0.046625178830665207
2020-04-07 00:00:00+00:00,100.855499,101.786003,99.880997,100.580002,100.580002,102280000,100.580002,0.006988981224589091,0.006988981224589091
2020-04-08 00:00:00+00:00,101.050003,102.199997,100.557503,102.150002,102.150002,79546000,102.150002,0.015488890214193939,0.015488890214193939
2020-04-09 00:00:00+00:00,102.214996,102.650002,100.883003,102.138,102.138,92930000,102.138,-0.00011750078219284905,-0.00011750078219284905
2020-04-13 00:00:00+00:00,102.0,109.0,101.900002,108.443497,108.443497,134334000,108.443497,0.05990443229789167,0.05990443229789167
2020-04-14 00:00:00+00:00,110.023499,114.599998,109.310501,114.166,114.166,161744000,114.166,0.051424257242682285,0.051424257242682285
2020-04-15 00:00:00+00:00,112.884003,116.668503,112.25,115.384003,115.384003,137332000,115.384003,0.010612192680285105,0.010612192680285105
2020-04-16 00:00:00+00:00,117.300003,123.050003,116.75,120.4095,120.4095,240764000,120.4095,0.04263271113512865,0.04263271113512865
2020-04-17 00:00:00+00:00,118.616501,120.0,115.801003,118.75,118.75,158600000,118.75,-0.013877990501725517,-0.013877990501725517
2020-04-20 00:00:00+00:00,119.497498,122.249001,119.302498,119.680496,119.680496,115414000,119.680496,0.007805215687855345,0.007805215687855345
2020-04-21 00:00:00+00:00,120.830498,121.415497,113.983002,116.405998,116.405998,149534000,116.405998,-0.027741595423230667,-0.027741595423230667
2020-04-22 00:00:00+00:00,118.449997,119.699997,117.550003,118.1745,118.1745,84244000,118.1745,0.015078282477646233,0.015078282477646233
2020-04-23 00:00:00+00:00,119.999001,121.210999,119.103996,119.972504,119.972504,101332000,119.972504,0.015100237536638242,0.015100237536638242
2020-04-24 00:00:00+00:00,120.849998,121.0215,119.099998,120.511002,120.511002,76498000,120.511002,0.004478468473757808,0.004478468473757808
2020-04-27 00:00:00+00:00,122.160004,122.244003,118.150002,118.800003,118.800003,112912000,118.800003,-0.014299619486348043,-0.014299619486348043
2020-04-28 00:00:00+00:00,118.605003,118.675003,115.300003,115.704002,115.704002,105388000,115.704002,-0.026406209124151748,-0.026406209124151748
2020-04-29 00:00:00+00:00,116.500504,119.594498,115.5,118.635498,118.635498,91832000,118.635498,0.025020527323161366,0.025020527323161366
2020-04-30 00:00:00+00:00,120.991997,123.75,119.800499,123.699997,123.699997,190692000,123.699997,0.04180350476613962,0.04180350476613962
2020-05-01 00:00:00+00:00,116.839996,118.122002,112.9095,114.302002,114.302002,195452000,114.302002,-0.07901516918825892,-0.07901516918825892
2020-05-04 00:00:00+00:00,112.819,116.348999,112.819,115.7995,115.7995,97318000,115.7995,0.013016161382321336,0.013016161382321336
2020-05-05 00:00:00+00:00,117.0,117.550003,115.356499,115.889999,115.889999,64850000,115.889999,0.0007812093771460994,0.0007812093771460994
2020-05-06 00:00:00+00:00,116.472,117.872498,116.0,117.563004,117.563004,62356000,117.563004,0.01433293741597196,0.01433293741597196
2020-05-07 00:00:00+00:00,118.738998,118.800003,117.155502,118.380501,118.380501,67928000,118.380501,0.006929627254030372,0.006929627254030372
2020-05-08 00:00:00+00:00,118.607002,119.362,117.849998,118.980499,118.980499,64132000,118.980499,0.005055584345716788,0.005055584345716788
2020-05-11 00:00:00+00:00,118.735001,120.983498,118.605499,120.449997,120.449997,65184000,120.449997,0.012275098421132988,0.012275098421132988
2020-05-12 00:00:00+00:00,120.592499,120.949997,117.75,117.847504,117.847504,61498000,117.847504,-0.02184325446184988,-0.02184325446184988
2020-05-13 00:00:00+00:00,118.339996,120.385002,116.889999,118.396004,118.396004,95658000,118.396004,0.0046435221879312675,0.0046435221879312675
2020-05-14 00:00:00+00:00,118.050499,119.568497,117.6605,119.442497,119.442497,72962000,119.442497,0.008800087026221289,0.008800087026221289
2020-05-15 00:00:00+00:00,118.426003,120.550003,117.818497,120.488998,120.488998,84700000,120.488998,0.0087233869511988,0.0087233869511988
2020-05-18 00:00:00+00:00,120.217499,121.650002,119.2005,121.313004,121.313004,87144000,121.313004,0.006815569622322964,0.006815569622322964
2020-05-19 00:00:00+00:00,121.491501,124.25,121.448502,122.466499,122.466499,86410000,122.466499,0.009463499551852243,0.009463499551852243
2020-05-20 00:00:00+00:00,123.893501,125.000504,123.363503,124.897003,124.897003,79962000,124.897003,0.01965190661552901,0.01965190661552901
2020-05-21 00:00:00+00:00,125.0,126.272499,122.126999,122.336998,122.336998,102288000,122.336998,-0.020709906306439575,-0.020709906306439575
2020-05-22 00:00:00+00:00,122.750504,123.4925,121.5065,121.844002,121.844002,57342000,121.844002,-0.004037960937693018,-0.004037960937693018
2020-05-26 00:00:00+00:00,122.900002,123.099998,120.703003,121.093002,121.093002,71364000,121.093002,-0.006182692466968418,-0.006182692466968418
2020-05-27 00:00:00+00:00,120.249496,120.679001,116.5,120.519501,120.519501,101138000,120.519501,-0.004747288074492014,-0.004747288074492014
2020-05-28 00:00:00+00:00,119.216499,121.848503,118.911499,120.055,120.055,63804000,120.055,-0.003861602749152754,-0.003861602749152754
2020-05-29 00:00:00+00:00,120.796997,122.1185,119.910004,122.1185,122.1185,70198000,122.1185,0.01704191367817281,0.01704191367817281
2020-06-01 00:00:00+00:00,122.400002,123.846497,122.208504,123.552002,123.552002,58578000,123.552002,0.011670251478428957,0.011670251478428957
2020-06-02 00:00:00+00:00,123.349998,123.676498,122.265503,123.620499,123.620499,50598000,123.620499,0.0005542445173012666,0.0005542445173012666
2020-06-03 00:00:00+00:00,123.400497,124.400002,123.058502,123.919998,123.919998,53420000,123.919998,0.0024197991825251094,0.0024197991825251094
2020-06-04 00:00:00+00:00,123.871498,125.376999,122.500504,123.029999,123.029999,58974000,123.029999,-0.007207960025189562,-0.007207960025189562
2020-06-05 00:00:00+00:00,122.225502,124.432503,121.856499,124.150002,124.150002,66128000,124.150002,0.00906230811974171,0.00906230811974171
2020-06-08 00:00:00+00:00,125.010002,126.5,124.366997,126.203003,126.203003,79414000,126.203003,0.016401217322881453,0.016401217322881453
2020-06-09 00:00:00+00:00,126.472,131.321503,126.25,130.042999,130.042999,103520000,130.042999,0.02997341191790351,0.02997341191790351
2020-06-10 00:00:00+00:00,132.25,136.117493,131.313004,132.372498,132.372498,98920000,132.372498,0.017754745588583386,0.017754745588583386
2020-06-11 00:00:00+00:00,130.175003,133.569,126.811501,127.898003,127.898003,116002000,127.898003,-0.03438680819093853,-0.03438680819093853
2020-06-12 00:00:00+00:00,130.060501,131.074005,125.167503,127.250999,127.250999,108722000,127.250999,-0.00507158861471205,-0.00507158861471205
2020-06-15 00:00:00+00:00,126.330002,129.199997,125.400002,128.634003,128.634003,77302000,128.634003,0.01080967978639395,0.01080967978639395
2020-06-16 00:00:00+00:00,131.0,131.0,128.800003,130.763504,130.763504,71712000,130.763504,0.01641919280882302,0.01641919280882302
2020-06-17 00:00:00+00:00,132.375,132.75,131.591003,132.048996,132.048996,59186000,132.048996,0.009782656850967852,0.009782656850967852
2020-06-18 00:00:00+00:00,132.350494,132.981995,131.805496,132.699005,132.699005,49756000,132.699005,0.00491040766037609,0.00491040766037609
2020-06-19 00:00:00+00:00,133.904007,134.871506,132.949997,133.750504,133.750504,115540000,133.750504,0.007892710799315744,0.007892710799315744
2020-06-22 00:00:00+00:00,134.225006,135.75,133.449997,135.690994,135.690994,64176000,135.690994,0.014404043659123742,0.014404043659123742
2020-06-23 00:00:00+00:00,136.300995,139.155502,135.901993,138.220505,138.220505,84634000,138.220505,0.018470074599851966,0.018470074599851966
2020-06-24 00:00:00+00:00,139.0,139.800003,136.050003,136.720001,136.720001,90532000,136.720001,-0.010915226130736701,-0.010915226130736701
2020-06-25 00:00:00+00:00,136.977493,137.811493,135.606995,137.729004,137.729004,59374000,137.729004,0.007352969241568884,0.007352969241568884
2020-06-26 00:00:00+00:00,138.753006,139.128494,134.399994,134.643494,134.643494,130016000,134.643494,-0.02265751513398214,-0.02265751513398214
2020-06-29 00:00:00+00:00,134.500504,134.839996,131.503998,134.018997,134.018997,84468000,134.018997,-0.004648941669739514,-0.004648941669739514
2020-06-30 00:00:00+00:00,134.253494,138.481506,133.751495,137.940994,137.940994,75394000,137.940994,0.028844455449388243,0.028844455449388243
2020-07-01 00:00:00+00:00,137.899506,144.75,137.699997,143.934998,143.934998,127268000,143.934998,0.042535780876529004,0.042535780876529004
2020-07-02 00:00:00+00:00,145.600494,147.778,143.554993,144.514999,144.514999,131868000,144.514999,0.00402150658835107,0.00402150658835107
2020-07-06 00:00:00+00:00,146.748505,152.994003,146.5,152.852005,152.852005,137612000,152.852005,0.056086864212534955,0.056086864212534955
2020-07-07 00:00:00+00:00,152.927505,153.477493,149.5,150.005997,150.005997,105150000,150.005997,-0.018794892389127918,-0.018794892389127918
2020-07-08 00:00:00+00:00,151.130493,154.198502,150.621506,154.055496,154.055496,100752000,154.055496,0.026637627837535597,0.026637627837535597
2020-07-09 00:00:00+00:00,155.7995,159.694,153.699997,159.1315,159.1315,127774000,159.1315,0.03241800329831598,0.03241800329831598
2020-07-10 00:00:00+00:00,159.587997,160.75,156.785004,160.0,160.0,109720000,160.0,0.005442910800898421,0.005442910800898421
2020-07-13 00:00:00+00:00,162.552994,167.214493,153.419495,155.199997,155.199997,154408000,155.199997,-0.030459226814605663,-0.030459226814605663
2020-07-14 00:00:00+00:00,154.449997,156.369003,147.5,154.199997,154.199997,144638000,154.199997,-0.006464146745245316,-0.006464146745245316
2020-07-15 00:00:00+00:00,154.011505,154.917496,148.658997,150.443497,150.443497,115778000,150.443497,-0.024662863194437452,-0.024662863194437452
2020-07-16 00:00:00+00:00,148.552994,151.600006,145.911499,149.994995,149.994995,127884000,149.994995,-0.002985651606629118,-0.002985651606629118
2020-07-17 00:00:00+00:00,150.449997,151.199997,147.422501,148.098495,148.098495,95226000,148.098495,-0.012724367703457296,-0.012724367703457296
2020-07-20 00:00:00+00:00,150.009995,160.067993,149.701004,159.841995,159.841995,151964000,159.841995,0.07630823688413269,0.07630823688413269
2020-07-21 00:00:00+00:00,161.624496,162.029007,155.285995,156.914505,156.914505,122426000,156.914505,-0.018484693168859048,-0.018484693168859048
2020-07-22 00:00:00+00:00,156.25,157.5,153.263,154.995499,154.995499,82084000,154.995499,-0.01230502509678797,-0.01230502509678797
2020-07-23 00:00:00+00:00,154.913498,154.913498,148.5,149.327499,149.327499,113138000,149.327499,-0.037254204000711805,-0.037254204000711805
2020-07-24 00:00:00+00:00,146.5,151.578995,144.399994,150.445496,150.445496,112648000,150.445496,0.007458991984613331,0.007458991984613331
2020-07-27 00:00:00+00:00,153.100006,154.899994,150.788498,152.760498,152.760498,83410000,152.760498,0.015270456595873366,0.015270456595873366
2020-07-28 00:00:00+00:00,152.713501,153.854507,149.787994,150.016495,150.016495,62534000,150.016495,-0.018126067650680908,-0.018126067650680908
2020-07-29 00:00:00+00:00,151.5495,151.957993,149.838501,151.676498,151.676498,59482000,151.676498,0.011004695442977538,0.011004695442977538
2020-07-30 00:00:00+00:00,150.699997,154.600006,150.25,152.593994,152.593994,122566000,152.593994,0.006030810117643985,0.006030810117643985
2020-07-31 00:00:00+00:00,162.199997,162.341003,157.550003,158.233994,158.233994,161710000,158.233994,0.03629415187138383,0.03629415187138383
2020-08-03 00:00:00+00:00,159.025497,159.199997,155.199997,155.594498,155.594498,101494000,155.594498,-0.016821660927093928,-0.016821660927093928
2020-08-04 00:00:00+00:00,155.060501,158.362,155.060501,156.941498,156.941498,93886000,156.941498,0.008619860480893705,0.008619860480893705
2020-08-05 00:00:00+00:00,157.188507,160.679504,156.365005,160.251495,160.251495,78330000,160.251495,0.02087131322759321,0.02087131322759321
2020-08-06 00:00:00+00:00,159.718002,162.373505,158.2715,161.25,161.25,78812000,161.25,0.00621153074545202,0.00621153074545202
2020-08-07 00:00:00+00:00,161.2005,162.040497,157.033493,158.373001,158.373001,78722000,158.373001,-0.018002939055830544,-0.018002939055830544
2020-08-10 00:00:00+00:00,158.515503,158.625504,155.076004,157.408005,157.408005,63346000,157.408005,-0.006111824242536239,-0.006111824242536239
2020-08-11 00:00:00+00:00,155.660004,157.960999,153.649994,154.033493,154.033493,74362000,154.033493,-0.021671126597770863,-0.021671126597770863
2020-08-12 00:00:00+00:00,155.399994,158.719498,155.070999,158.112,158.112,70442000,158.112,0.026133576883595303,0.026133576883595303
2020-08-13 00:00:00+00:00,159.149506,160.876007,157.75,158.050995,158.050995,62980000,158.050995,-0.00038590854541402164,-0.00038590854541402164
2020-08-14 00:00:00+00:00,158.908997,158.912003,156.0,157.401001,157.401001,55034000,157.401001,-0.004121038561452014,-0.004121038561452014
2020-08-17 00:00:00+00:00,158.656006,159.748505,157.709,159.120499,159.120499,53824000,159.120499,0.010865074982315006,0.010865074982315006
2020-08-18 00:00:00+00:00,160.600006,166.0,160.291,165.624496,165.624496,106920000,165.624496,0.04006138317820019,0.04006138317820019
2020-08-19 00:00:00+00:00,165.150497,165.794998,162.800003,163.024002,163.024002,83702000,163.024002,-0.015825712216926933,-0.015825712216926933
2020-08-20 00:00:00+00:00,162.600006,165.630997,161.899994,164.8685,164.8685,66650000,164.8685,0.011250744954364867,0.011250744954364867
2020-08-21 00:00:00+00:00,164.75,165.720001,163.769501,164.235992,164.235992,71518000,164.235992,-0.003843817353739957,-0.003843817353739957
2020-08-24 00:00:00+00:00,165.507507,169.016006,162.878006,165.373001,165.373001,93326000,165.373001,0.006899165581860262,0.006899165581860262
2020-08-25 00:00:00+00:00,164.749496,167.869995,163.350006,167.324493,167.324493,79856000,167.324493,0.011731464268192382,0.011731464268192382
2020-08-26 00:00:00+00:00,167.555496,172.587006,167.2285,172.092499,172.092499,130174000,172.092499,0.02809711819196792,0.02809711819196792
2020-08-27 00:00:00+00:00,172.502502,172.649994,168.899994,170.0,170.0,85296000,170.0,-0.012233680092445444,-0.012233680092445444
2020-08-28 00:00:00+00:00,171.149994,171.668503,169.324997,170.089996,170.089996,57940000,170.089996,0.0005292481587766964,0.0005292481587766964
2020-08-31 00:00:00+00:00,170.449493,174.75,170.25,172.548004,172.548004,83718000,172.548004,0.014347796606520457,0.014347796606520457
2020-09-01 00:00:00+00:00,174.479004,175.693497,173.350006,174.955994,174.955994,68644000,174.955994,0.013858997628726595,0.013858997628726595
2020-09-02 00:00:00+00:00,177.350006,177.612503,174.334503,176.572495,176.572495,78630000,176.572495,0.009197049143811472,0.009197049143811472
2020-09-03 00:00:00+00:00,174.25,174.420502,165.149994,168.399994,168.399994,163222000,168.399994,-0.047389462409325116,-0.047389462409325116
2020-09-04 00:00:00+00:00,165.899994,169.074997,155.556503,164.731003,164.731003,175636000,164.731003,-0.02202820748712754,-0.02202820748712754
2020-09-08 00:00:00+00:00,157.199997,162.542496,156.5,157.492004,157.492004,121884000,157.492004,-0.04493916996867635,-0.04493916996867635
2020-09-09 00:00:00+00:00,160.149506,165.158997,159.25,163.430496,163.430496,103774000,163.430496,0.03701311031589881,0.03701311031589881
2020-09-10 00:00:00+00:00,165.360992,167.494507,158.527496,158.755493,158.755493,106614000,158.755493,-0.029022560289883422,-0.029022560289883422
2020-09-11 00:00:00+00:00,160.434494,160.867004,154.199005,155.811005,155.811005,101880000,155.811005,-0.018721472376861666,-0.018721472376861666
2020-09-14 00:00:00+00:00,158.647003,159.369507,154.800003,155.148499,155.148499,90592000,155.148499,-0.004261050033071173,-0.004261050033071173
2020-09-15 00:00:00+00:00,156.807999,158.751007,155.445999,157.806503,157.806503,80430000,157.806503,0.01698690161650065,0.01698690161650065
2020-09-16 00:00:00+00:00,158.999496,159.362,153.707504,153.904999,153.904999,90244000,153.904999,-0.025034095506996673,-0.025034095506996673
2020-09-17 00:00:00+00:00,150.462494,151.471497,148.627502,150.436493,150.436493,128982000,150.436493,-0.022794500737389166,-0.022794500737389166
2020-09-18 00:00:00+00:00,151.587006,151.889999,145.276993,147.745499,147.745499,177852000,147.745499,-0.01804982950996485,-0.01804982950996485
2020-09-21 00:00:00+00:00,145.324997,148.100006,143.550003,148.023499,148.023499,122358000,148.023499,0.001879845986203301,0.001879845986203301
2020-09-22 00:00:00+00:00,151.692001,156.699493,150.009995,156.449493,156.449493,138976000,156.449493,0.05536219127027063,0.05536219127027063
2020-09-23 00:00:00+00:00,156.0215,156.350006,149.619003,149.992996,149.992996,113054000,149.992996,-0.042144629784919896,-0.042144629784919896
2020-09-24 00:00:00+00:00,148.889496,153.464996,148.25,150.989502,150.989502,110588000,150.989502,0.006621711546513275,0.006621711546513275
2020-09-25 00:00:00+00:00,152.742996,155.076996,149.949997,154.7565,154.7565,92304000,154.7565,0.024642602694344137,0.024642602694344137
2020-09-28 00:00:00+00:00,157.442505,158.751999,155.858505,158.702499,158.702499,84484000,158.702499,0.025178460186644734,0.025178460186644734
2020-09-29 00:00:00+00:00,158.769501,159.412994,156.626999,157.244003,157.244003,69916000,157.244003,-0.009232615971890746,-0.009232615971890746
2020-09-30 00:00:00+00:00,157.057007,160.643997,156.699493,157.436493,157.436493,97922000,157.436493,0.0012233997750431412,0.0012233997750431412
2020-10-01 00:00:00+00:00,160.399994,161.199997,158.600006,161.063004,161.063004,99438000,161.063004,0.022773459724301667,0.022773459724301667
2020-10-02 00:00:00+00:00,157.681503,159.789993,156.149994,156.25,156.25,112262000,156.25,-0.03033832901120028,-0.03033832901120028
2020-10-05 00:00:00+00:00,157.292007,160.126495,157.042496,159.960007,159.960007,75506000,159.960007,0.02346653912304593,0.02346653912304593
2020-10-06 00:00:00+00:00,158.25,159.100006,154.5,154.998001,154.998001,101738000,154.998001,-0.03151160767766793,-0.03151160767766793
2020-10-07 00:00:00+00:00,156.75,160.0,156.619507,159.7845,159.7845,86188000,159.7845,0.03041381232053873,0.03041381232053873
2020-10-08 00:00:00+00:00,161.249496,161.664505,158.749496,159.527496,159.527496,63482000,159.527496,-0.0016097363000218382,-0.0016097363000218382
2020-10-09 00:00:00+00:00,160.5,164.449493,159.891495,164.332504,164.332504,98158000,164.332504,0.029675542626296163,0.029675542626296163
2020-10-12 00:00:00+00:00,167.496994,174.811996,166.977493,172.1465,172.1465,167284000,172.1465,0.046454019762557884,0.046454019762557884
2020-10-13 00:00:00+00:00,173.399506,174.619003,171.210999,172.181503,172.181503,114894000,172.181503,0.00020331195729417076,0.00020331195729417076
2020-10-14 00:00:00+00:00,172.350006,173.244003,167.0,168.185501,168.185501,116254000,168.185501,-0.023481627556470496,-0.023481627556470496
2020-10-15 00:00:00+00:00,164.600494,167.794006,164.0,166.932495,166.932495,104468000,166.932495,-0.007478033731770921,-0.007478033731770921
2020-10-16 00:00:00+00:00,168.161499,169.983002,158.0,163.635498,163.635498,129488000,163.635498,-0.019948128068419217,-0.019948128068419217
2020-10-19 00:00:00+00:00,164.980499,166.449997,159.636993,160.360504,160.360504,104472000,160.360504,-0.020216950374115233,-0.020216950374115233
2020-10-20 00:00:00+00:00,161.113998,163.300003,159.600494,160.850494,160.850494,90194000,160.850494,0.003050894166874201,0.003050894166874201
2020-10-21 00:00:00+00:00,160.625,161.694,158.0,159.246994,159.246994,91854000,159.246994,-0.010018906571695074,-0.010018906571695074
2020-10-22 00:00:00+00:00,159.4935,159.9375,156.097,158.820007,158.820007,84240000,158.820007,-0.0026848887508399565,-0.0026848887508399565
2020-10-23 00:00:00+00:00,159.550003,160.266495,157.0,160.220001,160.220001,69334000,160.220001,0.008776347486271303,0.008776347486271303
2020-10-26 00:00:00+00:00,159.936996,164.149002,157.664993,160.352005,160.352005,118024000,160.352005,0.0008235529303257757,0.0008235529303257757
2020-10-27 00:00:00+00:00,161.246994,164.582993,160.565002,164.316498,164.316498,85820000,164.316498,0.02442300392042615,0.02442300392042615
2020-10-28 00:00:00+00:00,162.464996,163.201004,158.123505,158.139008,158.139008,111766000,158.139008,-0.038319990178761275,-0.038319990178761275
2020-10-29 00:00:00+00:00,160.063507,162.862503,158.199997,160.550507,160.550507,131930000,160.550507,0.015134134724894284,0.015134134724894284
2020-10-30 00:00:00+00:00,157.887497,158.350006,150.949997,151.807495,151.807495,167728000,151.807495,-0.0559953405060607,-0.0559953405060607
2020-11-02 00:00:00+00:00,153.087006,153.985504,147.505997,150.223999,150.223999,145148000,150.223999,-0.010485731059747394,-0.010485731059747394
2020-11-03 00:00:00+00:00,150.926498,153.744995,149.048996,152.420502,152.420502,97958000,152.420502,0.014515654904114793,0.014515654904114793
2020-11-04 00:00:00+00:00,157.999496,162.242493,156.986496,162.057999,162.057999,136780000,162.057999,0.061311127913984825,0.061311127913984825
2020-11-05 00:00:00+00:00,165.998505,168.339996,164.444,166.100006,166.100006,115786000,166.100006,0.02463576306450091,0.02463576306450091
2020-11-06 00:00:00+00:00,165.231995,166.100006,161.600006,165.568497,165.568497,92946000,165.568497,-0.0032050643952225098,-0.0032050643952225098
2020-11-09 00:00:00+00:00,161.551498,164.449997,155.605499,157.186996,157.186996,143808000,157.186996,-0.05194883441975486,-0.05194883441975486
2020-11-10 00:00:00+00:00,154.751007,155.699997,150.973999,151.751007,151.751007,131820000,151.751007,-0.03519508809516612,-0.03519508809516612
2020-11-11 00:00:00+00:00,153.089005,156.957504,152.5,156.869507,156.869507,87338000,156.869507,0.03317322830163907,0.03317322830163907
2020-11-12 00:00:00+00:00,157.997498,158.794006,154.302505,155.514008,155.514008,87240000,155.514008,-0.008678482970270853,-0.008678482970270853
2020-11-13 00:00:00+00:00,156.100006,157.085999,154.269501,156.440506,156.440506,75124000,156.440506,0.005939973185679719,0.005939973185679719
2020-11-16 00:00:00+00:00,154.660004,157.134995,153.634506,156.552994,156.552994,76174000,156.552994,0.0007187881207957833,0.0007187881207957833
2020-11-17 00:00:00+00:00,159.177002,159.462494,156.763,156.783005,156.783005,68894000,156.783005,0.0014681430927100912,0.0014681430927100912
2020-11-18 00:00:00+00:00,156.699997,157.0,155.255005,155.272995,155.272995,58336000,155.272995,-0.0096778897749427,-0.0096778897749427
2020-11-19 00:00:00+00:00,155.265503,156.25,154.046005,155.850998,155.850998,60206000,155.850998,0.0037155839985077406,0.0037155839985077406
2020-11-20 00:00:00+00:00,155.850998,156.644501,154.902496,154.970001,154.970001,67488000,154.970001,-0.00566885353393641,-0.00566885353393641
2020-11-23 00:00:00+00:00,155.835007,156.987503,153.272995,154.919495,154.919495,94178000,154.919495,-0.00032596135783303874,-0.00032596135783303874
2020-11-24 00:00:00+00:00,155.024994,156.712494,154.313004,155.903,155.903,72042000,155.903,0.006328424088866387,0.006328424088866387
2020-11-25 00:00:00+00:00,157.093506,159.899994,157.013,159.253494,159.253494,75808000,159.253494,0.02126321557381681,0.02126321557381681
2020-11-27 00:00:00+00:00,160.563004,160.809494,159.502502,159.766998,159.766998,47858000,159.766998,0.0032192567960789347,0.0032192567960789347
2020-11-30 00:00:00+00:00,160.423996,161.419495,156.277496,158.401993,158.401993,81278000,158.401993,-0.008580429981155685,-0.008580429981155685
2020-12-01 00:00:00+00:00,159.425003,162.447495,157.858994,161.003998,161.003998,90740000,161.003998,0.01629313560240429,0.01629313560240429
2020-12-02 00:00:00+00:00,161.082504,161.600006,158.662994,160.176498,160.176498,62586000,160.176498,-0.005152877221976473,-0.005152877221976473
2020-12-03 00:00:00+00:00,160.272995,161.432007,159.065506,159.336502,159.336502,57840000,159.336502,-0.0052579890974161405,-0.0052579890974161405
2020-12-04 00:00:00+00:00,159.910507,159.910507,157.938004,158.128998,158.128998,58272000,158.128998,-0.007607187698269251,-0.007607187698269251
2020-12-07 00:00:00+00:00,157.824005,159.037994,157.084503,157.899994,157.899994,55026000,157.899994,-0.0014492596937590023,-0.0014492596937590023
2020-12-08 00:00:00+00:00,157.945007,159.206497,156.001007,158.864502,158.864502,65726000,158.864502,0.006089766958925783,0.006089766958925783
2020-12-09 00:00:00+00:00,158.394501,158.721497,154.399994,155.210007,155.210007,82016000,155.210007,-0.023272566458509027,-0.023272566458509027
2020-12-10 00:00:00+00:00,154.449493,157.104996,153.800003,155.074493,155.074493,60604000,155.074493,-0.0008734822952232858,-0.0008734822952232858
2020-12-11 00:00:00+00:00,154.832993,155.933502,153.641006,155.820999,155.820999,61294000,155.820999,0.00480230465784735,0.00480230465784735
2020-12-14 00:00:00+00:00,157.149994,159.523499,156.300003,157.848495,157.848495,83116000,157.848495,0.01292777446457439,0.01292777446457439
2020-12-15 00:00:00+00:00,159.050507,159.425003,156.524506,158.255997,158.255997,66390000,158.255997,0.002578275450380156,0.002578275450380156
2020-12-16 00:00:00+00:00,158.800507,162.350006,158.184006,162.048004,162.048004,88552000,162.048004,0.023678656284787998,0.023678656284787998
2020-12-17 00:00:00+00:00,162.5,163.175507,161.050003,161.804001,161.804001,69486000,161.804001,-0.0015068799476550892,-0.0015068799476550892
2020-12-18 00:00:00+00:00,162.199493,162.470993,158.580002,160.082504,160.082504,119914000,160.082504,-0.010696400045939511,-0.010696400045939511
2020-12-21 00:00:00+00:00,160.000504,161.348495,158.300003,160.309006,160.309006,76736000,160.309006,0.0014139078637510792,0.0014139078637510792
2020-12-22 00:00:00+00:00,160.141998,161.100006,159.003998,160.326004,160.326004,47388000,160.326004,0.00010602709926105595,0.00010602709926105595
2020-12-23 00:00:00+00:00,160.25,160.5065,159.208496,159.263504,159.263504,41876000,159.263504,-0.006649178949667881,-0.006649178949667881
2020-12-24 00:00:00+00:00,159.695007,160.100006,158.449997,158.634506,158.634506,29038000,158.634506,-0.003957236604454367,-0.003957236604454367
2020-12-28 00:00:00+00:00,159.699997,165.199997,158.634506,164.197998,164.197998,113736000,164.197998,0.03447015275482483,0.03447015275482483
2020-12-29 00:00:00+00:00,165.496994,167.532501,164.061005,166.100006,166.100006,97458000,166.100006,0.011517048246300687,0.011517048246300687
2020-12-30 00:00:00+00:00,167.050003,167.104996,164.123505,164.292496,164.292496,64186000,164.292496,-0.010941701292079454,-0.010941701292079454
2020-12-31 00:00:00+00:00,163.75,164.145996,162.059998,162.846497,162.846497,59144000,162.846497,-0.008840330551670163,-0.008840330551670163
2021-01-04 00:00:00+00:00,163.5,163.600006,157.201004,159.331497,159.331497,88228000,159.331497,-0.021821102245987194,-0.021821102245987194
2021-01-05 00:00:00+00:00,158.300507,161.169006,158.253006,160.925507,160.925507,53110000,160.925507,0.009954649817351316,0.009954649817351316
2021-01-06 00:00:00+00:00,157.324005,159.875504,156.557999,156.919006,156.919006,87896000,156.919006,-0.025211781586321657,-0.025211781586321657
2021-01-07 00:00:00+00:00,157.850006,160.427002,157.75,158.108002,158.108002,70290000,158.108002,0.0075485695869824095,0.0075485695869824095
2021-01-08 00:00:00+00:00,159.0,159.531998,157.110001,159.134995,159.134995,70754000,159.134995,0.006474510689139045,0.006474510689139045
2021-01-11 00:00:00+00:00,157.400497,157.819,155.5,155.710495,155.710495,73668000,155.710495,-0.02175438532462245,-0.02175438532462245
2021-01-12 00:00:00+00:00,156.0,157.106995,154.300003,156.041504,156.041504,70292000,156.041504,0.0021235413113641502,0.0021235413113641502
2021-01-13 00:00:00+00:00,156.421997,159.497498,156.104004,158.294495,158.294495,66424000,158.294495,0.01433516739379288,0.01433516739379288
2021-01-14 00:00:00+00:00,158.376007,158.899994,156.029495,156.373505,156.373505,61418000,156.373505,-0.012209782150358757,-0.012209782150358757
2021-01-15 00:00:00+00:00,156.151001,157.127502,154.758499,155.212494,155.212494,84880000,155.212494,-0.007452301303376735,-0.007452301303376735
2021-01-19 00:00:00+00:00,155.350006,157.25,154.800003,156.037994,156.037994,66102000,156.037994,0.005304421791510303,0.005304421791510303
2021-01-20 00:00:00+00:00,159.099503,163.990005,158.75,163.169006,163.169006,106196000,163.169006,0.04468698140054262,0.04468698140054262
2021-01-21 00:00:00+00:00,164.649994,167.427505,164.4785,165.349503,165.349503,98722000,165.349503,0.01327492339956394,0.01327492339956394
2021-01-22 00:00:00+00:00,165.2155,166.095505,164.158005,164.611496,164.611496,56438000,164.611496,-0.004473305832456095,-0.004473305832456095
2021-01-25 00:00:00+00:00,166.425003,168.194504,162.157501,164.699997,164.699997,74996000,164.699997,0.0005374911232184159,0.0005374911232184159
2021-01-26 00:00:00+00:00,164.817993,166.899994,164.143494,166.306503,166.306503,59104000,166.306503,0.009706870494544583,0.009706870494544583
2021-01-27 00:00:00+00:00,167.074493,167.326004,160.354004,161.628998,161.628998,93204000,161.628998,-0.028528916404882754,-0.028528916404882754
2021-01-28 00:00:00+00:00,161.751999,165.084,161.434494,161.880997,161.880997,62984000,161.880997,0.0015579058135022784,0.0015579058135022784
2021-01-29 00:00:00+00:00,161.5,161.849503,159.227493,160.309998,160.309998,85872000,160.309998,-0.009752050646068216,-0.009752050646068216
2021-02-01 00:00:00+00:00,162.117996,167.513,161.751495,167.143997,167.143997,83204000,167.143997,0.04174627014560043,0.04174627014560043
2021-02-02 00:00:00+00:00,169.0,171.386993,168.056503,169.0,169.0,141972000,169.0,0.011043016551718937,0.011043016551718937
2021-02-03 00:00:00+00:00,171.250504,171.699997,165.431,165.626495,165.626495,141776000,165.626495,-0.020163491808230325,-0.020163491808230325
2021-02-04 00:00:00+00:00,166.5,167.350006,163.887497,166.550003,166.550003,73414000,166.550003,0.005560359537454101,0.005560359537454101
2021-02-05 00:00:00+00:00,165.949997,168.850006,165.135498,167.607498,167.607498,72416000,167.607498,0.006329341865161589,0.006329341865161589
2021-02-08 00:00:00+00:00,167.925003,168.25,165.199997,166.147003,166.147003,65148000,166.147003,-0.008751967797085187,-0.008751967797085187
2021-02-09 00:00:00+00:00,165.624496,166.899994,164.891998,165.25,165.25,44070000,165.25,-0.0054134779885781125,-0.0054134779885781125
2021-02-10 00:00:00+00:00,165.699997,165.897507,162.699997,164.328995,164.328995,63032000,164.328995,-0.005588993300011166,-0.005588993300011166
2021-02-11 00:00:00+00:00,164.600006,164.600006,162.403,163.106506,163.106506,46028000,163.106506,-0.0074670869621280235,-0.0074670869621280235
2021-02-12 00:00:00+00:00,162.5,164.012497,161.665497,163.885498,163.885498,46706000,163.885498,0.004764602584508531,0.004764602584508531
2021-02-16 00:00:00+00:00,162.702499,165.414993,162.679504,163.447495,163.447495,51494000,163.447495,-0.0026761937890889933,-0.0026761937890889933
2021-02-17 00:00:00+00:00,163.179993,166.045502,162.975006,165.432007,165.432007,65950000,165.432007,0.012068469299841624,0.012068469299841624
2021-02-18 00:00:00+00:00,164.121002,166.899994,163.697006,166.411499,166.411499,60548000,166.411499,0.005903354001887679,0.005903354001887679
2021-02-19 00:00:00+00:00,166.411499,166.675003,162.287506,162.494995,162.494995,86104000,162.494995,-0.023816429271342896,-0.023816429271342896
2021-02-22 00:00:00+00:00,160.406494,161.615997,158.613007,159.037003,159.037003,70314000,159.037003,-0.021510302880650246,-0.021510302880650246
2021-02-23 00:00:00+00:00,156.351501,160.236496,154.679993,159.725006,159.725006,93544000,159.725006,0.004316725638158171,0.004316725638158171
2021-02-24 00:00:00+00:00,158.337494,158.561493,156.268997,157.976501,157.976501,60226000,157.976501,-0.011007329935187934,-0.011007329935187934
2021-02-25 00:00:00+00:00,156.837006,158.912994,152.388,152.858002,152.858002,90676000,152.858002,-0.032936895172191546,-0.032936895172191546
2021-02-26 00:00:00+00:00,154.759995,156.121994,151.835007,154.6465,154.6465,85518000,154.6465,0.011632468180274918,0.011632468180274918
2021-03-01 00:00:00+00:00,156.394501,157.477997,154.899506,157.307007,157.307007,54582000,157.307007,0.017057487400792545,0.017057487400792545
2021-03-02 00:00:00+00:00,157.173492,158.175995,154.356003,154.726501,154.726501,51916000,154.726501,-0.01654030586572235,-0.01654030586572235
2021-03-03 00:00:00+00:00,154.059006,155.389008,149.75,150.25,150.25,79774000,150.25,-0.029358475245618944,-0.029358475245618944
2021-03-04 00:00:00+00:00,150.600006,152.906494,147.2715,148.878494,148.878494,109632000,148.878494,-0.009170076661769366,-0.009170076661769366
2021-03-05 00:00:00+00:00,150.25,150.449997,144.050003,150.022995,150.022995,107772000,150.022995,0.007658085593463913,0.007658085593463913
2021-03-08 00:00:00+00:00,150.75,153.229507,147.565506,147.597504,147.597504,83700000,147.597504,-0.016299580892730484,-0.016299580892730484
2021-03-09 00:00:00+00:00,150.899506,154.548004,150.257507,153.142502,153.142502,80600000,153.142502,0.03687987208861331,0.03687987208861331
2021-03-10 00:00:00+00:00,154.922501,155.822998,151.502502,152.882004,152.882004,60250000,152.882004,-0.0017024653765389257,-0.0017024653765389257
2021-03-11 00:00:00+00:00,155.2005,156.589005,154.1465,155.679504,155.679504,55528000,155.679504,0.01813302424365361,0.01813302424365361
2021-03-12 00:00:00+00:00,153.75,154.949005,152.274994,154.474503,154.474503,48438000,154.474503,-0.007770378817227202,-0.007770378817227202
2021-03-15 00:00:00+00:00,153.7285,154.112,151.604507,154.084,154.084,58272000,154.084,-0.0025311453399562557,-0.0025311453399562557
2021-03-16 00:00:00+00:00,155.248505,156.445496,153.792999,154.593002,154.593002,50776000,154.593002,0.0032979616754784304,0.0032979616754784304
2021-03-17 00:00:00+00:00,153.660995,158.652496,153.511002,156.786499,156.786499,62372000,156.786499,0.014089130964573345,0.014089130964573345
2021-03-18 00:00:00+00:00,155.050003,155.831497,151.25,151.399506,151.399506,72992000,151.399506,-0.034962922774640956,-0.034962922774640956
2021-03-19 00:00:00+00:00,151.461502,153.864502,150.831497,153.748001,153.748001,92508000,153.748001,0.015392826857852473,0.015392826857852473
2021-03-22 00:00:00+00:00,153.392502,156.328995,153.002502,155.543503,155.543503,58044000,155.543503,0.011610549574970238,0.011610549574970238
2021-03-23 00:00:00+00:00,156.350006,159.100006,156.042496,156.875,156.875,76346000,156.875,0.008523855334989082,0.008523855334989082
2021-03-24 00:00:00+00:00,157.552002,158.015503,154.257507,154.3535,154.3535,59180000,154.3535,-0.01620388345800926,-0.01620388345800926
2021-03-25 00:00:00+00:00,153.649506,155.488998,151.856995,152.313004,152.313004,71270000,152.313004,-0.013307786061630028,-0.013307786061630028
2021-03-26 00:00:00+00:00,152.203003,152.832993,149.800003,152.601501,152.601501,66258000,152.601501,0.001892314608574076,0.001892314608574076
2021-03-29 00:00:00+00:00,152.772003,154.5625,151.422501,153.786499,153.786499,54920000,153.786499,0.007735315408571378,0.007735315408571378
2021-03-30 00:00:00+00:00,153.500504,153.649994,151.699997,152.764496,152.764496,46752000,152.764496,-0.006667776670919312,-0.006667776670919312
2021-03-31 00:00:00+00:00,153.203003,155.966507,153.125,154.703995,154.703995,61878000,154.703995,0.012616087708771139,0.012616087708771139
2021-04-01 00:00:00+00:00,155.897003,158.121994,155.777496,158.050003,158.050003,58806000,158.050003,0.021397876221555433,0.021397876221555433
2021-04-05 00:00:00+00:00,158.649994,161.798004,158.061996,161.336502,161.336502,66698000,161.336502,0.02058080070855604,0.02058080070855604
2021-04-06 00:00:00+00:00,161.1875,162.365494,160.852005,161.190994,161.190994,50756000,161.190994,-0.0009022983260442254,-0.0009022983260442254
2021-04-07 00:00:00+00:00,161.690002,165.180496,161.182495,163.969498,163.969498,66924000,163.969498,0.017090462695970296,0.017090462695970296
2021-04-08 00:00:00+00:00,165.544998,166.225006,164.600006,164.964996,164.964996,56242000,164.964996,0.0060528832185615744,0.0060528832185615744
2021-04-09 00:00:00+00:00,165.235001,168.610001,164.445007,168.610001,168.610001,86830000,168.610001,0.021855055780730475,0.021855055780730475
2021-04-12 00:00:00+00:00,167.760498,169.751999,167.557495,168.969498,168.969498,65636000,168.969498,0.002129851705822139,0.002129851705822139
2021-04-13 00:00:00+00:00,170.042496,171.600006,169.781494,170.0,170.0,66316000,170.0,0.006080223623704058,0.006080223623704058
2021-04-14 00:00:00+00:00,170.201996,170.206497,166.300003,166.649994,166.649994,62904000,166.649994,-0.019902668300114126,-0.019902668300114126
2021-04-15 00:00:00+00:00,168.550003,169.850006,167.600006,168.954498,168.954498,64672000,168.954498,0.013733667317078547,0.013733667317078547
2021-04-16 00:00:00+00:00,169.0,170.339996,167.779495,169.972,169.972,63720000,169.972,0.006004281535179378,0.006004281535179378
2021-04-19 00:00:00+00:00,169.516495,171.796494,168.007996,168.600494,168.600494,54508000,168.600494,-0.008101742027080507,-0.008101742027080507
2021-04-20 00:00:00+00:00,168.679993,169.149506,165.800003,166.734497,166.734497,52460000,166.734497,-0.011129266615953882,-0.011129266615953882
2021-04-21 00:00:00+00:00,165.800003,168.143005,165.190506,168.100998,168.100998,44224000,168.100998,0.008162268379871516,0.008162268379871516
2021-04-22 00:00:00+00:00,168.584,168.643494,165.072495,165.451996,165.451996,51612000,165.451996,-0.015883878976697546,-0.015883878976697546
2021-04-23 00:00:00+00:00,165.955002,168.75,165.425003,167.044006,167.044006,63856000,167.044006,0.009576188323851906,0.009576188323851906
2021-04-26 00:00:00+00:00,167.399994,171.422501,166.546997,170.449997,170.449997,97614000,170.449997,0.020184694297045447,0.020184694297045447
2021-04-27 00:00:00+00:00,172.173492,173.0,169.900497,170.871506,170.871506,76542000,170.871506,0.002469866155930267,0.002469866155930267
2021-04-28 00:00:00+00:00,171.740005,174.494003,171.25,172.925003,172.925003,92638000,172.925003,0.011946144695837133,0.011946144695837133
2021-04-29 00:00:00+00:00,175.255005,175.722504,171.75,173.565506,173.565506,153648000,173.565506,0.0036970924912638732,0.0036970924912638732
2021-04-30 00:00:00+00:00,176.255997,177.699997,173.125,173.371002,173.371002,140186000,173.371002,-0.0011212657987445531,-0.0011212657987445531
2021-05-03 00:00:00+00:00,174.236496,174.332504,168.634995,169.324493,169.324493,117510000,169.324493,-0.02361686767308719,-0.02361686767308719
2021-05-04 00:00:00+00:00,167.809494,168.399002,163.606506,165.593506,165.593506,108788000,165.593506,-0.02228092464825535,-0.02228092464825535
2021-05-05 00:00:00+00:00,166.942993,167.735001,163.218002,163.526993,163.526993,74226000,163.526993,-0.012557954694502113,-0.012557954694502113
2021-05-06 00:00:00+00:00,163.5,165.720001,162.360001,165.318497,165.318497,88954000,165.318497,0.01089582663133101,0.01089582663133101
2021-05-07 00:00:00+00:00,165.954498,166.544495,164.453506,164.580505,164.580505,94206000,164.580505,-0.004474055553780766,-0.004474055553780766
2021-05-10 00:00:00+00:00,164.115997,164.149994,159.5,159.524506,159.524506,116772000,159.524506,-0.031202289533127172,-0.031202289533127172
2021-05-11 00:00:00+00:00,156.813995,161.899994,156.3685,161.195496,161.195496,92396000,161.195496,0.010420336179228567,0.010420336179228567
2021-05-12 00:00:00+00:00,159.25,160.397003,156.654999,157.597,157.597,98728000,157.597,-0.022576747525930366,-0.022576747525930366
2021-05-13 00:00:00+00:00,159.273499,160.192001,156.649994,158.073502,158.073502,67018000,158.073502,0.003018985675855734,0.003018985675855734
2021-05-14 00:00:00+00:00,159.278,161.442993,159.149994,161.145004,161.145004,66500000,161.145004,0.019244478223518557,0.019244478223518557
2021-05-17 00:00:00+00:00,162.296494,164.637497,161.729507,163.519501,163.519501,74478000,163.519501,0.014627649787221846,0.014627649787221846
2021-05-18 00:00:00+00:00,164.628998,165.600006,161.518494,161.613998,161.613998,56568000,161.613998,-0.011721491773485243,-0.011721491773485243
2021-05-19 00:00:00+00:00,159.75,161.737503,159.199997,161.589996,161.589996,53594000,161.589996,-0.00014852539256756585,-0.00014852539256756585
2021-05-20 00:00:00+00:00,162.220001,162.983994,161.809006,162.384003,162.384003,52664000,162.384003,0.0049016809510396084,0.0049016809510396084
2021-05-21 00:00:00+00:00,162.5,162.834503,159.850494,160.154007,160.154007,82098000,160.154007,-0.013828023145549057,-0.013828023145549057
2021-05-24 00:00:00+00:00,160.774994,162.897507,160.524994,162.249496,162.249496,48456000,162.249496,0.012999353226323658,0.012999353226323658
2021-05-25 00:00:00+00:00,163.333496,163.990997,160.688004,162.952499,162.952499,65222000,162.952499,0.004323491896647914,0.004323491896647914
2021-05-26 00:00:00+00:00,163.729507,164.786499,162.925507,163.257996,163.257996,47680000,163.257996,0.0018730058903273356,0.0018730058903273356
2021-05-27 00:00:00+00:00,162.800003,163.018005,161.501999,161.505493,161.505493,51224000,161.505493,-0.010792592580734327,-0.010792592580734327
2021-05-28 00:00:00+00:00,162.100006,162.399506,160.985001,161.153503,161.153503,46596000,161.153503,-0.0021818089313784083,-0.0021818089313784083
2021-06-01 00:00:00+00:00,162.175003,162.548996,160.453003,160.932495,160.932495,48600000,160.932495,-0.001372354191481533,-0.001372354191481533
2021-06-02 00:00:00+00:00,161.154999,161.75,160.399994,161.699493,161.699493,40290000,161.699493,0.004754639796808903,0.004754639796808903
2021-06-03 00:00:00+00:00,160.211502,160.722,159.201508,159.350494,159.350494,47966000,159.350494,-0.01463349018948047,-0.01463349018948047
2021-06-04 00:00:00+00:00,160.600006,161.050003,159.940506,160.311005,160.311005,44994000,160.311005,0.006009568832870546,0.006009568832870546
2021-06-07 00:00:00+00:00,159.866501,160.399994,158.610001,159.900497,159.900497,44316000,159.900497,-0.0025639817578446355,-0.0025639817578446355
2021-06-08 00:00:00+00:00,161.130493,163.976501,160.900497,163.205505,163.205505,68334000,163.205505,0.020458445551056872,0.020458445551056872
2021-06-09 00:00:00+00:00,163.643494,164.878998,163.535004,164.057495,164.057495,49110000,164.057495,0.005206772075182827,0.005206772075182827
2021-06-10 00:00:00+00:00,164.100494,167.550003,164.057495,167.482498,167.482498,69530000,167.482498,0.02066191059953047,0.02066191059953047
2021-06-11 00:00:00+00:00,167.482498,168.328995,166.672501,167.341507,167.341507,56348000,167.341507,-0.0008421798092602796,-0.0008421798092602796
2021-06-14 00:00:00+00:00,167.341507,169.25,166.774994,169.193497,169.193497,51394000,169.193497,0.011006336183170307,0.011006336183170307
2021-06-15 00:00:00+00:00,169.199997,169.849503,168.155502,169.156494,169.156494,48524000,169.156494,-0.00021872617781463154,-0.00021872617781463154
2021-06-16 00:00:00+00:00,169.600006,171.317505,168.026505,170.762497,170.762497,84056000,170.762497,0.009449398195781151,0.009449398195781151
2021-06-17 00:00:00+00:00,170.158997,174.860001,170.050003,174.462006,174.462006,102730000,174.462006,0.021433302631349568,0.021433302631349568
2021-06-18 00:00:00+00:00,173.999496,175.350006,173.685501,174.345001,174.345001,104954000,174.345001,-0.0006708867771602494,-0.0006708867771602494
2021-06-21 00:00:00+00:00,173.820999,174.100006,171.699997,172.697998,172.697998,65542000,172.697998,-0.009491707770781534,-0.009491707770781534
2021-06-22 00:00:00+00:00,172.903,176.188995,172.804504,175.272003,175.272003,66902000,175.272003,0.014794677373418613,0.014794677373418613
2021-06-23 00:00:00+00:00,175.25,176.050003,174.160004,175.190994,175.190994,56266000,175.190994,-0.00046229703070635344,-0.00046229703070635344
2021-06-24 00:00:00+00:00,175.382004,176.242996,171.542496,172.453995,172.453995,76640000,172.453995,-0.015746267821834695,-0.015746267821834695
2021-06-25 00:00:00+00:00,173.199997,173.240997,169.709,170.072998,170.072998,78820000,170.072998,-0.013902760365165799,-0.013902760365165799
2021-06-28 00:00:00+00:00,170.800003,172.399994,170.675507,172.194504,172.194504,44856000,172.194504,0.01239693022352043,0.01239693022352043
2021-06-29 00:00:00+00:00,171.940994,172.801498,171.151505,172.406998,172.406998,41968000,172.406998,0.0012332739451203219,0.0012332739451203219
2021-06-30 00:00:00+00:00,172.052994,173.580002,171.75,172.007996,172.007996,48080000,172.007996,-0.0023169849481106497,-0.0023169849481106497
2021-07-01 00:00:00+00:00,171.730499,172.850006,170.470993,171.648499,171.648499,40742000,171.648499,-0.0020921887778325115,-0.0020921887778325115
2021-07-02 00:00:00+00:00,172.582001,175.585999,171.845993,175.548996,175.548996,63388000,175.548996,0.02246940810259587,0.02246940810259587
2021-07-06 00:00:00+00:00,176.505493,184.274002,176.449997,183.787003,183.787003,134896000,183.787003,0.04585931126033552,0.04585931126033552
2021-07-07 00:00:00+00:00,185.869003,186.710007,183.945496,184.828995,184.828995,106562000,184.828995,0.005653551560723237,0.005653551560723237
2021-07-08 00:00:00+00:00,182.177994,187.999496,181.056,186.570496,186.570496,103612000,186.570496,0.00937811604914684,0.00937811604914684
2021-07-09 00:00:00+00:00,186.126007,187.399994,184.669998,185.966995,185.966995,74964000,185.966995,-0.003239950568768206,-0.003239950568768206
2021-07-12 00:00:00+00:00,187.199997,187.864502,184.839493,185.927505,185.927505,51432000,185.927505,-0.00021237205792736213,-0.00021237205792736213
2021-07-13 00:00:00+00:00,185.104996,188.654007,183.565994,183.867996,183.867996,76918000,183.867996,-0.011138752571644803,-0.011138752571644803
2021-07-14 00:00:00+00:00,185.442505,185.882996,183.041504,184.084,184.084,65932000,184.084,0.0011740880721470034,0.0011740880721470034
2021-07-15 00:00:00+00:00,184.710007,184.770004,181.046005,181.559998,181.559998,63706000,181.559998,-0.01380600860114834,-0.01380600860114834
2021-07-16 00:00:00+00:00,181.665497,182.302994,178.522995,178.681503,178.681503,80874000,178.681503,-0.015981258438387696,-0.015981258438387696
2021-07-19 00:00:00+00:00,176.628998,177.510498,174.957993,177.479507,177.479507,75692000,177.479507,-0.006749759405161928,-0.006749759405161928
2021-07-20 00:00:00+00:00,178.365997,179.600006,175.899994,178.6595,178.6595,65114000,178.6595,0.006626610928815543,0.006626610928815543
2021-07-21 00:00:00+00:00,178.819,179.322495,177.182007,179.259995,179.259995,46380000,179.259995,0.003355478378880106,0.003355478378880106
2021-07-22 00:00:00+00:00,179.361496,182.001007,179.113495,181.901505,181.901505,65308000,181.901505,0.014628121229880817,0.014628121229880817
2021-07-23 00:00:00+00:00,182.0,183.305496,181.102005,182.832001,182.832001,48726000,182.832001,0.005102344607210585,0.005102344607210585
2021-07-26 00:00:00+00:00,183.658493,185.604004,182.362503,184.990997,184.990997,58002000,184.990997,0.011739455155427061,0.011739455155427061
2021-07-27 00:00:00+00:00,184.925003,184.925003,179.307495,181.319504,181.319504,82638000,181.319504,-0.020046468455636925,-0.020046468455636925
2021-07-28 00:00:00+00:00,181.688995,182.921005,180.050003,181.516006,181.516006,59988000,181.516006,0.0010831465708054562,0.0010831465708054562
2021-07-29 00:00:00+00:00,181.387497,181.897507,179.000504,179.996002,179.996002,110400000,179.996002,-0.008409197612026532,-0.008409197612026532
2021-07-30 00:00:00+00:00,167.397507,168.406998,165.348999,166.379501,166.379501,199312000,166.379501,-0.07866330983973738,-0.07866330983973738
2021-08-02 00:00:00+00:00,167.654999,167.945999,165.850006,166.574005,166.574005,67078000,166.574005,0.0011683554527621954,0.0011683554527621954
2021-08-03 00:00:00+00:00,167.035995,169.550003,164.988495,168.311996,168.311996,83146000,168.311996,0.010379690991876783,0.010379690991876783
2021-08-04 00:00:00+00:00,168.967499,169.444,167.278,167.735992,167.735992,43678000,167.735992,-0.003428108988389413,-0.003428108988389413
2021-08-05 00:00:00+00:00,167.811005,169.449997,167.046005,168.7995,168.7995,48670000,168.7995,0.0063203529232205334,0.0063203529232205334
2021-08-06 00:00:00+00:00,168.75,168.75,166.451996,167.246994,167.246994,52752000,167.246994,-0.009239894319512184,-0.009239894319512184
2021-08-09 00:00:00+00:00,167.180496,167.744003,166.425995,167.093506,167.093506,42964000,167.093506,-0.0009181538627993336,-0.0009181538627993336
2021-08-10 00:00:00+00:00,167.250504,167.899994,165.75,166.033997,166.033997,48252000,166.033997,-0.0063610032973914375,-0.0063610032973914375
2021-08-11 00:00:00+00:00,166.572495,166.884995,163.889496,164.605499,164.605499,58944000,164.605499,-0.008640872645078339,-0.008640872645078339
2021-08-12 00:00:00+00:00,164.5,165.725494,163.483505,165.175003,165.175003,46282000,165.175003,0.0034538401311237895,0.0034538401311237895
2021-08-13 00:00:00+00:00,165.283493,165.303497,164.149994,164.698502,164.698502,41134000,164.698502,-0.002888994261105274,-0.002888994261105274
2021-08-16 00:00:00+00:00,164.149994,165.0,160.556503,164.949493,164.949493,66394000,164.949493,0.0015227821937832961,0.0015227821937832961
2021-08-17 00:00:00+00:00,163.875,164.024506,161.283997,162.098007,162.098007,67758000,162.098007,-0.017438190224838425,-0.017438190224838425
2021-08-18 00:00:00+00:00,162.099503,162.705002,160.0,160.061005,160.061005,56086000,160.061005,-0.012646109971741735,-0.012646109971741735
2021-08-19 00:00:00+00:00,159.701004,161.649994,159.123001,159.387497,159.387497,75658000,159.387497,-0.0042166984269951125,-0.0042166984269951125
2021-08-20 00:00:00+00:00,160.193497,160.390503,158.787994,159.997498,159.997498,67168000,159.997498,0.0038198522239529693,0.0038198522239529693
2021-08-23 00:00:00+00:00,160.595001,164.044998,160.500504,163.293503,163.293503,65362000,163.293503,0.020391035902843496,0.020391035902843496
2021-08-24 00:00:00+00:00,164.0,165.774506,163.729004,165.289001,165.289001,51036000,165.289001,0.012146249473791698,0.012146249473791698
2021-08-25 00:00:00+00:00,165.4935,166.050003,164.307495,164.959,164.959,33606000,164.959,-0.001998504813574526,-0.001998504813574526
2021-08-26 00:00:00+00:00,164.949997,166.600006,164.800003,165.800003,165.800003,41976000,165.800003,0.005085302620663176,0.005085302620663176
2021-08-27 00:00:00+00:00,166.661499,167.615997,165.6875,167.481506,167.481506,48048000,167.481506,0.010090672433691961,0.010090672433691961
2021-08-30 00:00:00+00:00,167.871506,172.25,167.761002,171.078506,171.078506,63844000,171.078506,0.021249617334996387,0.021249617334996387
2021-08-31 00:00:00+00:00,171.240005,173.628998,169.779495,173.539505,173.539505,87128000,173.539505,0.01428271742897356,0.01428271742897356
2021-09-01 00:00:00+00:00,174.820007,176.350006,173.761993,173.949997,173.949997,72598000,173.949997,0.0023626163586702767,0.0023626163586702767
2021-09-02 00:00:00+00:00,174.738007,175.598007,172.75,173.156006,173.156006,58474000,173.156006,-0.004574927416911162,-0.004574927416911162
2021-09-03 00:00:00+00:00,172.600006,174.133499,171.822006,173.902496,173.902496,51514000,173.902496,0.004301817399009129,0.004301817399009129
2021-09-07 00:00:00+00:00,173.899994,176.404495,173.847,175.464493,175.464493,54758000,175.464493,0.008941929014620119,0.008941929014620119
2021-09-08 00:00:00+00:00,175.582504,177.281494,174.783493,176.274994,176.274994,61068000,176.274994,0.004608538219044842,0.004608538219044842
2021-09-09 00:00:00+00:00,176.300995,177.499496,174.018494,174.207993,174.207993,54384000,174.207993,-0.011795294160284828,-0.011795294160284828
2021-09-10 00:00:00+00:00,175.091507,175.422501,173.145493,173.457504,173.457504,47946000,173.457504,-0.0043173117389211126,-0.0043173117389211126
2021-09-13 00:00:00+00:00,174.139999,174.897995,171.899994,172.858505,172.858505,51380000,172.858505,-0.003459265998458283,-0.003459265998458283
2021-09-14 00:00:00+00:00,173.777496,174.3405,171.885498,172.5,172.5,38738000,172.5,-0.002076133198299996,-0.002076133198299996
2021-09-15 00:00:00+00:00,172.126007,174.270996,170.100494,173.789505,173.789505,59150000,173.789505,0.007447589036023989,0.007447589036023989
2021-09-16 00:00:00+00:00,172.998001,174.627502,172.307007,174.412003,174.412003,51672000,174.412003,0.003575508140425004,0.003575508140425004
2021-09-17 00:00:00+00:00,174.420502,174.870499,172.606506,173.126007,173.126007,92332000,173.126007,-0.007400640116678881,-0.007400640116678881
2021-09-20 00:00:00+00:00,169.800003,170.949997,165.250504,167.786499,167.786499,93382000,167.786499,-0.03132736161468677,-0.03132736161468677
2021-09-21 00:00:00+00:00,168.75,168.985001,166.619507,167.181503,167.181503,55618000,167.181503,-0.003612265376054828,-0.003612265376054828
2021-09-22 00:00:00+00:00,167.550003,169.449997,167.052505,169.002502,169.002502,48228000,169.002502,0.01083345300676907,0.01083345300676907
2021-09-23 00:00:00+00:00,169.002502,171.447998,169.002502,170.800003,170.800003,47588000,170.800003,0.010579779371659924,0.010579779371659924
2021-09-24 00:00:00+00:00,170.100494,171.462997,169.669998,171.276001,171.276001,42324000,171.276001,0.002782997355289166,0.002782997355289166
2021-09-27 00:00:00+00:00,168.574997,170.778503,166.980499,170.289993,170.289993,72690000,170.289993,-0.00577347134199692,-0.00577347134199692
2021-09-28 00:00:00+00:00,167.885498,168.459503,164.505005,165.798004,165.798004,88616000,165.798004,-0.02673262090415821,-0.02673262090415821
2021-09-29 00:00:00+00:00,166.105499,167.565002,164.893494,165.056,165.056,51246000,165.056,-0.004485393769126553,-0.004485393769126553
2021-09-30 00:00:00+00:00,165.800003,166.392502,163.699493,164.251999,164.251999,56848000,164.251999,-0.004882982496377555,-0.004882982496377555
2021-10-01 00:00:00+00:00,164.4505,165.458496,162.796997,164.162994,164.162994,56712000,164.162994,-0.0005420276423197105,-0.0005420276423197105
2021-10-04 00:00:00+00:00,163.969498,163.999496,158.8125,159.488998,159.488998,90462000,159.488998,-0.02888485833080495,-0.02888485833080495
2021-10-05 00:00:00+00:00,160.225006,163.036499,160.123001,161.050003,161.050003,65384000,161.050003,0.009739952615585632,0.009739952615585632
2021-10-06 00:00:00+00:00,160.676498,163.216995,159.931,163.100494,163.100494,50660000,163.100494,0.012651644034095145,0.012651644034095145
2021-10-07 00:00:00+00:00,164.576996,166.287506,164.153,165.121506,165.121506,48182000,165.121506,0.012315064452081873,0.012315064452081873
2021-10-08 00:00:00+00:00,165.850006,166.071503,164.410004,164.431,164.431,39964000,164.431,-0.004190573568221261,-0.004190573568221261
2021-10-11 00:00:00+00:00,163.75,164.629501,161.904999,162.315002,162.315002,40684000,162.315002,-0.012952125309477217,-0.012952125309477217
2021-10-12 00:00:00+00:00,162.850006,163.376495,161.813995,162.366501,162.366501,36392000,162.366501,0.0003172278060562579,0.0003172278060562579
2021-10-13 00:00:00+00:00,163.485504,164.419006,163.054504,164.214005,164.214005,48402000,164.214005,0.01131435388807725,0.01131435388807725
2021-10-14 00:00:00+00:00,165.122498,165.630005,164.539001,164.992996,164.992996,42190000,164.992996,0.004732538807194345,0.004732538807194345
2021-10-15 00:00:00+00:00,165.570999,170.520996,165.199997,170.451004,170.451004,103598000,170.451004,0.03254486434220251,0.03254486434220251
2021-10-18 00:00:00+00:00,169.417999,172.458496,169.255005,172.337006,172.337006,63482000,172.337006,0.011004008168254528,0.011004008168254528
2021-10-19 00:00:00+00:00,171.714493,172.734497,171.100006,172.207504,172.207504,47722000,172.207504,-0.0007517287452842017,-0.0007517287452842017
2021-10-20 00:00:00+00:00,172.632996,173.143005,170.018494,170.753006,170.753006,42796000,170.753006,-0.008482065298791563,-0.008482065298791563
2021-10-21 00:00:00+00:00,170.712494,172.014008,170.149994,171.750504,171.750504,37628000,171.750504,0.005824762614818708,0.005824762614818708
2021-10-22 00:00:00+00:00,171.050003,171.492004,166.565002,166.777496,166.777496,62782000,166.777496,-0.02938230084046077,-0.02938230084046077
2021-10-25 00:00:00+00:00,166.75,167.389999,164.884995,166.018494,166.018494,44520000,166.018494,-0.004561372966004278,-0.004561372966004278
2021-10-26 00:00:00+00:00,167.475494,170.806,167.199005,168.803497,168.803497,53966000,168.803497,0.016636106982406244,0.016636106982406244
2021-10-27 00:00:00+00:00,169.399994,171.850006,168.572495,169.624496,169.624496,54044000,169.624496,0.004851848118575455,0.004851848118575455
2021-10-28 00:00:00+00:00,170.104996,173.949997,169.300003,172.328506,172.328506,114174000,172.328506,0.01581542695208483,0.01581542695208483
2021-10-29 00:00:00+00:00,165.001007,168.740997,163.666,168.621506,168.621506,129722000,168.621506,-0.021745980063053113,-0.021745980063053113
2021-11-01 00:00:00+00:00,168.089996,168.792999,164.600998,165.905502,165.905502,72178000,165.905502,-0.016238232576088956,-0.016238232576088956
2021-11-02 00:00:00+00:00,165.750504,166.556,164.177505,165.637497,165.637497,52552000,165.637497,-0.0016167137245154226,-0.0016167137245154226
2021-11-03 00:00:00+00:00,165.449997,169.746002,164.876007,169.199997,169.199997,67944000,169.199997,0.02127978196271249,0.02127978196271249
2021-11-04 00:00:00+00:00,168.5,174.931503,168.25,173.850006,173.850006,107060000,173.850006,0.027111463524754305,0.027111463524754305
2021-11-05 00:00:00+00:00,173.850006,178.3125,173.848999,175.949493,175.949493,99940000,175.949493,0.01200408929663569,0.01200408929663569
2021-11-08 00:00:00+00:00,176.162003,178.949997,174.393005,174.449005,174.449005,61480000,174.449005,-0.008564518286510427,-0.008564518286510427
2021-11-09 00:00:00+00:00,175.762497,179.688507,175.071503,178.811493,178.811493,85898000,178.811493,0.02469967522062207,0.02469967522062207
2021-11-10 00:00:00+00:00,178.193497,180.272507,173.154495,174.102493,174.102493,80548000,174.102493,-0.026687973168814078,-0.026687973168814078
2021-11-11 00:00:00+00:00,175.649994,177.162003,173.373505,173.625,173.625,45288000,173.625,-0.002746364953806106,-0.002746364953806106
2021-11-12 00:00:00+00:00,174.25,177.036499,172.352493,176.257507,176.257507,53788000,176.257507,0.015048232618619567,0.015048232618619567
2021-11-15 00:00:00+00:00,176.850006,179.694,176.290497,177.283997,177.283997,58594000,177.283997,0.005806915866141316,0.005806915866141316
2021-11-16 00:00:00+00:00,176.949997,178.824997,176.257507,177.035004,177.035004,44342000,177.035004,-0.0014054738260425247,-0.0014054738260425247
2021-11-17 00:00:00+00:00,178.235992,179.362503,177.267502,177.449997,177.449997,51206000,177.449997,0.0023413864531083356,0.0023413864531083356
2021-11-18 00:00:00+00:00,178.317505,185.210007,178.050003,184.802994,184.802994,114070000,184.802994,0.04060149818871089,0.04060149818871089
2021-11-19 00:00:00+00:00,185.634506,188.107498,183.785995,183.828506,183.828506,98734000,183.828506,-0.0052870699872169915,-0.0052870699872169915
2021-11-22 00:00:00+00:00,183.819,185.673004,178.375,178.628494,178.628494,96844000,178.628494,-0.028695093797261373,-0.028695093797261373
2021-11-23 00:00:00+00:00,179.251999,181.052505,176.385498,179.001999,179.001999,73804000,179.001999,0.002088776785596124,0.002088776785596124
2021-11-24 00:00:00+00:00,178.133499,180.682007,176.842499,179.020493,179.020493,46560000,179.020493,0.00010331194508544988,0.00010331194508544988
2021-11-26 00:00:00+00:00,180.104996,181.675003,175.207504,175.227997,175.227997,59826000,175.227997,-0.021412319357343636,-0.021412319357343636
2021-11-29 00:00:00+00:00,177.382004,179.800003,176.574997,178.078506,178.078506,65312000,178.078506,0.016136532040267125,0.016136532040267125
2021-11-30 00:00:00+00:00,178.175003,179.288498,174.600494,175.3535,175.3535,80022000,175.3535,-0.015420561537344541,-0.015420561537344541
2021-12-01 00:00:00+00:00,177.25,177.994003,172.080002,172.186005,172.186005,74916000,172.186005,-0.01822861955293063,-0.01822861955293063
2021-12-02 00:00:00+00:00,173.0,174.634995,171.1875,171.867996,171.867996,64726000,171.867996,-0.0018485998688418913,-0.0018485998688418913
2021-12-03 00:00:00+00:00,172.75,173.4935,166.929993,169.489502,169.489502,80712000,169.489502,-0.013935727245852809,-0.013935727245852809
2021-12-06 00:00:00+00:00,169.649994,173.695496,166.934494,171.3685,171.3685,68860000,171.3685,0.011025218844642809,0.011025218844642809
2021-12-07 00:00:00+00:00,174.600006,177.499496,173.334503,176.164505,176.164505,66410000,176.164505,0.027602037345948318,0.027602037345948318
2021-12-08 00:00:00+00:00,176.150497,177.179993,174.750504,176.158005,176.158005,45254000,176.158005,-3.689801143124804e-05,-3.689801143124804e-05
2021-12-09 00:00:00+00:00,175.75,176.969498,174.139496,174.171005,174.171005,46062000,174.171005,-0.011343744026822917,-0.011343744026822917
2021-12-10 00:00:00+00:00,175.417007,175.927002,170.5,172.212006,172.212006,60690000,172.212006,-0.011311293133967067,-0.011311293133967067
2021-12-13 00:00:00+00:00,172.0,172.100006,169.130005,169.567505,169.567505,62170000,169.567505,-0.015475203694346037,-0.015475203694346037
2021-12-14 00:00:00+00:00,167.550003,169.498993,166.440002,169.091507,169.091507,55976000,169.091507,-0.0028110771990960243,-0.0028110771990960243
2021-12-15 00:00:00+00:00,168.598007,173.600006,165.195007,173.315002,173.315002,75794000,173.315002,0.024670729698186403,0.024670729698186403
2021-12-16 00:00:00+00:00,173.3685,174.166,168.160507,168.871002,168.871002,60876000,168.871002,-0.02597563793751661,-0.02597563793751661
2021-12-17 00:00:00+00:00,167.710495,170.898499,165.613495,170.017502,170.017502,85542000,170.017502,0.0067662630073479,0.0067662630073479
2021-12-20 00:00:00+00:00,166.850006,167.874496,165.600006,167.078995,167.078995,57372000,167.078995,-0.017434660163859205,-0.017434660163859205
2021-12-21 00:00:00+00:00,167.850494,170.716507,165.647507,170.417007,170.417007,55956000,170.417007,0.019781691224633833,0.019781691224633833
2021-12-22 00:00:00+00:00,169.270004,172.050003,168.500504,171.037003,171.037003,55036000,171.037003,0.003631509153271504,0.003631509153271504
2021-12-23 00:00:00+00:00,170.427994,171.975006,170.149994,171.068497,171.068497,36788000,171.068497,0.00018411864228424512,0.00018411864228424512
2021-12-27 00:00:00+00:00,171.037003,172.942993,169.2155,169.669495,169.669495,58688000,169.669495,-0.00821164586394605,-0.00821164586394605
2021-12-28 00:00:00+00:00,170.182495,172.175995,169.135498,170.660995,170.660995,54638000,170.660995,0.005826705712781884,0.005826705712781884
2021-12-29 00:00:00+00:00,170.839996,171.212006,168.600494,169.201004,169.201004,35754000,169.201004,-0.00859172243664946,-0.00859172243664946
2021-12-30 00:00:00+00:00,169.699997,170.888,168.524002,168.644501,168.644501,37584000,168.644501,-0.003294425973326221,-0.003294425973326221
2021-12-31 00:00:00+00:00,168.955994,169.350006,166.558502,166.716995,166.716995,47830000,166.716995,-0.011495220817020308,-0.011495220817020308
2022-01-03 00:00:00+00:00,167.550003,170.703506,166.160507,170.404495,170.404495,63520000,170.404495,0.021877258984956058,0.021877258984956058
2022-01-04 00:00:00+00:00,170.438004,171.399994,166.349503,167.522003,167.522003,70726000,167.522003,-0.017060289323249104,-0.017060289323249104
2022-01-05 00:00:00+00:00,166.882996,167.126495,164.356995,164.356995,164.356995,64302000,164.356995,-0.01907384302118798,-0.01907384302118798
2022-01-06 00:00:00+00:00,163.4505,164.800003,161.936996,163.253998,163.253998,51958000,163.253998,-0.006733602908231083,-0.006733602908231083
2022-01-07 00:00:00+00:00,163.839005,165.2435,162.031006,162.554001,162.554001,46606000,162.554001,-0.0042969974906764356,-0.0042969974906764356
2022-01-10 00:00:00+00:00,160.585495,161.661499,156.304504,161.485992,161.485992,87798000,161.485992,-0.006591858353180897,-0.006591858353180897
2022-01-11 00:00:00+00:00,161.5,166.350006,160.701508,165.362,165.362,62806000,165.362,0.023718608065037946,0.023718608065037946
2022-01-12 00:00:00+00:00,166.574997,166.878006,164.417007,165.207001,165.207001,50030000,165.207001,-0.0009377710002459456,-0.0009377710002459456
2022-01-13 00:00:00+00:00,165.250504,166.221497,161.091003,161.214005,161.214005,52188000,161.214005,-0.02446653317222584,-0.02446653317222584
2022-01-14 00:00:00+00:00,160.149994,162.25,159.800507,162.138,162.138,45974000,162.138,0.005715118513049979,0.005715118513049979
2022-01-18 00:00:00+00:00,159.104996,159.734497,157.664505,158.917496,158.917496,67292000,158.917496,-0.020062649997498287,-0.020062649997498287
2022-01-19 00:00:00+00:00,158.761993,159.25,156.25,156.298996,156.298996,53242000,156.298996,-0.0166143606045326,-0.0166143606045326
2022-01-20 00:00:00+00:00,156.766006,158.0,151.350998,151.667496,151.667496,71974000,151.667496,-0.03008021546257538,-0.03008021546257538
2022-01-21 00:00:00+00:00,149.949997,150.899994,142.070496,142.643005,142.643005,163972000,142.643005,-0.06134555804490714,-0.06134555804490714
2022-01-24 00:00:00+00:00,139.0,144.945007,135.352005,144.544006,144.544006,155624000,144.544006,0.013238960627192868,0.013238960627192868
2022-01-25 00:00:00+00:00,142.242493,143.600006,138.145004,139.985992,139.985992,90824000,139.985992,-0.03204164052164707,-0.03204164052164707
2022-01-26 00:00:00+00:00,144.75,145.184998,137.318497,138.872498,138.872498,95602000,138.872498,-0.007986128864517144,-0.007986128864517144
2022-01-27 00:00:00+00:00,140.800003,144.2435,139.350006,139.637497,139.637497,77516000,139.637497,0.005493525816886006,0.005493525816886006
2022-01-28 00:00:00+00:00,140.860504,143.998001,137.929504,143.977997,143.977997,74392000,143.977997,0.030610731877226106,0.030610731877226106
2022-01-31 00:00:00+00:00,144.75,150.360504,144.300507,149.573502,149.573502,78308000,149.573502,0.03812743489333153,0.03812743489333153
2022-02-01 00:00:00+00:00,150.0,151.707993,147.627502,151.193497,151.193497,59220000,151.193497,0.010772529377924807,0.010772529377924807
2022-02-02 00:00:00+00:00,155.050507,155.074997,148.863495,150.612503,150.612503,87330000,150.612503,-0.003850120393188572,-0.003850120393188572
2022-02-03 00:00:00+00:00,141.737503,144.247498,138.332993,138.845505,138.845505,225532000,138.845505,-0.0813484930037285,-0.0813484930037285
2022-02-04 00:00:00+00:00,155.606506,161.199997,150.608002,157.639496,157.639496,253456000,157.639496,0.1269489149992788,0.1269489149992788
2022-02-07 00:00:00+00:00,158.520004,162.690994,157.25,157.935501,157.935501,102624000,157.935501,0.0018759729992818025,0.0018759729992818025
2022-02-08 00:00:00+00:00,156.750504,161.792496,155.550507,161.413498,161.413498,76040000,161.413498,0.021782654907204414,0.021782654907204414
2022-02-09 00:00:00+00:00,162.873505,163.834503,160.25,161.189499,161.189499,68786000,161.189499,-0.0013886977993459704,-0.0013886977993459704
2022-02-10 00:00:00+00:00,158.350006,160.716507,157.75,159.003494,159.003494,68268000,159.003494,-0.013654508449195309,-0.013654508449195309
2022-02-11 00:00:00+00:00,158.134506,159.0,152.733994,153.293503,153.293503,77100000,153.293503,-0.036571772794266,-0.036571772794266
2022-02-14 00:00:00+00:00,151.751007,158.448502,151.649994,155.167007,155.167007,83230000,155.167007,0.012147597359811416,0.012147597359811416
2022-02-15 00:00:00+00:00,157.605499,158.007004,154.637497,156.510498,156.510498,56440000,156.510498,0.008621086215557676,0.008621086215557676
2022-02-16 00:00:00+00:00,155.790497,158.834,154.734497,158.100494,158.100494,52704000,158.100494,0.010107781212566894,0.010107781212566894
2022-02-17 00:00:00+00:00,158.145996,160.348999,154.5,154.652496,154.652496,64032000,154.652496,-0.022050230144166575,-0.022050230144166575
2022-02-18 00:00:00+00:00,155.499496,155.499496,150.893005,152.601501,152.601501,63604000,152.601501,-0.01335068369607552,-0.01335068369607552
2022-02-22 00:00:00+00:00,150.4785,152.982498,148.485504,150.197495,150.197495,66128000,150.197495,-0.015878893547006924,-0.015878893547006924
2022-02-23 00:00:00+00:00,151.650497,151.763,144.651001,144.826996,144.826996,64244000,144.826996,-0.03641116238938962,-0.03641116238938962
2022-02-24 00:00:00+00:00,139.837494,151.748993,139.5,151.358002,151.358002,100786000,151.358002,0.044108005860731866,0.044108005860731866
2022-02-25 00:00:00+00:00,150.550003,153.990005,149.213501,153.788498,153.788498,62396000,153.788498,0.01593036394002432,0.01593036394002432
2022-02-28 00:00:00+00:00,152.425003,154.449997,150.850006,153.563004,153.563004,57684000,153.563004,-0.0014673365120487852,-0.0014673365120487852
2022-03-01 00:00:00+00:00,152.732498,154.098999,149.977005,151.141998,151.141998,44874000,151.141998,-0.01589115329053735,-0.01589115329053735
2022-03-02 00:00:00+00:00,150.848999,152.999496,148.75,152.052505,152.052505,47334000,152.052505,0.006006109794709515,0.006006109794709515
2022-03-03 00:00:00+00:00,153.531494,153.929001,146.856003,147.898499,147.898499,65198000,147.898499,-0.02769966791536603,-0.02769966791536603
2022-03-04 00:00:00+00:00,147.158997,147.850006,143.807007,145.641006,145.641006,60934000,145.641006,-0.015381490189713706,-0.015381490189713706
2022-03-07 00:00:00+00:00,145.443497,146.094498,137.416504,137.453003,137.453003,86934000,137.453003,-0.057862668409087575,-0.057862668409087575
2022-03-08 00:00:00+00:00,136.683502,140.699493,133.572495,136.014496,136.014496,91662000,136.014496,-0.010520594026075082,-0.010520594026075082
2022-03-09 00:00:00+00:00,139.5,140.25,136.828003,139.279007,139.279007,82656000,139.279007,0.023717697620032105,0.023717697620032105
2022-03-10 00:00:00+00:00,145.684998,148.6745,143.977997,146.817505,146.817505,135062000,146.817505,0.05271118702938409,0.05271118702938409
2022-03-11 00:00:00+00:00,149.574493,149.675003,145.369003,145.524506,145.524506,68900000,145.524506,-0.00884585439434038,-0.00884585439434038
2022-03-14 00:00:00+00:00,145.981003,147.449997,140.884003,141.852997,141.852997,74086000,141.852997,-0.025553209562569366,-0.025553209562569366
2022-03-15 00:00:00+00:00,142.850006,147.985001,142.0,147.366501,147.366501,75584000,147.366501,0.0381313989996759,0.0381313989996759
2022-03-16 00:00:00+00:00,148.5,153.149994,147.3535,153.104004,153.104004,84958000,153.104004,0.038194767179532636,0.038194767179532636
2022-03-17 00:00:00+00:00,152.640503,157.498505,152.139999,157.238998,157.238998,72934000,157.238998,0.0266494729460974,0.0266494729460974
2022-03-18 00:00:00+00:00,156.813004,161.593994,156.011002,161.250504,161.250504,102962000,161.250504,0.025192153143356495,0.025192153143356495
2022-03-21 00:00:00+00:00,161.121002,163.084,159.552994,161.491501,161.491501,66538000,161.491501,0.0014934346385574535,0.0014934346385574535
2022-03-22 00:00:00+00:00,161.805496,166.167007,161.699005,164.889008,164.889008,64086000,164.889008,0.020820052871862928,0.020820052871862928
2022-03-23 00:00:00+00:00,163.705002,166.369995,162.686996,163.408005,163.408005,55812000,163.408005,-0.009022397328813268,-0.009022397328813268
2022-03-24 00:00:00+00:00,163.749496,164.1185,160.050003,163.649506,163.649506,56798000,163.649506,0.0014768108712977933,0.0014768108712977933
2022-03-25 00:00:00+00:00,164.0,165.3685,162.25,164.773499,164.773499,49032000,164.773499,0.006844815200400422,0.006844815200400422
2022-03-28 00:00:00+00:00,164.975006,169.037506,164.899994,168.990494,168.990494,59854000,168.990494,0.025270667314658036,0.025270667314658036
2022-03-29 00:00:00+00:00,170.384003,170.831497,167.8685,169.315002,169.315002,66154000,169.315002,0.001918432324410849,0.001918432324410849
2022-03-30 00:00:00+00:00,168.509506,168.9505,165.5,166.300995,166.300995,56168000,166.300995,-0.01796152780082539,-0.01796152780082539
2022-03-31 00:00:00+00:00,166.445007,166.494995,162.953506,162.997498,162.997498,59966000,162.997498,-0.020064518348238348,-0.020064518348238348
2022-04-01 00:00:00+00:00,164.149506,165.826996,162.319504,163.559998,163.559998,57090000,163.559998,0.0034450322728098877,0.0034450322728098877
2022-04-04 00:00:00+00:00,164.125,168.394501,163.205505,168.346497,168.346497,49882000,168.346497,0.028844454281276608,0.028844454281276608
2022-04-05 00:00:00+00:00,167.741501,168.110504,163.266006,164.054993,164.054993,53728000,164.054993,-0.02582264276310887,-0.02582264276310887
2022-04-06 00:00:00+00:00,161.650497,162.199997,157.254501,158.755997,158.755997,79056000,158.755997,-0.032833281349436215,-0.032833281349436215
2022-04-07 00:00:00+00:00,158.399994,160.078995,154.511505,157.7845,157.7845,68136000,157.7845,-0.00613823545194875,-0.00613823545194875
2022-04-08 00:00:00+00:00,156.75,157.3685,154.231003,154.460495,154.460495,46002000,154.460495,-0.021291810136118496,-0.021291810136118496
2022-04-11 00:00:00+00:00,152.712997,154.136505,150.5345,151.121994,151.121994,52112000,151.121994,-0.021850949930903932,-0.021850949930903932
2022-04-12 00:00:00+00:00,153.692505,155.098999,150.382996,150.787506,150.787506,55178000,150.787506,-0.002215817235675093,-0.002215817235675093
2022-04-13 00:00:00+00:00,150.018494,156.024994,149.600006,155.541,155.541,53390000,155.541,0.03103776177788182,0.03103776177788182
2022-04-14 00:00:00+00:00,155.389999,155.897003,151.472,151.706497,151.706497,51598000,151.706497,-0.024961649073182553,-0.024961649073182553
2022-04-18 00:00:00+00:00,151.523499,154.039505,150.250504,152.785004,152.785004,46514000,152.785004,0.007084017167687662,0.007084017167687662
2022-04-19 00:00:00+00:00,152.029495,158.649002,151.550507,158.115494,158.115494,54926000,158.115494,0.034294010123653365,0.034294010123653365
2022-04-20 00:00:00+00:00,157.602493,157.602493,153.6035,153.998001,153.998001,59630000,153.998001,-0.026386118868737426,-0.026386118868737426
2022-04-21 00:00:00+00:00,154.714005,156.738007,147.589493,148.296005,148.296005,63970000,148.296005,-0.03772931166676225,-0.03772931166676225
2022-04-22 00:00:00+00:00,148.25,149.615005,143.697495,144.350006,144.350006,73078000,144.350006,-0.026969362468556274,-0.026969362468556274
2022-04-25 00:00:00+00:00,144.022995,146.221497,142.306503,146.074005,146.074005,61874000,146.074005,0.011872429173320143,0.011872429173320143
2022-04-26 00:00:00+00:00,144.800003,144.856003,138.929504,139.391006,139.391006,77530000,139.391006,-0.04683039997166612,-0.04683039997166612
2022-04-27 00:00:00+00:00,140.191498,141.948502,135.783493,138.167007,138.167007,71336000,138.167007,-0.00881982776334496,-0.00881982776334496
2022-04-28 00:00:00+00:00,142.177994,145.9375,140.300003,144.596497,144.596497,117316000,144.596497,0.04548393486881591,0.04548393486881591
2022-04-29 00:00:00+00:00,129.848999,130.761002,121.625,124.281502,124.281502,272662000,124.281502,-0.15139791391675952,-0.15139791391675952
2022-05-02 00:00:00+00:00,122.401001,124.667999,118.375,124.5,124.5,148788000,124.5,0.0017565458398144823,0.0017565458398144823
2022-05-03 00:00:00+00:00,124.053497,126.220497,122.824997,124.253502,124.253502,79134000,124.253502,-0.0019818662145530295,-0.0019818662145530295
2022-05-04 00:00:00+00:00,123.599998,126.0,119.182999,125.928497,125.928497,110746000,125.928497,0.013390412054224234,0.013390412054224234
2022-05-05 00:00:00+00:00,123.0,123.499001,115.072502,116.406998,116.406998,144392000,116.406998,-0.07862160797933325,-0.07862160797933325
2022-05-06 00:00:00+00:00,114.849998,119.050499,113.081497,114.772499,114.772499,124260000,114.772499,-0.01414075432682494,-0.01414075432682494
2022-05-09 00:00:00+00:00,111.3125,114.0,107.957001,108.789001,108.789001,128124000,108.789001,-0.05354166387675063,-0.05354166387675063
2022-05-10 00:00:00+00:00,111.25,112.642502,107.170998,108.859001,108.859001,105434000,108.859001,0.0006432404779310165,0.0006432404779310165
2022-05-11 00:00:00+00:00,108.1035,110.155998,104.428497,105.372002,105.372002,109704000,105.372002,-0.032556510893222715,-0.032556510893222715
2022-05-12 00:00:00+00:00,102.75,110.780502,102.405502,106.930496,106.930496,132026000,106.930496,0.014682088160157467,0.014682088160157467
2022-05-13 00:00:00+00:00,109.069,113.183998,107.800003,113.055,113.055,93684000,113.055,0.05569537265715257,0.05569537265715257
2022-05-16 00:00:00+00:00,113.099998,113.9925,110.353996,110.810501,110.810501,74566000,110.810501,-0.020052881772935113,-0.020052881772935113
2022-05-17 00:00:00+00:00,113.275002,115.800003,111.276497,115.3685,115.3685,76448000,115.3685,0.04030980901719313,0.04030980901719313
2022-05-18 00:00:00+00:00,111.439499,112.852997,106.249001,107.112503,107.112503,108380000,107.112503,-0.07425164120462842,-0.07425164120462842
2022-05-19 00:00:00+00:00,106.280502,110.033997,106.193001,107.319,107.319,88142000,107.319,0.0019259955831459434,0.0019259955831459434
2022-05-20 00:00:00+00:00,109.568497,109.898003,105.009499,107.591003,107.591003,99500000,107.591003,0.0025313214037807393,0.0025313214037807393
2022-05-23 00:00:00+00:00,108.460999,108.819,103.949997,107.556999,107.556999,107798000,107.556999,-0.0003160986852495499,-0.0003160986852495499
2022-05-24 00:00:00+00:00,104.025002,105.400002,101.260002,104.099998,104.099998,102934000,104.099998,-0.03266897389622251,-0.03266897389622251
2022-05-25 00:00:00+00:00,103.655502,108.175003,103.650002,106.775002,106.775002,93120000,106.775002,0.0253718790498792,0.0253718790498792
2022-05-26 00:00:00+00:00,107.970001,112.665497,107.453499,111.077499,111.077499,93002000,111.077499,0.03950431142233401,0.03950431142233401
2022-05-27 00:00:00+00:00,113.550003,115.186996,112.627998,115.1465,115.1465,93660000,115.1465,0.035977083787134226,0.035977083787134226
2022-05-31 00:00:00+00:00,116.279999,121.994499,115.675003,120.209503,120.209503,144634000,120.209503,0.04303084820822977,0.04303084820822977
2022-06-01 00:00:00+00:00,122.255997,125.179001,120.622498,121.683998,121.683998,127528000,121.683998,0.012191425208305748,0.012191425208305748
2022-06-02 00:00:00+00:00,121.683998,125.610001,120.044998,125.511002,125.511002,100560000,125.511002,0.030965915983592777,0.030965915983592777
2022-06-03 00:00:00+00:00,124.199997,124.400002,121.046501,122.349998,122.349998,97604000,122.349998,-0.025507646525969065,-0.025507646525969065
2022-06-06 00:00:00+00:00,125.25,128.990005,123.809998,124.790001,124.790001,135269000,124.790001,0.01974655899109186,0.01974655899109186
2022-06-07 00:00:00+00:00,122.010002,124.099998,120.629997,123.0,123.0,85156700,123.0,-0.014447977160808114,-0.014447977160808114
2022-06-08 00:00:00+00:00,122.610001,123.75,120.75,121.18,121.18,64926600,121.18,-0.014907311855574477,-0.014907311855574477
2022-06-09 00:00:00+00:00,119.989998,121.300003,116.099998,116.150002,116.150002,67029800,116.150002,-0.042394567081311826,-0.042394567081311826
2022-06-10 00:00:00+00:00,113.419998,114.5,109.050003,109.650002,109.650002,87266000,109.650002,-0.057588983331780065,-0.057588983331780065
2022-06-13 00:00:00+00:00,104.190002,106.540001,101.860001,103.669998,103.669998,99277700,103.669998,-0.05608073506071465,-0.05608073506071465
2022-06-14 00:00:00+00:00,104.190002,104.879997,101.43,102.309998,102.309998,69728800,102.309998,-0.013205357700619374,-0.013205357700619374
2022-06-15 00:00:00+00:00,103.860001,109.059998,103.529999,107.669998,107.669998,85011100,107.669998,0.051063574909932054,0.051063574909932054
2022-06-16 00:00:00+00:00,104.470001,104.580002,102.010002,103.660004,103.660004,82186300,103.660004,-0.03795462390309889,-0.03795462390309889
2022-06-17 00:00:00+00:00,102.800003,106.980003,102.510002,106.220001,106.220001,99772100,106.220001,0.024396073059425642,0.024396073059425642
2022-06-21 00:00:00+00:00,108.199997,111.629997,103.559998,108.68,108.68,70901200,108.68,0.02289536014947107,0.02289536014947107
2022-06-22 00:00:00+00:00,107.43,112.129997,107.019997,108.949997,108.949997,60040100,108.949997,0.002481249296914727,0.002481249296914727
2022-06-23 00:00:00+00:00,110.389999,113.0,107.93,112.440002,112.440002,64345300,112.440002,0.031530729970533605,0.031530729970533605
2022-06-24 00:00:00+00:00,112.379997,116.709999,111.43,116.459999,116.459999,69867600,116.459999,0.0351280939967392,0.0351280939967392
2022-06-27 00:00:00+00:00,117.089996,117.980003,112.699997,113.220001,113.220001,62133200,113.220001,-0.02821502038145905,-0.02821502038145905
2022-06-28 00:00:00+00:00,113.5,114.849998,107.040001,107.400002,107.400002,74942900,107.400002,-0.05277263674413742,-0.05277263674413742
2022-06-29 00:00:00+00:00,107.379997,110.989998,106.910004,108.919998,108.919998,66375300,108.919998,0.014053448746720015,0.014053448746720015
2022-06-30 00:00:00+00:00,108.110001,108.18,102.519997,106.209999,106.209999,97679400,106.209999,-0.02519539252531923,-0.02519539252531923
2022-07-01 00:00:00+00:00,106.290001,109.75,105.849998,109.559998,109.559998,73021200,109.559998,0.031054069221900675,0.031054069221900675
2022-07-05 00:00:00+00:00,107.599998,114.080002,106.32,113.5,113.5,76583700,113.5,0.03533051078141768,0.03533051078141768
2022-07-06 00:00:00+00:00,113.209999,115.480003,112.010002,114.330002,114.330002,66958900,114.330002,0.007286184125642294,0.007286184125642294
2022-07-07 00:00:00+00:00,113.849998,116.989998,113.489998,116.330002,116.330002,57872300,116.330002,0.01734197597404481,0.01734197597404481
2022-07-08 00:00:00+00:00,114.599998,116.580002,113.690002,115.540001,115.540001,45719700,115.540001,-0.006814198013013754,-0.006814198013013754
2022-07-11 00:00:00+00:00,114.080002,114.300003,110.870003,111.75,111.75,53487600,111.75,-0.03335256551445248,-0.03335256551445248
2022-07-12 00:00:00+00:00,112.160004,113.230003,108.339996,109.220001,109.220001,54280300,109.220001,-0.02290002761383833,-0.02290002761383833
2022-07-13 00:00:00+00:00,107.029999,111.779999,106.010002,110.400002,110.400002,61353800,110.400002,0.010745946079096938,0.010745946079096938
2022-07-14 00:00:00+00:00,110.239998,111.18,107.580002,110.629997,110.629997,51163100,110.629997,0.002081120970463915,0.002081120970463915
2022-07-15 00:00:00+00:00,112.5,115.589996,111.589996,113.550003,113.550003,84317800,113.550003,0.02605202204224563,0.02605202204224563
2022-07-18 00:00:00+00:00,115.0,117.239998,113.150002,113.760002,113.760002,59115400,113.760002,0.0018476886641561312,0.0018476886641561312
2022-07-19 00:00:00+00:00,115.699997,118.949997,114.029999,118.209999,118.209999,60990000,118.209999,0.03837171166696165,0.03837171166696165
2022-07-20 00:00:00+00:00,118.620003,123.480003,118.32,122.769997,122.769997,71268300,122.769997,0.03784996645404683,0.03784996645404683
2022-07-21 00:00:00+00:00,123.199997,124.849998,121.260002,124.629997,124.629997,60239900,124.629997,0.015036662010223268,0.015036662010223268
2022-07-22 00:00:00+00:00,125.010002,125.5,121.349998,122.419998,122.419998,51463800,122.419998,-0.01789158468131044,-0.01789158468131044
2022-07-25 00:00:00+00:00,122.699997,123.639999,120.029999,121.139999,121.139999,50221300,121.139999,-0.010510845787834466,-0.010510845787834466
2022-07-26 00:00:00+00:00,115.790001,118.150002,114.529999,114.809998,114.809998,67075100,114.809998,-0.05366832261225447,-0.05366832261225447
2022-07-27 00:00:00+00:00,117.309998,121.900002,117.160004,120.970001,120.970001,61582000,120.970001,0.05226401855263407,0.05226401855263407
2022-07-28 00:00:00+00:00,121.57,122.839996,118.080002,122.279999,122.279999,82245500,122.279999,0.010770899606412303,0.010770899606412303
2022-07-29 00:00:00+00:00,134.899994,137.649994,132.410004,134.949997,134.949997,148892900,134.949997,0.09859082838887612,0.09859082838887612
2022-08-01 00:00:00+00:00,134.960007,138.830002,133.509995,135.389999,135.389999,76846900,135.389999,0.003255177887391946,0.003255177887391946
2022-08-02 00:00:00+00:00,134.720001,137.440002,134.089996,134.160004,134.160004,61922400,134.160004,-0.009126347790850543,-0.009126347790850543
2022-08-03 00:00:00+00:00,136.210007,140.490005,136.050003,139.520004,139.520004,71827800,139.520004,0.03917484150029492,0.03917484150029492
2022-08-04 00:00:00+00:00,140.580002,143.559998,139.550003,142.570007,142.570007,70585000,142.570007,0.02162516743416295,0.02162516743416295
2022-08-05 00:00:00+00:00,140.100006,142.860001,139.600006,140.800003,140.800003,50686900,140.800003,-0.01249269123379676,-0.01249269123379676
2022-08-08 00:00:00+00:00,142.050003,144.229996,138.289993,139.410004,139.410004,52229000,139.410004,-0.009921204573417582,-0.009921204573417582
2022-08-09 00:00:00+00:00,138.050003,138.949997,136.210007,137.830002,137.830002,40434700,137.830002,-0.011398204240366014,-0.011398204240366014
2022-08-10 00:00:00+00:00,142.899994,144.600006,141.009995,142.690002,142.690002,54773800,142.690002,0.03465340274190647,0.03465340274190647
2022-08-11 00:00:00+00:00,143.860001,144.490005,139.759995,140.639999,140.639999,44867300,140.639999,-0.014471032132368777,-0.014471032132368777
2022-08-12 00:00:00+00:00,142.050003,143.570007,140.119995,143.550003,143.550003,47643500,143.550003,0.020480000639200253,0.020480000639200253
2022-08-15 00:00:00+00:00,142.800003,143.759995,141.490005,143.179993,143.179993,39014600,143.179993,-0.0025808963871863312,-0.0025808963871863312
2022-08-16 00:00:00+00:00,143.910004,146.570007,142.0,144.779999,144.779999,59102900,144.779999,0.01111281087943598,0.01111281087943598
2022-08-17 00:00:00+00:00,142.690002,143.380005,140.779999,142.100006,142.100006,48149800,142.100006,-0.018684264631123854,-0.018684264631123854
2022-08-18 00:00:00+00:00,141.320007,142.770004,140.380005,142.300003,142.300003,37458700,142.300003,0.0014064488511870237,0.0014064488511870237
2022-08-19 00:00:00+00:00,140.470001,141.110001,137.910004,138.229996,138.229996,47792800,138.229996,-0.029018590639040092,-0.029018590639040092
2022-08-22 00:00:00+00:00,135.720001,136.320007,132.850006,133.220001,133.220001,50461500,133.220001,-0.03691703104757335,-0.03691703104757335
2022-08-23 00:00:00+00:00,133.410004,134.990005,132.949997,133.619995,133.619995,36252100,133.619995,0.0029980085863687213,0.0029980085863687213
2022-08-24 00:00:00+00:00,132.75,135.470001,132.100006,133.800003,133.800003,38627000,133.800003,0.001346257037870069,0.001346257037870069
2022-08-25 00:00:00+00:00,135.259995,137.419998,134.279999,137.279999,137.279999,37496300,137.279999,0.025676458339617455,0.025676458339617455
2022-08-26 00:00:00+00:00,136.550003,137.830002,130.5,130.75,130.75,53322700,130.75,-0.04873552551023764,-0.04873552551023764
2022-08-29 00:00:00+00:00,129.899994,131.949997,128.770004,129.789993,129.789993,48101600,129.789993,-0.007369397178642839,-0.007369397178642839
2022-08-30 00:00:00+00:00,131.25,132.070007,126.849998,128.729996,128.729996,49203000,128.729996,-0.008200549167634881,-0.008200549167634881
2022-08-31 00:00:00+00:00,129.449997,130.589996,126.739998,126.769997,126.769997,53648700,126.769997,-0.015342759313024371,-0.015342759313024371
2022-09-01 00:00:00+00:00,126.0,128.020004,123.660004,127.82,127.82,56636100,127.82,0.008248626936405568,0.008248626936405568
2022-09-02 00:00:00+00:00,129.5,131.380005,126.389999,127.510002,127.510002,57429800,127.510002,-0.002428215641640922,-0.002428215641640922
2022-09-06 00:00:00+00:00,127.919998,128.619995,124.739998,126.110001,126.110001,43888600,126.110001,-0.011040258683126464,-0.011040258683126464
2022-09-07 00:00:00+00:00,126.120003,129.820007,125.400002,129.479996,129.479996,47900300,129.479996,0.026371848267872765,0.026371848267872765
2022-09-08 00:00:00+00:00,127.720001,130.279999,127.099998,129.820007,129.820007,43988500,129.820007,0.002622531360893466,0.002622531360893466
2022-09-09 00:00:00+00:00,130.910004,133.690002,130.759995,133.270004,133.270004,49387600,133.270004,0.02622824607975748,0.02622824607975748
2022-09-12 00:00:00+00:00,134.100006,136.490005,134.0,136.449997,136.449997,53826900,136.449997,0.02358104956237982,0.02358104956237982
2022-09-13 00:00:00+00:00,131.009995,131.399994,126.269997,126.82,126.82,72694000,126.82,-0.07318946689638625,-0.07318946689638625
2022-09-14 00:00:00+00:00,127.360001,128.839996,126.330002,128.550003,128.550003,45316800,128.550003,0.013549198777235682,0.013549198777235682
2022-09-15 00:00:00+00:00,127.379997,130.369995,125.5,126.279999,126.279999,52887200,126.279999,-0.01781630127824061,-0.01781630127824061
2022-09-16 00:00:00+00:00,122.779999,123.870003,120.699997,123.529999,123.529999,115667800,123.529999,-0.022017622317357752,-0.022017622317357752
2022-09-19 00:00:00+00:00,122.160004,124.709999,121.800003,124.660004,124.660004,47279700,124.660004,0.009106030014458597,0.009106030014458597
2022-09-20 00:00:00+00:00,123.349998,124.400002,121.139999,122.190002,122.190002,47698400,122.190002,-0.020012836771599048,-0.020012836771599048
2022-09-21 00:00:00+00:00,122.489998,123.760002,118.449997,118.540001,118.540001,58498900,118.540001,-0.030326761900719264,-0.030326761900719264
2022-09-22 00:00:00+00:00,117.080002,118.790001,116.260002,117.309998,117.309998,55229200,117.309998,-0.01043047832687926,-0.01043047832687926
2022-09-23 00:00:00+00:00,116.0,116.050003,112.059998,113.779999,113.779999,65126700,113.779999,-0.030553235935173298,-0.030553235935173298
2022-09-26 00:00:00+00:00,113.300003,117.339996,113.129997,115.150002,115.150002,62723300,115.150002,0.01196889310173307,0.01196889310173307
2022-09-27 00:00:00+00:00,117.199997,118.32,113.050003,114.410004,114.410004,60094700,114.410004,-0.006447120960512915,-0.006447120960512915
2022-09-28 00:00:00+00:00,114.379997,118.699997,113.800003,118.010002,118.010002,55763800,118.010002,0.030980860910542706,0.030980860910542706
2022-09-29 00:00:00+00:00,115.599998,116.07,113.059998,114.800003,114.800003,58969700,114.800003,-0.027577873567503526,-0.027577873567503526
2022-09-30 00:00:00+00:00,114.080002,116.919998,112.839996,113.0,113.0,59479600,113.0,-0.01580369130552932,-0.01580369130552932
2022-10-03 00:00:00+00:00,113.580002,116.910004,112.449997,115.879997,115.879997,50941900,115.879997,0.02516732829995816,0.02516732829995816
2022-10-04 00:00:00+00:00,119.889999,123.0,119.790001,121.089996,121.089996,62812600,121.089996,0.04397889072069456,0.04397889072069456
2022-10-05 00:00:00+00:00,118.580002,121.75,117.690002,120.949997,120.949997,48217500,120.949997,-0.0011568254805952288,-0.0011568254805952288
2022-10-06 00:00:00+00:00,120.769997,121.529999,119.5,120.300003,120.300003,42253800,120.300003,-0.005388564334109317,-0.005388564334109317
2022-10-07 00:00:00+00:00,118.0,118.169998,113.879997,114.559998,114.559998,54678000,114.559998,-0.04888996216405411,-0.04888996216405411
2022-10-10 00:00:00+00:00,115.099998,116.25,112.43,113.669998,113.669998,42339700,113.669998,-0.007799189650407678,-0.007799189650407678
2022-10-11 00:00:00+00:00,112.709999,115.480003,110.389999,112.209999,112.209999,56432200,112.209999,-0.012927389338913966,-0.012927389338913966
2022-10-12 00:00:00+00:00,112.489998,113.830002,111.400002,112.900002,112.900002,45728700,112.900002,0.006130382105494973,0.006130382105494973
2022-10-13 00:00:00+00:00,107.879997,113.440002,105.349998,112.529999,112.529999,86868100,112.529999,-0.003282644995021517,-0.003282644995021517
2022-10-14 00:00:00+00:00,114.099998,114.959999,106.599998,106.900002,106.900002,67737300,106.900002,-0.051326007135313254,-0.051326007135313254
2022-10-17 00:00:00+00:00,110.110001,114.190002,110.089996,113.790001,113.790001,62782000,113.790001,0.062460816416962474,0.062460816416962474
2022-10-18 00:00:00+00:00,119.059998,119.519997,114.790001,116.360001,116.360001,65607400,116.360001,0.02233418906398364,0.02233418906398364
2022-10-19 00:00:00+00:00,114.709999,116.589996,113.220001,115.07,115.07,47198100,115.07,-0.01114820338565228,-0.01114820338565228
2022-10-20 00:00:00+00:00,113.830002,118.239998,113.510002,115.25,115.25,48795100,115.25,0.0015630430413907993,0.0015630430413907993
2022-10-21 00:00:00+00:00,114.790001,119.589996,114.5,119.32,119.32,55660500,119.32,0.03470527776978976,0.03470527776978976
2022-10-24 00:00:00+00:00,119.980003,120.389999,116.57,119.82,119.82,49531500,119.82,0.0041816570092310735,0.0041816570092310735
2022-10-25 00:00:00+00:00,119.650002,121.32,118.949997,120.599998,120.599998,50934600,120.599998,0.006488651053558187,0.006488651053558187
2022-10-26 00:00:00+00:00,116.0,119.349998,114.760002,115.660004,115.660004,68802300,115.660004,-0.041824380395139533,-0.041824380395139533
2022-10-27 00:00:00+00:00,113.919998,114.120003,109.769997,110.959999,110.959999,129605400,110.959999,-0.041485120319878034,-0.041485120319878034
2022-10-28 00:00:00+00:00,97.910004,103.959999,97.660004,103.410004,103.410004,223133400,103.410004,-0.07046805911645784,-0.07046805911645784
2022-10-31 00:00:00+00:00,103.559998,104.870003,100.739998,102.440002,102.440002,99251400,102.440002,-0.00942442702291365,-0.00942442702291365
2022-11-01 00:00:00+00:00,103.989998,104.580002,96.059998,96.790001,96.790001,153370000,96.790001,-0.05673358736230494,-0.05673358736230494
2022-11-02 00:00:00+00:00,97.32,97.739998,92.010002,92.120003,92.120003,135761800,92.120003,-0.04945158597394118,-0.04945158597394118
2022-11-03 00:00:00+00:00,92.470001,93.5,89.019997,89.300003,89.300003,136683300,89.300003,-0.031090586041624176,-0.031090586041624176
2022-11-04 00:00:00+00:00,91.489998,92.440002,88.040001,90.980003,90.980003,129101300,90.980003,0.018638213639059844,0.018638213639059844
2022-11-07 00:00:00+00:00,91.949997,92.099998,89.040001,90.529999,90.529999,77495700,90.529999,-0.004958458674850652,-0.004958458674850652
2022-11-08 00:00:00+00:00,90.790001,91.720001,88.230003,89.980003,89.980003,88703400,89.980003,-0.006093819687518819,-0.006093819687518819
2022-11-09 00:00:00+00:00,89.470001,89.480003,85.870003,86.139999,86.139999,90796200,86.139999,-0.04361358873681212,-0.04361358873681212
2022-11-10 00:00:00+00:00,92.940002,98.690002,91.650002,96.629997,96.629997,173414900,96.629997,0.1149153529480019,0.1149153529480019
2022-11-11 00:00:00+00:00,97.879997,101.190002,96.660004,100.790001,100.790001,111590500,100.790001,0.04214993332344806,0.04214993332344806
2022-11-14 00:00:00+00:00,98.769997,100.120003,97.290001,98.489998,98.489998,99533100,98.489998,-0.023084154413425026,-0.023084154413425026
2022-11-15 00:00:00+00:00,103.209999,103.790001,97.339996,98.940002,98.940002,111336300,98.940002,0.004558626138853053,0.004558626138853053
2022-11-16 00:00:00+00:00,96.849998,98.489998,95.540001,97.120003,97.120003,87958800,97.120003,-0.018566267813025016,-0.018566267813025016
2022-11-17 00:00:00+00:00,95.370003,96.970001,94.029999,94.849998,94.849998,82617900,94.849998,-0.023650682905710877,-0.023650682905710877
2022-11-18 00:00:00+00:00,95.949997,95.989998,92.480003,94.139999,94.139999,72428200,94.139999,-0.0075136499445787475,-0.0075136499445787475
2022-11-21 00:00:00+00:00,93.970001,95.019997,90.589996,92.459999,92.459999,84330300,92.459999,-0.01800691760592758,-0.01800691760592758
2022-11-22 00:00:00+00:00,92.620003,93.349998,90.870003,93.199997,93.199997,62192000,93.199997,0.007971581758112155,0.007971581758112155
2022-11-23 00:00:00+00:00,93.239998,94.580002,92.830002,94.129997,94.129997,59414700,94.129997,0.00992908418560762,0.00992908418560762
2022-11-25 00:00:00+00:00,93.790001,94.43,93.07,93.410004,93.410004,35088600,93.410004,-0.007678324981587323,-0.007678324981587323
2022-11-28 00:00:00+00:00,93.93,96.400002,93.43,93.949997,93.949997,74943100,93.949997,0.005764245220870989,0.005764245220870989
2022-11-29 00:00:00+00:00,94.040001,94.410004,91.440002,92.419998,92.419998,65567300,92.419998,-0.01641931012581257,-0.01641931012581257
2022-11-30 00:00:00+00:00,92.470001,96.540001,91.529999,96.540001,96.540001,102805800,96.540001,0.04361405678896483,0.04361405678896483
2022-12-01 00:00:00+00:00,96.989998,97.230003,94.919998,95.5,95.5,68488000,95.5,-0.010831193104062904,-0.010831193104062904
2022-12-02 00:00:00+00:00,94.480003,95.360001,93.779999,94.129997,94.129997,72496400,94.129997,-0.014449473798373077,-0.014449473798373077
2022-12-05 00:00:00+00:00,93.050003,94.059998,90.82,91.010002,91.010002,71535500,91.010002,-0.033707361123440284,-0.033707361123440284
2022-12-06 00:00:00+00:00,90.5,91.040001,87.900002,88.25,88.25,75503600,88.25,-0.03079571675146496,-0.03079571675146496
2022-12-07 00:00:00+00:00,88.339996,89.889999,87.480003,88.459999,88.459999,68086900,88.459999,0.002376765322229938,0.002376765322229938
2022-12-08 00:00:00+00:00,89.239998,90.860001,87.879997,90.349998,90.349998,73305900,90.349998,0.021140533766463732,0.021140533766463732
2022-12-09 00:00:00+00:00,88.900002,90.300003,88.629997,89.089996,89.089996,67398500,89.089996,-0.014043945067965935,-0.014043945067965935
2022-12-12 00:00:00+00:00,89.209999,90.580002,87.870003,90.550003,90.550003,61999800,90.550003,0.016255167626154646,0.016255167626154646
2022-12-13 00:00:00+00:00,95.230003,96.25,90.519997,92.489998,92.489998,100212000,92.489998,0.021198291481920296,0.021198291481920296
2022-12-14 00:00:00+00:00,92.5,93.459999,89.870003,91.580002,91.580002,70298000,91.580002,-0.009887579874430553,-0.009887579874430553
2022-12-15 00:00:00+00:00,89.889999,89.970001,87.470001,88.449997,88.449997,84802900,88.449997,-0.03477554237945239,-0.03477554237945239
2022-12-16 00:00:00+00:00,88.269997,89.349998,86.730003,87.860001,87.860001,146144100,87.860001,-0.006692736758949051,-0.006692736758949051
2022-12-19 00:00:00+00:00,87.510002,87.629997,84.510002,84.919998,84.919998,83531500,84.919998,-0.03403503664589995,-0.03403503664589995
2022-12-20 00:00:00+00:00,85.330002,86.610001,84.330002,85.190002,85.190002,74348300,85.190002,0.003174466248205716,0.003174466248205716
2022-12-21 00:00:00+00:00,86.18,87.230003,85.209999,86.769997,86.769997,59267200,86.769997,0.018376825699553446,0.018376825699553446
2022-12-22 00:00:00+00:00,85.519997,85.68,82.25,83.790001,83.790001,81431300,83.790001,-0.034947224671442775,-0.034947224671442775
2022-12-23 00:00:00+00:00,83.25,85.779999,82.93,85.25,85.25,57433700,85.25,0.01727443560383267,0.01727443560383267
2022-12-27 00:00:00+00:00,84.970001,85.349998,83.0,83.040001,83.040001,57284000,83.040001,-0.02626568470365851,-0.02626568470365851
2022-12-28 00:00:00+00:00,82.800003,83.480003,81.690002,81.82,81.82,58228600,81.82,-0.014800718958715304,-0.014800718958715304
2022-12-29 00:00:00+00:00,82.870003,84.550003,82.550003,84.18,84.18,54995900,84.18,0.028435650841172187,0.028435650841172187
2022-12-30 00:00:00+00:00,83.120003,84.050003,82.470001,84.0,84.0,62401200,84.0,-0.0021405644991109884,-0.0021405644991109884
2023-01-03 00:00:00+00:00,85.459999,86.959999,84.209999,85.82,85.82,76706000,85.82,0.02143528072006487,0.02143528072006487
2023-01-04 00:00:00+00:00,86.550003,86.980003,83.360001,85.139999,85.139999,68885100,85.139999,-0.007955130908732858,-0.007955130908732858
2023-01-05 00:00:00+00:00,85.330002,85.419998,83.07,83.120003,83.120003,67930800,83.120003,-0.02401156577127785,-0.02401156577127785
2023-01-06 00:00:00+00:00,83.029999,86.400002,81.43,86.080002,86.080002,83303400,86.080002,0.03499173676430687,0.03499173676430687
2023-01-09 00:00:00+00:00,87.459999,89.480003,87.080002,87.360001,87.360001,65266100,87.360001,0.014760403795806619,0.014760403795806619
2023-01-10 00:00:00+00:00,87.57,90.190002,87.290001,89.870003,89.870003,67756600,89.870003,0.028326691608351235,0.028326691608351235
2023-01-11 00:00:00+00:00,90.93,95.260002,90.93,95.089996,95.089996,103126200,95.089996,0.05645955443410773,0.05645955443410773
2023-01-12 00:00:00+00:00,96.93,97.190002,93.5,95.269997,95.269997,85254800,95.269997,0.0018911647432961998,0.0018911647432961998
2023-01-13 00:00:00+00:00,94.18,98.370003,94.120003,98.120003,98.120003,85549400,98.120003,0.029476315735857885,0.029476315735857885
2023-01-17 00:00:00+00:00,98.68,98.889999,95.730003,96.050003,96.050003,72755000,96.050003,-0.02132232951679678,-0.02132232951679678
2023-01-18 00:00:00+00:00,97.25,99.32,95.379997,95.459999,95.459999,79570400,95.459999,-0.006161619346139057,-0.006161619346139057
2023-01-19 00:00:00+00:00,94.739998,95.440002,92.860001,93.68,93.68,69002700,93.68,-0.018822581812696526,-0.018822581812696526
2023-01-20 00:00:00+00:00,93.860001,97.349998,93.199997,97.25,97.25,67481500,97.25,0.03740026320909379,0.03740026320909379
2023-01-23 00:00:00+00:00,97.559998,97.779999,95.860001,97.519997,97.519997,76501100,97.519997,0.002772471911539439,0.002772471911539439
2023-01-24 00:00:00+00:00,96.93,98.089996,96.0,96.32,96.32,66929500,96.32,-0.012381472849584373,-0.012381472849584373
2023-01-25 00:00:00+00:00,92.559998,97.239998,91.519997,97.18,97.18,94261600,97.18,0.008888947417246214,0.008888947417246214
2023-01-26 00:00:00+00:00,98.239998,99.489998,96.919998,99.220001,99.220001,68523600,99.220001,0.020774687973758827,0.020774687973758827
2023-01-27 00:00:00+00:00,99.529999,103.489998,99.529999,102.239998,102.239998,87775600,102.239998,0.029983354115893115,0.029983354115893115
2023-01-30 00:00:00+00:00,101.089996,101.739998,99.010002,100.550003,100.550003,70691900,100.550003,-0.016667825012845982,-0.016667825012845982
2023-01-31 00:00:00+00:00,101.160004,103.349998,101.139999,103.129997,103.129997,66527300,103.129997,0.025335153183915375,0.025335153183915375
2023-02-01 00:00:00+00:00,102.529999,106.239998,101.239998,105.150002,105.150002,80450100,105.150002,0.019397621930676994,0.019397621930676994
2023-02-02 00:00:00+00:00,110.25,114.0,108.879997,112.910004,112.910004,158154200,112.910004,0.0712031554497204,0.0712031554497204
2023-02-03 00:00:00+00:00,105.260002,108.779999,102.519997,103.389999,103.389999,144374800,103.389999,-0.08808284069238956,-0.08808284069238956
2023-02-06 00:00:00+00:00,102.93,103.949997,100.650002,102.18,102.18,81945200,102.18,-0.011772272023834445,-0.011772272023834445
2023-02-07 00:00:00+00:00,101.169998,102.410004,98.080002,102.110001,102.110001,119501300,102.110001,-0.0006852905418453823,-0.0006852905418453823
2023-02-08 00:00:00+00:00,102.040001,102.669998,98.779999,100.050003,100.050003,75878300,100.050003,-0.020380582346057163,-0.020380582346057163
2023-02-09 00:00:00+00:00,101.32,101.779999,97.57,98.239998,98.239998,64622500,98.239998,-0.018256646974223575,-0.018256646974223575
2023-02-10 00:00:00+00:00,97.559998,98.82,96.230003,97.610001,97.610001,52740100,97.610001,-0.006433486608800373,-0.006433486608800373
2023-02-13 00:00:00+00:00,97.849998,99.68,96.910004,99.540001,99.540001,52841500,99.540001,0.019579626044895004,0.019579626044895004
2023-02-14 00:00:00+00:00,98.410004,100.919998,97.519997,99.699997,99.699997,56202900,99.699997,0.001606063400900712,0.001606063400900712
2023-02-15 00:00:00+00:00,99.089996,101.169998,98.449997,101.160004,101.160004,47957600,101.160004,0.014537814465562949,0.014537814465562949
2023-02-16 00:00:00+00:00,99.209999,100.629997,98.099998,98.150002,98.150002,56339200,98.150002,-0.030206520243640404,-0.030206520243640404
2023-02-17 00:00:00+00:00,97.800003,97.940002,95.650002,97.199997,97.199997,60029400,97.199997,-0.009726260497248581,-0.009726260497248581
2023-02-21 00:00:00+00:00,95.339996,95.610001,94.269997,94.580002,94.580002,56580400,94.580002,-0.027324622240346267,-0.027324622240346267
2023-02-22 00:00:00+00:00,95.099998,97.010002,94.800003,95.790001,95.790001,59534100,95.790001,0.012712247472454238,0.012712247472454238
2023-02-23 00:00:00+00:00,96.120003,96.43,93.669998,95.82,95.82,48467000,95.82,0.00031312562067256503,0.00031312562067256503
2023-02-24 00:00:00+00:00,93.529999,94.139999,92.32,93.5,93.5,57053800,93.5,-0.0245099951603347,-0.0245099951603347
2023-02-27 00:00:00+00:00,94.279999,94.779999,93.139999,93.760002,93.760002,47470300,93.760002,0.002776910865118906,0.002776910865118906
2023-02-28 00:00:00+00:00,93.139999,94.690002,92.919998,94.230003,94.230003,43959300,94.230003,0.005000286895898636,0.005000286895898636
2023-03-01 00:00:00+00:00,93.870003,94.68,91.589996,92.169998,92.169998,52299500,92.169998,-0.022103957749120617,-0.022103957749120617
2023-03-02 00:00:00+00:00,91.410004,92.230003,90.389999,92.129997,92.129997,55509400,92.129997,-0.00043408574838125797,-0.00043408574838125797
2023-03-03 00:00:00+00:00,92.739998,94.940002,92.660004,94.900002,94.900002,55759600,94.900002,0.0296231361325405,0.0296231361325405
2023-03-06 00:00:00+00:00,95.190002,96.550003,93.739998,93.75,93.75,52112400,93.75,-0.012192061840177359,-0.012192061840177359
2023-03-07 00:00:00+00:00,94.059998,95.089996,92.779999,93.550003,93.550003,49100700,93.550003,-0.0021355800620094785,-0.0021355800620094785
2023-03-08 00:00:00+00:00,93.599998,94.169998,92.18,93.919998,93.919998,44899100,93.919998,0.003947249996556507,0.003947249996556507
2023-03-09 00:00:00+00:00,93.68,96.209999,92.18,92.25,92.25,56218700,92.25,-0.017941051864430662,-0.017941051864430662
2023-03-10 00:00:00+00:00,92.669998,93.57,90.25,90.730003,90.730003,69827500,90.730003,-0.01661418667396131,-0.01661418667396131
2023-03-13 00:00:00+00:00,89.970001,94.019997,88.120003,92.43,92.43,72397100,92.43,0.018563505030011026,0.018563505030011026
2023-03-14 00:00:00+00:00,93.830002,95.07,92.709999,94.879997,94.879997,60912700,94.879997,0.026161302353841447,0.026161302353841447
2023-03-15 00:00:00+00:00,93.220001,96.669998,93.07,96.199997,96.199997,70731800,96.199997,0.01381642285610115,0.01381642285610115
2023-03-16 00:00:00+00:00,95.75,100.989998,95.610001,100.040001,100.040001,84446900,100.040001,0.0391407895187909,0.0391407895187909
2023-03-17 00:00:00+00:00,99.790001,100.660004,97.459999,98.949997,98.949997,87300200,98.949997,-0.010955474275188287,-0.010955474275188287
2023-03-20 00:00:00+00:00,98.410004,98.480003,95.699997,97.709999,97.709999,62388900,97.709999,-0.012610744008346901,-0.012610744008346901
2023-03-21 00:00:00+00:00,98.139999,100.849998,98.0,100.610001,100.610001,58597300,100.610001,0.029247768521444298,0.029247768521444298
2023-03-22 00:00:00+00:00,100.449997,102.099998,98.610001,98.699997,98.699997,57475400,98.699997,-0.019166750199030486,-0.019166750199030486
2023-03-23 00:00:00+00:00,100.43,101.059998,97.620003,98.709999,98.709999,57559300,98.709999,0.00010133225481198966,0.00010133225481198966
2023-03-24 00:00:00+00:00,98.07,98.300003,96.400002,98.129997,98.129997,56095400,98.129997,-0.005893148652399533,-0.005893148652399533
2023-03-27 00:00:00+00:00,99.07,99.339996,97.080002,98.040001,98.040001,46721300,98.040001,-0.0009175307868809207,-0.0009175307868809207
2023-03-28 00:00:00+00:00,98.110001,98.440002,96.290001,97.239998,97.239998,38720100,97.239998,-0.008193439979575484,-0.008193439979575484
2023-03-29 00:00:00+00:00,98.690002,100.419998,98.559998,100.25,100.25,49783300,100.25,0.030484937306423807,0.030484937306423807
2023-03-30 00:00:00+00:00,101.550003,103.040001,101.010002,102.0,102.0,53633400,102.0,0.017305747097592427,0.017305747097592427
2023-03-31 00:00:00+00:00,102.160004,103.489998,101.949997,103.290001,103.290001,56750300,103.290001,0.012567762415750215,0.012567762415750215
2023-04-03 00:00:00+00:00,102.300003,103.290001,101.43,102.410004,102.410004,41135700,102.410004,-0.00855617255399021,-0.00855617255399021
2023-04-04 00:00:00+00:00,102.75,104.199997,102.110001,103.949997,103.949997,48662500,103.949997,0.014925582297961386,0.014925582297961386
2023-04-05 00:00:00+00:00,103.910004,103.910004,100.75,101.099998,101.099998,45175400,101.099998,-0.027799879199960763,-0.027799879199960763
2023-04-06 00:00:00+00:00,100.75,102.379997,99.800003,102.059998,102.059998,43808000,102.059998,0.009450749795477399,0.009450749795477399
2023-04-10 00:00:00+00:00,100.959999,102.199997,99.57,102.169998,102.169998,37261200,102.169998,0.0010772169886052278,0.0010772169886052278
2023-04-11 00:00:00+00:00,100.800003,101.0,99.010002,99.919998,99.919998,60417800,99.919998,-0.022268227226805118,-0.022268227226805118
2023-04-12 00:00:00+00:00,100.400002,100.510002,97.709999,97.830002,97.830002,56735000,97.830002,-0.021138546888345423,-0.021138546888345423
2023-04-13 00:00:00+00:00,98.949997,102.57,98.709999,102.400002,102.400002,67925100,102.400002,0.04565543322369332,0.04565543322369332
2023-04-14 00:00:00+00:00,102.07,103.199997,101.110001,102.510002,102.510002,51450500,102.510002,0.001073642168944397,0.001073642168944397
2023-04-17 00:00:00+00:00,103.160004,103.730003,101.589996,102.739998,102.739998,39919500,102.739998,0.0022411312669052596,0.0022411312669052596
2023-04-18 00:00:00+00:00,103.949997,104.199997,101.519997,102.300003,102.300003,39790500,102.300003,-0.004291803289413201,-0.004291803289413201
2023-04-19 00:00:00+00:00,101.580002,105.120003,101.389999,104.300003,104.300003,58398900,104.300003,0.01936168848681586,0.01936168848681586
2023-04-20 00:00:00+00:00,103.529999,105.25,103.209999,103.809998,103.809998,57696900,103.809998,-0.004709104830722357,-0.004709104830722357
2023-04-21 00:00:00+00:00,106.099998,108.150002,105.080002,106.959999,106.959999,86774200,106.959999,0.029892637505211195,0.029892637505211195
2023-04-24 00:00:00+00:00,107.660004,109.230003,105.07,106.209999,106.209999,69575600,106.209999,-0.007036666526259301,-0.007036666526259301
2023-04-25 00:00:00+00:00,104.910004,105.449997,102.449997,102.57,102.57,65026800,102.57,-0.03487276459881939,-0.03487276459881939
2023-04-26 00:00:00+00:00,105.040001,106.620003,104.099998,104.980003,104.980003,73803800,104.980003,0.023224392081705587,0.023224392081705587
2023-04-27 00:00:00+00:00,108.160004,110.860001,106.800003,109.82,109.82,149961200,109.82,0.045072777449701465,0.045072777449701465
2023-04-28 00:00:00+00:00,107.730003,109.480003,104.330002,105.449997,105.449997,130565000,105.449997,-0.04060578337544546,-0.04060578337544546
2023-05-01 00:00:00+00:00,104.949997,105.230003,101.82,102.050003,102.050003,74728100,102.050003,-0.03277395982207342,-0.03277395982207342
2023-05-02 00:00:00+00:00,101.470001,103.900002,101.150002,103.629997,103.629997,73469400,103.629997,0.015363915593771968,0.015363915593771968
2023-05-03 00:00:00+00:00,103.739998,105.959999,103.279999,103.650002,103.650002,65051900,103.650002,0.0001930239305154122,0.0001930239305154122
2023-05-04 00:00:00+00:00,104.040001,105.389999,103.309998,104.0,104.0,45345500,104.0,0.003371040963877529,0.003371040963877529
2023-05-05 00:00:00+00:00,104.269997,105.760002,103.550003,105.660004,105.660004,56912900,105.660004,0.01583553045207451,0.01583553045207451
2023-05-08 00:00:00+00:00,105.040001,106.099998,104.699997,105.830002,105.830002,49430900,105.830002,0.0016076224104187345,0.0016076224104187345
2023-05-09 00:00:00+00:00,105.480003,106.790001,105.160004,106.620003,106.620003,44089400,106.620003,0.007437087528058621,0.007437087528058621
2023-05-10 00:00:00+00:00,108.099998,110.669998,108.050003,110.190002,110.190002,78627600,110.190002,0.032935027118228224,0.032935027118228224
2023-05-11 00:00:00+00:00,111.029999,113.279999,110.489998,112.18,112.18,74924800,112.18,0.017898557430037973,0.017898557430037973
2023-05-12 00:00:00+00:00,112.160004,112.639999,109.32,110.260002,110.260002,49810100,110.260002,-0.017263492779709278,-0.017263492779709278
2023-05-15 00:00:00+00:00,111.150002,112.290001,109.25,111.199997,111.199997,53011100,111.199997,0.008489123537582669,0.008489123537582669
2023-05-16 00:00:00+00:00,111.050003,114.790001,111.050003,113.400002,113.400002,71472900,113.400002,0.01959105409227145,0.01959105409227145
2023-05-17 00:00:00+00:00,114.889999,115.830002,114.220001,115.5,115.5,65655200,115.5,0.01834912103151242,0.01834912103151242
2023-05-18 00:00:00+00:00,116.690002,118.599998,116.339996,118.150002,118.150002,73174100,118.150002,0.0226844905987029,0.0226844905987029
2023-05-19 00:00:00+00:00,118.160004,118.309998,115.699997,116.25,116.25,54990200,116.25,-0.01621197609308534,-0.01621197609308534
2023-05-22 00:00:00+00:00,116.769997,116.769997,114.25,115.010002,115.010002,70741100,115.010002,-0.010723945973183662,-0.010723945973183662
2023-05-23 00:00:00+00:00,114.269997,117.139999,113.779999,114.989998,114.989998,67576300,114.989998,-0.00017394782652553994,-0.00017394782652553994
2023-05-24 00:00:00+00:00,115.349998,117.339996,115.019997,116.75,116.75,63487900,116.75,0.015189745881250105,0.015189745881250105
2023-05-25 00:00:00+00:00,116.629997,116.870003,114.309998,115.0,115.0,66496700,115.0,-0.01510276818575663,-0.01510276818575663
2023-05-26 00:00:00+00:00,116.040001,121.5,116.019997,120.110001,120.110001,96779900,120.110001,0.043475869528850346,0.043475869528850346
2023-05-30 00:00:00+00:00,122.370003,122.919998,119.860001,121.660004,121.660004,64314800,121.660004,0.012822303878972378,0.012822303878972378
2023-05-31 00:00:00+00:00,121.449997,122.040001,119.169998,120.580002,120.580002,72800800,120.580002,-0.008916852123314752,-0.008916852123314752
2023-06-01 00:00:00+00:00,120.690002,123.489998,119.93,122.769997,122.769997,54375100,122.769997,0.01799921210905323,0.01799921210905323
2023-06-02 00:00:00+00:00,124.919998,126.389999,124.019997,124.25,124.25,61215000,124.25,0.011983003219926935,0.011983003219926935
2023-06-05 00:00:00+00:00,123.360001,125.800003,123.029999,125.300003,125.300003,47950100,125.300003,0.00841522086782212,0.00841522086782212
2023-06-06 00:00:00+00:00,125.07,127.400002,125.0,126.610001,126.610001,45695200,126.610001,0.01040061758587184,0.01040061758587184
2023-06-07 00:00:00+00:00,127.010002,127.370003,120.629997,121.230003,121.230003,95663300,121.230003,-0.04342191092559042,-0.04342191092559042
2023-06-08 00:00:00+00:00,123.010002,125.629997,122.260002,124.25,124.25,62159300,124.25,0.024606072471896574,0.024606072471896574
2023-06-09 00:00:00+00:00,124.080002,125.800003,123.190002,123.43,123.43,51330000,123.43,-0.006621471220900701,-0.006621471220900701
2023-06-12 00:00:00+00:00,124.019997,126.779999,123.529999,126.57,126.57,51338000,126.57,0.025121321048519565,0.025121321048519565
2023-06-13 00:00:00+00:00,128.119995,128.410004,125.18,126.660004,126.660004,50564800,126.660004,0.0007108478645362497,0.0007108478645362497
2023-06-14 00:00:00+00:00,126.699997,126.949997,124.120003,126.419998,126.419998,52422500,126.419998,-0.001896681445022283,-0.001896681445022283
2023-06-15 00:00:00+00:00,125.209999,127.690002,124.32,127.110001,127.110001,60458500,127.110001,0.005443179949908136,0.005443179949908136
2023-06-16 00:00:00+00:00,127.709999,127.900002,125.300003,125.489998,125.489998,84188100,125.489998,-0.012826802989087414,-0.012826802989087414
2023-06-20 00:00:00+00:00,124.970001,127.25,124.5,125.779999,125.779999,56930100,125.779999,0.0023082829802760457,0.0023082829802760457
2023-06-21 00:00:00+00:00,125.639999,126.730003,123.849998,124.830002,124.830002,52137700,124.830002,-0.007581513480218704,-0.007581513480218704
2023-06-22 00:00:00+00:00,125.309998,130.330002,125.139999,130.149994,130.149994,90354600,130.149994,0.041734757655171005,0.041734757655171005
2023-06-23 00:00:00+00:00,129.110001,130.839996,128.279999,129.330002,129.330002,71855200,129.330002,-0.006320292448451203,-0.006320292448451203
2023-06-26 00:00:00+00:00,129.330002,131.490005,127.099998,127.330002,127.330002,59989300,127.330002,-0.015585135598907451,-0.015585135598907451
2023-06-27 00:00:00+00:00,128.630005,130.089996,127.550003,129.179993,129.179993,46801000,129.179993,0.014424569123808859,0.014424569123808859
2023-06-28 00:00:00+00:00,128.940002,131.479996,128.440002,129.039993,129.039993,52149500,129.039993,-0.0010843468461635127,-0.0010843468461635127
2023-06-29 00:00:00+00:00,128.770004,129.259995,127.260002,127.900002,127.900002,40761000,127.900002,-0.008873655348193312,-0.008873655348193312
2023-06-30 00:00:00+00:00,129.470001,131.25,128.949997,130.360001,130.360001,54310500,130.360001,0.01905113741841222,0.01905113741841222
2023-07-03 00:00:00+00:00,130.820007,131.850006,130.070007,130.220001,130.220001,28264800,130.220001,-0.0010745261523976883,-0.0010745261523976883
2023-07-05 00:00:00+00:00,130.240005,131.399994,129.639999,130.380005,130.380005,35895400,130.380005,0.0012279663578047368,0.0012279663578047368
2023-07-06 00:00:00+00:00,128.25,128.729996,127.370003,128.360001,128.360001,40639900,128.360001,-0.015614477813587591,-0.015614477813587591
2023-07-07 00:00:00+00:00,128.589996,130.970001,128.130005,129.779999,129.779999,41928700,129.779999,0.01100187745542984,0.01100187745542984
2023-07-10 00:00:00+00:00,129.070007,129.279999,125.919998,127.129997,127.129997,61889300,127.129997,-0.02063054012353596,-0.02063054012353596
2023-07-11 00:00:00+00:00,127.75,129.770004,127.349998,128.779999,128.779999,49951500,128.779999,0.012895352980717626,0.012895352980717626
2023-07-12 00:00:00+00:00,130.309998,131.259995,128.830002,130.800003,130.800003,54022800,130.800003,0.015563947614021297,0.015563947614021297
2023-07-13 00:00:00+00:00,134.039993,134.669998,132.710007,134.300003,134.300003,61170900,134.300003,0.026406663908362896,0.026406663908362896
2023-07-14 00:00:00+00:00,134.059998,136.649994,134.059998,134.679993,134.679993,54388100,134.679993,0.002825416450579475,0.002825416450579475
2023-07-17 00:00:00+00:00,134.559998,135.619995,133.210007,133.559998,133.559998,48450200,133.559998,-0.008350742216909974,-0.008350742216909974
2023-07-18 00:00:00+00:00,132.710007,133.860001,131.350006,132.830002,132.830002,54969100,132.830002,-0.0054806698996589355,-0.0054806698996589355
2023-07-19 00:00:00+00:00,133.389999,135.990005,132.529999,135.360001,135.360001,54531000,135.360001,0.01886777304436858,0.01886777304436858
2023-07-20 00:00:00+00:00,134.070007,134.789993,129.330002,129.960007,129.960007,59820600,129.960007,-0.040711138581994995,-0.040711138581994995
2023-07-21 00:00:00+00:00,131.339996,131.369995,128.419998,130.0,130.0,133265000,130.0,0.0003076857919573068,0.0003076857919573068
2023-07-24 00:00:00+00:00,130.309998,131.660004,128.350006,128.800003,128.800003,45591100,128.800003,-0.009273613493403946,-0.009273613493403946
2023-07-25 00:00:00+00:00,129.309998,129.580002,128.529999,129.130005,129.130005,39236700,129.130005,0.002558850617050247,0.002558850617050247
2023-07-26 00:00:00+00:00,126.510002,129.080002,126.110001,128.149994,128.149994,53910100,128.149994,-0.007618281589282336,-0.007618281589282336
2023-07-27 00:00:00+00:00,131.0,132.630005,127.790001,128.25,128.25,52610700,128.25,0.000780078060932706,0.000780078060932706
2023-07-28 00:00:00+00:00,129.690002,133.009995,129.330002,132.210007,132.210007,46317400,132.210007,0.030410136417195574,0.030410136417195574
2023-07-31 00:00:00+00:00,133.199997,133.869995,132.380005,133.679993,133.679993,41901500,133.679993,0.011057211455208453,0.011057211455208453
2023-08-01 00:00:00+00:00,133.550003,133.690002,131.619995,131.690002,131.690002,42098500,131.690002,-0.014998141013972352,-0.014998141013972352
2023-08-02 00:00:00+00:00,130.149994,130.229996,126.82,128.210007,128.210007,51027600,128.210007,-0.02678109174677754,-0.02678109174677754
2023-08-03 00:00:00+00:00,127.480003,129.839996,126.410004,128.910004,128.910004,88585200,128.910004,0.0054449183218801735,0.0054449183218801735
2023-08-04 00:00:00+00:00,141.059998,143.630005,139.320007,139.570007,139.570007,152938700,139.570007,0.07945180019018307,0.07945180019018307
2023-08-07 00:00:00+00:00,140.990005,142.539993,138.949997,142.220001,142.220001,71213100,142.220001,0.018808843812135337,0.018808843812135337
2023-08-08 00:00:00+00:00,140.619995,140.839996,138.419998,139.940002,139.940002,51710500,139.940002,-0.016161387877141824,-0.016161387877141824
2023-08-09 00:00:00+00:00,139.970001,140.320007,137.100006,137.850006,137.850006,50017300,137.850006,-0.01504759261421378,-0.01504759261421378
2023-08-10 00:00:00+00:00,139.070007,140.410004,137.490005,138.559998,138.559998,58928400,138.559998,0.0051372493845687145,0.0051372493845687145
2023-08-11 00:00:00+00:00,137.399994,139.330002,137.0,138.410004,138.410004,42832100,138.410004,-0.0010831065716888349,-0.0010831065716888349
2023-08-14 00:00:00+00:00,138.300003,140.589996,137.75,140.570007,140.570007,47148700,140.570007,0.015485311332671258,0.015485311332671258
2023-08-15 00:00:00+00:00,140.050003,141.279999,137.229996,137.669998,137.669998,42781500,137.669998,-0.02084613259356898,-0.02084613259356898
2023-08-16 00:00:00+00:00,137.190002,137.270004,135.009995,135.070007,135.070007,41675900,135.070007,-0.0190662881497073,-0.0190662881497073
2023-08-17 00:00:00+00:00,135.460007,136.089996,133.529999,133.979996,133.979996,48354100,133.979996,-0.008102709172732314,-0.008102709172732314
2023-08-18 00:00:00+00:00,131.619995,134.070007,131.149994,133.220001,133.220001,48469400,133.220001,-0.005688600733505109,-0.005688600733505109
2023-08-21 00:00:00+00:00,133.740005,135.190002,132.710007,134.679993,134.679993,41442500,134.679993,0.010899637826406667,0.010899637826406667
2023-08-22 00:00:00+00:00,135.080002,135.649994,133.729996,134.25,134.25,32935100,134.25,-0.003197808928846331,-0.003197808928846331
2023-08-23 00:00:00+00:00,134.5,135.949997,133.220001,135.520004,135.520004,42801000,135.520004,0.009415527030708375,0.009415527030708375
2023-08-24 00:00:00+00:00,136.399994,136.779999,131.830002,131.839996,131.839996,43646300,131.839996,-0.0275302245983271,-0.0275302245983271
2023-08-25 00:00:00+00:00,132.470001,133.869995,130.580002,133.259995,133.259995,44147500,133.259995,0.010713033792398612,0.010713033792398612
2023-08-28 00:00:00+00:00,133.779999,133.949997,131.850006,133.139999,133.139999,34108400,133.139999,-0.0009008709520874294,-0.0009008709520874294
2023-08-29 00:00:00+00:00,133.380005,135.139999,133.25,134.910004,134.910004,38646100,134.910004,0.013206720438454438,0.013206720438454438
2023-08-30 00:00:00+00:00,134.929993,135.679993,133.919998,135.070007,135.070007,36137000,135.070007,0.0011852952975299458,0.0011852952975299458
2023-08-31 00:00:00+00:00,135.059998,138.789993,135.0,138.009995,138.009995,58781300,138.009995,0.021532895673038135,0.021532895673038135
2023-09-01 00:00:00+00:00,139.460007,139.960007,136.880005,138.119995,138.119995,40948300,138.119995,0.0007967262506961644,0.0007967262506961644
2023-09-05 00:00:00+00:00,137.729996,137.800003,135.820007,137.270004,137.270004,40636700,137.270004,-0.006173017918165869,-0.006173017918165869
2023-09-06 00:00:00+00:00,136.320007,137.449997,134.610001,135.360001,135.360001,41785500,135.360001,-0.014011915157599513,-0.014011915157599513
2023-09-07 00:00:00+00:00,133.899994,138.029999,133.160004,137.850006,137.850006,48498900,137.850006,0.018228277749756074,0.018228277749756074
2023-09-08 00:00:00+00:00,136.860001,138.850006,136.75,138.229996,138.229996,38348200,138.229996,0.0027527545436108547,0.0027527545436108547
2023-09-11 00:00:00+00:00,138.75,143.619995,138.639999,143.100006,143.100006,56764500,143.100006,0.034624792952138564,0.034624792952138564
2023-09-12 00:00:00+00:00,142.320007,143.0,140.610001,141.229996,141.229996,42668500,141.229996,-0.013153989732747843,-0.013153989732747843
2023-09-13 00:00:00+00:00,140.949997,144.979996,140.869995,144.850006,144.850006,60465200,144.850006,0.02530902687914186,0.02530902687914186
2023-09-14 00:00:00+00:00,145.080002,145.860001,142.949997,144.720001,144.720001,64033600,144.720001,-0.0008979176405847928,-0.0008979176405847928
2023-09-15 00:00:00+00:00,142.690002,143.570007,140.089996,140.389999,140.389999,102861700,140.389999,-0.03037659113608933,-0.03037659113608933
2023-09-18 00:00:00+00:00,140.479996,141.75,139.220001,139.979996,139.979996,42823500,139.979996,-0.0029247301749628575,-0.0029247301749628575
2023-09-19 00:00:00+00:00,138.699997,138.839996,135.559998,137.630005,137.630005,61482500,137.630005,-0.01693056536515313,-0.01693056536515313
2023-09-20 00:00:00+00:00,138.550003,139.369995,135.199997,135.289993,135.289993,46263700,135.289993,-0.017148390446166794,-0.017148390446166794
2023-09-21 00:00:00+00:00,131.940002,132.240005,129.309998,129.330002,129.330002,70234800,129.330002,-0.04505327798309352,-0.04505327798309352
2023-09-22 00:00:00+00:00,131.110001,132.029999,128.520004,129.119995,129.119995,59904300,129.119995,-0.001625127093499074,-0.001625127093499074
2023-09-25 00:00:00+00:00,129.360001,131.779999,128.770004,131.270004,131.270004,46017800,131.270004,0.01651413548889287,0.01651413548889287
2023-09-26 00:00:00+00:00,130.119995,130.389999,125.279999,125.980003,125.980003,73048200,125.980003,-0.041133113279776486,-0.041133113279776486
2023-09-27 00:00:00+00:00,125.760002,127.480003,124.129997,125.980003,125.980003,66553400,125.980003,0.0,0.0
2023-09-28 00:00:00+00:00,124.040001,126.580002,123.040001,125.980003,125.980003,54555000,125.980003,0.0,0.0
2023-09-29 00:00:00+00:00,128.199997,129.149994,126.32,127.120003,127.120003,62377600,127.120003,0.009008357821122227,0.009008357821122227
2023-10-02 00:00:00+00:00,127.279999,130.470001,126.540001,129.460007,129.460007,48029700,129.460007,0.018240461359909553,0.018240461359909553
2023-10-03 00:00:00+00:00,128.059998,128.520004,124.25,124.720001,124.720001,51565000,124.720001,-0.03730077442063674,-0.03730077442063674
2023-10-04 00:00:00+00:00,126.059998,127.360001,125.68,127.0,127.0,44203900,127.0,0.018115853691110077,0.018115853691110077
2023-10-05 00:00:00+00:00,126.709999,126.730003,124.330002,125.959999,125.959999,39660600,125.959999,-0.008222698164795735,-0.008222698164795735
2023-10-06 00:00:00+00:00,124.160004,128.449997,124.129997,127.959999,127.959999,46795900,127.959999,0.015753318972579523,0.015753318972579523
2023-10-09 00:00:00+00:00,126.220001,128.789993,124.760002,128.259995,128.259995,38773700,128.259995,0.0023417074710260027,0.0023417074710260027
2023-10-10 00:00:00+00:00,128.820007,130.740005,128.050003,129.479996,129.479996,42178600,129.479996,0.009466983427840144,0.009466983427840144
2023-10-11 00:00:00+00:00,129.740005,132.050003,129.610001,131.830002,131.830002,40741800,131.830002,0.017986830775690996,0.017986830775690996
2023-10-12 00:00:00+00:00,132.169998,134.479996,131.229996,132.330002,132.330002,55528600,132.330002,0.0037855889577566902,0.0037855889577566902
2023-10-13 00:00:00+00:00,132.979996,133.309998,128.949997,129.789993,129.789993,45786600,129.789993,-0.019381112132299448,-0.019381112132299448
2023-10-16 00:00:00+00:00,130.690002,133.070007,130.429993,132.550003,132.550003,42832900,132.550003,0.021042249601613695,0.021042249601613695
2023-10-17 00:00:00+00:00,130.389999,132.580002,128.710007,131.470001,131.470001,49344600,131.470001,-0.008181259053192178,-0.008181259053192178
2023-10-18 00:00:00+00:00,129.899994,130.669998,127.510002,128.130005,128.130005,42699500,128.130005,-0.02573328377045935,-0.02573328377045935
2023-10-19 00:00:00+00:00,130.570007,132.240005,127.470001,128.399994,128.399994,60961400,128.399994,0.00210493198253607,0.00210493198253607
2023-10-20 00:00:00+00:00,128.050003,128.169998,124.970001,125.169998,125.169998,56343300,125.169998,-0.025477547165225232,-0.025477547165225232
2023-10-23 00:00:00+00:00,124.629997,127.879997,123.980003,126.559998,126.559998,48260000,126.559998,0.011043690854899837,0.011043690854899837
2023-10-24 00:00:00+00:00,127.739998,128.800003,126.339996,128.559998,128.559998,46477400,128.559998,0.015679217655756424,0.015679217655756424
2023-10-25 00:00:00+00:00,126.040001,126.339996,120.790001,121.389999,121.389999,74577500,121.389999,-0.057387211200517305,-0.057387211200517305
2023-10-26 00:00:00+00:00,120.629997,121.639999,118.349998,119.57,119.57,100419500,119.57,-0.015106520740312844,-0.015106520740312844
2023-10-27 00:00:00+00:00,126.199997,130.020004,125.519997,127.739998,127.739998,125309300,127.739998,0.06609495854515147,0.06609495854515147
2023-10-30 00:00:00+00:00,129.720001,133.0,128.559998,132.710007,132.710007,72485500,132.710007,0.03816941671910667,0.03816941671910667
2023-10-31 00:00:00+00:00,132.75,133.570007,131.710007,133.089996,133.089996,51589400,133.089996,0.002859211847867634,0.002859211847867634
2023-11-01 00:00:00+00:00,133.960007,137.350006,133.710007,137.0,137.0,61529400,137.0,0.028955364784510617,0.028955364784510617
2023-11-02 00:00:00+00:00,138.729996,138.809998,136.470001,138.070007,138.070007,52236700,138.070007,0.007779927798855657,0.007779927798855657
2023-11-03 00:00:00+00:00,138.990005,139.490005,137.449997,138.600006,138.600006,44007200,138.600006,0.003831276418864626,0.003831276418864626
2023-11-06 00:00:00+00:00,138.759995,140.729996,138.360001,139.740005,139.740005,44970400,139.740005,0.008191458859194306,0.008191458859194306
2023-11-07 00:00:00+00:00,140.550003,143.369995,140.5,142.710007,142.710007,53553500,142.710007,0.02103105925778091,0.02103105925778091
2023-11-08 00:00:00+00:00,142.970001,143.119995,141.220001,142.080002,142.080002,44521700,142.080002,-0.004424354842384113,-0.004424354842384113
2023-11-09 00:00:00+00:00,142.020004,142.649994,139.839996,140.600006,140.600006,36235400,140.600006,-0.010471271269619576,-0.010471271269619576
2023-11-10 00:00:00+00:00,140.460007,143.649994,139.910004,143.559998,143.559998,49287800,143.559998,0.020834030297132263,0.020834030297132263
2023-11-13 00:00:00+00:00,142.080002,143.229996,140.669998,142.589996,142.589996,35680600,142.589996,-0.006779701106379874,-0.006779701106379874
2023-11-14 00:00:00+00:00,145.0,147.259995,144.679993,145.800003,145.800003,56674600,145.800003,0.022262488909119988,0.022262488909119988
2023-11-15 00:00:00+00:00,147.059998,147.289993,142.589996,143.199997,143.199997,63875700,143.199997,-0.017993606573864923,-0.017993606573864923
2023-11-16 00:00:00+00:00,140.910004,143.320007,139.520004,142.830002,142.830002,49653500,142.830002,-0.0025871076996268317,-0.0025871076996268317
2023-11-17 00:00:00+00:00,142.660004,145.229996,142.539993,145.179993,145.179993,49636700,145.179993,0.016319177763488145,0.016319177763488145
2023-11-20 00:00:00+00:00,145.130005,146.630005,144.729996,146.130005,146.130005,41951200,146.130005,0.006522367061983739,0.006522367061983739
2023-11-21 00:00:00+00:00,143.910004,144.050003,141.5,143.899994,143.899994,71226000,143.899994,-0.015378098504970133,-0.015378098504970133
2023-11-22 00:00:00+00:00,144.570007,147.740005,144.570007,146.710007,146.710007,45669100,146.710007,0.019339324667027816,0.019339324667027816
2023-11-24 00:00:00+00:00,146.699997,147.199997,145.320007,146.740005,146.740005,22378400,146.740005,0.0002044504949926849,0.0002044504949926849
2023-11-27 00:00:00+00:00,147.529999,149.259995,146.880005,147.729996,147.729996,53762400,147.729996,0.006723908897373432,0.006723908897373432
2023-11-28 00:00:00+00:00,146.979996,147.600006,145.529999,147.029999,147.029999,42711700,147.029999,-0.004749615468860398,-0.004749615468860398
2023-11-29 00:00:00+00:00,147.850006,148.539993,145.970001,146.320007,146.320007,40610900,146.320007,-0.004840588865273752,-0.004840588865273752
2023-11-30 00:00:00+00:00,144.759995,146.929993,144.330002,146.089996,146.089996,65814000,146.089996,-0.0015732091589186364,-0.0015732091589186364
2023-12-01 00:00:00+00:00,146.0,147.25,145.550003,147.029999,147.029999,39924600,147.029999,0.0064137980241923435,0.0064137980241923435
2023-12-04 00:00:00+00:00,145.25,145.350006,142.809998,144.839996,144.839996,48294200,144.839996,-0.015006983507473037,-0.015006983507473037
2023-12-05 00:00:00+00:00,143.550003,148.570007,143.130005,146.880005,146.880005,46754800,146.880005,0.013986303632814556,0.013986303632814556
