timestamp,Open,High,Low,Close,Volume,target,log_return,model_target
2013-01-03 00:00:00+00:00,36400,36600,35300,35900,366960,35900.0,-0.013831479148461737,-0.013831479148461737
2013-01-04 00:00:00+00:00,35700,36400,35600,36400,278020,36400.0,0.013831479148461799,0.013831479148461799
2013-01-07 00:00:00+00:00,36200,36500,36000,36200,204570,36200.0,-0.0055096558109695845,-0.0055096558109695845
2013-01-08 00:00:00+00:00,36300,38000,36200,38000,535860,38000.0,0.04852704089466038,0.04852704089466038
2013-01-09 00:00:00+00:00,39900,39900,38500,39000,1588500,39000.0,0.025975486403260736,0.025975486403260736
2013-01-10 00:00:00+00:00,38700,39800,38600,39500,607050,39500.0,0.012739025777429712,0.012739025777429712
2013-01-11 00:00:00+00:00,39500,39700,38800,38900,614810,38900.0,-0.015306421282675545,-0.015306421282675545
2013-01-14 00:00:00+00:00,38200,38500,37600,37700,499600,37700.0,-0.0313341561704355,-0.0313341561704355
2013-01-15 00:00:00+00:00,37700,38700,37700,38200,357880,38200.0,0.013175421158564328,0.013175421158564328
2013-01-16 00:00:00+00:00,38600,39200,38200,38600,368380,38600.0,0.01041676085825558,0.01041676085825558
2013-01-17 00:00:00+00:00,38500,38700,38100,38100,292200,38100.0,-0.013037994338129943,-0.013037994338129943
2013-01-18 00:00:00+00:00,37800,38100,37700,37900,362960,37900.0,-0.005263170044274644,-0.005263170044274644
2013-01-21 00:00:00+00:00,37800,38000,37500,37700,119000,37700.0,-0.005291017634415548,-0.005291017634415548
2013-01-22 00:00:00+00:00,37700,37900,36300,37100,373240,37100.0,-0.016043124840575577,-0.016043124840575577
2013-01-23 00:00:00+00:00,36900,37300,36900,37100,192530,37100.0,0.0,0.0
2013-01-24 00:00:00+00:00,37300,38100,37300,38000,141650,38000.0,0.023969190112996402,0.023969190112996402
2013-01-25 00:00:00+00:00,38400,39500,38400,39300,787540,39300.0,0.033638359148829775,0.033638359148829775
2013-01-28 00:00:00+00:00,39500,40800,39500,39800,558550,39800.0,0.012642393415176527,0.012642393415176527
2013-01-29 00:00:00+00:00,39700,40000,39400,39500,207130,39500.0,-0.007566240383315813,-0.007566240383315813
2013-01-30 00:00:00+00:00,40000,41600,40000,40800,689630,40800.0,0.03238140950303978,0.03238140950303978
2013-01-31 00:00:00+00:00,40600,40700,40000,40100,366670,40100.0,-0.017305747097592566,-0.017305747097592566
2013-02-01 00:00:00+00:00,40000,40000,39000,39500,323300,39500.0,-0.015075662405447273,-0.015075662405447273
2013-02-04 00:00:00+00:00,39800,39800,39200,39400,166570,39400.0,-0.0025348556031880663,-0.0025348556031880663
2013-02-05 00:00:00+00:00,39100,39400,38900,39200,183200,39200.0,-0.005089069507471293,-0.005089069507471293
2013-02-06 00:00:00+00:00,39100,40000,39100,39400,90900,39400.0,0.005089069507471228,0.005089069507471228
2013-02-07 00:00:00+00:00,39500,39600,39300,39600,155490,39600.0,0.0050633019565466345,0.0050633019565466345
2013-02-08 00:00:00+00:00,39700,40500,39500,39800,92170,39800.0,0.005037794029957081,0.005037794029957081
2013-02-18 00:00:00+00:00,39800,40200,39700,40000,131010,40000.0,0.0050125418235441935,0.0050125418235441935
2013-02-19 00:00:00+00:00,40000,40100,39600,39700,168260,39700.0,-0.0075282664207915245,-0.0075282664207915245
2013-02-20 00:00:00+00:00,39200,39700,39200,39500,171590,39500.0,-0.0050505157860685915,-0.0050505157860685915
2013-02-21 00:00:00+00:00,39500,39600,38600,38600,307570,38600.0,-0.023048395436291017,-0.023048395436291017
2013-02-22 00:00:00+00:00,38900,39400,37500,38500,337970,38500.0,-0.0025940351770466466,-0.0025940351770466466
2013-02-25 00:00:00+00:00,38900,38900,38300,38400,143330,38400.0,-0.0026007817000573675,-0.0026007817000573675
2013-02-26 00:00:00+00:00,38400,38400,36900,36900,285040,36900.0,-0.039845908547199674,-0.039845908547199674
2013-02-27 00:00:00+00:00,36600,37300,36500,36600,283110,36600.0,-0.008163310639160981,-0.008163310639160981
2013-02-28 00:00:00+00:00,36600,37200,36600,37000,191070,37000.0,0.010869672236903891,0.010869672236903891
2013-03-01 00:00:00+00:00,37100,37100,36800,37000,96880,37000.0,0.0,0.0
2013-03-04 00:00:00+00:00,36900,36900,36000,36200,225550,36200.0,-0.021858793812499073,-0.021858793812499073
2013-03-05 00:00:00+00:00,36000,36200,35700,35700,194960,35700.0,-0.013908430046132,-0.013908430046132
2013-03-06 00:00:00+00:00,35700,36300,35700,36200,60350,36200.0,0.013908430046131931,0.013908430046131931
2013-03-07 00:00:00+00:00,36500,36500,35600,36000,115870,36000.0,-0.005540180375615356,-0.005540180375615356
2013-03-08 00:00:00+00:00,35900,36900,35900,36800,116190,36800.0,0.021978906718775167,0.021978906718775167
2013-03-11 00:00:00+00:00,36800,37500,36800,37400,78540,37400.0,0.016172859245600968,0.016172859245600968
2013-03-12 00:00:00+00:00,37200,37800,36900,37400,67310,37400.0,0.0,0.0
2013-03-13 00:00:00+00:00,37600,37600,37000,37100,66390,37100.0,-0.008053734807096827,-0.008053734807096827
2013-03-14 00:00:00+00:00,37500,37500,37100,37300,15620,37300.0,0.005376357036380496,0.005376357036380496
2013-03-15 00:00:00+00:00,37400,37400,37100,37200,13800,37200.0,-0.002684565370668987,-0.002684565370668987
2013-03-18 00:00:00+00:00,37300,37400,36900,36900,54560,36900.0,-0.008097210232619362,-0.008097210232619362
2013-03-19 00:00:00+00:00,36700,37100,36700,37000,27280,37000.0,0.0027063615977428457,0.0027063615977428457
2013-03-20 00:00:00+00:00,37300,37500,37000,37200,63140,37200.0,0.005390848634876373,0.005390848634876373
2013-03-21 00:00:00+00:00,37400,38600,37300,38200,274540,38200.0,0.026526754333428604,0.026526754333428604
2013-03-22 00:00:00+00:00,38600,39800,38000,38000,387570,38000.0,-0.005249355886143678,-0.005249355886143678
2013-03-25 00:00:00+00:00,38700,38700,38200,38500,173440,38500.0,0.0130720815673527,0.0130720815673527
2013-03-26 00:00:00+00:00,38800,38800,38300,38300,138400,38300.0,-0.005208345107138235,-0.005208345107138235
2013-03-27 00:00:00+00:00,38200,38300,37800,37800,187110,37800.0,-0.013140793561058255,-0.013140793561058255
2013-03-28 00:00:00+00:00,37900,38200,37800,37800,97940,37800.0,0.0,0.0
2013-03-29 00:00:00+00:00,37800,38000,37500,37800,184310,37800.0,0.0,0.0
2013-04-01 00:00:00+00:00,37600,38400,37600,38400,142540,38400.0,0.015748356968139112,0.015748356968139112
2013-04-02 00:00:00+00:00,38500,39400,38500,38700,413850,38700.0,0.007782140442054949,0.007782140442054949
2013-04-03 00:00:00+00:00,38800,38900,38400,38400,128770,38400.0,-0.007782140442054963,-0.007782140442054963
2013-04-04 00:00:00+00:00,38500,38500,38000,38100,58120,38100.0,-0.007843177461025893,-0.007843177461025893
2013-04-05 00:00:00+00:00,38000,38400,38000,38400,123140,38400.0,0.007843177461025879,0.007843177461025879
2013-04-08 00:00:00+00:00,38400,39700,38400,39700,721860,39700.0,0.033293728099463626,0.033293728099463626
2013-04-09 00:00:00+00:00,39800,41600,39700,40900,894350,40900.0,0.02977887535561139,0.02977887535561139
2013-04-10 00:00:00+00:00,41000,41000,39800,39800,305550,39800.0,-0.027263150758363996,-0.027263150758363996
2013-04-11 00:00:00+00:00,39800,39800,38900,39200,312510,39200.0,-0.01519016549397512,-0.01519016549397512
2013-04-12 00:00:00+00:00,39500,39700,38700,39000,332180,39000.0,-0.005115100666770377,-0.005115100666770377
2013-04-15 00:00:00+00:00,38500,39000,37600,37800,320830,37800.0,-0.031252543504104426,-0.031252543504104426
2013-04-16 00:00:00+00:00,37800,37900,36800,37500,137720,37500.0,-0.007968169649176845,-0.007968169649176845
2013-04-17 00:00:00+00:00,38200,38500,37500,38000,105540,38000.0,0.013245226750020723,0.013245226750020723
2013-04-18 00:00:00+00:00,37600,37800,36900,37000,135860,37000.0,-0.026668247082161294,-0.026668247082161294
2013-04-22 00:00:00+00:00,37500,37500,36900,36900,143400,36900.0,-0.002706361597742914,-0.002706361597742914
2013-04-23 00:00:00+00:00,37400,37400,37000,37300,70860,37300.0,0.010781775603288413,0.010781775603288413
2013-04-24 00:00:00+00:00,37500,37500,36900,37100,150350,37100.0,-0.005376357036380406,-0.005376357036380406
2013-04-25 00:00:00+00:00,37600,37600,37100,37200,46180,37200.0,0.002691791665711353,0.002691791665711353
2013-04-26 00:00:00+00:00,37200,37400,37100,37200,51690,37200.0,0.0,0.0
2013-05-02 00:00:00+00:00,37400,37400,37000,37000,66280,37000.0,-0.005390848634876423,-0.005390848634876423
2013-05-03 00:00:00+00:00,37100,37200,37000,37100,73320,37100.0,0.0026990569691649835,0.0026990569691649835
2013-05-06 00:00:00+00:00,37400,38300,37100,38300,188450,38300.0,0.031832926573210754,0.031832926573210754
2013-05-07 00:00:00+00:00,38000,38300,37500,37500,91010,37500.0,-0.021108963210235168,-0.021108963210235168
2013-05-08 00:00:00+00:00,38000,38100,37600,37800,122380,37800.0,0.007968169649176881,0.007968169649176881
2013-05-09 00:00:00+00:00,38000,38000,37800,37800,80750,37800.0,0.0,0.0
2013-05-10 00:00:00+00:00,38000,38000,37800,37900,64700,37900.0,0.002642009462838576,0.002642009462838576
2013-05-13 00:00:00+00:00,38200,38200,37900,38000,60290,38000.0,0.002635047638005032,0.002635047638005032
2013-05-14 00:00:00+00:00,38000,39300,38000,38400,321880,38400.0,0.010471299867295437,0.010471299867295437
2013-05-15 00:00:00+00:00,38700,38800,38400,38800,156680,38800.0,0.010362787035546658,0.010362787035546658
2013-05-16 00:00:00+00:00,39000,39000,38500,38800,129340,38800.0,0.0,0.0
2013-05-17 00:00:00+00:00,38700,38800,38500,38500,103500,38500.0,-0.007762005335489189,-0.007762005335489189
2013-05-20 00:00:00+00:00,38500,39800,38500,39300,311400,39300.0,0.02056627758147702,0.02056627758147702
2013-05-21 00:00:00+00:00,41300,42000,40100,42000,1829150,42000.0,0.06644509940815276,0.06644509940815276
2013-05-22 00:00:00+00:00,42000,42200,41700,41700,473190,41700.0,-0.007168489478612516,-0.007168489478612516
2013-05-23 00:00:00+00:00,41300,42200,41300,41700,620980,41700.0,0.0,0.0
2013-05-24 00:00:00+00:00,41700,42400,41600,42000,325890,42000.0,0.007168489478612497,0.007168489478612497
2013-05-27 00:00:00+00:00,43300,43500,42700,42800,364260,42800.0,0.018868484304382736,0.018868484304382736
2013-05-28 00:00:00+00:00,43000,43300,42800,43100,330890,43100.0,0.006984894521950969,0.006984894521950969
2013-05-29 00:00:00+00:00,43500,44400,43200,44000,495190,44000.0,0.020666636808559128,0.020666636808559128
2013-05-30 00:00:00+00:00,43800,44000,43500,43900,294550,43900.0,-0.0022753138371355394,-0.0022753138371355394
2013-05-31 00:00:00+00:00,44000,45500,44000,44500,580620,44500.0,0.01357486909106885,0.01357486909106885
2013-06-03 00:00:00+00:00,44500,44900,44100,44300,312910,44300.0,-0.004504512121104541,-0.004504512121104541
2013-06-04 00:00:00+00:00,44300,45600,44300,44700,721910,44700.0,0.00898882456843328,0.00898882456843328
2013-06-05 00:00:00+00:00,45000,45500,45000,45200,114490,45200.0,0.011123585218662302,0.011123585218662302
2013-06-06 00:00:00+00:00,44700,45700,44700,45700,189030,45700.0,0.011001211061973583,0.011001211061973583
2013-06-07 00:00:00+00:00,45900,46000,45000,45500,145200,45500.0,-0.004385971943254329,-0.004385971943254329
2013-06-10 00:00:00+00:00,46000,46000,45500,45600,256220,45600.0,0.002195390563435656,0.002195390563435656
2013-06-11 00:00:00+00:00,45600,45600,45000,45200,235030,45200.0,-0.00881062968215492,-0.00881062968215492
2013-06-12 00:00:00+00:00,45000,45200,44700,45000,194000,45000.0,-0.004434597067865753,-0.004434597067865753
2013-06-13 00:00:00+00:00,44700,45000,44500,44700,413530,44700.0,-0.006688988150796652,-0.006688988150796652
2013-06-14 00:00:00+00:00,44900,44900,44200,44200,257590,44200.0,-0.011248712535870653,-0.011248712535870653
2013-06-17 00:00:00+00:00,44500,44500,43200,43200,245350,43200.0,-0.022884293833587845,-0.022884293833587845
2013-06-18 00:00:00+00:00,43200,43200,42600,42900,179510,42900.0,-0.006968669316093316,-0.006968669316093316
2013-06-19 00:00:00+00:00,43000,43400,42800,43000,105860,43000.0,0.002328289759591168,0.002328289759591168
2013-06-20 00:00:00+00:00,43200,43200,42700,42800,144390,42800.0,-0.004662013105811301,-0.004662013105811301
2013-06-21 00:00:00+00:00,42600,42700,42000,42700,249940,42700.0,-0.002339182353172266,-0.002339182353172266
2013-06-24 00:00:00+00:00,42700,42700,42200,42500,157140,42500.0,-0.004694844304207729,-0.004694844304207729
2013-06-25 00:00:00+00:00,42200,42400,41000,41400,668790,41400.0,-0.026223195099102443,-0.026223195099102443
2013-06-26 00:00:00+00:00,41100,41600,41100,41500,171080,41500.0,0.002412546405383926,0.002412546405383926
2013-06-27 00:00:00+00:00,41800,41900,41400,41600,171250,41600.0,0.0024067400305650593,0.0024067400305650593
2013-06-28 00:00:00+00:00,42500,42500,41800,41800,113820,41800.0,0.0047961722634930135,0.0047961722634930135
2013-07-01 00:00:00+00:00,42100,42100,41600,42000,42960,42000.0,0.0047732787526575905,0.0047732787526575905
2013-07-02 00:00:00+00:00,42100,42800,42000,42400,82370,42400.0,0.009478743954543739,0.009478743954543739
2013-07-03 00:00:00+00:00,42600,42600,42200,42600,144550,42600.0,0.004705891037412714,0.004705891037412714
2013-07-04 00:00:00+00:00,42700,44000,42600,43400,526820,43400.0,0.018605187831034486,0.018605187831034486
2013-07-05 00:00:00+00:00,43400,43700,43100,43600,193730,43600.0,0.004597709248629549,0.004597709248629549
2013-07-08 00:00:00+00:00,43700,43700,43000,43000,112140,43000.0,-0.013857034661426241,-0.013857034661426241
2013-07-09 00:00:00+00:00,43000,43000,42200,42600,88920,42600.0,-0.009345862418237658,-0.009345862418237658
2013-07-10 00:00:00+00:00,42600,42700,42300,42500,42560,42500.0,-0.0023501773449536266,-0.0023501773449536266
2013-07-11 00:00:00+00:00,42600,42600,42200,42400,108660,42400.0,-0.0023557136924590365,-0.0023557136924590365
2013-07-12 00:00:00+00:00,42300,43000,42300,43000,102160,43000.0,0.014051753455650287,0.014051753455650287
2013-07-15 00:00:00+00:00,43300,43300,42700,43100,75830,43100.0,0.0023228814161397287,0.0023228814161397287
2013-07-16 00:00:00+00:00,43300,43900,43100,43600,107880,43600.0,0.011534153245286545,0.011534153245286545
2013-07-17 00:00:00+00:00,44000,44000,43700,43700,145010,43700.0,0.0022909517465557624,0.0022909517465557624
2013-07-18 00:00:00+00:00,43700,44000,43300,43300,65160,43300.0,-0.009195467093100275,-0.009195467093100275
2013-07-19 00:00:00+00:00,43700,43900,43300,43900,113860,43900.0,0.01376168507268153,0.01376168507268153
2013-07-22 00:00:00+00:00,44300,44300,43500,43900,66820,43900.0,0.0,0.0
2013-07-23 00:00:00+00:00,43900,43900,43500,43600,95720,43600.0,-0.0068571697261370235,-0.0068571697261370235
2013-07-24 00:00:00+00:00,43200,43400,43000,43000,239630,43000.0,-0.013857034661426241,-0.013857034661426241
2013-07-25 00:00:00+00:00,43400,43700,43000,43400,107830,43400.0,0.009259325412796726,0.009259325412796726
2013-07-26 00:00:00+00:00,43600,43600,42800,42900,58250,42900.0,-0.011587615172387895,-0.011587615172387895
2013-07-29 00:00:00+00:00,42900,42900,42000,42200,179400,42200.0,-0.01645160489200517,-0.01645160489200517
2013-07-30 00:00:00+00:00,42100,43000,42000,43000,90410,43000.0,0.018779894651596275,0.018779894651596275
2013-07-31 00:00:00+00:00,43300,43300,42700,43000,83540,43000.0,0.0,0.0
2013-08-01 00:00:00+00:00,43000,43100,42900,42900,77340,42900.0,-0.0023282897595911845,-0.0023282897595911845
2013-08-02 00:00:00+00:00,43300,43400,43100,43200,77930,43200.0,0.0069686693160934355,0.0069686693160934355
2013-08-05 00:00:00+00:00,43300,45400,43300,44500,564080,44500.0,0.02964869392212987,0.02964869392212987
2013-08-06 00:00:00+00:00,44500,45300,44500,45200,475480,45200.0,0.015607897665990968,0.015607897665990968
2013-08-07 00:00:00+00:00,45500,46700,45300,46300,826400,46300.0,0.024044874254002868,0.024044874254002868
2013-08-08 00:00:00+00:00,46300,46300,45200,45200,363680,45200.0,-0.024044874254002917,-0.024044874254002917
2013-08-09 00:00:00+00:00,45200,45600,45100,45600,204960,45600.0,0.008810629682154906,0.008810629682154906
2013-08-12 00:00:00+00:00,45800,45800,45200,45400,199710,45400.0,-0.004395611473038109,-0.004395611473038109
2013-08-13 00:00:00+00:00,45400,45900,45200,45500,426440,45500.0,0.0022002209096023376,0.0022002209096023376
2013-08-14 00:00:00+00:00,45500,45700,45300,45700,198010,45700.0,0.004385971943254268,0.004385971943254268
2013-08-15 00:00:00+00:00,45300,46200,44900,45800,805360,45800.0,0.0021857932199802256,0.0021857932199802256
2013-08-16 00:00:00+00:00,45700,46000,45200,46000,320220,46000.0,0.004357305368955626,0.004357305368955626
2013-08-19 00:00:00+00:00,46000,47600,45900,47100,538180,47100.0,0.023631604533277038,0.023631604533277038
2013-08-20 00:00:00+00:00,47000,47100,46400,46800,448010,46800.0,-0.00638979809877101,-0.00638979809877101
2013-08-21 00:00:00+00:00,46800,46800,45000,46400,472880,46400.0,-0.008583743691391442,-0.008583743691391442
2013-08-22 00:00:00+00:00,46400,46400,45100,45400,373950,45400.0,-0.021787354184907296,-0.021787354184907296
2013-08-23 00:00:00+00:00,45500,45600,44500,44700,440450,44700.0,-0.01553860342777916,-0.01553860342777916
2013-08-26 00:00:00+00:00,44600,44800,44000,44600,199040,44600.0,-0.0022396425935047983,-0.0022396425935047983
2013-08-27 00:00:00+00:00,44900,44900,44200,44400,122680,44400.0,-0.004494389587839326,-0.004494389587839326
2013-08-28 00:00:00+00:00,43800,44000,42200,42800,433180,42800.0,-0.03670136685042793,-0.03670136685042793
2013-08-29 00:00:00+00:00,42600,43500,42600,42600,139290,42600.0,-0.004683849312426314,-0.004683849312426314
2013-08-30 00:00:00+00:00,43000,43200,42500,43100,229370,43100.0,0.011668743834377424,0.011668743834377424
2013-09-03 00:00:00+00:00,43700,43700,42800,42800,58660,42800.0,-0.006984894521950982,-0.006984894521950982
2013-09-04 00:00:00+00:00,43100,43300,42600,42900,255430,42900.0,0.0023337233462200966,0.0023337233462200966
2013-09-05 00:00:00+00:00,43200,43800,42800,43700,241450,43700.0,0.018476276167573212,0.018476276167573212
2013-09-06 00:00:00+00:00,43900,44900,43600,44300,265600,44300.0,0.013636574949545444,0.013636574949545444
2013-09-09 00:00:00+00:00,44300,44300,42900,43200,136590,43200.0,-0.02514418180102529,-0.02514418180102529
2013-09-10 00:00:00+00:00,43200,43900,43200,43500,61870,43500.0,0.006920442844573757,0.006920442844573757
2013-09-11 00:00:00+00:00,43900,44300,43300,43300,232820,43300.0,-0.004608303086194219,-0.004608303086194219
2013-09-12 00:00:00+00:00,43100,43600,43000,43000,192520,43000.0,-0.0069525193148817525,-0.0069525193148817525
2013-09-13 00:00:00+00:00,42800,43300,42800,42800,109090,42800.0,-0.004662013105811301,-0.004662013105811301
2013-09-16 00:00:00+00:00,42900,43000,42600,42700,171720,42700.0,-0.002339182353172266,-0.002339182353172266
2013-09-17 00:00:00+00:00,42900,43300,42600,42900,158300,42900.0,0.004672905699392423,0.004672905699392423
2013-09-18 00:00:00+00:00,43300,43800,43000,43300,206220,43300.0,0.009280809074472783,0.009280809074472783
2013-09-19 00:00:00+00:00,43600,43900,43400,43400,137210,43400.0,0.002306806097915092,0.002306806097915092
2013-09-20 00:00:00+00:00,43400,43700,43400,43500,44400,43500.0,0.0023014969882791674,0.0023014969882791674
2013-09-23 00:00:00+00:00,43500,44500,43500,44400,322410,44400.0,0.0204785313435407,0.0204785313435407
2013-09-24 00:00:00+00:00,44500,45600,44500,45200,335390,45200.0,0.01785761740000647,0.01785761740000647
2013-09-25 00:00:00+00:00,45300,45400,44600,44800,252640,44800.0,-0.00888894741724604,-0.00888894741724604
2013-09-26 00:00:00+00:00,44800,45200,44500,45200,179940,45200.0,0.008888947417245994,0.008888947417245994
2013-09-27 00:00:00+00:00,45300,45300,44600,45000,134960,45000.0,-0.004434597067865753,-0.004434597067865753
2013-09-30 00:00:00+00:00,45400,45400,44900,45100,191710,45100.0,0.00221975673831281,0.00221975673831281
2013-10-01 00:00:00+00:00,44900,45300,44800,44800,309650,44800.0,-0.006674107087693132,-0.006674107087693132
2013-10-02 00:00:00+00:00,44800,45200,44800,45100,125270,45100.0,0.006674107087693218,0.006674107087693218
2013-10-03 00:00:00+00:00,45100,45100,44700,44800,180150,44800.0,-0.006674107087693132,-0.006674107087693132
2013-10-04 00:00:00+00:00,45000,45800,44800,45600,435780,45600.0,0.017699577099400857,0.017699577099400857
2013-10-07 00:00:00+00:00,45500,46300,45500,46100,244840,46100.0,0.010905233482262527,0.010905233482262527
2013-10-08 00:00:00+00:00,46100,46100,45600,45900,150880,45900.0,-0.004347832936103398,-0.004347832936103398
2013-10-09 00:00:00+00:00,45900,46100,45600,45700,203180,45700.0,-0.0043668191663404025,-0.0043668191663404025
2013-10-10 00:00:00+00:00,45600,45800,45100,45100,259470,45100.0,-0.013216051391526375,-0.013216051391526375
2013-10-11 00:00:00+00:00,45300,45500,44900,45000,194600,45000.0,-0.002219756738312888,-0.002219756738312888
2013-10-14 00:00:00+00:00,45100,45100,44700,44900,164050,44900.0,-0.0022246950221111624,-0.0022246950221111624
2013-10-15 00:00:00+00:00,45100,45500,45000,45500,147540,45500.0,0.013274531208696108,0.013274531208696108
2013-10-16 00:00:00+00:00,45700,45700,45300,45700,361750,45700.0,0.004385971943254268,0.004385971943254268
2013-10-17 00:00:00+00:00,46100,46400,45700,45900,413030,45900.0,0.0043668191663403895,0.0043668191663403895
2013-10-18 00:00:00+00:00,46000,46800,46000,46200,470030,46200.0,0.006514681021193672,0.006514681021193672
2013-10-21 00:00:00+00:00,46200,46600,46100,46200,357910,46200.0,0.0,0.0
2013-10-22 00:00:00+00:00,45900,46200,45900,46000,213510,46000.0,-0.00433840159859813,-0.00433840159859813
2013-10-23 00:00:00+00:00,45800,46200,45800,46200,228910,46200.0,0.004338401598598141,0.004338401598598141
2013-10-24 00:00:00+00:00,46000,46500,46000,46000,257910,46000.0,-0.00433840159859813,-0.00433840159859813
2013-10-25 00:00:00+00:00,45900,46000,45500,45600,257460,45600.0,-0.008733679968754553,-0.008733679968754553
2013-10-28 00:00:00+00:00,46000,46000,45400,45400,90570,45400.0,-0.004395611473038109,-0.004395611473038109
2013-10-29 00:00:00+00:00,45200,45700,45200,45600,118960,45600.0,0.004395611473038129,0.004395611473038129
2013-10-30 00:00:00+00:00,45600,46300,45600,46000,251170,46000.0,0.008733679968754631,0.008733679968754631
2013-10-31 00:00:00+00:00,46100,46100,45800,45800,136460,45800.0,-0.004357305368955701,-0.004357305368955701
2013-11-01 00:00:00+00:00,46000,46000,45800,46000,124810,46000.0,0.004357305368955626,0.004357305368955626
2013-11-04 00:00:00+00:00,46100,46100,45800,46000,55500,46000.0,0.0,0.0
2013-11-05 00:00:00+00:00,46000,46000,45900,45900,170070,45900.0,-0.0021762794225955173,-0.0021762794225955173
2013-11-06 00:00:00+00:00,46000,46100,45900,46100,147130,46100.0,0.0043478329361034225,0.0043478329361034225
2013-11-07 00:00:00+00:00,46000,46100,45800,45800,205880,45800.0,-0.006528858882463556,-0.006528858882463556
2013-11-08 00:00:00+00:00,45800,46000,45800,46000,142130,46000.0,0.004357305368955626,0.004357305368955626
2013-11-11 00:00:00+00:00,46100,46200,45900,46100,147110,46100.0,0.0021715535135079325,0.0021715535135079325
2013-11-12 00:00:00+00:00,46100,46600,46100,46300,277180,46300.0,0.004329011089585479,0.004329011089585479
2013-11-13 00:00:00+00:00,46500,46500,46100,46200,77830,46200.0,-0.002162163004495237,-0.002162163004495237
2013-11-14 00:00:00+00:00,46300,46500,46200,46300,108680,46300.0,0.0021621630044953172,0.0021621630044953172
2013-11-15 00:00:00+00:00,46500,47700,46500,47600,707550,47600.0,0.027690800145185983,0.027690800145185983
2013-11-18 00:00:00+00:00,48000,48600,47900,48100,518370,48100.0,0.01044941587434114,0.01044941587434114
2013-11-19 00:00:00+00:00,48200,48400,48000,48300,314080,48300.0,0.004149383546811397,0.004149383546811397
2013-11-20 00:00:00+00:00,48300,48300,47700,48100,273870,48100.0,-0.004149383546811478,-0.004149383546811478
2013-11-21 00:00:00+00:00,48200,50000,48000,48000,472460,48000.0,-0.0020811662038245117,-0.0020811662038245117
2013-11-22 00:00:00+00:00,48200,48600,47900,48500,175950,48500.0,0.010362787035546658,0.010362787035546658
2013-11-25 00:00:00+00:00,48600,48800,48300,48600,447070,48600.0,0.0020597329630105622,0.0020597329630105622
2013-11-26 00:00:00+00:00,48500,48700,48300,48600,279960,48600.0,0.0,0.0
2013-11-27 00:00:00+00:00,48700,48800,48300,48600,204670,48600.0,0.0,0.0
2013-11-28 00:00:00+00:00,48400,48700,48400,48400,153520,48400.0,-0.004123717183862041,-0.004123717183862041
2013-11-29 00:00:00+00:00,48300,48500,48100,48100,190290,48100.0,-0.006217636610870562,-0.006217636610870562
2013-12-02 00:00:00+00:00,48300,48400,48000,48300,287190,48300.0,0.004149383546811397,0.004149383546811397
2013-12-03 00:00:00+00:00,48100,49500,48000,48800,1303680,48800.0,0.010298752200574473,0.010298752200574473
2013-12-04 00:00:00+00:00,49100,49100,48700,48800,464680,48800.0,0.0,0.0
2013-12-05 00:00:00+00:00,48800,48800,48100,48100,712960,48100.0,-0.014448135747386041,-0.014448135747386041
2013-12-06 00:00:00+00:00,48100,48200,47700,48000,509580,48000.0,-0.0020811662038245117,-0.0020811662038245117
2013-12-09 00:00:00+00:00,48000,48000,47500,47500,376760,47500.0,-0.010471299867295366,-0.010471299867295366
2013-12-10 00:00:00+00:00,47500,47500,47100,47200,364830,47200.0,-0.006335818449085783,-0.006335818449085783
2013-12-11 00:00:00+00:00,47200,47200,46500,46800,328330,46800.0,-0.00851068966790862,-0.00851068966790862
2013-12-12 00:00:00+00:00,46800,46800,46400,46800,332300,46800.0,0.0,0.0
2013-12-13 00:00:00+00:00,47100,47500,47000,47200,191610,47200.0,0.00851068966790861,0.00851068966790861
2013-12-16 00:00:00+00:00,47200,47300,47000,47200,106870,47200.0,0.0,0.0
2013-12-17 00:00:00+00:00,47200,47400,47100,47200,118230,47200.0,0.0,0.0
2013-12-18 00:00:00+00:00,47400,47400,47000,47300,127750,47300.0,0.0021164029063776937,0.0021164029063776937
2013-12-19 00:00:00+00:00,47300,47500,47200,47300,222690,47300.0,0.0,0.0
2013-12-20 00:00:00+00:00,47500,47500,47000,47000,169680,47000.0,-0.006362693787828657,-0.006362693787828657
2013-12-23 00:00:00+00:00,47000,47500,47000,47200,132970,47200.0,0.004246290881451004,0.004246290881451004
2013-12-24 00:00:00+00:00,47100,47200,46900,46900,219700,46900.0,-0.006376217139275997,-0.006376217139275997
2013-12-25 00:00:00+00:00,47000,47000,46800,46800,315920,46800.0,-0.002134472528632681,-0.002134472528632681
2013-12-26 00:00:00+00:00,46800,47400,46800,47100,443380,47100.0,0.006389798098770988,0.006389798098770988
2013-12-27 00:00:00+00:00,47200,47400,47100,47100,185110,47100.0,0.0,0.0
2013-12-30 00:00:00+00:00,47400,47400,46700,46700,365750,46700.0,-0.008528836347520436,-0.008528836347520436
2013-12-31 00:00:00+00:00,46900,48000,46500,47100,602000,47100.0,0.008528836347520502,0.008528836347520502
2014-01-02 00:00:00+00:00,47600,47800,47200,47400,207470,47400.0,0.0063492276786587445,0.0063492276786587445
2014-01-03 00:00:00+00:00,47300,47400,47000,47300,165110,47300.0,-0.0021119332031435015,-0.0021119332031435015
2014-01-06 00:00:00+00:00,47300,48000,47000,48000,301670,48000.0,0.014690715410003592,0.014690715410003592
2014-01-07 00:00:00+00:00,48000,48000,47500,47500,290990,47500.0,-0.010471299867295366,-0.010471299867295366
2014-01-08 00:00:00+00:00,47400,48000,47400,47800,129600,47800.0,0.006295928456814831,0.006295928456814831
2014-01-09 00:00:00+00:00,47700,48400,47700,48400,317250,48400.0,0.012474174225175818,0.012474174225175818
2014-01-10 00:00:00+00:00,48500,49500,48500,48700,704840,48700.0,0.006179216365958118,0.006179216365958118
2014-01-13 00:00:00+00:00,49000,49400,48700,49100,773230,49100.0,0.00818000471193069,0.00818000471193069
2014-01-14 00:00:00+00:00,49100,49900,49000,49200,757320,49200.0,0.0020345886977874567,0.0020345886977874567
2014-01-15 00:00:00+00:00,49600,51500,49500,50000,1440070,50000.0,0.016129381929883717,0.016129381929883717
2014-01-16 00:00:00+00:00,51000,51000,50000,50500,915150,50500.0,0.009950330853168092,0.009950330853168092
2014-01-17 00:00:00+00:00,51000,52500,50500,51500,1192920,51500.0,0.019608471388376337,0.019608471388376337
2014-01-20 00:00:00+00:00,51500,53500,51500,52000,883960,52000.0,0.00966191091173689,0.00966191091173689
2014-01-21 00:00:00+00:00,52000,53000,51500,53000,647850,53000.0,0.01904819497069441,0.01904819497069441
2014-01-22 00:00:00+00:00,53500,54000,52000,53000,650280,53000.0,0.0,0.0
2014-01-23 00:00:00+00:00,53000,54500,52500,54500,476170,54500.0,0.027908788117076658,0.027908788117076658
2014-01-24 00:00:00+00:00,55000,56500,54000,56000,836990,56000.0,0.027150989065950898,0.027150989065950898
2014-01-27 00:00:00+00:00,56000,56500,55000,55500,613960,55500.0,-0.008968669982760375,-0.008968669982760375
2014-02-06 00:00:00+00:00,55000,55500,53500,54500,538550,54500.0,-0.018182319083190474,-0.018182319083190474
2014-02-07 00:00:00+00:00,54500,55000,53500,53500,753990,53500.0,-0.018519047767237527,-0.018519047767237527
2014-02-10 00:00:00+00:00,54000,56000,53000,55500,611330,55500.0,0.03670136685042796,0.03670136685042796
2014-02-11 00:00:00+00:00,56000,56500,54500,55000,1257350,55000.0,-0.009049835519917927,-0.009049835519917927
2014-02-12 00:00:00+00:00,55500,57000,55500,57000,978110,57000.0,0.035718082602079246,0.035718082602079246
2014-02-13 00:00:00+00:00,57000,57500,56000,57000,621020,57000.0,0.0,0.0
2014-02-14 00:00:00+00:00,57000,57500,56000,56500,540290,56500.0,-0.00881062968215492,-0.00881062968215492
2014-02-17 00:00:00+00:00,56000,57000,55500,56000,359620,56000.0,-0.00888894741724604,-0.00888894741724604
2014-02-18 00:00:00+00:00,56000,57000,55500,57000,505020,57000.0,0.017699577099400857,0.017699577099400857
2014-02-19 00:00:00+00:00,57000,59000,57000,59000,999370,59000.0,0.034486176071169404,0.034486176071169404
2014-02-20 00:00:00+00:00,59000,60000,55500,57000,1074480,57000.0,-0.03448617607116932,-0.03448617607116932
2014-02-21 00:00:00+00:00,57000,58500,55500,58000,689100,58000.0,0.01739174271186924,0.01739174271186924
2014-02-24 00:00:00+00:00,58000,59500,57000,59500,979350,59500.0,0.025533302005164845,0.025533302005164845
2014-02-25 00:00:00+00:00,58500,61500,58500,61500,1577680,61500.0,0.03306086226088821,0.03306086226088821
2014-02-26 00:00:00+00:00,62000,64500,61500,64500,2226350,64500.0,0.047628048989254664,0.047628048989254664
2014-02-27 00:00:00+00:00,64000,65000,63000,63000,1165490,63000.0,-0.02353049741019416,-0.02353049741019416
2014-02-28 00:00:00+00:00,63000,64000,62000,64000,1111220,64000.0,0.015748356968139112,0.015748356968139112
2014-03-03 00:00:00+00:00,63500,64000,61000,61500,1112540,61500.0,-0.039845908547199674,-0.039845908547199674
2014-03-04 00:00:00+00:00,61000,61500,60000,61000,962100,61000.0,-0.008163310639160981,-0.008163310639160981
2014-03-05 00:00:00+00:00,62000,62500,61000,62000,611560,62000.0,0.016260520871780326,0.016260520871780326
2014-03-06 00:00:00+00:00,62000,63000,61500,62500,706070,62500.0,0.008032171697264253,0.008032171697264253
2014-03-07 00:00:00+00:00,62500,63500,61500,63000,1032190,63000.0,0.007968169649176881,0.007968169649176881
2014-03-10 00:00:00+00:00,63000,63500,62500,63500,505430,63500.0,0.007905179507113247,0.007905179507113247
2014-03-11 00:00:00+00:00,63500,67500,62500,67000,2154020,67000.0,0.05365271349232,0.05365271349232
2014-03-12 00:00:00+00:00,69500,70000,67500,67500,1966080,67500.0,0.0074349784875179905,0.0074349784875179905
2014-03-13 00:00:00+00:00,68000,68500,67500,68000,906880,68000.0,0.00738010729762246,0.00738010729762246
2014-03-14 00:00:00+00:00,68000,68500,67000,67500,1435730,67500.0,-0.007380107297622534,-0.007380107297622534
2014-03-17 00:00:00+00:00,68500,68500,67500,67500,960750,67500.0,0.0,0.0
2014-03-18 00:00:00+00:00,67500,72000,67000,71000,2210540,71000.0,0.05055227916283125,0.05055227916283125
2014-03-19 00:00:00+00:00,71500,73000,71500,72000,567100,72000.0,0.01398624197473987,0.01398624197473987
2014-03-20 00:00:00+00:00,72000,72500,70500,71000,993620,71000.0,-0.01398624197473984,-0.01398624197473984
2014-03-21 00:00:00+00:00,71000,72500,70500,71500,963090,71500.0,0.00701757265864654,0.00701757265864654
2014-03-24 00:00:00+00:00,71000,72000,71000,71000,719940,71000.0,-0.007017572658646535,-0.007017572658646535
2014-03-25 00:00:00+00:00,71000,71500,69500,69500,1139950,69500.0,-0.021353124470568946,-0.021353124470568946
2014-03-26 00:00:00+00:00,70000,70500,67500,68000,1658730,68000.0,-0.021819047394639725,-0.021819047394639725
2014-03-27 00:00:00+00:00,68000,68500,67000,68000,944990,68000.0,0.0,0.0
2014-03-28 00:00:00+00:00,69000,71000,68500,70500,994670,70500.0,0.036105004642116356,0.036105004642116356
2014-03-31 00:00:00+00:00,72000,72000,69500,70000,860380,70000.0,-0.0071174677688639896,-0.0071174677688639896
2014-04-01 00:00:00+00:00,70000,70000,68000,69000,737670,69000.0,-0.014388737452099556,-0.014388737452099556
2014-04-02 00:00:00+00:00,69000,70000,66500,68000,1636330,68000.0,-0.014598799421152636,-0.014598799421152636
2014-04-03 00:00:00+00:00,68500,69000,67500,68500,590550,68500.0,0.007326040092072881,0.007326040092072881
2014-04-04 00:00:00+00:00,68500,69000,67500,68000,830330,68000.0,-0.007326040092072898,-0.007326040092072898
2014-04-07 00:00:00+00:00,68500,70000,68000,69500,1118980,69500.0,0.021819047394639673,0.021819047394639673
2014-04-08 00:00:00+00:00,70000,71500,70000,70500,1878400,70500.0,0.014285957247476434,0.014285957247476434
2014-04-10 00:00:00+00:00,71000,71000,70000,70000,912440,70000.0,-0.0071174677688639896,-0.0071174677688639896
2014-04-11 00:00:00+00:00,69500,71000,69500,70500,924700,70500.0,0.007117467768863955,0.007117467768863955
2014-04-14 00:00:00+00:00,71000,72500,70500,71500,1720820,71500.0,0.014084739881739023,0.014084739881739023
2014-04-15 00:00:00+00:00,71500,72000,70000,70500,1217060,70500.0,-0.014084739881738972,-0.014084739881738972
2014-04-16 00:00:00+00:00,70000,70500,68000,69000,1456070,69000.0,-0.02150620522096362,-0.02150620522096362
2014-04-17 00:00:00+00:00,69500,70000,68500,70000,818960,70000.0,0.01438873745209967,0.01438873745209967
2014-04-18 00:00:00+00:00,70000,70000,67500,67500,1033560,67500.0,-0.03636764417087483,-0.03636764417087483
2014-04-21 00:00:00+00:00,67000,67500,65000,65000,1218760,65000.0,-0.037740327982847086,-0.037740327982847086
2014-04-22 00:00:00+00:00,65500,67000,64000,67000,1077740,67000.0,0.030305349495328843,0.030305349495328843
2014-04-23 00:00:00+00:00,67000,67500,65000,65500,692970,65500.0,-0.022642476749759777,-0.022642476749759777
2014-04-24 00:00:00+00:00,65500,67000,64500,65500,1121510,65500.0,0.0,0.0
2014-04-25 00:00:00+00:00,65500,68000,65500,67500,1127330,67500.0,0.030077455237277954,0.030077455237277954
2014-04-28 00:00:00+00:00,68000,69000,67500,68500,917950,68500.0,0.014706147389695487,0.014706147389695487
2014-04-29 00:00:00+00:00,68000,68500,67500,68500,496380,68500.0,0.0,0.0
2014-05-05 00:00:00+00:00,69000,69000,66000,66000,1120840,66000.0,-0.037179003241754015,-0.037179003241754015
2014-05-06 00:00:00+00:00,65500,66500,63000,65000,1567890,65000.0,-0.01526747213078842,-0.01526747213078842
2014-05-07 00:00:00+00:00,52000,52500,50500,51000,1115910,51000.0,-0.24256163717131135,-0.24256163717131135
2014-05-08 00:00:00+00:00,49300,49300,47500,47500,1858320,47500.0,-0.07109592168373022,-0.07109592168373022
2014-05-09 00:00:00+00:00,46000,47500,44800,46300,1193120,46300.0,-0.02558774994840717,-0.02558774994840717
2014-05-12 00:00:00+00:00,44900,44900,43100,43100,1232320,43100.0,-0.07161896398248625,-0.07161896398248625
2014-05-13 00:00:00+00:00,40300,42400,40100,40800,2150110,40800.0,-0.05484091569958613,-0.05484091569958613
2014-05-14 00:00:00+00:00,40600,43400,40600,43200,952710,43200.0,0.05715841383994862,0.05715841383994862
2014-05-15 00:00:00+00:00,43500,44600,40300,41500,1266670,41500.0,-0.04014706801341202,-0.04014706801341202
2014-05-16 00:00:00+00:00,41500,44000,41400,44000,1085770,44000.0,0.058496206681608626,0.058496206681608626
2014-05-19 00:00:00+00:00,44100,44800,43000,44000,901880,44000.0,0.0,0.0
2014-05-20 00:00:00+00:00,43900,44400,43200,44400,1072290,44400.0,0.009049835519917856,0.009049835519917856
2014-05-21 00:00:00+00:00,44400,46400,44000,46200,1296900,46200.0,0.03974032864951412,0.03974032864951412
2014-05-22 00:00:00+00:00,46200,46400,45600,45800,1277180,45800.0,-0.008695706967553932,-0.008695706967553932
2014-05-23 00:00:00+00:00,45500,46200,45100,45400,533720,45400.0,-0.008771986072836994,-0.008771986072836994
2014-05-26 00:00:00+00:00,45000,45400,44600,45200,686760,45200.0,-0.004415018209116831,-0.004415018209116831
2014-05-27 00:00:00+00:00,45300,46000,45100,45600,891290,45600.0,0.008810629682154906,0.008810629682154906
2014-05-28 00:00:00+00:00,46000,46500,45900,46000,690790,46000.0,0.008733679968754631,0.008733679968754631
2014-05-29 00:00:00+00:00,46000,47200,45900,46100,940410,46100.0,0.0021715535135079325,0.0021715535135079325
2014-05-30 00:00:00+00:00,46100,46800,45900,46200,659030,46200.0,0.002166848085090293,0.002166848085090293
2014-06-02 00:00:00+00:00,46000,46200,45200,45400,558490,45400.0,-0.017467693040390832,-0.017467693040390832
2014-06-03 00:00:00+00:00,45200,45700,45100,45200,377900,45200.0,-0.004415018209116831,-0.004415018209116831
2014-06-04 00:00:00+00:00,45200,45300,44000,44400,653550,44400.0,-0.01785761740000646,-0.01785761740000646
2014-06-05 00:00:00+00:00,44200,44400,43800,44200,390740,44200.0,-0.004514680354526583,-0.004514680354526583
2014-06-06 00:00:00+00:00,44100,45000,44100,45000,355690,45000.0,0.01793770068666725,0.01793770068666725
2014-06-09 00:00:00+00:00,45200,45400,44700,44900,563170,44900.0,-0.0022246950221111624,-0.0022246950221111624
2014-06-10 00:00:00+00:00,44600,45900,44500,44900,586890,44900.0,0.0,0.0
2014-06-11 00:00:00+00:00,45200,46500,45100,46500,1506620,46500.0,0.03501451784510205,0.03501451784510205
2014-06-12 00:00:00+00:00,47000,47500,46500,47100,1051470,47100.0,0.012820688429061469,0.012820688429061469
2014-06-13 00:00:00+00:00,47100,47200,46800,47000,453330,47000.0,-0.0021253993123134776,-0.0021253993123134776
2014-06-16 00:00:00+00:00,47000,47000,46200,46500,895350,46500.0,-0.010695289116747919,-0.010695289116747919
2014-06-17 00:00:00+00:00,46500,47000,46200,46900,816170,46900.0,0.008565362858923,0.008565362858923
2014-06-18 00:00:00+00:00,46900,47000,46600,46600,391410,46600.0,-0.00641713432063354,-0.00641713432063354
2014-06-19 00:00:00+00:00,46600,46800,45200,46200,1065490,46200.0,-0.008620743043906975,-0.008620743043906975
2014-06-20 00:00:00+00:00,46200,46800,46100,46200,279210,46200.0,0.0,0.0
2014-06-23 00:00:00+00:00,46200,46200,45800,45900,208170,45900.0,-0.006514681021193642,-0.006514681021193642
2014-06-24 00:00:00+00:00,45800,46300,45700,46200,314410,46200.0,0.006514681021193672,0.006514681021193672
2014-06-25 00:00:00+00:00,46400,46900,46300,46600,535400,46600.0,0.008620743043906955,0.008620743043906955
2014-06-26 00:00:00+00:00,46600,46800,46400,46500,340790,46500.0,-0.0021482285382896063,-0.0021482285382896063
2014-06-27 00:00:00+00:00,46400,47400,46400,46800,1512800,46800.0,0.006430890330290331,0.006430890330290331
2014-06-30 00:00:00+00:00,46600,47000,46600,46600,400120,46600.0,-0.004282661792000848,-0.004282661792000848
2014-07-01 00:00:00+00:00,46600,47000,46600,46700,595450,46700.0,0.002143623543251369,0.002143623543251369
2014-07-02 00:00:00+00:00,46700,47000,46700,47000,633630,47000.0,0.006403437035207007,0.006403437035207007
2014-07-03 00:00:00+00:00,47200,48400,47200,48200,1296890,48200.0,0.02521141934649607,0.02521141934649607
2014-07-04 00:00:00+00:00,48500,49600,48400,49500,1789990,49500.0,0.026613648518089904,0.026613648518089904
2014-07-07 00:00:00+00:00,49900,51500,49900,50000,1768130,50000.0,0.010050335853501506,0.010050335853501506
2014-07-08 00:00:00+00:00,49900,50500,49500,49900,668720,49900.0,-0.0020020026706730793,-0.0020020026706730793
2014-07-09 00:00:00+00:00,50000,50000,49500,49700,682070,49700.0,-0.004016069654889943,-0.004016069654889943
2014-07-10 00:00:00+00:00,49700,49700,48400,48800,1262450,48800.0,-0.018274620243481556,-0.018274620243481556
2014-07-11 00:00:00+00:00,48800,48800,48200,48700,671180,48700.0,-0.0020512827705573607,-0.0020512827705573607
2014-07-14 00:00:00+00:00,48700,49600,48600,49400,868190,49400.0,0.014271394105332761,0.014271394105332761
2014-07-15 00:00:00+00:00,50500,51000,49800,50000,785570,50000.0,0.01207258123426924,0.01207258123426924
2014-07-16 00:00:00+00:00,50500,51000,49900,49900,1240280,49900.0,-0.0020020026706730793,-0.0020020026706730793
2014-07-17 00:00:00+00:00,49800,49900,49200,49400,836020,49400.0,-0.01007057856359617,-0.01007057856359617
2014-07-18 00:00:00+00:00,49200,52500,49200,52500,3985310,52500.0,0.060862745403701325,0.060862745403701325
2014-07-21 00:00:00+00:00,52000,53000,50500,51000,1718340,51000.0,-0.028987536873252298,-0.028987536873252298
2014-07-22 00:00:00+00:00,51000,53000,50500,52000,1282720,52000.0,0.019418085857101516,0.019418085857101516
2014-07-23 00:00:00+00:00,51500,52500,51000,51500,1050840,51500.0,-0.009661910911736859,-0.009661910911736859
2014-07-24 00:00:00+00:00,51500,53000,51500,52500,1516130,52500.0,0.019231361927887592,0.019231361927887592
2014-07-25 00:00:00+00:00,52500,53500,51500,51500,1257720,51500.0,-0.019231361927887644,-0.019231361927887644
2014-07-28 00:00:00+00:00,51000,51000,49700,50000,1675170,50000.0,-0.02955880224154439,-0.02955880224154439
2014-07-29 00:00:00+00:00,50000,50500,49500,49700,938580,49700.0,-0.006018072325563021,-0.006018072325563021
2014-07-30 00:00:00+00:00,49700,51000,49700,49900,690950,49900.0,0.004016069654889965,0.004016069654889965
2014-07-31 00:00:00+00:00,49900,50500,49700,50500,705490,50500.0,0.011952333523841173,0.011952333523841173
2014-08-01 00:00:00+00:00,50000,50500,49700,49800,725990,49800.0,-0.013958352250706914,-0.013958352250706914
2014-08-04 00:00:00+00:00,49900,50500,49700,50000,757490,50000.0,0.004008021397538868,0.004008021397538868
2014-08-05 00:00:00+00:00,51000,52000,51000,51500,1433070,51500.0,0.02955880224154443,0.02955880224154443
2014-08-06 00:00:00+00:00,51500,51500,50500,51000,973690,51000.0,-0.009756174945364685,-0.009756174945364685
2014-08-07 00:00:00+00:00,51000,51000,50000,50500,648290,50500.0,-0.009852296443011594,-0.009852296443011594
2014-08-08 00:00:00+00:00,51000,51500,50000,50500,738670,50500.0,0.0,0.0
2014-08-11 00:00:00+00:00,51000,51000,50000,50500,640870,50500.0,0.0,0.0
2014-08-12 00:00:00+00:00,50500,51000,50000,50500,634600,50500.0,0.0,0.0
2014-08-13 00:00:00+00:00,51000,51500,50500,51500,842940,51500.0,0.019608471388376337,0.019608471388376337
2014-08-14 00:00:00+00:00,51500,52000,51000,52000,1283060,52000.0,0.00966191091173689,0.00966191091173689
2014-08-15 00:00:00+00:00,51500,52000,51000,51500,828590,51500.0,-0.009661910911736859,-0.009661910911736859
2014-08-18 00:00:00+00:00,51500,53000,51000,52500,1735290,52500.0,0.019231361927887592,0.019231361927887592
2014-08-19 00:00:00+00:00,52500,54000,52500,53000,3127310,53000.0,0.009478743954543739,0.009478743954543739
2014-08-20 00:00:00+00:00,52500,52500,51500,52000,1321660,52000.0,-0.019048194970694474,-0.019048194970694474
2014-08-21 00:00:00+00:00,52000,52500,51500,51500,1643270,51500.0,-0.009661910911736859,-0.009661910911736859
2014-08-22 00:00:00+00:00,52000,52500,51500,52000,1804530,52000.0,0.00966191091173689,0.00966191091173689
2014-08-25 00:00:00+00:00,52500,53000,52000,52500,1798790,52500.0,0.009569451016150672,0.009569451016150672
2014-08-26 00:00:00+00:00,52500,55500,52000,55000,3673930,55000.0,0.04652001563489291,0.04652001563489291
2014-08-27 00:00:00+00:00,55000,56000,54000,55000,1956570,55000.0,0.0,0.0
2014-08-28 00:00:00+00:00,55000,57500,55000,57000,2505050,57000.0,0.035718082602079246,0.035718082602079246
2014-08-29 00:00:00+00:00,57000,57500,56000,57500,1498060,57500.0,0.008733679968754631,0.008733679968754631
2014-09-03 00:00:00+00:00,58000,58500,56500,57000,1754970,57000.0,-0.008733679968754553,-0.008733679968754553
2014-09-04 00:00:00+00:00,56500,57000,56000,57000,1391520,57000.0,0.0,0.0
2014-09-05 00:00:00+00:00,57000,58000,57000,58000,2025880,58000.0,0.01739174271186924,0.01739174271186924
2014-09-08 00:00:00+00:00,58500,59500,58000,58500,2368420,58500.0,0.008583743691391435,0.008583743691391435
2014-09-09 00:00:00+00:00,58500,58500,54500,55500,3943470,55500.0,-0.05264373348542203,-0.05264373348542203
2014-09-10 00:00:00+00:00,55500,56500,54500,56000,1663390,56000.0,0.008968669982760316,0.008968669982760316
2014-09-11 00:00:00+00:00,56000,56500,55500,55500,978400,55500.0,-0.008968669982760375,-0.008968669982760375
2014-09-12 00:00:00+00:00,56000,56500,55000,56000,1274520,56000.0,0.008968669982760316,0.008968669982760316
2014-09-15 00:00:00+00:00,57000,57500,55500,56000,1604040,56000.0,0.0,0.0
2014-09-16 00:00:00+00:00,56000,56500,55000,56000,1634520,56000.0,0.0,0.0
2014-09-17 00:00:00+00:00,57000,57500,56000,56500,2089480,56500.0,0.008888947417245994,0.008888947417245994
2014-09-18 00:00:00+00:00,56500,56500,54500,55000,1681870,55000.0,-0.02690745291992438,-0.02690745291992438
2014-09-19 00:00:00+00:00,55000,55000,54000,54000,1499270,54000.0,-0.01834913866819654,-0.01834913866819654
2014-09-22 00:00:00+00:00,54000,54500,53000,53000,1424110,53000.0,-0.01869213301215252,-0.01869213301215252
2014-09-23 00:00:00+00:00,53000,54000,52500,52500,1320590,52500.0,-0.00947874395454377,-0.00947874395454377
2014-09-24 00:00:00+00:00,52500,53500,52000,52500,1023270,52500.0,0.0,0.0
2014-09-25 00:00:00+00:00,53000,53500,52000,53500,1111670,53500.0,0.018868484304382736,0.018868484304382736
2014-09-26 00:00:00+00:00,53500,53500,52500,52500,765550,52500.0,-0.018868484304382805,-0.018868484304382805
2014-09-29 00:00:00+00:00,52500,53000,52000,52000,683300,52000.0,-0.009569451016150672,-0.009569451016150672
2014-09-30 00:00:00+00:00,52000,53000,51500,52000,908550,52000.0,0.0,0.0
2014-10-01 00:00:00+00:00,52500,54000,52500,53500,771760,53500.0,0.02843793532053341,0.02843793532053341
2014-10-02 00:00:00+00:00,53500,54000,53000,54000,718170,54000.0,0.00930239266231341,0.00930239266231341
2014-10-03 00:00:00+00:00,53500,54000,53000,53500,780160,53500.0,-0.009302392662313561,-0.009302392662313561
2014-10-06 00:00:00+00:00,53500,54000,53000,53500,571810,53500.0,0.0,0.0
2014-10-07 00:00:00+00:00,53500,54000,53000,53500,844760,53500.0,0.0,0.0
2014-10-08 00:00:00+00:00,53500,53500,52500,53000,605320,53000.0,-0.009389740349839032,-0.009389740349839032
2014-10-09 00:00:00+00:00,53500,53500,52500,52500,801580,52500.0,-0.00947874395454377,-0.00947874395454377
2014-10-10 00:00:00+00:00,52500,53000,51500,52000,996930,52000.0,-0.009569451016150672,-0.009569451016150672
2014-10-13 00:00:00+00:00,52000,53500,52000,53500,452140,53500.0,0.02843793532053341,0.02843793532053341
2014-10-14 00:00:00+00:00,53500,53500,52000,52000,361650,52000.0,-0.028437935320533514,-0.028437935320533514
2014-10-15 00:00:00+00:00,51500,52500,51000,52000,814130,52000.0,0.0,0.0
2014-10-16 00:00:00+00:00,51500,51500,49500,49700,1592280,49700.0,-0.045238785478844266,-0.045238785478844266
2014-10-17 00:00:00+00:00,49900,50500,49000,50500,875080,50500.0,0.015968403178731203,0.015968403178731203
2014-10-20 00:00:00+00:00,50500,51000,50000,50000,394500,50000.0,-0.009950330853168092,-0.009950330853168092
2014-10-21 00:00:00+00:00,50000,50500,49800,50000,345010,50000.0,0.0,0.0
2014-10-22 00:00:00+00:00,50500,51000,50000,50500,410150,50500.0,0.009950330853168092,0.009950330853168092
2014-10-23 00:00:00+00:00,50000,51000,49800,49900,596130,49900.0,-0.01195233352384117,-0.01195233352384117
2014-10-24 00:00:00+00:00,50000,50500,49600,49800,480290,49800.0,-0.002006018726865743,-0.002006018726865743
2014-10-27 00:00:00+00:00,49500,49800,48700,48700,579320,48700.0,-0.022335953942063187,-0.022335953942063187
2014-10-28 00:00:00+00:00,48500,49200,48500,49000,383290,49000.0,0.006141268022082429,0.006141268022082429
2014-10-29 00:00:00+00:00,49000,50500,49000,50000,425130,50000.0,0.02020270731751947,0.02020270731751947
2014-10-30 00:00:00+00:00,50000,50500,50000,50000,515410,50000.0,0.0,0.0
2014-10-31 00:00:00+00:00,50000,51000,49900,51000,321640,51000.0,0.01980262729617973,0.01980262729617973
2014-11-03 00:00:00+00:00,51500,52000,51000,51500,367540,51500.0,0.009756174945364656,0.009756174945364656
2014-11-04 00:00:00+00:00,51000,51500,50500,51000,382940,51000.0,-0.009756174945364685,-0.009756174945364685
2014-11-05 00:00:00+00:00,51000,51500,50000,50500,296180,50500.0,-0.009852296443011594,-0.009852296443011594
2014-11-06 00:00:00+00:00,51000,51000,49900,50000,379630,50000.0,-0.009950330853168092,-0.009950330853168092
2014-11-07 00:00:00+00:00,50000,50500,49900,50500,252440,50500.0,0.009950330853168092,0.009950330853168092
2014-11-10 00:00:00+00:00,50500,51500,50000,50500,438060,50500.0,0.0,0.0
2014-11-11 00:00:00+00:00,51000,51000,50500,51000,176690,51000.0,0.00985229644301164,0.00985229644301164
2014-11-12 00:00:00+00:00,51000,51000,50500,50500,148270,50500.0,-0.009852296443011594,-0.009852296443011594
2014-11-13 00:00:00+00:00,50500,51000,50500,50500,321950,50500.0,0.0,0.0
2014-11-14 00:00:00+00:00,50500,50500,49800,50000,459950,50000.0,-0.009950330853168092,-0.009950330853168092
2014-11-17 00:00:00+00:00,50500,50500,49900,49900,302800,49900.0,-0.0020020026706730793,-0.0020020026706730793
2014-11-18 00:00:00+00:00,50000,50000,49100,49100,347210,49100.0,-0.0161619679569981,-0.0161619679569981
2014-11-19 00:00:00+00:00,49300,49500,49000,49000,669840,49000.0,-0.002038736689848317,-0.002038736689848317
2014-11-20 00:00:00+00:00,49100,49300,48800,49000,366710,49000.0,0.0,0.0
2014-11-21 00:00:00+00:00,49300,49900,49000,49100,400290,49100.0,0.002038736689848309,0.002038736689848309
2014-11-24 00:00:00+00:00,49000,49000,48600,48800,289320,48800.0,-0.006128721941373387,-0.006128721941373387
2014-11-25 00:00:00+00:00,48800,49300,48800,49200,190010,49200.0,0.008163310639160835,0.008163310639160835
2014-11-26 00:00:00+00:00,49500,49500,48800,48800,224690,48800.0,-0.008163310639160981,-0.008163310639160981
2014-11-27 00:00:00+00:00,49100,49100,48500,48700,311160,48700.0,-0.0020512827705573607,-0.0020512827705573607
2014-11-28 00:00:00+00:00,48900,48900,48100,48100,526360,48100.0,-0.012396852976828571,-0.012396852976828571
2014-12-01 00:00:00+00:00,48000,48400,47800,47800,387370,47800.0,-0.006256537614305149,-0.006256537614305149
2014-12-02 00:00:00+00:00,47900,47900,47400,47700,361490,47700.0,-0.002094241603114737,-0.002094241603114737
2014-12-03 00:00:00+00:00,48100,49000,47800,48200,209630,48200.0,0.01042762316225916,0.01042762316225916
2014-12-04 00:00:00+00:00,48200,48900,48200,48600,291140,48600.0,0.008264509849893431,0.008264509849893431
2014-12-05 00:00:00+00:00,48800,48900,48500,48700,220940,48700.0,0.0020554991820959595,0.0020554991820959595
2014-12-08 00:00:00+00:00,48700,48700,48200,48300,230000,48300.0,-0.008247469430017114,-0.008247469430017114
2014-12-09 00:00:00+00:00,48100,48100,47200,47200,975650,47200.0,-0.023037668067017316,-0.023037668067017316
2014-12-10 00:00:00+00:00,47100,47800,47000,47700,462650,47700.0,0.01053750530278592,0.01053750530278592
2014-12-11 00:00:00+00:00,47500,47700,47200,47400,319170,47400.0,-0.006309169193264721,-0.006309169193264721
2014-12-12 00:00:00+00:00,47600,48500,47500,48100,222600,48100.0,0.014659948410684617,0.014659948410684617
2014-12-15 00:00:00+00:00,48100,48100,47800,47800,176820,47800.0,-0.006256537614305149,-0.006256537614305149
2014-12-16 00:00:00+00:00,47700,47800,47200,47200,525220,47200.0,-0.012631746905900574,-0.012631746905900574
2014-12-17 00:00:00+00:00,47300,47300,44800,45200,1067630,45200.0,-0.04329680575332419,-0.04329680575332419
2014-12-18 00:00:00+00:00,45500,46600,45500,46200,280050,46200.0,0.021882711249507587,0.021882711249507587
2014-12-19 00:00:00+00:00,47000,47000,45600,45600,327710,45600.0,-0.013072081567352775,-0.013072081567352775
2014-12-22 00:00:00+00:00,46200,46500,46000,46300,261240,46300.0,0.015234244571847987,0.015234244571847987
2014-12-23 00:00:00+00:00,46300,47100,46200,46900,291780,46900.0,0.012875714360045367,0.012875714360045367
2014-12-24 00:00:00+00:00,47200,47400,46800,46900,171930,46900.0,0.0,0.0
2014-12-25 00:00:00+00:00,46600,46800,46400,46500,100790,46500.0,-0.008565362858923046,-0.008565362858923046
2014-12-26 00:00:00+00:00,46500,46500,46000,46200,337170,46200.0,-0.006472514505617479,-0.006472514505617479
2014-12-29 00:00:00+00:00,46800,46800,45800,45900,198580,45900.0,-0.006514681021193642,-0.006514681021193642
2014-12-30 00:00:00+00:00,46100,46300,45400,46300,313520,46300.0,0.008676844025688815,0.008676844025688815
2014-12-31 00:00:00+00:00,46700,48000,46500,48000,471320,48000.0,0.03605904981570264,0.03605904981570264
2015-01-05 00:00:00+00:00,48000,48200,47600,47800,273550,47800.0,-0.0041753714104806215,-0.0041753714104806215
2015-01-06 00:00:00+00:00,47500,48100,47300,48100,364050,48100.0,0.0062565376143051375,0.0062565376143051375
2015-01-07 00:00:00+00:00,48100,49100,48100,48400,405560,48400.0,0.006217636610870582,0.006217636610870582
2015-01-08 00:00:00+00:00,48300,48400,47800,47900,227300,47900.0,-0.010384309305716493,-0.010384309305716493
2015-01-09 00:00:00+00:00,47900,48500,47900,48300,320210,48300.0,0.008316056241657386,0.008316056241657386
2015-01-12 00:00:00+00:00,48300,49200,48300,48600,679050,48600.0,0.00619197024792098,0.00619197024792098
2015-01-13 00:00:00+00:00,48400,48800,48400,48700,242060,48700.0,0.0020554991820959595,0.0020554991820959595
2015-01-14 00:00:00+00:00,48700,48900,48200,48600,421120,48600.0,-0.002055499182095999,-0.002055499182095999
2015-01-15 00:00:00+00:00,48800,48800,48400,48700,281910,48700.0,0.0020554991820959595,0.0020554991820959595
2015-01-16 00:00:00+00:00,48800,48800,48400,48500,174340,48500.0,-0.004115232145106544,-0.004115232145106544
2015-01-19 00:00:00+00:00,48500,48500,48000,48000,367020,48000.0,-0.010362787035546547,-0.010362787035546547
2015-01-20 00:00:00+00:00,48000,48200,47900,48000,344010,48000.0,0.0,0.0
2015-01-21 00:00:00+00:00,48200,48800,48200,48400,607260,48400.0,0.008298802814695064,0.008298802814695064
2015-01-22 00:00:00+00:00,48600,48600,48200,48200,299200,48200.0,-0.004140792666031388,-0.004140792666031388
2015-01-23 00:00:00+00:00,48400,48700,48200,48400,386280,48400.0,0.004140792666031387,0.004140792666031387
2015-01-26 00:00:00+00:00,48400,48700,48400,48400,384170,48400.0,0.0,0.0
2015-01-27 00:00:00+00:00,48300,48600,48000,48000,424160,48000.0,-0.008298802814695066,-0.008298802814695066
2015-01-28 00:00:00+00:00,47900,48300,47800,47900,260670,47900.0,-0.0020855064910213707,-0.0020855064910213707
2015-01-29 00:00:00+00:00,47900,48000,47800,47900,224460,47900.0,0.0,0.0
2015-01-30 00:00:00+00:00,48000,48100,47500,47500,587470,47500.0,-0.00838579337627407,-0.00838579337627407
2015-02-02 00:00:00+00:00,47600,47800,47300,47400,219410,47400.0,-0.0021074823395646983,-0.0021074823395646983
2015-02-03 00:00:00+00:00,47400,47500,47000,47000,207170,47000.0,-0.008474626990972232,-0.008474626990972232
2015-02-04 00:00:00+00:00,47400,47400,46700,46900,307040,46900.0,-0.0021299262578248533,-0.0021299262578248533
2015-02-05 00:00:00+00:00,47000,47500,46900,47200,182990,47200.0,0.006376217139276064,0.006376217139276064
2015-02-06 00:00:00+00:00,47500,47500,47200,47300,114380,47300.0,0.0021164029063776937,0.0021164029063776937
2015-02-09 00:00:00+00:00,47700,47700,47200,47200,145540,47200.0,-0.0021164029063776126,-0.0021164029063776126
2015-02-10 00:00:00+00:00,47200,47300,47000,47100,143310,47100.0,-0.0021208915691376244,-0.0021208915691376244
2015-02-11 00:00:00+00:00,47300,47500,47200,47500,139400,47500.0,0.008456710018223458,0.008456710018223458
2015-02-12 00:00:00+00:00,47900,48200,47800,47800,435120,47800.0,0.006295928456814831,0.006295928456814831
2015-02-13 00:00:00+00:00,48000,48200,47800,48000,198830,48000.0,0.004175371410480592,0.004175371410480592
2015-02-24 00:00:00+00:00,48200,48800,48200,48600,351850,48600.0,0.01242251999855711,0.01242251999855711
2015-02-25 00:00:00+00:00,48800,49000,48400,48500,520900,48500.0,-0.002059732963010616,-0.002059732963010616
2015-02-26 00:00:00+00:00,48400,49000,48400,49000,276700,49000.0,0.010256500167189061,0.010256500167189061
2015-02-27 00:00:00+00:00,49100,49300,48700,48800,314940,48800.0,-0.004089985251525166,-0.004089985251525166
2015-03-02 00:00:00+00:00,49000,49000,48400,48500,471270,48500.0,-0.006166514915664015,-0.006166514915664015
2015-03-03 00:00:00+00:00,48800,48900,48600,48900,214540,48900.0,0.0082135985373888,0.0082135985373888
2015-03-04 00:00:00+00:00,49200,50500,49200,50000,993500,50000.0,0.022245608947319737,0.022245608947319737
2015-03-05 00:00:00+00:00,50500,51000,50000,50000,393540,50000.0,0.0,0.0
2015-03-06 00:00:00+00:00,50000,50500,49900,50000,335140,50000.0,0.0,0.0
2015-03-09 00:00:00+00:00,49900,50000,49200,49200,414700,49200.0,-0.016129381929883644,-0.016129381929883644
2015-03-10 00:00:00+00:00,49500,49700,49300,49700,328390,49700.0,0.010111309604320695,0.010111309604320695
2015-03-11 00:00:00+00:00,49700,49700,49400,49500,293150,49500.0,-0.004032263527938451,-0.004032263527938451
2015-03-12 00:00:00+00:00,49500,49500,49100,49200,368140,49200.0,-0.006079046076382226,-0.006079046076382226
2015-03-13 00:00:00+00:00,49500,49700,49100,49200,284450,49200.0,0.0,0.0
2015-03-16 00:00:00+00:00,49200,49400,49200,49400,214490,49400.0,0.004056800695614469,0.004056800695614469
2015-03-17 00:00:00+00:00,49500,50500,49500,50000,717570,50000.0,0.01207258123426924,0.01207258123426924
2015-03-18 00:00:00+00:00,50000,50000,49600,49600,228430,49600.0,-0.008032171697264267,-0.008032171697264267
2015-03-19 00:00:00+00:00,49900,50000,49500,49500,252430,49500.0,-0.002018164156237236,-0.002018164156237236
2015-03-20 00:00:00+00:00,49500,49900,49400,49800,284340,49800.0,0.006042314455962662,0.006042314455962662
2015-03-23 00:00:00+00:00,49800,49900,49400,49400,274890,49400.0,-0.008064559836730408,-0.008064559836730408
2015-03-24 00:00:00+00:00,49500,49500,48800,49100,349040,49100.0,-0.006091389393401928,-0.006091389393401928
2015-03-25 00:00:00+00:00,49500,49500,49000,49200,221110,49200.0,0.0020345886977874567,0.0020345886977874567
2015-03-26 00:00:00+00:00,49400,49400,49200,49300,276070,49300.0,0.0020304575503819213,0.0020304575503819213
2015-03-27 00:00:00+00:00,49600,49600,49200,49200,226880,49200.0,-0.0020304575503819517,-0.0020304575503819517
2015-03-30 00:00:00+00:00,49400,49400,48400,48400,413070,48400.0,-0.016393809775676383,-0.016393809775676383
2015-03-31 00:00:00+00:00,48400,48700,48400,48400,233260,48400.0,0.0,0.0
2015-04-01 00:00:00+00:00,48700,48700,47700,47700,270910,47700.0,-0.014568415828290498,-0.014568415828290498
2015-04-02 00:00:00+00:00,47800,48500,47700,48100,168030,48100.0,0.008350779217419889,0.008350779217419889
2015-04-03 00:00:00+00:00,48500,48800,48100,48800,116640,48800.0,0.014448135747386051,0.014448135747386051
2015-04-06 00:00:00+00:00,48800,49100,48500,48500,168170,48500.0,-0.006166514915664015,-0.006166514915664015
2015-04-07 00:00:00+00:00,48400,49000,48400,48900,150220,48900.0,0.0082135985373888,0.0082135985373888
2015-04-08 00:00:00+00:00,49000,49100,48800,48900,162560,48900.0,0.0,0.0
2015-04-09 00:00:00+00:00,48900,49000,48500,48900,258950,48900.0,0.0,0.0
2015-04-10 00:00:00+00:00,48900,49400,48800,49200,345170,49200.0,0.006116227017436054,0.006116227017436054
2015-04-13 00:00:00+00:00,49200,49400,49100,49200,164060,49200.0,0.0,0.0
2015-04-14 00:00:00+00:00,49200,49200,48700,48700,224290,48700.0,-0.010214593409718295,-0.010214593409718295
2015-04-15 00:00:00+00:00,48900,49000,48500,48900,223010,48900.0,0.004098366392282185,0.004098366392282185
2015-04-16 00:00:00+00:00,48900,49200,48700,48800,152830,48800.0,-0.0020470836217247996,-0.0020470836217247996
2015-04-17 00:00:00+00:00,48900,51500,48900,51000,1497670,51000.0,0.04409531986522438,0.04409531986522438
2015-04-20 00:00:00+00:00,51000,51000,49900,50500,358680,50500.0,-0.009852296443011594,-0.009852296443011594
2015-04-21 00:00:00+00:00,50500,51000,50000,50000,263970,50000.0,-0.009950330853168092,-0.009950330853168092
2015-04-22 00:00:00+00:00,50000,51000,50000,50000,539100,50000.0,0.0,0.0
2015-04-23 00:00:00+00:00,50500,51000,49800,50500,641410,50500.0,0.009950330853168092,0.009950330853168092
2015-04-24 00:00:00+00:00,50500,51000,50000,50500,268410,50500.0,0.0,0.0
2015-04-27 00:00:00+00:00,51500,52500,51000,51500,636760,51500.0,0.019608471388376337,0.019608471388376337
2015-05-04 00:00:00+00:00,51500,52000,49000,49400,818280,49400.0,-0.0416313834758136,-0.0416313834758136
2015-05-05 00:00:00+00:00,49400,50500,49200,50000,444430,50000.0,0.01207258123426924,0.01207258123426924
2015-05-06 00:00:00+00:00,50000,50500,49600,49600,406590,49600.0,-0.008032171697264267,-0.008032171697264267
2015-05-07 00:00:00+00:00,49800,50500,49600,49900,263570,49900.0,0.006030169026591231,0.006030169026591231
2015-05-08 00:00:00+00:00,49900,50500,49900,49900,241080,49900.0,0.0,0.0
2015-05-11 00:00:00+00:00,50000,50000,49600,49700,229310,49700.0,-0.004016069654889943,-0.004016069654889943
2015-05-12 00:00:00+00:00,49700,49700,49200,49200,253240,49200.0,-0.010111309604320566,-0.010111309604320566
2015-05-13 00:00:00+00:00,49200,49300,48700,49200,471350,49200.0,0.0,0.0
2015-05-14 00:00:00+00:00,49000,49600,49000,49300,284980,49300.0,0.0020304575503819213,0.0020304575503819213
2015-05-15 00:00:00+00:00,49400,49600,49100,49100,222770,49100.0,-0.004065046248169556,-0.004065046248169556
2015-05-18 00:00:00+00:00,49000,49200,48800,48800,493240,48800.0,-0.006128721941373387,-0.006128721941373387
2015-05-19 00:00:00+00:00,48700,49200,48700,49200,261290,49200.0,0.008163310639160835,0.008163310639160835
2015-05-20 00:00:00+00:00,49600,51000,49500,51000,1067870,51000.0,0.03593200922606337,0.03593200922606337
2015-05-21 00:00:00+00:00,51000,53000,50500,52500,1966840,52500.0,0.028987536873252187,0.028987536873252187
2015-05-22 00:00:00+00:00,52500,53000,52000,52000,639970,52000.0,-0.009569451016150672,-0.009569451016150672
2015-05-25 00:00:00+00:00,52000,54000,52000,54000,1194140,54000.0,0.03774032798284711,0.03774032798284711
2015-05-26 00:00:00+00:00,53500,54000,53000,53000,953640,53000.0,-0.01869213301215252,-0.01869213301215252
2015-05-27 00:00:00+00:00,53000,53500,52000,52500,1216710,52500.0,-0.00947874395454377,-0.00947874395454377
2015-05-28 00:00:00+00:00,45500,45900,45100,45400,1158400,45400.0,-0.1453010645502758,-0.1453010645502758
2015-05-29 00:00:00+00:00,45500,45500,44900,45000,357830,45000.0,-0.0088496152769825,-0.0088496152769825
2015-06-01 00:00:00+00:00,44900,44900,44300,44300,747720,44300.0,-0.015677812719229793,-0.015677812719229793
2015-06-02 00:00:00+00:00,44300,44300,43700,43700,790020,43700.0,-0.013636574949545508,-0.013636574949545508
2015-06-03 00:00:00+00:00,43700,44800,43600,44200,638440,44200.0,0.011376686982108048,0.011376686982108048
2015-06-04 00:00:00+00:00,44200,44500,44200,44400,224510,44400.0,0.004514680354526613,0.004514680354526613
2015-06-05 00:00:00+00:00,44500,44900,44200,44800,578380,44800.0,0.008968669982760316,0.008968669982760316
2015-06-08 00:00:00+00:00,45000,45100,44300,44300,698960,44300.0,-0.01122346236984954,-0.01122346236984954
2015-06-09 00:00:00+00:00,44200,45200,44200,44300,618760,44300.0,0.0,0.0
2015-06-10 00:00:00+00:00,44300,44700,44100,44600,249790,44600.0,0.00674918197492833,0.00674918197492833
2015-06-11 00:00:00+00:00,44600,44900,44600,44800,420000,44800.0,0.004474280394921107,0.004474280394921107
2015-06-12 00:00:00+00:00,44900,45300,44900,45100,753350,45100.0,0.006674107087693218,0.006674107087693218
2015-06-15 00:00:00+00:00,45400,45400,44800,45000,341650,45000.0,-0.002219756738312888,-0.002219756738312888
2015-06-16 00:00:00+00:00,45000,45200,44500,44500,479370,44500.0,-0.011173300598125189,-0.011173300598125189
2015-06-17 00:00:00+00:00,44400,44600,44300,44400,483360,44400.0,-0.0022497197340154416,-0.0022497197340154416
2015-06-18 00:00:00+00:00,44400,45000,44400,44500,324300,44500.0,0.002249719734015546,0.002249719734015546
2015-06-19 00:00:00+00:00,44500,45100,44500,44800,524770,44800.0,0.006718950248745009,0.006718950248745009
2015-06-22 00:00:00+00:00,45000,45800,44900,45600,1273750,45600.0,0.017699577099400857,0.017699577099400857
2015-06-23 00:00:00+00:00,45600,45700,45400,45500,623750,45500.0,-0.002195390563435615,-0.002195390563435615
2015-06-24 00:00:00+00:00,45600,45600,45200,45200,356850,45200.0,-0.006615239118719205,-0.006615239118719205
2015-06-25 00:00:00+00:00,45100,45200,45000,45000,585020,45000.0,-0.004434597067865753,-0.004434597067865753
2015-06-26 00:00:00+00:00,45100,47900,45100,46300,4210260,46300.0,0.028479471321868705,0.028479471321868705
2015-06-29 00:00:00+00:00,46800,47700,46500,46800,935540,46800.0,0.010741241831412616,0.010741241831412616
2015-06-30 00:00:00+00:00,46300,46700,46300,46400,1048220,46400.0,-0.008583743691391442,-0.008583743691391442
2015-07-01 00:00:00+00:00,46400,47100,46100,46800,737610,46800.0,0.008583743691391435,0.008583743691391435
2015-07-02 00:00:00+00:00,46700,47400,46600,47200,1090220,47200.0,0.00851068966790861,0.00851068966790861
2015-07-03 00:00:00+00:00,47400,47400,46900,47000,758500,47000.0,-0.004246290881451097,-0.004246290881451097
2015-07-06 00:00:00+00:00,47100,47500,47000,47500,979490,47500.0,0.010582109330537008,0.010582109330537008
2015-07-07 00:00:00+00:00,47400,48400,47200,47600,1132850,47600.0,0.00210305019677889,0.00210305019677889
2015-07-08 00:00:00+00:00,47600,47800,46600,46700,1420160,46700.0,-0.019088596562522736,-0.019088596562522736
2015-07-09 00:00:00+00:00,46500,46900,46200,46700,999820,46700.0,0.0,0.0
2015-07-10 00:00:00+00:00,46700,47000,46400,46600,835670,46600.0,-0.002143623543251453,-0.002143623543251453
2015-07-13 00:00:00+00:00,46600,47500,46500,46900,489440,46900.0,0.006417134320633509,0.006417134320633509
2015-07-14 00:00:00+00:00,46900,47200,46600,46900,395670,46900.0,0.0,0.0
2015-07-15 00:00:00+00:00,47000,47000,46400,46400,654910,46400.0,-0.010718216220024147,-0.010718216220024147
2015-07-16 00:00:00+00:00,46200,46400,45800,46400,611060,46400.0,0.0,0.0
2015-07-17 00:00:00+00:00,46300,46900,46200,46400,315540,46400.0,0.0,0.0
2015-07-20 00:00:00+00:00,46400,46400,45900,46200,419830,46200.0,-0.004319661144516396,-0.004319661144516396
2015-07-21 00:00:00+00:00,46000,46100,45400,45600,876450,45600.0,-0.013072081567352775,-0.013072081567352775
2015-07-22 00:00:00+00:00,45600,46500,45500,46500,455030,46500.0,0.01954459607297013,0.01954459607297013
2015-07-23 00:00:00+00:00,46400,47900,46400,47000,2140450,47000.0,0.01069528911674795,0.01069528911674795
2015-07-24 00:00:00+00:00,47200,47800,47200,47600,1217830,47600.0,0.012685159527315642,0.012685159527315642
2015-07-27 00:00:00+00:00,47900,49500,47800,49000,1865720,49000.0,0.028987536873252187,0.028987536873252187
2015-07-28 00:00:00+00:00,49000,49000,48200,48200,634450,48200.0,-0.016461277054071962,-0.016461277054071962
2015-07-29 00:00:00+00:00,48200,48700,47700,47900,1119080,47900.0,-0.006243516639685047,-0.006243516639685047
2015-07-30 00:00:00+00:00,47900,48000,47300,47300,938320,47300.0,-0.012605208918982279,-0.012605208918982279
2015-07-31 00:00:00+00:00,47700,47800,47300,47300,541330,47300.0,0.0,0.0
2015-08-03 00:00:00+00:00,47000,47000,46400,46500,1136670,46500.0,-0.017057982904576625,-0.017057982904576625
2015-08-04 00:00:00+00:00,46900,47400,46600,47000,526180,47000.0,0.01069528911674795,0.01069528911674795
2015-08-05 00:00:00+00:00,47200,47400,46900,47400,312920,47400.0,0.008474626990972236,0.008474626990972236
2015-08-06 00:00:00+00:00,47400,47600,46800,46800,561120,46800.0,-0.012739025777429714,-0.012739025777429714
2015-08-07 00:00:00+00:00,47000,47500,46700,47300,546600,47300.0,0.010627092574286193,0.010627092574286193
2015-08-10 00:00:00+00:00,47500,48500,47500,48500,1180730,48500.0,0.025053502445550293,0.025053502445550293
2015-08-11 00:00:00+00:00,48500,49000,48000,48300,861370,48300.0,-0.004132237284910495,-0.004132237284910495
2015-08-12 00:00:00+00:00,48000,48000,47300,47600,1257050,47600.0,-0.014598799421152636,-0.014598799421152636
2015-08-13 00:00:00+00:00,47600,47600,46800,47000,1573130,47000.0,-0.012685159527315687,-0.012685159527315687
2015-08-14 00:00:00+00:00,46900,47300,46500,46800,702440,46800.0,-0.00426439878645754,-0.00426439878645754
2015-08-17 00:00:00+00:00,46800,47100,46000,46200,816140,46200.0,-0.012903404835907841,-0.012903404835907841
2015-08-18 00:00:00+00:00,46200,46700,46000,46600,751710,46600.0,0.008620743043906955,0.008620743043906955
2015-08-19 00:00:00+00:00,45900,46500,45500,46100,860750,46100.0,-0.010787591128997352,-0.010787591128997352
2015-08-20 00:00:00+00:00,46200,46200,45400,45500,384210,45500.0,-0.013100624045698093,-0.013100624045698093
2015-08-21 00:00:00+00:00,45100,45200,44000,45200,1184950,45200.0,-0.006615239118719205,-0.006615239118719205
2015-08-24 00:00:00+00:00,44400,44600,42300,42400,2107920,42400.0,-0.06394872460027341,-0.06394872460027341
2015-08-25 00:00:00+00:00,42000,43500,42000,42900,1302560,42900.0,0.011723463696059234,0.011723463696059234
2015-08-26 00:00:00+00:00,43000,44500,43000,44100,960660,44100.0,0.027587956518828963,0.027587956518828963
2015-08-27 00:00:00+00:00,44100,44600,44000,44300,701980,44300.0,0.004524894598289724,0.004524894598289724
2015-08-28 00:00:00+00:00,44600,44800,44300,44700,883560,44700.0,0.00898882456843328,0.00898882456843328
2015-08-31 00:00:00+00:00,44500,44800,44100,44200,383640,44200.0,-0.011248712535870653,-0.011248712535870653
2015-09-01 00:00:00+00:00,44400,44400,43900,44100,319590,44100.0,-0.002265006630852125,-0.002265006630852125
2015-09-03 00:00:00+00:00,43900,44100,43700,43700,361300,43700.0,-0.00911168035125589,-0.00911168035125589
2015-09-04 00:00:00+00:00,43700,44100,43600,43800,200160,43800.0,0.0022857152808560825,0.0022857152808560825
2015-09-07 00:00:00+00:00,44000,44000,43400,43600,143530,43600.0,-0.004576667027411867,-0.004576667027411867
2015-09-08 00:00:00+00:00,43500,44100,43500,43900,195100,43900.0,0.006857169726137045,0.006857169726137045
2015-09-09 00:00:00+00:00,44300,44400,44100,44100,351700,44100.0,0.004545462371674638,0.004545462371674638
2015-09-10 00:00:00+00:00,44100,44200,43900,44200,228830,44200.0,0.0022650066308520615,0.0022650066308520615
2015-09-11 00:00:00+00:00,44400,44400,44000,44000,178370,44000.0,-0.004535155165391262,-0.004535155165391262
2015-09-14 00:00:00+00:00,44000,44000,43700,43700,213260,43700.0,-0.006841531816716712,-0.006841531816716712
2015-09-15 00:00:00+00:00,43600,43900,43500,43700,91140,43700.0,0.0,0.0
2015-09-16 00:00:00+00:00,43700,43900,43600,43700,123720,43700.0,0.0,0.0
2015-09-17 00:00:00+00:00,43700,44000,43700,43800,121980,43800.0,0.0022857152808560825,0.0022857152808560825
2015-09-18 00:00:00+00:00,44600,44900,44100,44600,743610,44600.0,0.018100041643617937,0.018100041643617937
2015-09-21 00:00:00+00:00,44500,45500,44500,45500,548700,45500.0,0.019978466930886295,0.019978466930886295
2015-09-22 00:00:00+00:00,45500,45600,45100,45200,289410,45200.0,-0.006615239118719205,-0.006615239118719205
2015-09-23 00:00:00+00:00,45100,45400,44900,44900,447860,44900.0,-0.006659292089976849,-0.006659292089976849
2015-09-24 00:00:00+00:00,44800,45300,44800,45100,287470,45100.0,0.004444451760423976,0.004444451760423976
2015-09-25 00:00:00+00:00,45200,45200,44800,44900,259280,44900.0,-0.004444451760424018,-0.004444451760424018
2015-09-28 00:00:00+00:00,44900,45000,44500,44500,267580,44500.0,-0.008948605576014033,-0.008948605576014033
2015-09-29 00:00:00+00:00,44500,44500,44300,44500,260100,44500.0,0.0,0.0
2015-09-30 00:00:00+00:00,44800,44800,44300,44500,159670,44500.0,0.0,0.0
2015-10-01 00:00:00+00:00,44500,44700,44400,44600,179470,44600.0,0.0022446698538239494,0.0022446698538239494
2015-10-02 00:00:00+00:00,44600,44800,44500,44800,136870,44800.0,0.004474280394921107,0.004474280394921107
2015-10-05 00:00:00+00:00,44700,45100,44600,45000,382440,45000.0,0.004454350349380375,0.004454350349380375
2015-10-06 00:00:00+00:00,45600,46200,45400,46000,923920,46000.0,0.021978906718775167,0.021978906718775167
2015-10-07 00:00:00+00:00,46200,46200,45000,45200,337650,45200.0,-0.017544309650909508,-0.017544309650909508
2015-10-08 00:00:00+00:00,45200,45800,45200,45800,331030,45800.0,0.013187004281953681,0.013187004281953681
2015-10-09 00:00:00+00:00,46000,46400,45800,45800,778950,45800.0,0.0,0.0
2015-10-12 00:00:00+00:00,45700,45900,45700,45800,414610,45800.0,0.0,0.0
2015-10-13 00:00:00+00:00,45800,45800,45400,45500,298120,45500.0,-0.006571765163234502,-0.006571765163234502
2015-10-14 00:00:00+00:00,47000,47900,46600,46700,3076790,46700.0,0.026031838717946804,0.026031838717946804
2015-10-15 00:00:00+00:00,46900,46900,46500,46600,426740,46600.0,-0.002143623543251453,-0.002143623543251453
2015-10-16 00:00:00+00:00,46700,46900,46700,46700,548620,46700.0,0.002143623543251369,0.002143623543251369
2015-10-19 00:00:00+00:00,46700,47800,46700,47100,1396480,47100.0,0.008528836347520502,0.008528836347520502
2015-10-20 00:00:00+00:00,47100,47900,47000,47300,1968330,47300.0,0.0042372944755152174,0.0042372944755152174
2015-10-21 00:00:00+00:00,47600,47600,47000,47000,703530,47000.0,-0.006362693787828657,-0.006362693787828657
2015-10-22 00:00:00+00:00,46800,47100,46800,46900,473620,46900.0,-0.0021299262578248533,-0.0021299262578248533
2015-10-23 00:00:00+00:00,47200,47400,47000,47100,719680,47100.0,0.004255325570138491,0.004255325570138491
2015-10-26 00:00:00+00:00,47500,48500,47500,47600,2631100,47600.0,0.010559760215002253,0.010559760215002253
2015-10-27 00:00:00+00:00,47400,48300,47400,48000,1345230,48000.0,0.00836824967051658,0.00836824967051658
2015-10-28 00:00:00+00:00,48100,48900,48100,48800,2673100,48800.0,0.016529301951210506,0.016529301951210506
2015-10-29 00:00:00+00:00,49300,49700,49100,49300,1846600,49300.0,0.010193768189543024,0.010193768189543024
2015-10-30 00:00:00+00:00,49400,49500,48900,49300,982600,49300.0,0.0,0.0
2015-11-02 00:00:00+00:00,49400,51000,49300,49500,2790190,49500.0,0.004048588526000111,0.004048588526000111
2015-11-03 00:00:00+00:00,50000,52500,49900,52500,3798850,52500.0,0.058840500022933395,0.058840500022933395
2015-11-04 00:00:00+00:00,53000,53500,52000,52000,1772170,52000.0,-0.009569451016150672,-0.009569451016150672
2015-11-05 00:00:00+00:00,51500,53500,51500,53500,2727690,53500.0,0.02843793532053341,0.02843793532053341
2015-11-06 00:00:00+00:00,53500,54500,52000,52500,3164790,52500.0,-0.018868484304382805,-0.018868484304382805
2015-11-09 00:00:00+00:00,52000,52500,51500,51500,2035350,51500.0,-0.019231361927887644,-0.019231361927887644
2015-11-10 00:00:00+00:00,51500,52000,50500,51000,2049910,51000.0,-0.009756174945364685,-0.009756174945364685
2015-11-11 00:00:00+00:00,50500,52000,50500,50500,1790510,50500.0,-0.009852296443011594,-0.009852296443011594
2015-11-12 00:00:00+00:00,51000,53500,50500,53000,3514400,53000.0,0.04831857727080773,0.04831857727080773
2015-11-13 00:00:00+00:00,53000,54500,52500,54500,2759580,54500.0,0.027908788117076658,0.027908788117076658
2015-11-16 00:00:00+00:00,54000,55000,53000,54000,2413900,54000.0,-0.009216655104923952,-0.009216655104923952
2015-11-17 00:00:00+00:00,53500,54000,52000,52000,2136990,52000.0,-0.037740327982847086,-0.037740327982847086
2015-11-18 00:00:00+00:00,51500,53000,51500,52000,1366870,52000.0,0.0,0.0
2015-11-19 00:00:00+00:00,52000,53000,51500,51500,1096120,51500.0,-0.009661910911736859,-0.009661910911736859
2015-11-20 00:00:00+00:00,51000,52000,51000,51000,1196900,51000.0,-0.009756174945364685,-0.009756174945364685
2015-11-23 00:00:00+00:00,51000,51500,49500,49500,2054830,49500.0,-0.02985296314968116,-0.02985296314968116
2015-11-24 00:00:00+00:00,49700,49700,48400,49100,2817650,49100.0,-0.008113634774169775,-0.008113634774169775
2015-11-25 00:00:00+00:00,49300,50500,48500,50000,1309410,50000.0,0.01816397062767112,0.01816397062767112
2015-11-26 00:00:00+00:00,49800,50000,49000,49000,746390,49000.0,-0.020202707317519466,-0.020202707317519466
2015-11-27 00:00:00+00:00,49200,49900,48900,48900,1520660,48900.0,-0.0020429016298002933,-0.0020429016298002933
2015-11-30 00:00:00+00:00,49000,49000,48300,48300,1116850,48300.0,-0.012345835822299379,-0.012345835822299379
2015-12-01 00:00:00+00:00,48600,48800,48100,48200,623880,48200.0,-0.0020725396019724233,-0.0020725396019724233
2015-12-02 00:00:00+00:00,48200,48700,48200,48400,675930,48400.0,0.004140792666031387,0.004140792666031387
2015-12-03 00:00:00+00:00,48500,48700,48300,48500,343540,48500.0,0.0020639842208514275,0.0020639842208514275
2015-12-04 00:00:00+00:00,48500,48500,47700,47900,861320,47900.0,-0.012448293526567917,-0.012448293526567917
2015-12-07 00:00:00+00:00,47800,48000,47500,47500,892260,47500.0,-0.00838579337627407,-0.00838579337627407
2015-12-08 00:00:00+00:00,47300,49100,47100,49000,1117670,49000.0,0.03109058707003118,0.03109058707003118
2015-12-09 00:00:00+00:00,49000,49400,48200,48200,735460,48200.0,-0.016461277054071962,-0.016461277054071962
2015-12-10 00:00:00+00:00,48200,48600,47800,47800,610110,47800.0,-0.0083333815591443,-0.0083333815591443
2015-12-11 00:00:00+00:00,47700,48500,47700,48000,558390,48000.0,0.004175371410480592,0.004175371410480592
2015-12-14 00:00:00+00:00,47900,48200,47800,47800,434710,47800.0,-0.0041753714104806215,-0.0041753714104806215
2015-12-15 00:00:00+00:00,47800,48500,47800,48500,527780,48500.0,0.014538158446027285,0.014538158446027285
2015-12-16 00:00:00+00:00,48700,49300,48700,48800,1252650,48800.0,0.006166514915663958,0.006166514915663958
2015-12-17 00:00:00+00:00,49200,49500,49000,49200,916420,49200.0,0.008163310639160835,0.008163310639160835
2015-12-18 00:00:00+00:00,49200,49300,48900,48900,825670,48900.0,-0.006116227017436094,-0.006116227017436094
2015-12-21 00:00:00+00:00,48900,48900,48300,48500,540360,48500.0,-0.008213598537388856,-0.008213598537388856
2015-12-22 00:00:00+00:00,48500,48700,48100,48100,537270,48100.0,-0.008281620831721986,-0.008281620831721986
2015-12-23 00:00:00+00:00,48300,48400,47800,47900,606040,47900.0,-0.004166672694845945,-0.004166672694845945
2015-12-24 00:00:00+00:00,48100,48200,47800,47800,474020,47800.0,-0.002089864919459242,-0.002089864919459242
2015-12-25 00:00:00+00:00,48000,48000,47700,47800,339400,47800.0,0.0,0.0
2015-12-28 00:00:00+00:00,48000,48700,47700,48100,767110,48100.0,0.0062565376143051375,0.0062565376143051375
2015-12-29 00:00:00+00:00,48200,48500,48100,48300,433620,48300.0,0.004149383546811397,0.004149383546811397
2015-12-30 00:00:00+00:00,48600,48900,48300,48300,913890,48300.0,0.0,0.0
2015-12-31 00:00:00+00:00,48300,48800,48200,48300,570340,48300.0,0.0,0.0
2016-01-04 00:00:00+00:00,48400,48500,47800,47800,602210,47800.0,-0.010405921161116693,-0.010405921161116693
2016-01-05 00:00:00+00:00,47800,48000,47700,47800,734050,47800.0,0.0,0.0
2016-01-06 00:00:00+00:00,47800,48100,47800,47900,446810,47900.0,0.0020898649194592365,0.0020898649194592365
2016-01-07 00:00:00+00:00,47900,47900,47000,47000,1841620,47000.0,-0.018967902706810924,-0.018967902706810924
2016-01-08 00:00:00+00:00,46800,46900,46000,46300,1773760,46300.0,-0.015005640617870162,-0.015005640617870162
2016-01-11 00:00:00+00:00,46300,46300,45900,45900,805440,45900.0,-0.008676844025688971,-0.008676844025688971
2016-01-12 00:00:00+00:00,46000,46900,45700,46900,582160,46900.0,0.02155255838573428,0.02155255838573428
2016-01-13 00:00:00+00:00,47000,47300,46300,46400,542910,46400.0,-0.010718216220024147,-0.010718216220024147
2016-01-14 00:00:00+00:00,46100,46400,46000,46200,509720,46200.0,-0.004319661144516396,-0.004319661144516396
2016-01-15 00:00:00+00:00,46200,46500,46000,46100,593280,46100.0,-0.002166848085090314,-0.002166848085090314
2016-01-18 00:00:00+00:00,45700,45700,44300,44900,2255130,44900.0,-0.026375155254394208,-0.026375155254394208
2016-01-19 00:00:00+00:00,44900,45300,44700,45100,873480,45100.0,0.004444451760423976,0.004444451760423976
2016-01-20 00:00:00+00:00,45100,45500,44900,44900,651980,44900.0,-0.004444451760424018,-0.004444451760424018
2016-01-21 00:00:00+00:00,44800,45100,44600,44900,647810,44900.0,0.0,0.0
2016-01-22 00:00:00+00:00,45000,45100,44300,44800,692750,44800.0,-0.002229655327269092,-0.002229655327269092
2016-01-25 00:00:00+00:00,45500,47100,45000,47100,892040,47100.0,0.05006486160143268,0.05006486160143268
2016-01-26 00:00:00+00:00,46500,46600,45900,45900,661130,45900.0,-0.02580788395587259,-0.02580788395587259
2016-01-27 00:00:00+00:00,46500,46500,46200,46300,336620,46300.0,0.008676844025688815,0.008676844025688815
2016-01-28 00:00:00+00:00,46300,46400,45800,46000,491030,46000.0,-0.006500564603093428,-0.006500564603093428
2016-01-29 00:00:00+00:00,46300,46500,45900,46400,496970,46400.0,0.008658062743114531,0.008658062743114531
2016-02-01 00:00:00+00:00,46500,46900,46000,46600,584110,46600.0,0.004301081899390702,0.004301081899390702
2016-02-02 00:00:00+00:00,46300,46700,46200,46200,184210,46200.0,-0.008620743043906975,-0.008620743043906975
2016-02-03 00:00:00+00:00,46400,46900,46200,46600,641500,46600.0,0.008620743043906955,0.008620743043906955
2016-02-04 00:00:00+00:00,46900,46900,46500,46500,282030,46500.0,-0.0021482285382896063,-0.0021482285382896063
2016-02-05 00:00:00+00:00,46700,47000,46500,46900,363780,46900.0,0.008565362858923,0.008565362858923
2016-02-15 00:00:00+00:00,46700,46800,46300,46700,342070,46700.0,-0.00427351077738205,-0.00427351077738205
2016-02-16 00:00:00+00:00,47000,47500,46700,47300,346480,47300.0,0.012766130823035751,0.012766130823035751
2016-02-17 00:00:00+00:00,47500,48200,47500,47500,719440,47500.0,0.0042194155427082896,0.0042194155427082896
2016-02-18 00:00:00+00:00,47700,48300,47600,48100,737190,48100.0,0.012552466071119879,0.012552466071119879
2016-02-19 00:00:00+00:00,48000,48000,47600,47700,530400,47700.0,-0.008350779217419963,-0.008350779217419963
2016-02-22 00:00:00+00:00,47700,48200,47700,48200,518820,48200.0,0.01042762316225916,0.01042762316225916
2016-02-23 00:00:00+00:00,48500,48500,47800,47800,727180,47800.0,-0.0083333815591443,-0.0083333815591443
2016-02-24 00:00:00+00:00,47700,48000,47600,47800,655980,47800.0,0.0,0.0
2016-02-25 00:00:00+00:00,48000,48300,47600,47600,673070,47600.0,-0.004192878260035927,-0.004192878260035927
2016-02-26 00:00:00+00:00,47800,47800,47400,47700,383230,47700.0,0.0020986366569212054,0.0020986366569212054
2016-02-29 00:00:00+00:00,47900,47900,47600,47800,516250,47800.0,0.002094241603114685,0.002094241603114685
2016-03-01 00:00:00+00:00,47800,48900,47600,48200,1215810,48200.0,0.00833338155914424,0.00833338155914424
2016-03-02 00:00:00+00:00,48400,48800,48300,48700,811910,48700.0,0.010320009031989449,0.010320009031989449
2016-03-03 00:00:00+00:00,48900,49300,48800,48800,831440,48800.0,0.002051282770557361,0.002051282770557361
2016-03-04 00:00:00+00:00,48600,49300,48600,49000,855930,49000.0,0.004089985251525066,0.004089985251525066
2016-03-07 00:00:00+00:00,49000,49400,48600,48600,731820,48600.0,-0.008196767204178515,-0.008196767204178515
2016-03-08 00:00:00+00:00,48600,48700,48000,48000,1138510,48000.0,-0.012422519998557209,-0.012422519998557209
2016-03-09 00:00:00+00:00,47800,48200,47800,48000,406000,48000.0,0.0,0.0
2016-03-10 00:00:00+00:00,48000,48300,47900,48200,278390,48200.0,0.004158010148663677,0.004158010148663677
2016-03-11 00:00:00+00:00,48400,48900,48400,48500,752610,48500.0,0.00620477688688287,0.00620477688688287
2016-03-14 00:00:00+00:00,49000,49400,48700,48700,1011740,48700.0,0.0041152321451065794,0.0041152321451065794
2016-03-15 00:00:00+00:00,48900,49100,48500,48500,545350,48500.0,-0.004115232145106544,-0.004115232145106544
2016-03-16 00:00:00+00:00,48500,48700,48400,48500,492970,48500.0,0.0,0.0
2016-03-17 00:00:00+00:00,48600,48900,48500,48500,630200,48500.0,0.0,0.0
2016-03-18 00:00:00+00:00,49000,49900,49000,49300,2537440,49300.0,0.016360283105206853,0.016360283105206853
2016-03-21 00:00:00+00:00,49300,49500,49000,49200,708370,49200.0,-0.0020304575503819517,-0.0020304575503819517
2016-03-22 00:00:00+00:00,49000,49100,48700,48700,630690,48700.0,-0.010214593409718295,-0.010214593409718295
2016-03-23 00:00:00+00:00,48700,49000,48500,48700,573490,48700.0,0.0,0.0
2016-03-24 00:00:00+00:00,48800,48900,48400,48400,831940,48400.0,-0.00617921636595812,-0.00617921636595812
2016-03-25 00:00:00+00:00,48200,48400,47600,47900,1134790,47900.0,-0.010384309305716493,-0.010384309305716493
2016-03-28 00:00:00+00:00,48300,48300,47900,48000,402090,48000.0,0.002085506491021361,0.002085506491021361
2016-03-29 00:00:00+00:00,48000,48000,47400,47500,731100,47500.0,-0.010471299867295366,-0.010471299867295366
2016-03-30 00:00:00+00:00,47500,47900,47200,47500,595920,47500.0,0.0,0.0
2016-03-31 00:00:00+00:00,47500,48000,47100,47100,623130,47100.0,-0.008456710018223509,-0.008456710018223509
2016-04-01 00:00:00+00:00,47100,47200,46700,46800,530180,46800.0,-0.00638979809877101,-0.00638979809877101
2016-04-04 00:00:00+00:00,46700,47000,46700,46800,370410,46800.0,0.0,0.0
2016-04-05 00:00:00+00:00,46800,47200,46700,47000,286440,47000.0,0.004264398786457518,0.004264398786457518
2016-04-06 00:00:00+00:00,47000,47400,46900,47400,288080,47400.0,0.008474626990972236,0.008474626990972236
2016-04-07 00:00:00+00:00,47500,47900,47400,47800,485800,47800.0,0.00840341079637938,0.00840341079637938
2016-04-08 00:00:00+00:00,47600,48000,47600,47600,312220,47600.0,-0.004192878260035927,-0.004192878260035927
2016-04-11 00:00:00+00:00,47800,48200,47500,47900,814800,47900.0,0.006282743179495209,0.006282743179495209
2016-04-12 00:00:00+00:00,48000,48000,47500,47700,393630,47700.0,-0.004184106522573985,-0.004184106522573985
2016-04-13 00:00:00+00:00,47600,47800,47500,47600,568090,47600.0,-0.0020986366569212492,-0.0020986366569212492
2016-04-14 00:00:00+00:00,47500,47800,47500,47500,572360,47500.0,-0.0021030501967787877,-0.0021030501967787877
2016-04-15 00:00:00+00:00,47600,47700,47200,47200,712110,47200.0,-0.006335818449085783,-0.006335818449085783
2016-04-19 00:00:00+00:00,47200,47500,47000,47000,545970,47000.0,-0.004246290881451097,-0.004246290881451097
2016-04-20 00:00:00+00:00,47000,47200,46900,47100,878290,47100.0,0.0021253993123135366,0.0021253993123135366
2016-04-21 00:00:00+00:00,47300,47500,47100,47300,496340,47300.0,0.0042372944755152174,0.0042372944755152174
2016-04-22 00:00:00+00:00,47300,47800,47100,47800,829700,47800.0,0.010515343999522907,0.010515343999522907
2016-04-25 00:00:00+00:00,48000,48300,47800,47900,562230,47900.0,0.0020898649194592365,0.0020898649194592365
2016-04-26 00:00:00+00:00,47900,48000,47500,47900,333520,47900.0,0.0,0.0
2016-04-27 00:00:00+00:00,48000,48100,47500,47700,593060,47700.0,-0.004184106522573985,-0.004184106522573985
2016-04-28 00:00:00+00:00,48000,49300,47700,48400,3007080,48400.0,0.014568415828290413,0.014568415828290413
2016-04-29 00:00:00+00:00,48400,48700,48300,48600,614320,48600.0,0.004123717183862156,0.004123717183862156
2016-05-04 00:00:00+00:00,48200,48300,47700,48100,771190,48100.0,-0.010341353794732595,-0.010341353794732595
2016-05-05 00:00:00+00:00,47900,48400,47800,47800,908780,47800.0,-0.006256537614305149,-0.006256537614305149
2016-05-06 00:00:00+00:00,47800,48000,47500,47500,693360,47500.0,-0.006295928456814812,-0.006295928456814812
2016-05-09 00:00:00+00:00,47600,47800,47200,47200,605810,47200.0,-0.006335818449085783,-0.006335818449085783
2016-05-10 00:00:00+00:00,47100,47500,47000,47300,465650,47300.0,0.0021164029063776937,0.0021164029063776937
2016-05-11 00:00:00+00:00,47700,47800,47300,47700,290200,47700.0,0.008421102396408345,0.008421102396408345
2016-05-12 00:00:00+00:00,47900,47900,47400,47400,412430,47400.0,-0.006309169193264721,-0.006309169193264721
2016-05-13 00:00:00+00:00,47500,47600,47200,47400,393240,47400.0,0.0,0.0
2016-05-16 00:00:00+00:00,47400,47500,47200,47300,310390,47300.0,-0.0021119332031435015,-0.0021119332031435015
2016-05-17 00:00:00+00:00,47400,47800,47300,47600,354380,47600.0,0.006322465739487108,0.006322465739487108
2016-05-18 00:00:00+00:00,48000,48400,47700,47700,692880,47700.0,0.0020986366569212054,0.0020986366569212054
2016-05-19 00:00:00+00:00,48000,48000,47600,47700,186020,47700.0,0.0,0.0
2016-05-20 00:00:00+00:00,47700,47900,47700,47900,485060,47900.0,0.004184106522574091,0.004184106522574091
2016-05-23 00:00:00+00:00,48300,48300,47800,47800,345150,47800.0,-0.002089864919459242,-0.002089864919459242
2016-05-24 00:00:00+00:00,47900,48000,47700,47700,369180,47700.0,-0.002094241603114737,-0.002094241603114737
2016-05-25 00:00:00+00:00,47800,47900,47600,47700,598370,47700.0,0.0,0.0
2016-05-26 00:00:00+00:00,47800,47900,47500,47500,1328870,47500.0,-0.00420168685369997,-0.00420168685369997
2016-05-27 00:00:00+00:00,40800,41100,40400,41000,543580,41000.0,-0.1471576443362877,-0.1471576443362877
2016-05-30 00:00:00+00:00,41000,41400,41000,41100,447160,41100.0,0.002436054797881121,0.002436054797881121
2016-05-31 00:00:00+00:00,41200,41200,40800,40800,589350,40800.0,-0.007326040092072898,-0.007326040092072898
2016-06-01 00:00:00+00:00,41000,41000,40800,40800,519620,40800.0,0.0,0.0
2016-06-02 00:00:00+00:00,41000,41000,40700,40800,318100,40800.0,0.0,0.0
2016-06-03 00:00:00+00:00,40900,40900,40600,40700,400290,40700.0,-0.002453988961566703,-0.002453988961566703
2016-06-06 00:00:00+00:00,40700,40700,40200,40400,754110,40400.0,-0.0073983074814449245,-0.0073983074814449245
2016-06-07 00:00:00+00:00,40600,40600,40200,40500,559610,40500.0,0.002472189145389073,0.002472189145389073
2016-06-08 00:00:00+00:00,40500,40700,40400,40700,516630,40700.0,0.0049261183360557815,0.0049261183360557815
2016-06-09 00:00:00+00:00,40700,40700,40500,40500,325390,40500.0,-0.004926118336055889,-0.004926118336055889
2016-06-10 00:00:00+00:00,40400,40600,40400,40500,475190,40500.0,0.0,0.0
2016-06-13 00:00:00+00:00,40500,40500,40400,40400,237230,40400.0,-0.002472189145389037,-0.002472189145389037
2016-06-14 00:00:00+00:00,40300,40500,40300,40500,242560,40500.0,0.002472189145389073,0.002472189145389073
2016-06-15 00:00:00+00:00,40500,40500,40200,40300,414560,40300.0,-0.004950505159856203,-0.004950505159856203
2016-06-16 00:00:00+00:00,40500,40600,40300,40400,359320,40400.0,0.0024783160144670005,0.0024783160144670005
2016-06-17 00:00:00+00:00,40400,40500,40300,40400,206120,40400.0,0.0,0.0
2016-06-20 00:00:00+00:00,40500,42900,40400,42700,1877120,42700.0,0.05536913526747453,0.05536913526747453
2016-06-21 00:00:00+00:00,42900,43800,42600,42700,1442710,42700.0,0.0,0.0
2016-06-22 00:00:00+00:00,42500,42900,42400,42400,300480,42400.0,-0.007050557996666799,-0.007050557996666799
2016-06-23 00:00:00+00:00,42300,42400,41900,41900,826170,41900.0,-0.011862535309820057,-0.011862535309820057
2016-06-24 00:00:00+00:00,41700,41700,39100,40900,2562810,40900.0,-0.024155763879336038,-0.024155763879336038
2016-06-27 00:00:00+00:00,40900,41400,40200,41200,587560,41200.0,0.007308193306724622,0.007308193306724622
2016-06-28 00:00:00+00:00,41200,41400,41000,41200,328400,41200.0,0.0,0.0
2016-06-29 00:00:00+00:00,41100,42500,41100,42000,1250570,42000.0,0.019231361927887592,0.019231361927887592
2016-06-30 00:00:00+00:00,42500,42600,41800,41800,669690,41800.0,-0.00477327875265766,-0.00477327875265766
2016-07-01 00:00:00+00:00,42000,42300,41800,41900,579110,41900.0,0.0023894873973814854,0.0023894873973814854
2016-07-04 00:00:00+00:00,42000,42700,42000,42500,863920,42500.0,0.014218249002279172,0.014218249002279172
2016-07-05 00:00:00+00:00,42500,42700,42200,42200,791050,42200.0,-0.007083854888405044,-0.007083854888405044
2016-07-06 00:00:00+00:00,42100,42500,41900,42300,602040,42300.0,0.002366865010266244,0.002366865010266244
2016-07-07 00:00:00+00:00,42700,43900,42400,43300,1592870,43300.0,0.02336554895621191,0.02336554895621191
2016-07-08 00:00:00+00:00,43400,44400,43400,43600,1594930,43600.0,0.006904515346544486,0.006904515346544486
2016-07-11 00:00:00+00:00,43700,44000,42600,42600,1035540,42600.0,-0.02320289707966387,-0.02320289707966387
2016-07-12 00:00:00+00:00,42600,43000,42000,42600,744580,42600.0,0.0,0.0
2016-07-13 00:00:00+00:00,42600,43300,42600,42900,751090,42900.0,0.00701757265864654,0.00701757265864654
2016-07-14 00:00:00+00:00,43000,43900,42900,43000,1880280,43000.0,0.002328289759591168,0.002328289759591168
2016-07-15 00:00:00+00:00,42900,43200,42600,42600,730200,42600.0,-0.009345862418237658,-0.009345862418237658
2016-07-18 00:00:00+00:00,42500,42700,42200,42600,578400,42600.0,0.0,0.0
2016-07-19 00:00:00+00:00,42700,42700,41700,41900,1148610,41900.0,-0.016568426347232705,-0.016568426347232705
2016-07-20 00:00:00+00:00,41900,42100,41600,41600,575060,41600.0,-0.007185659660874486,-0.007185659660874486
2016-07-21 00:00:00+00:00,41700,42000,41500,41600,448120,41600.0,0.0,0.0
2016-07-22 00:00:00+00:00,41500,41500,40900,41300,958530,41300.0,-0.007237667300230502,-0.007237667300230502
2016-07-25 00:00:00+00:00,41300,41400,41100,41100,375880,41100.0,-0.004854378464798199,-0.004854378464798199
2016-07-26 00:00:00+00:00,41100,41200,40800,40900,469520,40900.0,-0.004878058453432855,-0.004878058453432855
2016-07-27 00:00:00+00:00,41300,41700,41200,41300,554520,41300.0,0.009732436918231054,0.009732436918231054
2016-07-28 00:00:00+00:00,41300,41700,41200,41300,512680,41300.0,0.0,0.0
2016-07-29 00:00:00+00:00,41300,41400,41000,41000,241530,41000.0,-0.007290433262679232,-0.007290433262679232
2016-08-01 00:00:00+00:00,41000,41300,40800,41100,419730,41100.0,0.002436054797881121,0.002436054797881121
2016-08-02 00:00:00+00:00,41100,41100,40500,40600,806630,40600.0,-0.01224005489450195,-0.01224005489450195
2016-08-03 00:00:00+00:00,40600,40800,40400,40500,467420,40500.0,-0.002466092495193554,-0.002466092495193554
2016-08-04 00:00:00+00:00,40500,40800,40400,40400,340270,40400.0,-0.002472189145389037,-0.002472189145389037
2016-08-05 00:00:00+00:00,40400,40700,40200,40500,461730,40500.0,0.002472189145389073,0.002472189145389073
2016-08-08 00:00:00+00:00,40700,41000,40600,40600,274690,40600.0,0.0024660924951934683,0.0024660924951934683
2016-08-09 00:00:00+00:00,40800,40900,40600,40900,271030,40900.0,0.00736199644106904,0.00736199644106904
2016-08-10 00:00:00+00:00,40700,41100,40700,41100,236760,41100.0,0.004878058453432773,0.004878058453432773
2016-08-11 00:00:00+00:00,41300,41800,41200,41800,585310,41800.0,0.016888218028521796,0.016888218028521796
2016-08-12 00:00:00+00:00,42000,42400,41500,41600,527660,41600.0,-0.004796172263493055,-0.004796172263493055
2016-08-15 00:00:00+00:00,41600,41700,41500,41600,281220,41600.0,0.0,0.0
2016-08-16 00:00:00+00:00,42000,43000,41600,42700,1933670,42700.0,0.026098752967361288,0.026098752967361288
2016-08-17 00:00:00+00:00,42700,43500,42500,43200,1354570,43200.0,0.01164157501548577,0.01164157501548577
2016-08-18 00:00:00+00:00,43200,44000,43000,43100,1044090,43100.0,-0.002317498140362479,-0.002317498140362479
2016-08-19 00:00:00+00:00,43300,43300,42400,42400,662470,42400.0,-0.016374634871790066,-0.016374634871790066
2016-08-22 00:00:00+00:00,42000,42100,41500,41500,944470,41500.0,-0.021454935001259487,-0.021454935001259487
2016-08-23 00:00:00+00:00,41800,41900,41400,41700,443570,41700.0,0.004807701568103078,0.004807701568103078
2016-08-24 00:00:00+00:00,41800,42400,41800,42000,749230,42000.0,0.007168489478612497,0.007168489478612497
2016-08-25 00:00:00+00:00,42100,42500,41900,42400,601280,42400.0,0.009478743954543739,0.009478743954543739
2016-08-26 00:00:00+00:00,42400,43400,42400,43000,2217420,43000.0,0.014051753455650287,0.014051753455650287
2016-08-29 00:00:00+00:00,43200,43500,42600,42600,996310,42600.0,-0.009345862418237658,-0.009345862418237658
2016-08-30 00:00:00+00:00,42500,42900,42500,42600,529860,42600.0,0.0,0.0
2016-08-31 00:00:00+00:00,42900,44400,42700,43900,3190540,43900.0,0.030060066805801033,0.030060066805801033
2016-09-01 00:00:00+00:00,44300,45000,44000,44500,2145860,44500.0,0.01357486909106885,0.01357486909106885
2016-09-05 00:00:00+00:00,44500,44800,44100,44500,964870,44500.0,0.0,0.0
2016-09-06 00:00:00+00:00,44400,44800,44200,44200,1385380,44200.0,-0.006764400088542037,-0.006764400088542037
2016-09-07 00:00:00+00:00,44100,44100,43500,44100,1332450,44100.0,-0.002265006630852125,-0.002265006630852125
2016-09-08 00:00:00+00:00,44400,46200,44200,45600,3243480,45600.0,0.033447934067540125,0.033447934067540125
2016-09-09 00:00:00+00:00,46000,46500,45500,45700,1833910,45700.0,0.0021905813798186818,0.0021905813798186818
2016-09-12 00:00:00+00:00,45500,45600,44900,45000,1220220,45000.0,-0.01543580812983925,-0.01543580812983925
2016-09-13 00:00:00+00:00,45000,45350,44500,45200,1151590,45200.0,0.004434597067865775,0.004434597067865775
2016-09-14 00:00:00+00:00,45150,45950,45000,45500,1283090,45500.0,0.006615239118719183,0.006615239118719183
2016-09-15 00:00:00+00:00,45500,45500,44500,44800,1111400,44800.0,-0.015504186535965199,-0.015504186535965199
2016-09-16 00:00:00+00:00,44500,45000,44400,45000,855440,45000.0,0.004454350349380375,0.004454350349380375
2016-09-19 00:00:00+00:00,45400,45500,44800,45300,944500,45300.0,0.006644542718668511,0.006644542718668511
2016-09-20 00:00:00+00:00,45500,45900,45200,45650,1374570,45650.0,0.007696574551989067,0.007696574551989067
2016-09-21 00:00:00+00:00,45700,45900,45400,45500,872200,45500.0,-0.003291281084072733,-0.003291281084072733
2016-09-22 00:00:00+00:00,45500,47400,45500,46600,2821740,46600.0,0.023888215174695374,0.023888215174695374
2016-09-23 00:00:00+00:00,46800,47600,46800,47400,2331180,47400.0,0.017021687569430524,0.017021687569430524
2016-09-26 00:00:00+00:00,47600,48200,47600,47800,1938720,47800.0,0.00840341079637938,0.00840341079637938
2016-09-27 00:00:00+00:00,47750,47800,47300,47800,2011410,47800.0,0.0,0.0
2016-09-28 00:00:00+00:00,47650,48500,47600,47900,1675680,47900.0,0.0020898649194592365,0.0020898649194592365
2016-09-29 00:00:00+00:00,47600,48000,47100,47350,1885090,47350.0,-0.01154868478478232,-0.01154868478478232
2016-09-30 00:00:00+00:00,47400,47400,46650,46650,1725770,46650.0,-0.014893892338734444,-0.014893892338734444
2016-10-03 00:00:00+00:00,46700,47200,46300,46650,1063670,46650.0,0.0,0.0
2016-10-04 00:00:00+00:00,46900,47350,46000,46800,1945280,46800.0,0.0032102756302481894,0.0032102756302481894
2016-10-05 00:00:00+00:00,47000,47000,46650,46800,482560,46800.0,0.0,0.0
2016-10-06 00:00:00+00:00,46800,46950,46100,46100,808750,46100.0,-0.015070252920998166,-0.015070252920998166
2016-10-07 00:00:00+00:00,46150,46300,44700,45050,2656510,45050.0,-0.023039965948255955,-0.023039965948255955
2016-10-10 00:00:00+00:00,45050,45050,43600,43600,2105790,43600.0,-0.03271583369935833,-0.03271583369935833
2016-10-11 00:00:00+00:00,43600,44500,43150,44500,1576130,44500.0,0.020432038817205934,0.020432038817205934
2016-10-12 00:00:00+00:00,44400,44600,43700,43800,737050,43800.0,-0.015855371789794077,-0.015855371789794077
2016-10-13 00:00:00+00:00,43700,44200,43400,44000,455610,44000.0,0.004555816535860661,0.004555816535860661
2016-10-14 00:00:00+00:00,43900,44100,43800,43850,556120,43850.0,-0.003414915100069124,-0.003414915100069124
2016-10-17 00:00:00+00:00,43900,43900,43400,43400,799570,43400.0,-0.01031527771183291,-0.01031527771183291
2016-10-18 00:00:00+00:00,43400,43850,43000,43600,461070,43600.0,0.004597709248629549,0.004597709248629549
2016-10-19 00:00:00+00:00,43500,44150,43500,43850,484690,43850.0,0.00571756846320346,0.00571756846320346
2016-10-20 00:00:00+00:00,44100,44200,43450,43500,452160,43500.0,-0.008013780723553656,-0.008013780723553656
2016-10-21 00:00:00+00:00,43500,43750,43400,43400,368030,43400.0,-0.0023014969882792745,-0.0023014969882792745
2016-10-24 00:00:00+00:00,43400,43600,43100,43200,683800,43200.0,-0.0046189458562945285,-0.0046189458562945285
2016-10-25 00:00:00+00:00,43200,43900,42800,43200,798790,43200.0,0.0,0.0
2016-10-26 00:00:00+00:00,43200,43600,42900,43000,498350,43000.0,-0.004640379556502225,-0.004640379556502225
2016-10-27 00:00:00+00:00,43300,43300,43000,43200,320770,43200.0,0.004640379556502301,0.004640379556502301
2016-10-28 00:00:00+00:00,43200,43600,43150,43600,623240,43600.0,0.009216655104924048,0.009216655104924048
2016-10-31 00:00:00+00:00,43700,43900,43500,43500,366100,43500.0,-0.002296212260350268,-0.002296212260350268
2016-11-01 00:00:00+00:00,43600,43600,43300,43300,287980,43300.0,-0.004608303086194219,-0.004608303086194219
2016-11-02 00:00:00+00:00,43300,43400,42600,42600,607470,42600.0,-0.01629838173311942,-0.01629838173311942
2016-11-03 00:00:00+00:00,42500,42500,41700,42000,819360,42000.0,-0.014184634991956413,-0.014184634991956413
2016-11-04 00:00:00+00:00,42000,42400,42000,42150,216080,42150.0,0.0035650661644961446,0.0035650661644961446
2016-11-07 00:00:00+00:00,42100,42900,42100,42800,270420,42800.0,0.015303418139886706,0.015303418139886706
2016-11-08 00:00:00+00:00,42800,43250,42800,42850,357870,42850.0,0.0011675424560376464,0.0011675424560376464
2016-11-09 00:00:00+00:00,42850,42850,41100,42200,1259800,42200.0,-0.015285424001822626,-0.015285424001822626
2016-11-10 00:00:00+00:00,42600,42900,42500,42700,279210,42700.0,0.011778699192612705,0.011778699192612705
2016-11-11 00:00:00+00:00,42900,43450,42800,43000,549240,43000.0,0.007001195458983561,0.007001195458983561
2016-11-14 00:00:00+00:00,42700,43000,42600,42750,357500,42750.0,-0.00583092031079321,-0.00583092031079321
2016-11-15 00:00:00+00:00,42800,43200,42700,43200,410010,43200.0,0.010471299867295437,0.010471299867295437
2016-11-16 00:00:00+00:00,43300,43400,42800,43050,483700,43050.0,-0.0034782643763248086,-0.0034782643763248086
2016-11-17 00:00:00+00:00,43050,43050,42600,42600,342390,42600.0,-0.010507977598415093,-0.010507977598415093
2016-11-18 00:00:00+00:00,42500,43150,42500,43100,272520,43100.0,0.011668743834377424,0.011668743834377424
2016-11-21 00:00:00+00:00,43200,43400,42800,43100,398940,43100.0,0.0,0.0
2016-11-22 00:00:00+00:00,43000,43350,43000,43100,475660,43100.0,0.0,0.0
2016-11-23 00:00:00+00:00,43300,44100,43100,43950,933400,43950.0,0.019529627021483878,0.019529627021483878
2016-11-24 00:00:00+00:00,43800,44750,43800,44350,1109900,44350.0,0.00906008462440248,0.00906008462440248
2016-11-25 00:00:00+00:00,44400,44400,43900,43950,523930,43950.0,-0.009060084624402465,-0.009060084624402465
2016-11-28 00:00:00+00:00,43950,43950,43200,43500,401290,43500.0,-0.010291686036547636,-0.010291686036547636
2016-11-29 00:00:00+00:00,43500,43500,42700,43150,488970,43150.0,-0.008078520565201436,-0.008078520565201436
2016-11-30 00:00:00+00:00,43000,43350,42900,43350,284250,43350.0,0.004624285697114012,0.004624285697114012
2016-12-01 00:00:00+00:00,43200,43800,43200,43200,247450,43200.0,-0.003466207976486284,-0.003466207976486284
2016-12-02 00:00:00+00:00,43200,43350,42900,42950,265850,42950.0,-0.005803846819800304,-0.005803846819800304
2016-12-05 00:00:00+00:00,43000,43200,42600,42600,320460,42600.0,-0.008182395154939667,-0.008182395154939667
2016-12-06 00:00:00+00:00,42800,42850,42300,42300,407380,42300.0,-0.007067167223092443,-0.007067167223092443
2016-12-07 00:00:00+00:00,42300,42500,42100,42100,283670,42100.0,-0.0047393453638965586,-0.0047393453638965586
2016-12-08 00:00:00+00:00,42500,42500,42200,42250,145770,42250.0,0.003556613114847021,0.003556613114847021
2016-12-09 00:00:00+00:00,42550,43500,42500,42900,355440,42900.0,0.01526747213078838,0.01526747213078838
2016-12-12 00:00:00+00:00,43000,43000,42200,42200,372110,42200.0,-0.01645160489200517,-0.01645160489200517
2016-12-13 00:00:00+00:00,42200,42350,41800,41800,359950,41800.0,-0.009523881511255479,-0.009523881511255479
2016-12-14 00:00:00+00:00,41800,42200,41750,42000,394960,42000.0,0.0047732787526575905,0.0047732787526575905
2016-12-15 00:00:00+00:00,42000,42100,41800,41850,282950,41850.0,-0.0035778213478839666,-0.0035778213478839666
2016-12-16 00:00:00+00:00,41950,42100,41800,42100,298690,42100.0,0.005955943752851426,0.005955943752851426
2016-12-19 00:00:00+00:00,42100,42700,42100,42700,218900,42700.0,0.014151179546243182,0.014151179546243182
2016-12-20 00:00:00+00:00,42550,42900,42500,42550,293780,42550.0,-0.003519065215195732,-0.003519065215195732
2016-12-21 00:00:00+00:00,42550,42750,42450,42500,377770,42500.0,-0.0011757790890119504,-0.0011757790890119504
2016-12-22 00:00:00+00:00,42800,43200,42500,42550,659310,42550.0,0.0011757790890120365,0.0011757790890120365
2016-12-23 00:00:00+00:00,42850,42850,42500,42650,325140,42650.0,0.0023474189183048913,0.0023474189183048913
2016-12-26 00:00:00+00:00,42650,42900,42500,42700,243940,42700.0,0.0011716462968907578,0.0011716462968907578
2016-12-27 00:00:00+00:00,42700,43500,42700,43150,789970,43150.0,0.010483497294857983,0.010483497294857983
2016-12-28 00:00:00+00:00,43250,43800,43250,43600,864320,43600.0,0.010374732825551644,0.010374732825551644
2016-12-29 00:00:00+00:00,43800,43800,43300,43450,376220,43450.0,-0.0034462986435875977,-0.0034462986435875977
2016-12-30 00:00:00+00:00,43600,44250,43350,44000,1643340,44000.0,0.012578782206860185,0.012578782206860185
2017-01-03 00:00:00+00:00,44300,44950,44300,44850,1013070,44850.0,0.019133954586543933,0.019133954586543933
2017-01-04 00:00:00+00:00,44800,45700,44700,45250,1022560,45250.0,0.008879081641129924,0.008879081641129924
2017-01-05 00:00:00+00:00,45200,45400,45100,45100,613870,45100.0,-0.0033204236373024112,-0.0033204236373024112
2017-01-06 00:00:00+00:00,45200,45500,44950,44950,799750,44950.0,-0.003331485591003357,-0.003331485591003357
2017-01-09 00:00:00+00:00,45050,45400,44900,45200,501610,45200.0,0.005546325920556135,0.005546325920556135
2017-01-10 00:00:00+00:00,45250,46000,45150,46000,1045680,46000.0,0.017544309650909525,0.017544309650909525
2017-01-11 00:00:00+00:00,46300,46600,46100,46100,740990,46100.0,0.0021715535135079325,0.0021715535135079325
2017-01-12 00:00:00+00:00,46100,46200,45850,45950,540350,45950.0,-0.0032591012009068315,-0.0032591012009068315
2017-01-13 00:00:00+00:00,46100,46400,44700,44900,1640150,44900.0,-0.023116054053487475,-0.023116054053487475
2017-01-16 00:00:00+00:00,44900,44900,44000,44000,896110,44000.0,-0.020248160829947424,-0.020248160829947424
2017-01-17 00:00:00+00:00,44000,44800,44000,44400,521250,44400.0,0.009049835519917856,0.009049835519917856
2017-01-18 00:00:00+00:00,44700,44700,43800,43800,496120,43800.0,-0.013605652055778598,-0.013605652055778598
2017-01-19 00:00:00+00:00,43800,44000,43450,43800,589210,43800.0,0.0,0.0
2017-01-20 00:00:00+00:00,43800,44500,43750,44200,662850,44200.0,0.009090971701252105,0.009090971701252105
2017-01-23 00:00:00+00:00,44400,44600,44200,44450,457700,44450.0,0.005640172876261123,0.005640172876261123
2017-01-24 00:00:00+00:00,44700,44900,44300,44700,280500,44700.0,0.005608539659609617,0.005608539659609617
2017-01-25 00:00:00+00:00,44900,45300,44650,45100,421770,45100.0,0.00890874488910943,0.00890874488910943
2017-02-02 00:00:00+00:00,45200,45400,44600,44900,487480,44900.0,-0.004444451760424018,-0.004444451760424018
2017-02-03 00:00:00+00:00,44700,44900,44400,44700,497380,44700.0,-0.004464293128685493,-0.004464293128685493
2017-02-06 00:00:00+00:00,44500,44500,44200,44300,553780,44300.0,-0.008988824568433218,-0.008988824568433218
2017-02-07 00:00:00+00:00,44250,44700,44250,44500,919390,44500.0,0.004504512121104508,0.004504512121104508
2017-02-08 00:00:00+00:00,44600,44950,44450,44600,580940,44600.0,0.0022446698538239494,0.0022446698538239494
2017-02-09 00:00:00+00:00,44600,44700,44500,44550,796670,44550.0,-0.0011217051092000155,-0.0011217051092000155
2017-02-10 00:00:00+00:00,44500,44600,44250,44450,615430,44450.0,-0.002247191956904721,-0.002247191956904721
2017-02-13 00:00:00+00:00,44600,44850,44400,44800,843490,44800.0,0.007843177461025879,0.007843177461025879
2017-02-14 00:00:00+00:00,45000,46400,44900,46400,1942460,46400.0,0.03509131981127019,0.03509131981127019
2017-02-15 00:00:00+00:00,46500,46500,45800,46000,1155260,46000.0,-0.008658062743114541,-0.008658062743114541
2017-02-16 00:00:00+00:00,46000,46250,45300,45300,1114930,45300.0,-0.015334364000106687,-0.015334364000106687
2017-02-17 00:00:00+00:00,45200,45500,44900,45300,816130,45300.0,0.0,0.0
2017-02-20 00:00:00+00:00,45300,45400,45000,45050,739970,45050.0,-0.005534048434641443,-0.005534048434641443
2017-02-21 00:00:00+00:00,45300,45900,45050,45400,1056640,45400.0,0.007739120992955468,0.007739120992955468
2017-02-22 00:00:00+00:00,45700,46300,45400,45800,1230810,45800.0,0.008771986072837041,0.008771986072837041
2017-02-23 00:00:00+00:00,45900,46350,45650,46000,1042580,46000.0,0.004357305368955626,0.004357305368955626
2017-02-24 00:00:00+00:00,46000,46100,45500,46000,929360,46000.0,0.0,0.0
2017-02-27 00:00:00+00:00,46000,46900,46000,46550,1791360,46550.0,0.011885607233981063,0.011885607233981063
2017-02-28 00:00:00+00:00,46600,46800,45800,45850,787960,45850.0,-0.01515180502060222,-0.01515180502060222
2017-03-01 00:00:00+00:00,45850,45900,45350,45700,814870,45700.0,-0.0032769008023147985,-0.0032769008023147985
2017-03-02 00:00:00+00:00,45700,45900,45400,45450,625140,45450.0,-0.005485477276671203,-0.005485477276671203
2017-03-03 00:00:00+00:00,45450,45900,45150,45650,400430,45650.0,0.004390786417489539,0.004390786417489539
2017-03-06 00:00:00+00:00,45650,46100,45650,45950,519090,45950.0,0.006550241760718563,0.006550241760718563
2017-03-07 00:00:00+00:00,46000,46000,45550,45800,474030,45800.0,-0.0032697576815568182,-0.0032697576815568182
2017-03-08 00:00:00+00:00,45700,46000,45550,45800,486250,45800.0,0.0,0.0
2017-03-09 00:00:00+00:00,45800,45900,45500,45500,517110,45500.0,-0.006571765163234502,-0.006571765163234502
2017-03-10 00:00:00+00:00,45800,46400,45700,46000,1204950,46000.0,0.01092907053219023,0.01092907053219023
2017-03-13 00:00:00+00:00,46100,46300,45700,45750,463260,45750.0,-0.005449604767564703,-0.005449604767564703
2017-03-14 00:00:00+00:00,45800,46200,45700,45700,600400,45700.0,-0.0010934938213713295,-0.0010934938213713295
2017-03-15 00:00:00+00:00,45700,45900,45450,45550,632570,45550.0,-0.003287674194191638,-0.003287674194191638
2017-03-16 00:00:00+00:00,45600,45900,45500,45700,610500,45700.0,0.0032876741941917083,0.0032876741941917083
2017-03-17 00:00:00+00:00,45900,46300,45750,45900,987600,45900.0,0.0043668191663403895,0.0043668191663403895
2017-03-20 00:00:00+00:00,45900,46700,45900,46600,1573640,46600.0,0.015135424065100813,0.015135424065100813
2017-03-21 00:00:00+00:00,46800,47250,46600,46600,1881270,46600.0,0.0,0.0
2017-03-22 00:00:00+00:00,46700,46750,46100,46100,1208130,46100.0,-0.010787591128997352,-0.010787591128997352
2017-03-23 00:00:00+00:00,46000,48000,45900,48000,2026020,48000.0,0.04038806090528803,0.04038806090528803
2017-03-24 00:00:00+00:00,48400,49000,47450,47700,1937460,47700.0,-0.006269613013595374,-0.006269613013595374
2017-03-27 00:00:00+00:00,47600,48000,47250,47600,1021940,47600.0,-0.0020986366569212492,-0.0020986366569212492
2017-03-28 00:00:00+00:00,47600,48250,47300,47400,1161770,47400.0,-0.004210532536343494,-0.004210532536343494
2017-03-29 00:00:00+00:00,47400,47800,47200,47500,605170,47500.0,0.0021074823395647994,0.0021074823395647994
2017-03-30 00:00:00+00:00,47500,47850,47100,47100,752470,47100.0,-0.008456710018223509,-0.008456710018223509
2017-03-31 00:00:00+00:00,47100,47700,47000,47300,1213360,47300.0,0.0042372944755152174,0.0042372944755152174
2017-04-03 00:00:00+00:00,47300,47500,46400,46400,1994720,46400.0,-0.019210836265677697,-0.019210836265677697
2017-04-04 00:00:00+00:00,46350,47000,46350,47000,981010,47000.0,0.012848142477849059,0.012848142477849059
2017-04-05 00:00:00+00:00,47000,47000,46550,46550,598970,46550.0,-0.009620597986982553,-0.009620597986982553
2017-04-07 00:00:00+00:00,46350,47050,46350,47000,900280,47000.0,0.009620597986982485,0.009620597986982485
2017-04-10 00:00:00+00:00,47000,47250,46900,47000,421960,47000.0,0.0,0.0
2017-04-11 00:00:00+00:00,47000,47300,46800,46950,405130,46950.0,-0.0010643960557867014,-0.0010643960557867014
2017-04-12 00:00:00+00:00,47000,47750,46950,47550,1296510,47550.0,0.012698583337127343,0.012698583337127343
2017-04-13 00:00:00+00:00,47350,47600,47200,47250,518960,47250.0,-0.006329135051647512,-0.006329135051647512
2017-04-14 00:00:00+00:00,47100,47150,45900,46050,1444000,46050.0,-0.02572489123843593,-0.02572489123843593
2017-04-17 00:00:00+00:00,46050,46500,45700,45700,1066820,45700.0,-0.0076294648011568395,-0.0076294648011568395
2017-04-18 00:00:00+00:00,45700,46000,45350,46000,596530,46000.0,0.006543098588935887,0.006543098588935887
2017-04-19 00:00:00+00:00,46000,46400,45900,46000,1132270,46000.0,0.0,0.0
2017-04-20 00:00:00+00:00,46000,46350,45800,45850,526060,45850.0,-0.003266197786621181,-0.003266197786621181
2017-04-21 00:00:00+00:00,46200,46400,45850,45850,407700,45850.0,0.0,0.0
2017-04-24 00:00:00+00:00,45850,46050,45650,45750,465680,45750.0,-0.0021834069809435063,-0.0021834069809435063
2017-04-25 00:00:00+00:00,45600,46000,45500,45650,602100,45650.0,-0.002188184680552894,-0.002188184680552894
2017-04-26 00:00:00+00:00,45900,46050,45700,46000,483590,46000.0,0.00763778944811754,0.00763778944811754
2017-04-27 00:00:00+00:00,46100,46700,46100,46500,1001040,46500.0,0.010810916104215676,0.010810916104215676
2017-04-28 00:00:00+00:00,46400,46550,46000,46450,444560,46450.0,-0.0010758473334631254,-0.0010758473334631254
2017-05-03 00:00:00+00:00,46700,47300,46450,47000,806650,47000.0,0.011771136450211129,0.011771136450211129
2017-05-04 00:00:00+00:00,47000,47400,46900,47000,692490,47000.0,0.0,0.0
2017-05-05 00:00:00+00:00,47000,47250,46900,47100,309370,47100.0,0.0021253993123135366,0.0021253993123135366
2017-05-08 00:00:00+00:00,46900,47150,46800,47000,367850,47000.0,-0.0021253993123134776,-0.0021253993123134776
2017-05-09 00:00:00+00:00,47200,48300,47200,48300,1168370,48300.0,0.02728395894846851,0.02728395894846851
2017-05-10 00:00:00+00:00,48500,48950,48100,48100,1568980,48100.0,-0.004149383546811478,-0.004149383546811478
2017-05-11 00:00:00+00:00,48100,48400,47650,48100,709020,48100.0,0.0,0.0
2017-05-12 00:00:00+00:00,48100,48400,48000,48000,528780,48000.0,-0.0020811662038245117,-0.0020811662038245117
2017-05-15 00:00:00+00:00,48000,48000,47750,47800,506520,47800.0,-0.0041753714104806215,-0.0041753714104806215
2017-05-16 00:00:00+00:00,47800,48300,47450,47500,638370,47500.0,-0.006295928456814812,-0.006295928456814812
2017-05-17 00:00:00+00:00,47500,48000,47250,47800,553800,47800.0,0.006295928456814831,0.006295928456814831
2017-05-18 00:00:00+00:00,47950,48700,47650,47900,909220,47900.0,0.0020898649194592365,0.0020898649194592365
2017-05-19 00:00:00+00:00,47900,48400,47800,48400,718260,48400.0,0.01038430930571639,0.01038430930571639
2017-05-22 00:00:00+00:00,48500,49050,48500,48500,1719610,48500.0,0.0020639842208514275,0.0020639842208514275
2017-05-23 00:00:00+00:00,48650,49400,48500,48850,2066240,48850.0,0.007190580545354209,0.007190580545354209
2017-05-24 00:00:00+00:00,49200,49250,48850,49100,1304860,49100.0,0.005104656311683052,0.005104656311683052
2017-05-25 00:00:00+00:00,43000,43000,42450,42600,1713400,42600.0,-0.14200478152515014,-0.14200478152515014
2017-05-26 00:00:00+00:00,42600,42600,42000,42100,868540,42100.0,-0.011806512586988952,-0.011806512586988952
2017-05-29 00:00:00+00:00,42100,42700,42100,42600,634230,42600.0,0.011806512586989044,0.011806512586989044
2017-05-30 00:00:00+00:00,42300,43650,42300,43000,1868870,43000.0,0.009345862418237599,0.009345862418237599
2017-05-31 00:00:00+00:00,43000,43550,43000,43000,1063000,43000.0,0.0,0.0
2017-06-01 00:00:00+00:00,43100,43500,43100,43450,787160,43450.0,0.010410736017838727,0.010410736017838727
2017-06-02 00:00:00+00:00,43600,43700,43100,43250,809190,43250.0,-0.004613618333512721,-0.004613618333512721
2017-06-05 00:00:00+00:00,43600,43650,43150,43250,666610,43250.0,0.0,0.0
2017-06-06 00:00:00+00:00,43300,44800,43300,44300,1481770,44300.0,0.02398744367320167,0.02398744367320167
2017-06-07 00:00:00+00:00,44800,44800,44050,44050,842710,44050.0,-0.005659324668901467,-0.005659324668901467
2017-06-08 00:00:00+00:00,44000,44350,43700,44200,630430,44200.0,0.0033994367014640097,0.0033994367014640097
2017-06-09 00:00:00+00:00,44200,45500,44200,45150,1569640,45150.0,0.02126549077934191,0.02126549077934191
2017-06-12 00:00:00+00:00,45000,45200,44600,44700,553000,44700.0,-0.010016778243471232,-0.010016778243471232
2017-06-13 00:00:00+00:00,45000,45900,45000,45350,1573850,45350.0,0.014436674941622459,0.014436674941622459
2017-06-14 00:00:00+00:00,45800,45800,45100,45200,780590,45200.0,-0.0033130897229601266,-0.0033130897229601266
2017-06-15 00:00:00+00:00,45250,45400,45050,45400,615030,45400.0,0.004415018209116693,0.004415018209116693
2017-06-16 00:00:00+00:00,45500,45750,45300,45700,603990,45700.0,0.006586192852856655,0.006586192852856655
2017-06-19 00:00:00+00:00,46000,46400,45950,46300,1192040,46300.0,0.013043663192029398,0.013043663192029398
2017-06-20 00:00:00+00:00,46500,46500,46000,46150,762030,46150.0,-0.0032450001433271896,-0.0032450001433271896
2017-06-21 00:00:00+00:00,46300,47500,46050,47500,1942410,47500.0,0.02883275009173444,0.02883275009173444
2017-06-22 00:00:00+00:00,47300,48300,47300,47600,1244630,47600.0,0.00210305019677889,0.00210305019677889
2017-06-23 00:00:00+00:00,47600,47800,47200,47450,759780,47450.0,-0.0031562361814374373,-0.0031562361814374373
2017-06-26 00:00:00+00:00,47850,47850,46500,46700,1375990,46700.0,-0.015932360381085274,-0.015932360381085274
2017-06-27 00:00:00+00:00,46500,46600,45450,45700,2818290,45700.0,-0.021645866774692664,-0.021645866774692664
2017-06-28 00:00:00+00:00,45900,46400,45650,46350,940300,46350.0,0.014122994111705152,0.014122994111705152
2017-06-29 00:00:00+00:00,46300,46650,46300,46500,730260,46500.0,0.00323102058144654,0.00323102058144654
2017-06-30 00:00:00+00:00,46500,46850,45800,46850,1117400,46850.0,0.007498696091120604,0.007498696091120604
2017-07-03 00:00:00+00:00,46850,46850,46300,46400,662700,46400.0,-0.009651549452221585,-0.009651549452221585
2017-07-04 00:00:00+00:00,46500,46700,46300,46600,922560,46600.0,0.004301081899390702,0.004301081899390702
2017-07-05 00:00:00+00:00,46500,46700,46450,46700,508490,46700.0,0.002143623543251369,0.002143623543251369
2017-07-06 00:00:00+00:00,46750,47900,46600,47900,1924630,47900.0,0.025371339742017895,0.025371339742017895
2017-07-07 00:00:00+00:00,48100,49400,48000,48600,2447400,48600.0,0.014508026489578635,0.014508026489578635
2017-07-10 00:00:00+00:00,48200,48700,47600,48200,1816570,48200.0,-0.008264509849893424,-0.008264509849893424
2017-07-11 00:00:00+00:00,47900,48100,47000,47600,1027560,47600.0,-0.012526259819180256,-0.012526259819180256
2017-07-12 00:00:00+00:00,47900,48100,47050,47950,758630,47950.0,0.007326040092072881,0.007326040092072881
2017-07-13 00:00:00+00:00,47800,48850,47700,48850,972830,48850.0,0.018595577159344498,0.018595577159344498
2017-07-14 00:00:00+00:00,48850,48950,48400,48700,541080,48700.0,-0.0030753484002476487,-0.0030753484002476487
2017-07-17 00:00:00+00:00,48700,48700,47700,48000,905330,48000.0,-0.014478019180653225,-0.014478019180653225
2017-07-18 00:00:00+00:00,47600,48000,47350,47800,866850,47800.0,-0.0041753714104806215,-0.0041753714104806215
2017-07-19 00:00:00+00:00,47800,48300,46600,46900,984170,46900.0,-0.019007964045176632,-0.019007964045176632
2017-07-20 00:00:00+00:00,46600,46900,46200,46800,896480,46800.0,-0.002134472528632681,-0.002134472528632681
2017-07-21 00:00:00+00:00,47000,47300,46200,46200,663330,46200.0,-0.012903404835907841,-0.012903404835907841
2017-07-24 00:00:00+00:00,46200,46600,46000,46500,596990,46500.0,0.00647251450561752,0.00647251450561752
2017-07-25 00:00:00+00:00,46500,46900,46200,46700,592490,46700.0,0.004291852081541084,0.004291852081541084
2017-07-26 00:00:00+00:00,46700,47800,46700,47800,702050,47800.0,0.023281474822558622,0.023281474822558622
2017-07-27 00:00:00+00:00,48000,48650,47700,48200,1244010,48200.0,0.00833338155914424,0.00833338155914424
2017-07-28 00:00:00+00:00,48200,48650,47900,48550,1611740,48550.0,0.007235173680779272,0.007235173680779272
2017-07-31 00:00:00+00:00,48500,48600,48100,48350,663380,48350.0,-0.004127972838030608,-0.004127972838030608
2017-08-01 00:00:00+00:00,48450,49450,48200,49000,1455870,49000.0,0.013354076211323295,0.013354076211323295
2017-08-02 00:00:00+00:00,49150,49900,48700,49400,2150390,49400.0,0.008130126083250309,0.008130126083250309
2017-08-03 00:00:00+00:00,49700,51100,49500,50100,1998770,50100.0,0.01407058389694237,0.01407058389694237
2017-08-04 00:00:00+00:00,50300,50400,49550,50100,827080,50100.0,0.0,0.0
2017-08-07 00:00:00+00:00,50100,50100,49700,49850,766980,49850.0,-0.005002511682971799,-0.005002511682971799
2017-08-08 00:00:00+00:00,49850,50000,48950,48950,1460460,48950.0,-0.01821912743132795,-0.01821912743132795
2017-08-09 00:00:00+00:00,48900,48900,48150,48400,1842380,48400.0,-0.011299555253933394,-0.011299555253933394
2017-08-10 00:00:00+00:00,48000,48950,48000,48900,872820,48900.0,0.01027758275824023,0.01027758275824023
2017-08-11 00:00:00+00:00,49000,49500,48600,49450,548460,49450.0,0.011184661587894789,0.011184661587894789
2017-08-14 00:00:00+00:00,50000,50000,49200,49200,773240,49200.0,-0.005068434570458729,-0.005068434570458729
2017-08-15 00:00:00+00:00,49200,49200,48500,48900,820690,48900.0,-0.006116227017436094,-0.006116227017436094
2017-08-16 00:00:00+00:00,48900,48900,48450,48600,814430,48600.0,-0.0061538655743782235,-0.0061538655743782235
2017-08-17 00:00:00+00:00,48000,48200,47400,47400,640030,47400.0,-0.02500130220541727,-0.02500130220541727
2017-08-18 00:00:00+00:00,47400,47800,46900,47500,363920,47500.0,0.0021074823395647994,0.0021074823395647994
2017-08-21 00:00:00+00:00,48000,48000,47500,47750,355750,47750.0,0.005249355886143745,0.005249355886143745
2017-08-22 00:00:00+00:00,47700,47750,47100,47100,416720,47100.0,-0.013706065904367215,-0.013706065904367215
2017-08-23 00:00:00+00:00,47000,47500,47000,47200,517300,47200.0,0.0021208915691376296,0.0021208915691376296
2017-08-24 00:00:00+00:00,47400,47800,47200,47700,433820,47700.0,0.01053750530278592,0.01053750530278592
2017-08-25 00:00:00+00:00,47800,47850,47500,47500,374570,47500.0,-0.00420168685369997,-0.00420168685369997
2017-08-28 00:00:00+00:00,47300,47600,47250,47600,569140,47600.0,0.00210305019677889,0.00210305019677889
2017-08-29 00:00:00+00:00,47500,48100,47450,47750,828090,47750.0,0.0031463056893649226,0.0031463056893649226
2017-08-30 00:00:00+00:00,47650,47900,47550,47800,322140,47800.0,0.001046572570671117,0.001046572570671117
2017-08-31 00:00:00+00:00,47800,48800,47800,48500,1115030,48500.0,0.014538158446027285,0.014538158446027285
2017-09-01 00:00:00+00:00,48600,48650,48300,48600,268680,48600.0,0.0020597329630105622,0.0020597329630105622
2017-09-05 00:00:00+00:00,48600,48600,48250,48500,447330,48500.0,-0.002059732963010616,-0.002059732963010616
2017-09-06 00:00:00+00:00,48450,48450,47800,48200,510590,48200.0,-0.00620477688688287,-0.00620477688688287
2017-09-07 00:00:00+00:00,48000,48300,47900,47900,479950,47900.0,-0.006243516639685047,-0.006243516639685047
2017-09-08 00:00:00+00:00,48000,48000,47700,47700,478140,47700.0,-0.004184106522573985,-0.004184106522573985
2017-09-11 00:00:00+00:00,47700,48200,47300,47350,843320,47350.0,-0.007364578262208243,-0.007364578262208243
2017-09-12 00:00:00+00:00,47500,48100,47400,48100,853680,48100.0,0.01571535747962818,0.01571535747962818
2017-09-13 00:00:00+00:00,48300,49400,48300,48750,1944610,48750.0,0.01342302033214077,0.01342302033214077
2017-09-14 00:00:00+00:00,49000,49000,48350,48350,857090,48350.0,-0.008238975544552845,-0.008238975544552845
2017-09-15 00:00:00+00:00,48300,48500,48000,48200,794420,48200.0,-0.0031072008427487155,-0.0031072008427487155
2017-09-18 00:00:00+00:00,48350,48400,48000,48350,803430,48350.0,0.0031072008427487003,0.0031072008427487003
2017-09-19 00:00:00+00:00,48500,48850,48400,48400,869330,48400.0,0.001033591823282692,0.001033591823282692
2017-09-20 00:00:00+00:00,48650,48750,48350,48650,631410,48650.0,0.005151994909428112,0.005151994909428112
2017-09-21 00:00:00+00:00,48900,49600,48750,49400,2667670,49400.0,0.015298615561862721,0.015298615561862721
2017-09-22 00:00:00+00:00,49600,49950,49400,49450,1394280,49450.0,0.0010116338748442258,0.0010116338748442258
2017-09-25 00:00:00+00:00,49750,49750,48850,48850,745050,48850.0,-0.012207679579929376,-0.012207679579929376
2017-09-26 00:00:00+00:00,48850,49000,48500,49000,878850,49000.0,0.003065919621834761,0.003065919621834761
2017-09-27 00:00:00+00:00,49000,49400,48700,49000,868830,49000.0,0.0,0.0
2017-09-28 00:00:00+00:00,49000,49250,48400,48950,774370,48950.0,-0.0010209291341072334,-0.0010209291341072334
2017-09-29 00:00:00+00:00,48900,49000,48600,48750,395560,48750.0,-0.004094171532663226,-0.004094171532663226
2017-10-02 00:00:00+00:00,48750,48950,48050,48200,911190,48200.0,-0.011346176387301567,-0.011346176387301567
2017-10-03 00:00:00+00:00,48200,48200,47650,47850,1087970,47850.0,-0.0072879031575913255,-0.0072879031575913255
2017-10-04 00:00:00+00:00,47900,48200,47800,48050,518400,48050.0,0.004171017517338325,0.004171017517338325
2017-10-05 00:00:00+00:00,48400,48950,48000,48300,658270,48300.0,0.0051894252422254004,0.0051894252422254004
2017-10-06 00:00:00+00:00,48300,48800,48300,48750,569960,48750.0,0.009273636785329253,0.009273636785329253
2017-10-09 00:00:00+00:00,49000,49000,48600,48800,585830,48800.0,0.0010251154152453505,0.0010251154152453505
2017-10-10 00:00:00+00:00,48750,49300,48750,49300,1234640,49300.0,0.010193768189543024,0.010193768189543024
2017-10-11 00:00:00+00:00,49400,50500,49300,49900,2540980,49900.0,0.01209692170882853,0.01209692170882853
2017-10-12 00:00:00+00:00,50000,51400,50000,51000,2004500,51000.0,0.021804629966852705,0.021804629966852705
2017-10-13 00:00:00+00:00,51200,51300,50600,51200,1078760,51200.0,0.003913899321136315,0.003913899321136315
2017-10-16 00:00:00+00:00,51000,52000,50900,51400,1249640,51400.0,0.003898640415657323,0.003898640415657323
2017-10-17 00:00:00+00:00,51500,51500,50900,51500,861260,51500.0,0.0019436352085710307,0.0019436352085710307
2017-10-18 00:00:00+00:00,51400,51900,50500,50500,1237160,50500.0,-0.019608471388376313,-0.019608471388376313
2017-10-19 00:00:00+00:00,50500,51200,50100,50600,977340,50600.0,0.0019782400121057205,0.0019782400121057205
2017-10-20 00:00:00+00:00,50300,50700,50000,50300,767080,50300.0,-0.005946499187726303,-0.005946499187726303
2017-10-23 00:00:00+00:00,50300,50300,49300,49300,1116150,49300.0,-0.020080996057049133,-0.020080996057049133
2017-10-24 00:00:00+00:00,49300,49800,49150,49300,879390,49300.0,0.0,0.0
2017-10-25 00:00:00+00:00,49500,49800,49300,49700,768500,49700.0,0.008080852053938674,0.008080852053938674
2017-10-26 00:00:00+00:00,49800,49900,49000,49600,1089860,49600.0,-0.0020140993717012562,-0.0020140993717012562
2017-10-27 00:00:00+00:00,49400,50200,49150,50200,734980,50200.0,0.012024192966801812,0.012024192966801812
2017-10-30 00:00:00+00:00,50200,50800,49900,50000,1707190,50000.0,-0.00399202126953745,-0.00399202126953745
2017-10-31 00:00:00+00:00,50000,51400,49600,50400,1618160,50400.0,0.007968169649176881,0.007968169649176881
2017-11-01 00:00:00+00:00,50500,51000,50400,50800,907980,50800.0,0.007905179507113247,0.007905179507113247
2017-11-02 00:00:00+00:00,50900,51400,49800,50500,1244900,50500.0,-0.005923018303122056,-0.005923018303122056
2017-11-03 00:00:00+00:00,50000,51000,49400,51000,1200390,51000.0,0.00985229644301164,0.00985229644301164
2017-11-06 00:00:00+00:00,51400,51800,50900,51400,1608490,51400.0,0.007812539736793625,0.007812539736793625
2017-11-07 00:00:00+00:00,51500,51500,50900,51200,1141790,51200.0,-0.003898640415657309,-0.003898640415657309
2017-11-08 00:00:00+00:00,51200,53000,51000,53000,3385930,53000.0,0.034552381506659735,0.034552381506659735
2017-11-09 00:00:00+00:00,53400,53500,52400,52600,1720600,52600.0,-0.007575793808457656,-0.007575793808457656
2017-11-10 00:00:00+00:00,52500,53300,52200,52200,13697000,52200.0,-0.007633624855071095,-0.007633624855071095
2017-11-13 00:00:00+00:00,52200,54800,51900,54000,4769280,54000.0,0.033901551675681416,0.033901551675681416
2017-11-14 00:00:00+00:00,54500,55500,53500,53900,4332100,53900.0,-0.0018535686493229438,-0.0018535686493229438
2017-11-15 00:00:00+00:00,54100,57000,54000,56900,4665890,56900.0,0.054164863217333846,0.054164863217333846
2017-11-16 00:00:00+00:00,57400,58700,56600,57000,3733760,57000.0,0.0017559267022650125,0.0017559267022650125
2017-11-17 00:00:00+00:00,57300,57300,55900,56700,3930560,56700.0,-0.005277057100843781,-0.005277057100843781
2017-11-20 00:00:00+00:00,56100,58000,55900,57900,3802520,57900.0,0.020943173845243173,0.020943173845243173
2017-11-21 00:00:00+00:00,58200,58800,57200,57200,3385720,57200.0,-0.01216348619319735,-0.01216348619319735
2017-11-22 00:00:00+00:00,57000,58000,57000,58000,2596350,58000.0,0.013889112160667093,0.013889112160667093
2017-11-23 00:00:00+00:00,58000,58800,57200,57600,3536130,57600.0,-0.006920442844573795,-0.006920442844573795
2017-11-24 00:00:00+00:00,57500,58000,57000,57900,2370820,57900.0,0.00519481687710393,0.00519481687710393
2017-11-27 00:00:00+00:00,58000,59700,58000,58200,2653980,58200.0,0.005167970158442598,0.005167970158442598
2017-11-28 00:00:00+00:00,58000,58200,57200,57500,2292500,57500.0,-0.01210040693408734,-0.01210040693408734
2017-11-29 00:00:00+00:00,58000,59700,57400,59300,3845300,59300.0,0.030824358200375095,0.030824358200375095
2017-11-30 00:00:00+00:00,59900,60000,58400,58400,3002720,58400.0,-0.01529341616949835,-0.01529341616949835
2017-12-01 00:00:00+00:00,58200,58600,57700,58400,1829280,58400.0,0.0,0.0
2017-12-04 00:00:00+00:00,58500,59100,58300,58800,2204370,58800.0,0.006825965070399891,0.006825965070399891
2017-12-05 00:00:00+00:00,58800,59300,57300,57300,3558740,57300.0,-0.025841231183887328,-0.025841231183887328
2017-12-06 00:00:00+00:00,57000,57300,56000,56800,3522030,56800.0,-0.008764297993588242,-0.008764297993588242
2017-12-07 00:00:00+00:00,56800,57500,55800,56100,1655580,56100.0,-0.012400513198455074,-0.012400513198455074
2017-12-08 00:00:00+00:00,56000,56500,55100,55500,1924190,55500.0,-0.01075279177626185,-0.01075279177626185
2017-12-11 00:00:00+00:00,54500,55200,53500,53500,2736380,53500.0,-0.03670136685042793,-0.03670136685042793
2017-12-12 00:00:00+00:00,54100,54700,50800,53700,3113980,53700.0,0.003731347612858184,0.003731347612858184
2017-12-13 00:00:00+00:00,54300,54800,53700,54700,1625860,54700.0,0.018450707913116607,0.018450707913116607
2017-12-14 00:00:00+00:00,54500,55900,54500,55900,1276430,55900.0,0.021700670733118047,0.021700670733118047
2017-12-15 00:00:00+00:00,56000,56800,55500,56500,1611640,56500.0,0.010676257991341854,0.010676257991341854
2017-12-18 00:00:00+00:00,57000,57200,56100,56300,1793760,56300.0,-0.003546103006750589,-0.003546103006750589
2017-12-19 00:00:00+00:00,56300,56700,54900,55200,2483570,55200.0,-0.019731581862595125,-0.019731581862595125
2017-12-20 00:00:00+00:00,55200,57000,55200,56300,1960650,56300.0,0.01973158186259505,0.01973158186259505
2017-12-21 00:00:00+00:00,56800,57400,56100,56400,1845520,56400.0,0.0017746233583684796,0.0017746233583684796
2017-12-22 00:00:00+00:00,56400,57400,56200,57100,1738070,57100.0,0.012334958157951366,0.012334958157951366
2017-12-25 00:00:00+00:00,57300,58100,57300,57600,2393910,57600.0,0.00871845103988103,0.00871845103988103
2017-12-26 00:00:00+00:00,58000,58000,57100,57100,1246050,57100.0,-0.008718451039881047,-0.008718451039881047
2017-12-27 00:00:00+00:00,57500,57500,56600,56700,1703070,56700.0,-0.007029905928258174,-0.007029905928258174
2017-12-28 00:00:00+00:00,56700,57600,56500,57200,1916250,57200.0,0.008779687652045773,0.008779687652045773
2017-12-29 00:00:00+00:00,57200,57600,57000,57100,1559860,57100.0,-0.0017497817237877064,-0.0017497817237877064
2018-01-02 00:00:00+00:00,57300,59800,57200,59800,5022160,59800.0,0.04620154429462151,0.04620154429462151
2018-01-03 00:00:00+00:00,60500,60700,59500,59800,2829930,59800.0,0.0,0.0
2018-01-04 00:00:00+00:00,60000,61000,59900,61000,2784800,61000.0,0.019868203216725184,0.019868203216725184
2018-01-05 00:00:00+00:00,61000,61100,59900,60000,2851450,60000.0,-0.016529301951210582,-0.016529301951210582
2018-01-08 00:00:00+00:00,59600,60900,59300,60900,2529030,60900.0,0.014888612493750559,0.014888612493750559
2018-01-09 00:00:00+00:00,61000,62300,60300,62100,4010010,62100.0,0.01951281422358172,0.01951281422358172
2018-01-10 00:00:00+00:00,62000,63000,61100,61500,2610670,61500.0,-0.009708814126960938,-0.009708814126960938
2018-01-11 00:00:00+00:00,61100,61900,60700,61500,2420150,61500.0,0.0,0.0
2018-01-12 00:00:00+00:00,61800,62000,60200,60200,2824950,60200.0,-0.021364822497696813,-0.021364822497696813
2018-01-15 00:00:00+00:00,60100,61200,59700,61000,2296030,61000.0,0.013201511858535981,0.013201511858535981
2018-01-16 00:00:00+00:00,60900,61500,60300,61000,1512380,61000.0,0.0,0.0
2018-01-17 00:00:00+00:00,61000,61100,59000,59000,2259230,59000.0,-0.033336420267591836,-0.033336420267591836
2018-01-18 00:00:00+00:00,58300,59000,57600,59000,3314290,59000.0,0.0,0.0
2018-01-19 00:00:00+00:00,59000,59800,58900,58900,2002690,58900.0,-0.001696353248178402,-0.001696353248178402
2018-01-22 00:00:00+00:00,59500,61500,59400,60900,2509650,60900.0,0.033392084058310414,0.033392084058310414
2018-01-23 00:00:00+00:00,59500,61500,59400,60900,0,60900.0,0.0,0.0
2018-01-24 00:00:00+00:00,0,0,0,60900,0,60900.0,0.0,0.0
2018-01-25 00:00:00+00:00,61500,62600,60900,61100,5368250,61100.0,0.0032786914616982953,0.0032786914616982953
2018-01-26 00:00:00+00:00,62000,62000,60500,60800,1631780,60800.0,-0.004922077205428332,-0.004922077205428332
2018-01-29 00:00:00+00:00,60900,61900,59900,60300,1335440,60300.0,-0.008257685238981577,-0.008257685238981577
2018-01-30 00:00:00+00:00,59800,64000,59500,64000,4719350,64000.0,0.05955097962653215,0.05955097962653215
2018-01-31 00:00:00+00:00,64800,65500,62900,62900,3988780,62900.0,-0.01733691965327704,-0.01733691965327704
2018-02-01 00:00:00+00:00,62900,63500,61600,61600,2086500,61600.0,-0.02088429316692079,-0.02088429316692079
2018-02-02 00:00:00+00:00,61600,61800,60500,61000,1671290,61000.0,-0.00978800636616282,-0.00978800636616282
2018-02-05 00:00:00+00:00,60100,60800,57100,57100,3754890,57100.0,-0.0660697475113467,-0.0660697475113467
2018-02-06 00:00:00+00:00,53200,56500,53200,54200,5312890,54200.0,-0.05212320821636396,-0.05212320821636396
2018-02-07 00:00:00+00:00,57000,57300,56000,56600,1872960,56600.0,0.04332807676353679,0.04332807676353679
2018-02-08 00:00:00+00:00,56000,57000,55000,55200,1709000,55200.0,-0.025046031926087575,-0.025046031926087575
2018-02-09 00:00:00+00:00,52500,55000,52500,55000,2139970,55000.0,-0.0036297680505787237,-0.0036297680505787237
2018-02-12 00:00:00+00:00,56300,57100,54500,57100,1166010,57100.0,0.03747093142949353,0.03747093142949353
2018-02-13 00:00:00+00:00,58200,59300,57800,59000,1448350,59000.0,0.032733327243754856,0.032733327243754856
2018-02-21 00:00:00+00:00,60100,60300,59000,59400,1574450,59400.0,0.006756782462879687,0.006756782462879687
2018-02-22 00:00:00+00:00,59300,59500,58200,58400,1433060,58400.0,-0.016978336534417906,-0.016978336534417906
2018-02-23 00:00:00+00:00,58500,60600,58500,60500,1607200,60500.0,0.03532747520261449,0.03532747520261449
2018-02-26 00:00:00+00:00,61000,61800,60400,60400,2467750,60400.0,-0.001654260096026465,-0.001654260096026465
2018-02-27 00:00:00+00:00,60700,60800,59500,59800,1415610,59800.0,-0.009983443984183262,-0.009983443984183262
2018-02-28 00:00:00+00:00,59200,60400,59100,59800,1835710,59800.0,0.0,0.0
2018-03-01 00:00:00+00:00,59400,61200,59100,60800,2114250,60800.0,0.01658412801553526,0.01658412801553526
2018-03-02 00:00:00+00:00,60500,61300,60000,61100,1840930,61100.0,0.004922077205428235,0.004922077205428235
2018-03-05 00:00:00+00:00,61300,64500,61300,61500,6025340,61500.0,0.006525308634922641,0.006525308634922641
2018-03-06 00:00:00+00:00,62500,63300,61700,63300,2577540,63300.0,0.028848154337658343,0.028848154337658343
2018-03-07 00:00:00+00:00,63500,63700,61500,62200,2000410,62200.0,-0.017530329404996776,-0.017530329404996776
2018-03-08 00:00:00+00:00,62000,62500,61300,62200,1316600,62200.0,0.0,0.0
2018-03-09 00:00:00+00:00,62700,63100,61500,61600,2068410,61600.0,-0.00969312920565968,-0.00969312920565968
2018-03-12 00:00:00+00:00,62000,62600,61400,61400,1611250,61400.0,-0.0032520353863773432,-0.0032520353863773432
2018-03-13 00:00:00+00:00,61200,61200,59400,60100,4159670,60100.0,-0.021399993611934894,-0.021399993611934894
2018-03-14 00:00:00+00:00,60100,60800,59400,60800,2070230,60800.0,0.011579947430959418,0.011579947430959418
2018-03-15 00:00:00+00:00,61000,61100,60300,60600,1189330,60600.0,-0.003294895896852538,-0.003294895896852538
2018-03-16 00:00:00+00:00,60600,60800,59700,60100,1426890,60100.0,-0.008285051534106917,-0.008285051534106917
2018-03-19 00:00:00+00:00,60200,60600,59900,60500,1337110,60500.0,0.006633523495633877,0.006633523495633877
2018-03-20 00:00:00+00:00,60200,62300,60000,61300,2921440,61300.0,0.013136477905369981,0.013136477905369981
2018-03-21 00:00:00+00:00,61300,61800,61000,61000,999470,61000.0,-0.004905978768854518,-0.004905978768854518
2018-03-22 00:00:00+00:00,61000,61400,60100,60100,1264760,60100.0,-0.014864022632149393,-0.014864022632149393
2018-03-23 00:00:00+00:00,59000,59600,58000,58600,2833670,58600.0,-0.02527514495819494,-0.02527514495819494
2018-03-26 00:00:00+00:00,58600,59400,58600,59200,940840,59200.0,0.010186845306992997,0.010186845306992997
2018-03-27 00:00:00+00:00,59900,60100,59000,59500,993260,59500.0,0.005054770661624054,0.005054770661624054
2018-03-28 00:00:00+00:00,59100,59400,58800,58900,660440,58900.0,-0.010135221894043018,-0.010135221894043018
2018-03-29 00:00:00+00:00,59400,59700,59000,59500,827280,59500.0,0.010135221894043148,0.010135221894043148
2018-03-30 00:00:00+00:00,59600,61300,59400,60700,2434830,60700.0,0.01996738551386843,0.01996738551386843
2018-04-02 00:00:00+00:00,61500,61700,61000,61500,2194820,61500.0,0.013093476747019604,0.013093476747019604
2018-04-03 00:00:00+00:00,61200,61400,60900,61200,1140770,61200.0,-0.004889985294191792,-0.004889985294191792
2018-04-04 00:00:00+00:00,62000,62800,61600,61700,2297950,61700.0,0.008136741393061704,0.008136741393061704
2018-04-05 00:00:00+00:00,62000,63700,61500,63000,2874100,63000.0,0.020850795480190573,0.020850795480190573
2018-04-06 00:00:00+00:00,64200,64300,62700,62700,3614250,62700.0,-0.00477327875265766,-0.00477327875265766
2018-04-09 00:00:00+00:00,62600,63600,62600,63400,1502210,63400.0,0.011102413804305322,0.011102413804305322
2018-04-10 00:00:00+00:00,63600,65200,63500,64400,4490010,64400.0,0.015649771667127596,0.015649771667127596
2018-04-11 00:00:00+00:00,64800,65400,63000,63000,3296390,63000.0,-0.02197890671877523,-0.02197890671877523
2018-04-12 00:00:00+00:00,63000,63600,62100,63600,1321110,63600.0,0.009478743954543739,0.009478743954543739
2018-04-13 00:00:00+00:00,63900,63900,62000,62000,2146710,62000.0,-0.0254790853009849,-0.0254790853009849
2018-04-16 00:00:00+00:00,62000,62400,60900,61100,1181050,61100.0,-0.014622518867541926,-0.014622518867541926
2018-04-17 00:00:00+00:00,61500,62000,60900,62000,1105060,62000.0,0.014622518867541963,0.014622518867541963
2018-04-18 00:00:00+00:00,62300,62900,61900,62000,1247240,62000.0,0.0,0.0
2018-04-19 00:00:00+00:00,62000,62100,60700,60700,2377390,60700.0,-0.021190686979639002,-0.021190686979639002
2018-04-20 00:00:00+00:00,61000,61500,60300,61300,972550,61300.0,0.00983614487671319,0.00983614487671319
2018-04-23 00:00:00+00:00,61300,61700,57200,58000,1461440,58000.0,-0.05533683239574639,-0.05533683239574639
2018-04-24 00:00:00+00:00,57400,58500,56100,56400,1850860,56400.0,-0.02797385204240618,-0.02797385204240618
2018-04-26 00:00:00+00:00,56900,57700,55000,55000,2031810,55000.0,-0.025135973271542274,-0.025135973271542274
2018-04-27 00:00:00+00:00,55000,57400,54900,57000,1597710,57000.0,0.035718082602079246,0.035718082602079246
2018-05-02 00:00:00+00:00,57800,58000,56800,57000,1370180,57000.0,0.0,0.0
2018-05-03 00:00:00+00:00,56800,58000,55700,58000,2162850,58000.0,0.01739174271186924,0.01739174271186924
2018-05-04 00:00:00+00:00,58500,59000,58200,58800,1171180,58800.0,0.013698844358161927,0.013698844358161927
2018-05-07 00:00:00+00:00,58800,59600,58600,59600,878040,59600.0,0.013513719166722855,0.013513719166722855
2018-05-08 00:00:00+00:00,59200,59600,58800,59000,1114210,59000.0,-0.010118130165584667,-0.010118130165584667
2018-05-09 00:00:00+00:00,58600,59100,58100,58400,1004740,58400.0,-0.010221554071538028,-0.010221554071538028
2018-05-10 00:00:00+00:00,58400,59400,58000,58300,1546130,58300.0,-0.0017137964777346304,-0.0017137964777346304
2018-05-11 00:00:00+00:00,58000,59500,58000,59500,1169610,59500.0,0.020374219195137298,0.020374219195137298
2018-05-14 00:00:00+00:00,60100,61700,59600,61600,2012550,61600.0,0.03468555798789011,0.03468555798789011
2018-05-15 00:00:00+00:00,62000,62000,61000,61400,910810,61400.0,-0.0032520353863773432,-0.0032520353863773432
2018-05-16 00:00:00+00:00,61000,61400,60500,60500,672930,60500.0,-0.014766470116301007,-0.014766470116301007
2018-05-17 00:00:00+00:00,60400,61400,60400,60600,719700,60600.0,0.0016515280384729392,0.0016515280384729392
2018-05-18 00:00:00+00:00,60600,61000,58800,60800,979930,60800.0,0.0032948958968524846,0.0032948958968524846
2018-05-21 00:00:00+00:00,61200,62400,61000,61000,1483830,61000.0,0.0032840752011900187,0.0032840752011900187
2018-05-22 00:00:00+00:00,61000,61500,59500,59700,1101490,59700.0,-0.021541843774754803,-0.021541843774754803
2018-05-23 00:00:00+00:00,60000,61000,59500,60600,1077080,60600.0,0.01496287267671232,0.01496287267671232
2018-05-24 00:00:00+00:00,60900,61200,59500,59500,1035660,59500.0,-0.018318580523684746,-0.018318580523684746
2018-05-25 00:00:00+00:00,51000,51000,48900,48900,788360,48900.0,-0.19619891607075776,-0.19619891607075776
2018-05-28 00:00:00+00:00,47200,48200,45500,45500,2034970,45500.0,-0.07206507052392161,-0.07206507052392161
2018-05-29 00:00:00+00:00,45500,48200,44850,47400,2350500,47400.0,0.04090990274412615,0.04090990274412615
2018-05-30 00:00:00+00:00,47300,47300,45400,45450,1590980,45450.0,-0.04200940807754297,-0.04200940807754297
2018-05-31 00:00:00+00:00,45050,46700,45000,46000,1105040,46000.0,0.012028575865607122,0.012028575865607122
2018-06-01 00:00:00+00:00,46000,46700,45700,46450,1291490,46450.0,0.009735068770752633,0.009735068770752633
2018-06-04 00:00:00+00:00,46500,47450,46350,47250,1150670,47250.0,0.01707618867990433,0.01707618867990433
2018-06-05 00:00:00+00:00,47500,48100,47200,47800,1347750,47800.0,0.011572985557658564,0.011572985557658564
2018-06-06 00:00:00+00:00,48000,48500,47300,48500,1017540,48500.0,0.014538158446027285,0.014538158446027285
2018-06-07 00:00:00+00:00,48900,48900,47700,47800,1138280,47800.0,-0.014538158446027169,-0.014538158446027169
2018-06-08 00:00:00+00:00,47900,48200,47500,47950,1050890,47950.0,0.0031331618320369014,0.0031331618320369014
2018-06-11 00:00:00+00:00,47750,47950,47500,47500,721890,47500.0,-0.00942909028885169,-0.00942909028885169
2018-06-12 00:00:00+00:00,47500,47500,45700,46300,1257200,46300.0,-0.02558774994840717,-0.02558774994840717
2018-06-13 00:00:00+00:00,46000,46900,46000,46800,452120,46800.0,0.010741241831412616,0.010741241831412616
2018-06-14 00:00:00+00:00,47000,47250,46600,46600,460360,46600.0,-0.004282661792000848,-0.004282661792000848
2018-06-15 00:00:00+00:00,46300,46700,46250,46500,442100,46500.0,-0.0021482285382896063,-0.0021482285382896063
2018-06-18 00:00:00+00:00,46900,46900,45400,45400,693660,45400.0,-0.02394020754600835,-0.02394020754600835
2018-06-19 00:00:00+00:00,45100,45100,42700,44500,2015520,44500.0,-0.020022915875107815,-0.020022915875107815
2018-06-20 00:00:00+00:00,44900,45400,44000,45400,650560,45400.0,0.02002291587510773,0.02002291587510773
2018-06-21 00:00:00+00:00,45400,45400,44100,44400,349770,44400.0,-0.022272635609123178,-0.022272635609123178
2018-06-22 00:00:00+00:00,44300,45000,43900,45000,375270,45000.0,0.01342302033214077,0.01342302033214077
2018-06-25 00:00:00+00:00,45400,45400,44900,45100,511540,45100.0,0.00221975673831281,0.00221975673831281
2018-06-26 00:00:00+00:00,44500,44800,44300,44500,240850,44500.0,-0.013393057336438136,-0.013393057336438136
2018-06-27 00:00:00+00:00,44900,44900,44250,44300,256990,44300.0,-0.004504512121104541,-0.004504512121104541
2018-06-28 00:00:00+00:00,44300,44300,42500,42500,1175250,42500.0,-0.04148060112071876,-0.04148060112071876
2018-06-29 00:00:00+00:00,42500,43000,41500,41500,759780,41500.0,-0.02381064869371856,-0.02381064869371856
2018-07-02 00:00:00+00:00,41500,41900,40000,40200,979030,40200.0,-0.031826431611677204,-0.031826431611677204
2018-07-03 00:00:00+00:00,40200,40650,39000,39000,1351030,39000.0,-0.030305349495328922,-0.030305349495328922
2018-07-04 00:00:00+00:00,39050,40000,38500,40000,980200,40000.0,0.025317807984289786,0.025317807984289786
2018-07-05 00:00:00+00:00,40000,40100,38500,39500,711240,39500.0,-0.012578782206860073,-0.012578782206860073
2018-07-06 00:00:00+00:00,39000,41700,38900,40800,913260,40800.0,0.03238140950303978,0.03238140950303978
2018-07-09 00:00:00+00:00,41000,41350,39800,40150,583920,40150.0,-0.016059641017345392,-0.016059641017345392
2018-07-10 00:00:00+00:00,40300,40700,40000,40400,249100,40400.0,0.006207344574333731,0.006207344574333731
2018-07-11 00:00:00+00:00,39500,40000,38600,39200,801770,39200.0,-0.030153038170687558,-0.030153038170687558
2018-07-12 00:00:00+00:00,38600,39650,38500,38800,684480,38800.0,-0.01025650016718911,-0.01025650016718911
2018-07-13 00:00:00+00:00,39500,40800,39300,40600,1060620,40600.0,0.045347819978459256,0.045347819978459256
2018-07-16 00:00:00+00:00,41100,41500,40650,40900,645230,40900.0,0.00736199644106904,0.00736199644106904
2018-07-17 00:00:00+00:00,40700,41900,40550,41900,1297460,41900.0,0.024155763879335986,0.024155763879335986
2018-07-18 00:00:00+00:00,42000,42900,41900,42900,1096080,42900.0,0.02358599900587929,0.02358599900587929
2018-07-19 00:00:00+00:00,42200,42900,42200,42500,753150,42500.0,-0.00936775000360016,-0.00936775000360016
2018-07-20 00:00:00+00:00,42300,42300,41250,41600,851350,41600.0,-0.021403908663153493,-0.021403908663153493
2018-07-23 00:00:00+00:00,42200,42700,41850,42000,1111700,42000.0,0.009569451016150672,0.009569451016150672
2018-07-24 00:00:00+00:00,42000,42450,41400,42200,1167460,42200.0,0.004750602758597799,0.004750602758597799
2018-07-25 00:00:00+00:00,42300,43800,42200,42400,1326030,42400.0,0.004728141195945896,0.004728141195945896
2018-07-26 00:00:00+00:00,42700,43000,42100,42550,717640,42550.0,0.0035314927814711593,0.0035314927814711593
2018-07-27 00:00:00+00:00,42900,43900,42550,43300,1291840,43300.0,0.017472779989061108,0.017472779989061108
2018-07-30 00:00:00+00:00,43400,43500,43200,43300,1197220,43300.0,0.0,0.0
2018-07-31 00:00:00+00:00,43300,43500,42800,42800,1591210,42800.0,-0.011614532420693002,-0.011614532420693002
2018-08-01 00:00:00+00:00,42700,43050,41900,42000,2431450,42000.0,-0.018868484304382805,-0.018868484304382805
2018-08-02 00:00:00+00:00,42000,42700,41600,42700,726710,42700.0,0.016529301951210506,0.016529301951210506
2018-08-03 00:00:00+00:00,43000,43100,42400,42600,719840,42600.0,-0.0023446669592541345,-0.0023446669592541345
2018-08-06 00:00:00+00:00,42400,42700,42250,42250,350030,42250.0,-0.008249899472141836,-0.008249899472141836
2018-08-07 00:00:00+00:00,42300,42300,41750,41950,645810,41950.0,-0.007125920889967661,-0.007125920889967661
2018-08-08 00:00:00+00:00,41950,42600,41900,42500,764020,42500.0,0.013025643017156061,0.013025643017156061
2018-08-09 00:00:00+00:00,43000,43200,42550,42800,1232720,42800.0,0.007034026657379982,0.007034026657379982
2018-08-10 00:00:00+00:00,42800,43450,42700,43100,797270,43100.0,0.006984894521950969,0.006984894521950969
2018-08-13 00:00:00+00:00,43100,43700,43100,43450,1038760,43450.0,0.008087854601698906,0.008087854601698906
2018-08-14 00:00:00+00:00,43750,44350,43600,44300,1601310,44300.0,0.01937382533968887,0.01937382533968887
2018-08-15 00:00:00+00:00,44300,44700,43700,43800,1658080,43800.0,-0.011350859668689563,-0.011350859668689563
2018-08-16 00:00:00+00:00,42900,43000,42450,43000,1378580,43000.0,-0.01843370168883802,-0.01843370168883802
2018-08-17 00:00:00+00:00,43200,43500,43000,43500,928050,43500.0,0.011560822401076006,0.011560822401076006
2018-08-20 00:00:00+00:00,43500,44300,43150,43700,955270,43700.0,0.00458716400690614,0.00458716400690614
2018-08-21 00:00:00+00:00,43600,43800,43400,43700,720470,43700.0,0.0,0.0
2018-08-22 00:00:00+00:00,43750,44300,43700,44050,1152700,44050.0,0.007977250280643968,0.007977250280643968
2018-08-23 00:00:00+00:00,44100,44500,44100,44400,1004880,44400.0,0.007914117055990528,0.007914117055990528
2018-08-24 00:00:00+00:00,44400,44500,43900,44450,629740,44450.0,0.0011254925217345582,0.0011254925217345582
2018-08-27 00:00:00+00:00,44300,44500,44200,44400,808140,44400.0,-0.0011254925217344803,-0.0011254925217344803
2018-08-28 00:00:00+00:00,44300,44450,44050,44200,909720,44200.0,-0.004514680354526583,-0.004514680354526583
2018-08-29 00:00:00+00:00,44150,44400,43950,44200,775370,44200.0,0.0,0.0
2018-08-30 00:00:00+00:00,44200,44200,43950,44150,632170,44150.0,-0.0011318620336834176,-0.0011318620336834176
2018-08-31 00:00:00+00:00,44150,44900,44100,44200,1027280,44200.0,0.0011318620336833308,0.0011318620336833308
2018-09-04 00:00:00+00:00,44100,44700,44000,44100,634400,44100.0,-0.002265006630852125,-0.002265006630852125
2018-09-05 00:00:00+00:00,44050,44200,43000,43300,843460,43300.0,-0.018307147444356128,-0.018307147444356128
2018-09-06 00:00:00+00:00,43100,43300,42350,42350,1206190,42350.0,-0.02218421391038073,-0.02218421391038073
2018-09-07 00:00:00+00:00,42500,43000,42350,43000,508770,43000.0,0.015231694595499098,0.015231694595499098
2018-09-10 00:00:00+00:00,43200,43200,42550,42550,367280,42550.0,-0.010520260674179278,-0.010520260674179278
2018-09-11 00:00:00+00:00,42550,43200,42550,43150,562280,43150.0,0.014002562510053706,0.014002562510053706
2018-09-12 00:00:00+00:00,43500,43700,43050,43050,477500,43050.0,-0.002320186655697198,-0.002320186655697198
2018-09-13 00:00:00+00:00,43700,43900,43200,43400,646170,43400.0,0.008097210232619303,0.008097210232619303
2018-09-14 00:00:00+00:00,43600,44700,43600,44550,2772660,44550.0,0.026152712810459056,0.026152712810459056
2018-09-17 00:00:00+00:00,44500,44500,44100,44100,564810,44100.0,-0.010152371464017962,-0.010152371464017962
2018-09-18 00:00:00+00:00,43700,44800,43700,44800,799660,44800.0,0.015748356968139112,0.015748356968139112
2018-09-19 00:00:00+00:00,45000,45650,44800,45450,1352060,45450.0,0.014404681202548394,0.014404681202548394
2018-09-20 00:00:00+00:00,45050,46200,45050,45900,1126260,45900.0,0.00985229644301164,0.00985229644301164
2018-09-21 00:00:00+00:00,46050,46050,45200,45900,1327270,45900.0,0.0,0.0
2018-09-24 00:00:00+00:00,45900,46500,45800,46100,991190,46100.0,0.0043478329361034225,0.0043478329361034225
2018-09-25 00:00:00+00:00,46000,46100,45800,45900,746530,45900.0,-0.004347832936103398,-0.004347832936103398
2018-09-26 00:00:00+00:00,46000,46800,45850,46050,1028940,46050.0,0.0032626456348163694,0.0032626456348163694
2018-09-27 00:00:00+00:00,46050,46500,46050,46200,750790,46200.0,0.003252035386377316,0.003252035386377316
2018-09-28 00:00:00+00:00,46500,46500,46250,46300,559790,46300.0,0.0021621630044953172,0.0021621630044953172
2018-10-01 00:00:00+00:00,46300,46450,45950,46000,519760,46000.0,-0.006500564603093428,-0.006500564603093428
2018-10-02 00:00:00+00:00,45850,46000,45250,45300,854660,45300.0,-0.015334364000106687,-0.015334364000106687
2018-10-03 00:00:00+00:00,45300,45700,45250,45500,373060,45500.0,0.004405293467916418,0.004405293467916418
2018-10-04 00:00:00+00:00,45500,46000,45400,45850,471280,45850.0,0.007662872745569097,0.007662872745569097
2018-10-05 00:00:00+00:00,45950,46000,45550,45600,508450,45600.0,-0.005467482182133501,-0.005467482182133501
2018-10-08 00:00:00+00:00,45500,45500,45000,45000,511810,45000.0,-0.01324522675002068,-0.01324522675002068
2018-10-09 00:00:00+00:00,45000,45150,44700,44700,399440,44700.0,-0.006688988150796652,-0.006688988150796652
2018-10-10 00:00:00+00:00,44700,45400,44700,45300,695690,45300.0,0.013333530869465168,0.013333530869465168
2018-10-11 00:00:00+00:00,44000,44400,42300,42700,2177930,42700.0,-0.05910811225440942,-0.05910811225440942
2018-10-12 00:00:00+00:00,42500,44000,41700,43800,1377940,43800.0,0.025434897147821604,0.025434897147821604
2018-10-15 00:00:00+00:00,43800,44000,43000,43000,495650,43000.0,-0.01843370168883802,-0.01843370168883802
2018-10-16 00:00:00+00:00,43500,43500,42700,43250,603710,43250.0,0.005797117684325915,0.005797117684325915
2018-10-17 00:00:00+00:00,43800,44000,43500,43600,474320,43600.0,0.008059916977100248,0.008059916977100248
2018-10-18 00:00:00+00:00,43700,44000,43400,43600,710630,43600.0,0.0,0.0
2018-10-19 00:00:00+00:00,43000,43500,42900,43000,925420,43000.0,-0.013857034661426241,-0.013857034661426241
2018-10-22 00:00:00+00:00,43400,43700,43100,43150,429360,43150.0,0.0034823018358744904,0.0034823018358744904
2018-10-23 00:00:00+00:00,43150,43150,41600,42200,1150850,42200.0,-0.022262196487470833,-0.022262196487470833
2018-10-24 00:00:00+00:00,42050,42550,41800,41800,562380,41800.0,-0.009523881511255479,-0.009523881511255479
2018-10-25 00:00:00+00:00,40000,41300,40000,41050,757730,41050.0,-0.018105503632273354,-0.018105503632273354
2018-10-26 00:00:00+00:00,41500,41750,40800,40800,919770,40800.0,-0.006108754488321253,-0.006108754488321253
2018-10-29 00:00:00+00:00,40500,41450,40500,41000,462380,41000.0,0.00488998529419177,0.00488998529419177
2018-10-30 00:00:00+00:00,41100,41800,40850,41000,452630,41000.0,0.0,0.0
2018-10-31 00:00:00+00:00,41750,42000,41300,41950,325140,41950.0,0.0229063662089074,0.0229063662089074
2018-11-01 00:00:00+00:00,42050,42400,41900,41900,469760,41900.0,-0.0011926059851231359,-0.0011926059851231359
2018-11-02 00:00:00+00:00,42350,43000,42050,42900,593810,42900.0,0.02358599900587929,0.02358599900587929
2018-11-05 00:00:00+00:00,42600,43000,42200,42550,265620,42550.0,-0.008191970914588146,-0.008191970914588146
2018-11-06 00:00:00+00:00,42700,42750,42100,42150,470930,42150.0,-0.009445170571518646,-0.009445170571518646
2018-11-07 00:00:00+00:00,42150,42500,41650,41850,495560,41850.0,-0.007142887512380114,-0.007142887512380114
2018-11-08 00:00:00+00:00,42250,42400,41950,42150,352130,42150.0,0.007142887512380204,0.007142887512380204
2018-11-09 00:00:00+00:00,41800,42100,41200,41250,635120,41250.0,-0.021583571667174516,-0.021583571667174516
2018-11-12 00:00:00+00:00,41200,41950,41150,41950,273110,41950.0,0.0168273201325253,0.0168273201325253
2018-11-13 00:00:00+00:00,41200,41750,41200,41650,438030,41650.0,-0.007177064300363481,-0.007177064300363481
2018-11-14 00:00:00+00:00,41900,42250,41600,42250,752440,42250.0,0.014302985190331262,0.014302985190331262
2018-11-15 00:00:00+00:00,42000,42400,41700,42200,498790,42200.0,-0.0011841327612166937,-0.0011841327612166937
2018-11-16 00:00:00+00:00,42500,42900,42250,42750,639910,42750.0,0.0129489743408031,0.0129489743408031
2018-11-19 00:00:00+00:00,43000,43200,42800,43150,396020,43150.0,0.009313222146667683,0.009313222146667683
2018-11-20 00:00:00+00:00,43200,43400,42850,43400,550140,43400.0,0.005777023576922301,0.005777023576922301
2018-11-21 00:00:00+00:00,42800,43400,42700,43400,513360,43400.0,0.0,0.0
2018-11-22 00:00:00+00:00,43400,43600,43250,43400,323300,43400.0,0.0,0.0
2018-11-23 00:00:00+00:00,43100,43450,43000,43050,346060,43050.0,-0.008097210232619362,-0.008097210232619362
2018-11-26 00:00:00+00:00,43050,43050,42450,42450,483470,42450.0,-0.01403531811638348,-0.01403531811638348
2018-11-27 00:00:00+00:00,42900,42900,42500,42750,341670,42750.0,0.007042282625412951,0.007042282625412951
2018-11-28 00:00:00+00:00,42750,42850,42550,42800,256240,42800.0,0.0011689072049819618,0.0011689072049819618
2018-11-29 00:00:00+00:00,43300,43500,42900,42900,523610,42900.0,0.0023337233462200966,0.0023337233462200966
2018-11-30 00:00:00+00:00,42900,42950,42650,42900,323780,42900.0,0.0,0.0
2018-12-03 00:00:00+00:00,43200,44900,43200,44900,1136360,44900.0,0.0455659688142373,0.0455659688142373
2018-12-04 00:00:00+00:00,44900,45500,44750,44950,1011170,44950.0,0.0011129661694206506,0.0011129661694206506
2018-12-05 00:00:00+00:00,44450,44950,44400,44600,605880,44600.0,-0.007816901891610904,-0.007816901891610904
2018-12-06 00:00:00+00:00,44500,44800,44050,44400,484120,44400.0,-0.004494389587839326,-0.004494389587839326
2018-12-07 00:00:00+00:00,44600,45350,44600,45100,763170,45100.0,0.015642777070453542,0.015642777070453542
2018-12-10 00:00:00+00:00,44800,45000,44200,44200,694990,44200.0,-0.02015745742498017,-0.02015745742498017
2018-12-11 00:00:00+00:00,44300,44500,43900,44050,382700,44050.0,-0.0033994367014639148,-0.0033994367014639148
2018-12-12 00:00:00+00:00,44050,44550,44050,44450,664120,44450.0,0.00903960957772507,0.00903960957772507
2018-12-13 00:00:00+00:00,44950,45250,44500,44600,780570,44600.0,0.0033688970661046986,0.0033688970661046986
2018-12-14 00:00:00+00:00,44600,44800,44100,44150,787920,44150.0,-0.010140931976049337,-0.010140931976049337
2018-12-17 00:00:00+00:00,44100,44100,43000,43000,777640,43000.0,-0.026392811356406618,-0.026392811356406618
2018-12-18 00:00:00+00:00,42350,42800,41850,42000,1125660,42000.0,-0.02353049741019416,-0.02353049741019416
2018-12-19 00:00:00+00:00,42000,42600,41850,42100,471580,42100.0,0.0023781224049674193,0.0023781224049674193
2018-12-20 00:00:00+00:00,42300,42400,42050,42050,461210,42050.0,-0.0011883542693786767,-0.0011883542693786767
2018-12-21 00:00:00+00:00,41900,42500,41900,42500,453810,42500.0,0.010644689511414007,0.010644689511414007
2018-12-24 00:00:00+00:00,42600,42800,42000,42000,212530,42000.0,-0.011834457647002796,-0.011834457647002796
2018-12-25 00:00:00+00:00,41400,41500,41000,41500,732310,41500.0,-0.01197619104671565,-0.01197619104671565
2018-12-26 00:00:00+00:00,41500,41850,41400,41400,333590,41400.0,-0.002412546405383878,-0.002412546405383878
2018-12-27 00:00:00+00:00,42100,42250,41800,41800,454860,41800.0,0.009615458699441973,0.009615458699441973
2018-12-28 00:00:00+00:00,42050,42200,41800,42200,387170,42200.0,0.009523881511255541,0.009523881511255541
2019-01-02 00:00:00+00:00,41800,42150,41150,41200,459120,41200.0,-0.02398196468648544,-0.02398196468648544
2019-01-03 00:00:00+00:00,41450,41450,40700,40800,716600,40800.0,-0.009756174945364685,-0.009756174945364685
2019-01-04 00:00:00+00:00,40600,41450,40500,41100,318570,41100.0,0.007326040092072881,0.007326040092072881
2019-01-07 00:00:00+00:00,41800,42100,41600,41800,408470,41800.0,0.016888218028521796,0.016888218028521796
2019-01-08 00:00:00+00:00,41800,42000,41700,42000,295660,42000.0,0.0047732787526575905,0.0047732787526575905
2019-01-09 00:00:00+00:00,42100,42600,41900,42400,309040,42400.0,0.009478743954543739,0.009478743954543739
2019-01-10 00:00:00+00:00,42400,42550,42150,42150,207330,42150.0,-0.005913677790047628,-0.005913677790047628
2019-01-11 00:00:00+00:00,42400,42550,42050,42200,596090,42200.0,0.0011855365941017652,0.0011855365941017652
2019-01-14 00:00:00+00:00,42300,42600,42000,42500,398400,42500.0,0.007083854888405042,0.007083854888405042
2019-01-15 00:00:00+00:00,42300,42800,42300,42800,339480,42800.0,0.007034026657379982,0.007034026657379982
2019-01-16 00:00:00+00:00,43000,43000,42550,42550,186590,42550.0,-0.005858247568367981,-0.005858247568367981
2019-01-17 00:00:00+00:00,42500,42750,42000,42000,379770,42000.0,-0.013010236736014888,-0.013010236736014888
2019-01-18 00:00:00+00:00,42100,42500,42000,42000,227150,42000.0,0.0,0.0
2019-01-21 00:00:00+00:00,42200,42800,42200,42500,247800,42500.0,0.011834457647002798,0.011834457647002798
2019-01-22 00:00:00+00:00,42500,42750,42350,42350,141480,42350.0,-0.0035356548323077553,-0.0035356548323077553
2019-01-23 00:00:00+00:00,42300,42400,42150,42350,193460,42350.0,0.0,0.0
2019-01-24 00:00:00+00:00,42400,42600,42350,42450,234470,42450.0,0.002358491659292883,0.002358491659292883
2019-01-25 00:00:00+00:00,42400,42600,42300,42400,213470,42400.0,-0.0011785505194442526,-0.0011785505194442526
2019-01-28 00:00:00+00:00,42500,42500,42100,42100,216330,42100.0,-0.0071006215495763155,-0.0071006215495763155
2019-01-29 00:00:00+00:00,42400,42500,42000,42500,430580,42500.0,0.009456335242035444,0.009456335242035444
2019-01-30 00:00:00+00:00,42500,43400,42400,43200,689260,43200.0,0.01633641931969338,0.01633641931969338
2019-01-31 00:00:00+00:00,43300,43400,42900,43200,517260,43200.0,0.0,0.0
2019-02-01 00:00:00+00:00,43200,43200,41500,42600,599890,42600.0,-0.01398624197473984,-0.01398624197473984
2019-02-11 00:00:00+00:00,43000,44300,42700,44150,1000430,44150.0,0.0357386737746442,0.0357386737746442
2019-02-12 00:00:00+00:00,44000,44600,43900,43900,701570,43900.0,-0.005678606968843344,-0.005678606968843344
2019-02-13 00:00:00+00:00,44000,45000,44000,44550,1125370,44550.0,0.014697833835692582,0.014697833835692582
2019-02-14 00:00:00+00:00,44650,44900,44250,44250,616980,44250.0,-0.0067567824628797625,-0.0067567824628797625
2019-02-15 00:00:00+00:00,44250,44450,44000,44200,647230,44200.0,-0.0011305823702860267,-0.0011305823702860267
2019-02-18 00:00:00+00:00,44500,44600,44100,44400,306310,44400.0,0.004514680354526613,0.004514680354526613
2019-02-19 00:00:00+00:00,44700,45150,44300,44400,1470880,44400.0,0.0,0.0
2019-02-20 00:00:00+00:00,44300,45050,44300,44850,499430,44850.0,0.010084119066626008,0.010084119066626008
2019-02-21 00:00:00+00:00,44700,44900,44300,44800,749950,44800.0,-0.0011154490838656095,-0.0011154490838656095
2019-02-22 00:00:00+00:00,44800,45400,44400,45200,1243720,45200.0,0.008888947417245994,0.008888947417245994
2019-02-25 00:00:00+00:00,45550,46200,45450,45500,1023660,45500.0,0.006615239118719183,0.006615239118719183
2019-02-26 00:00:00+00:00,45600,45600,45000,45200,663220,45200.0,-0.006615239118719205,-0.006615239118719205
2019-02-27 00:00:00+00:00,45200,45450,44900,45100,485650,45100.0,-0.0022148403295527874,-0.0022148403295527874
2019-02-28 00:00:00+00:00,45100,45100,44200,44200,1372190,44200.0,-0.02015745742498017,-0.02015745742498017
2019-03-01 00:00:00+00:00,44550,44600,44150,44600,590780,44600.0,0.00900906994236591,0.00900906994236591
2019-03-04 00:00:00+00:00,44600,45200,44600,45000,806770,45000.0,0.008928630744301398,0.008928630744301398
2019-03-05 00:00:00+00:00,45000,45200,44800,44900,824300,44900.0,-0.0022246950221111624,-0.0022246950221111624
2019-03-06 00:00:00+00:00,44950,45100,44450,44600,695230,44600.0,-0.006703935722190218,-0.006703935722190218
2019-03-07 00:00:00+00:00,44600,45000,44600,44750,374340,44750.0,0.0033575856948459474,0.0033575856948459474
2019-03-08 00:00:00+00:00,44700,44800,44450,44650,693180,44650.0,-0.0022371373983563216,-0.0022371373983563216
2019-03-11 00:00:00+00:00,44650,44850,44450,44500,364520,44500.0,-0.0033651181503135588,-0.0033651181503135588
2019-03-12 00:00:00+00:00,44750,46500,44750,46500,1930870,46500.0,0.043963123421116204,0.043963123421116204
2019-03-13 00:00:00+00:00,46500,46700,46200,46200,1001890,46200.0,-0.006472514505617479,-0.006472514505617479
2019-03-14 00:00:00+00:00,46200,46500,46000,46350,510200,46350.0,0.003241493924171023,0.003241493924171023
2019-03-15 00:00:00+00:00,46250,46300,45750,46000,1041840,46000.0,-0.007579895522769107,-0.007579895522769107
2019-03-18 00:00:00+00:00,46300,46450,45950,46200,994080,46200.0,0.004338401598598141,0.004338401598598141
2019-03-19 00:00:00+00:00,46200,46300,45700,45700,914720,45700.0,-0.010881500187534173,-0.010881500187534173
2019-03-20 00:00:00+00:00,45600,45900,45250,45450,797270,45450.0,-0.005485477276671203,-0.005485477276671203
2019-03-21 00:00:00+00:00,45800,45800,45100,45100,825740,45100.0,-0.007730574114855121,-0.007730574114855121
2019-03-22 00:00:00+00:00,45100,45400,45050,45050,687690,45050.0,-0.0011092624542857338,-0.0011092624542857338
2019-03-25 00:00:00+00:00,44200,45000,44200,44400,633520,44400.0,-0.014533514616167795,-0.014533514616167795
2019-03-26 00:00:00+00:00,45000,45000,44500,44750,386120,44750.0,0.007851975282685391,0.007851975282685391
2019-03-27 00:00:00+00:00,44800,45100,44800,45000,589040,45000.0,0.0055710450494554295,0.0055710450494554295
2019-03-28 00:00:00+00:00,44750,45350,44750,45150,362360,45150.0,0.0033277900926747457,0.0033277900926747457
2019-03-29 00:00:00+00:00,45600,45600,45300,45500,446750,45500.0,0.0077220460939103185,0.0077220460939103185
2019-04-01 00:00:00+00:00,45900,45900,45500,45800,327500,45800.0,0.006571765163234519,0.006571765163234519
2019-04-02 00:00:00+00:00,45800,46700,45800,46000,1354480,46000.0,0.004357305368955626,0.004357305368955626
2019-04-03 00:00:00+00:00,46400,47200,46000,47200,1034100,47200.0,0.025752496102414764,0.025752496102414764
2019-04-04 00:00:00+00:00,47500,48200,47250,47800,1716130,47800.0,0.012631746905900564,0.012631746905900564
2019-04-05 00:00:00+00:00,47800,47900,47450,47800,615200,47800.0,0.0,0.0
2019-04-08 00:00:00+00:00,47650,48000,47450,47800,452660,47800.0,0.0,0.0
2019-04-09 00:00:00+00:00,47800,48500,47300,47300,1011680,47300.0,-0.010515343999523008,-0.010515343999523008
2019-04-10 00:00:00+00:00,47000,47300,46750,46900,731100,46900.0,-0.008492620045653588,-0.008492620045653588
2019-04-11 00:00:00+00:00,46900,47500,46850,47000,359910,47000.0,0.002129926257824849,0.002129926257824849
2019-04-12 00:00:00+00:00,46850,48400,46850,48200,875090,48200.0,0.02521141934649607,0.02521141934649607
2019-04-16 00:00:00+00:00,47500,48200,47500,47900,907000,47900.0,-0.006243516639685047,-0.006243516639685047
2019-04-17 00:00:00+00:00,48300,49500,48200,48500,1959530,48500.0,0.012448293526567863,0.012448293526567863
2019-04-18 00:00:00+00:00,48500,49250,48050,48500,975930,48500.0,0.0,0.0
2019-04-19 00:00:00+00:00,48700,48900,48400,48450,453980,48450.0,-0.0010314596066622707,-0.0010314596066622707
2019-04-22 00:00:00+00:00,48500,48500,47800,47900,826090,47900.0,-0.01141683391990567,-0.01141683391990567
2019-04-23 00:00:00+00:00,47900,48450,47500,47900,549400,47900.0,0.0,0.0
2019-04-24 00:00:00+00:00,48500,48650,48100,48550,855130,48550.0,0.013478690320464259,0.013478690320464259
2019-04-25 00:00:00+00:00,48500,49150,48450,48800,970660,48800.0,0.005136118121767492,0.005136118121767492
2019-04-26 00:00:00+00:00,48900,49750,48800,49550,864950,49550.0,0.015251947916895424,0.015251947916895424
2019-05-02 00:00:00+00:00,49800,50200,49650,49850,885020,49850.0,0.0060362356318502414,0.0060362356318502414
2019-05-03 00:00:00+00:00,49900,50000,49600,50000,1059570,50000.0,0.003004509020298722,0.003004509020298722
2019-05-06 00:00:00+00:00,49000,49400,48450,48750,1455140,48750.0,-0.025317807984289897,-0.025317807984289897
2019-05-07 00:00:00+00:00,49100,49700,49050,49700,1094880,49700.0,0.019299735658726967,0.019299735658726967
2019-05-08 00:00:00+00:00,49300,49700,49000,49650,959020,49650.0,-0.0010065426114013946,-0.0010065426114013946
2019-05-09 00:00:00+00:00,49600,49650,48600,48600,860940,48600.0,-0.021374859584733563,-0.021374859584733563
2019-05-10 00:00:00+00:00,49000,49250,48750,49000,1027830,49000.0,0.00819676720417849,0.00819676720417849
2019-05-13 00:00:00+00:00,49000,49800,49000,49500,850540,49500.0,0.010152371464017908,0.010152371464017908
2019-05-14 00:00:00+00:00,49400,50800,49100,50200,1560830,50200.0,0.014042357123038984,0.014042357123038984
2019-05-15 00:00:00+00:00,50500,50600,50100,50400,1539940,50400.0,0.003976148379639417,0.003976148379639417
2019-05-16 00:00:00+00:00,50400,50700,49650,49650,1891290,49650.0,-0.01499278458614128,-0.01499278458614128
2019-05-17 00:00:00+00:00,45000,45000,44300,44450,1487590,44450.0,-0.110633428531268,-0.110633428531268
2019-05-20 00:00:00+00:00,44500,45300,44500,45250,1792130,45250.0,0.01783770818602145,0.01783770818602145
2019-05-21 00:00:00+00:00,45500,46050,45350,45900,1016530,45900.0,0.014262446920564371,0.014262446920564371
2019-05-22 00:00:00+00:00,45950,46150,45250,45250,1563650,45250.0,-0.014262446920564366,-0.014262446920564366
2019-05-23 00:00:00+00:00,45250,45800,45200,45700,1267520,45700.0,0.00989562775422384,0.00989562775422384
2019-05-24 00:00:00+00:00,45500,45950,45250,45600,1014750,45600.0,-0.0021905813798185863,-0.0021905813798185863
2019-05-27 00:00:00+00:00,45300,45450,44650,45250,1261950,45250.0,-0.007705046374405264,-0.007705046374405264
2019-05-28 00:00:00+00:00,45000,45400,44750,44850,518470,44850.0,-0.008879081641130047,-0.008879081641130047
2019-05-29 00:00:00+00:00,44850,44850,44000,44100,1505300,44100.0,-0.016863806052004805,-0.016863806052004805
2019-05-30 00:00:00+00:00,44100,44700,43900,44550,986450,44550.0,0.010152371464017908,0.010152371464017908
2019-05-31 00:00:00+00:00,44600,44800,44100,44100,611860,44100.0,-0.010152371464017962,-0.010152371464017962
2019-06-03 00:00:00+00:00,44000,44100,43500,43500,881810,43500.0,-0.013698844358161915,-0.013698844358161915
2019-06-04 00:00:00+00:00,43500,43700,43250,43300,537160,43300.0,-0.004608303086194219,-0.004608303086194219
2019-06-05 00:00:00+00:00,43500,43900,43500,43600,500100,43600.0,0.006904515346544486,0.006904515346544486
2019-06-06 00:00:00+00:00,43800,44700,43600,44500,922740,44500.0,0.020432038817205934,0.020432038817205934
2019-06-07 00:00:00+00:00,44800,45250,44700,45200,1304680,45200.0,0.015607897665990968,0.015607897665990968
2019-06-10 00:00:00+00:00,45500,45700,44800,45100,1227340,45100.0,-0.0022148403295527874,-0.0022148403295527874
2019-06-11 00:00:00+00:00,45100,45600,44900,45200,1296500,45200.0,0.0022148403295528213,0.0022148403295528213
2019-06-12 00:00:00+00:00,45200,45600,45000,45050,1284520,45050.0,-0.00332410278383856,-0.00332410278383856
2019-06-13 00:00:00+00:00,45050,45100,44500,44550,856270,44550.0,-0.011160830137528622,-0.011160830137528622
2019-06-14 00:00:00+00:00,44600,44900,44400,44400,559800,44400.0,-0.00337268447863923,-0.00337268447863923
2019-06-17 00:00:00+00:00,44100,44500,43900,44050,1013550,44050.0,-0.00791411705599053,-0.00791411705599053
2019-06-18 00:00:00+00:00,44350,44450,43750,44050,763680,44050.0,0.0,0.0
2019-06-19 00:00:00+00:00,44300,44700,44200,44650,530820,44650.0,0.013528954940319648,0.013528954940319648
2019-06-20 00:00:00+00:00,44300,44700,44200,44650,530820,44650.0,0.0,0.0
2019-06-21 00:00:00+00:00,45500,45600,45250,45400,872460,45400.0,0.016657797724794195,0.016657797724794195
2019-06-24 00:00:00+00:00,45400,45450,45150,45150,726160,45150.0,-0.005521825184307861,-0.005521825184307861
2019-06-25 00:00:00+00:00,45000,46550,44800,46500,3269450,46500.0,0.029462032730316282,0.029462032730316282
2019-06-26 00:00:00+00:00,46500,46500,46100,46150,1014470,46150.0,-0.007555351644449502,-0.007555351644449502
2019-06-27 00:00:00+00:00,46050,46100,45300,45400,1221860,45400.0,-0.01638485590155886,-0.01638485590155886
2019-06-28 00:00:00+00:00,45400,46000,44900,45500,2479220,45500.0,0.0022002209096023376,0.0022002209096023376
2019-07-01 00:00:00+00:00,46000,47100,45900,47100,2551280,47100.0,0.03456067506546743,0.03456067506546743
2019-07-02 00:00:00+00:00,47000,47500,46650,46900,1600280,46900.0,-0.0042553255701383835,-0.0042553255701383835
2019-07-03 00:00:00+00:00,46700,46900,46550,46800,1275860,46800.0,-0.002134472528632681,-0.002134472528632681
2019-07-04 00:00:00+00:00,47000,47200,46800,46950,1275800,46950.0,0.0032000027306708497,0.0032000027306708497
2019-07-05 00:00:00+00:00,46800,47000,46400,46600,1137770,46600.0,-0.007482664522671747,-0.007482664522671747
2019-07-08 00:00:00+00:00,46500,46900,46050,46300,1303050,46300.0,-0.0064585800394118195,-0.0064585800394118195
2019-07-09 00:00:00+00:00,46300,46850,46100,46750,992570,46750.0,0.009672294642507507,0.009672294642507507
2019-07-10 00:00:00+00:00,46950,47450,46800,47050,1281980,47050.0,0.006396610296692573,0.006396610296692573
2019-07-11 00:00:00+00:00,47150,47250,46800,47000,854140,47000.0,-0.0010632643213300003,-0.0010632643213300003
2019-07-12 00:00:00+00:00,47100,47450,46800,47000,1241970,47000.0,0.0,0.0
2019-07-15 00:00:00+00:00,46950,47550,46850,47300,1176060,47300.0,0.00636269378782865,0.00636269378782865
2019-07-16 00:00:00+00:00,47350,47800,47250,47300,1160000,47300.0,0.0,0.0
2019-07-17 00:00:00+00:00,47300,47500,47000,47050,1292630,47050.0,-0.005299429466498591,-0.005299429466498591
2019-07-18 00:00:00+00:00,47000,47100,46800,46800,1035440,46800.0,-0.005327663107787538,-0.005327663107787538
2019-07-19 00:00:00+00:00,46950,48300,46900,48200,2811560,48200.0,0.029475818132953465,0.029475818132953465
2019-07-22 00:00:00+00:00,48200,48650,47950,48350,1755780,48350.0,0.0031072008427487003,0.0031072008427487003
2019-07-23 00:00:00+00:00,48500,48800,48100,48800,948550,48800.0,0.009264090959798172,0.009264090959798172
2019-07-24 00:00:00+00:00,49350,49400,48600,48600,1952770,48600.0,-0.004106781952653359,-0.004106781952653359
2019-07-25 00:00:00+00:00,48600,48950,48500,48650,1157100,48650.0,0.0010282777255660649,0.0010282777255660649
2019-07-26 00:00:00+00:00,48500,48800,48350,48800,1043020,48800.0,0.0030785042270873733,0.0030785042270873733
2019-07-29 00:00:00+00:00,48800,48800,48200,48600,1130450,48600.0,-0.004106781952653359,-0.004106781952653359
2019-07-30 00:00:00+00:00,48600,48600,47700,47800,2092220,47800.0,-0.016597891409037828,-0.016597891409037828
2019-07-31 00:00:00+00:00,47800,48400,47500,48400,1111880,48400.0,0.012474174225175818,0.012474174225175818
2019-08-01 00:00:00+00:00,48400,48600,48200,48350,965060,48350.0,-0.0010335918232826594,-0.0010335918232826594
2019-08-02 00:00:00+00:00,48050,49000,47850,48800,1451900,48800.0,0.009264090959798172,0.009264090959798172
2019-08-05 00:00:00+00:00,49000,49800,48800,49000,2322100,49000.0,0.004089985251525066,0.004089985251525066
2019-08-06 00:00:00+00:00,48200,49300,48200,48950,1304570,48950.0,-0.0010209291341072334,-0.0010209291341072334
2019-08-07 00:00:00+00:00,49000,49750,48950,49750,1246410,49750.0,0.016211094628082467,0.016211094628082467
2019-08-08 00:00:00+00:00,49850,50600,49850,50300,2085510,50300.0,0.010994613501091816,0.010994613501091816
2019-08-09 00:00:00+00:00,50300,51400,50000,51100,1751680,51100.0,0.01577942010396521,0.01577942010396521
2019-08-12 00:00:00+00:00,51100,52600,50700,52300,1817920,52300.0,0.023211873861218466,0.023211873861218466
2019-08-13 00:00:00+00:00,52100,53200,51700,52500,2237980,52500.0,0.003816798526700811,0.003816798526700811
2019-08-14 00:00:00+00:00,53000,53700,52800,53200,2205370,53200.0,0.013245226750020723,0.013245226750020723
2019-08-15 00:00:00+00:00,51900,53000,51400,53000,2223880,53000.0,-0.0037664827954768934,-0.0037664827954768934
2019-08-16 00:00:00+00:00,53000,55100,52000,52000,4531020,52000.0,-0.019048194970694474,-0.019048194970694474
2019-08-19 00:00:00+00:00,52000,52700,51200,52400,2849780,52400.0,0.007662872745569097,0.007662872745569097
2019-08-20 00:00:00+00:00,52400,53800,52400,54000,2277750,54000.0,0.030077455237277954,0.030077455237277954
2019-08-21 00:00:00+00:00,54100,54500,53400,53600,1808020,53600.0,-0.00743497848751809,-0.00743497848751809
2019-08-22 00:00:00+00:00,53600,54300,52900,53000,1892640,53000.0,-0.011257154524634447,-0.011257154524634447
2019-08-23 00:00:00+00:00,53100,54400,52600,54400,1868200,54400.0,0.026072240309775105,0.026072240309775105
2019-08-26 00:00:00+00:00,53500,54200,53500,53700,1756160,53700.0,-0.012951152347077893,-0.012951152347077893
2019-08-27 00:00:00+00:00,54000,54300,52800,52800,1566370,52800.0,-0.016901810802603254,-0.016901810802603254
2019-08-28 00:00:00+00:00,53000,53200,52100,52100,1537860,52100.0,-0.0133462419528946,-0.0133462419528946
2019-08-29 00:00:00+00:00,52200,52800,51900,52700,972940,52700.0,0.011450506787995505,0.011450506787995505
2019-08-30 00:00:00+00:00,53000,53400,52900,53100,708360,53100.0,0.007561472700576488,0.007561472700576488
2019-09-03 00:00:00+00:00,53000,54000,53000,53700,1360230,53700.0,0.011236073266925752,0.011236073266925752
2019-09-04 00:00:00+00:00,53700,54200,53000,53200,1655300,53200.0,-0.009354605167220349,-0.009354605167220349
2019-09-05 00:00:00+00:00,53400,53500,52600,52600,1243680,52600.0,-0.011342276603934495,-0.011342276603934495
2019-09-06 00:00:00+00:00,52900,53200,52300,52900,1142710,52900.0,0.005687219120589514,0.005687219120589514
2019-09-09 00:00:00+00:00,53000,54400,52500,53800,2507800,53800.0,0.016870128303484975,0.016870128303484975
2019-09-10 00:00:00+00:00,54200,54400,53600,54000,1731610,54000.0,0.0037105793965355534,0.0037105793965355534
2019-09-11 00:00:00+00:00,54000,54200,53400,54100,1179670,54100.0,0.0018501392881613734,0.0018501392881613734
2019-09-12 00:00:00+00:00,54400,56400,54400,56500,3799910,56500.0,0.04340645229995932,0.04340645229995932
2019-09-13 00:00:00+00:00,56500,57400,56300,56800,2123900,56800.0,0.005295687574710503,0.005295687574710503
2019-09-16 00:00:00+00:00,56900,58000,56700,57700,1339560,57700.0,0.015720847786948246,0.015720847786948246
2019-09-17 00:00:00+00:00,57300,58100,57100,57600,1194690,57600.0,-0.0017346058122083075,-0.0017346058122083075
2019-09-18 00:00:00+00:00,57900,57900,56300,56400,2592910,56400.0,-0.02105340919783238,-0.02105340919783238
2019-09-19 00:00:00+00:00,56600,57800,56200,57800,1432730,57800.0,0.02451961717431866,0.02451961717431866
2019-09-20 00:00:00+00:00,57700,58800,57600,58200,1396120,58200.0,0.006896579059060459,0.006896579059060459
2019-09-23 00:00:00+00:00,58000,58300,56700,56500,2313090,56500.0,-0.029644716584996886,-0.029644716584996886
2019-09-24 00:00:00+00:00,56400,57000,55800,56200,2537600,56200.0,-0.005323881252749855,-0.005323881252749855
2019-09-25 00:00:00+00:00,56300,57400,56100,57400,1442410,57400.0,0.021127546425875277,0.021127546425875277
2019-09-26 00:00:00+00:00,57700,58000,57200,57700,992640,57700.0,0.00521287018853321,0.00521287018853321
2019-09-27 00:00:00+00:00,57600,58800,57400,58500,2510520,58500.0,0.013769580723757035,0.013769580723757035
2019-09-30 00:00:00+00:00,59300,59500,57700,57700,2199170,57700.0,-0.013769580723756883,-0.013769580723756883
2019-10-01 00:00:00+00:00,57700,58500,57600,58500,1644130,58500.0,0.013769580723757035,0.013769580723757035
2019-10-02 00:00:00+00:00,58500,58600,57200,57200,2439020,57200.0,-0.02247285585205863,-0.02247285585205863
2019-10-03 00:00:00+00:00,56600,57400,56400,57200,2804850,57200.0,0.0,0.0
2019-10-04 00:00:00+00:00,57500,57500,56700,56800,1271210,56800.0,-0.007017572658646535,-0.007017572658646535
2019-10-07 00:00:00+00:00,56800,57200,55600,55500,2371810,55500.0,-0.023153304974716866,-0.023153304974716866
2019-10-08 00:00:00+00:00,55500,56200,55200,56100,1337220,56100.0,0.010752791776261697,0.010752791776261697
2019-10-09 00:00:00+00:00,56300,57000,55800,56400,937530,56400.0,0.005333345975362603,0.005333345975362603
2019-10-10 00:00:00+00:00,56600,57000,56400,56400,808000,56400.0,0.0,0.0
2019-10-11 00:00:00+00:00,56700,56900,56400,56500,794420,56500.0,0.0017714796483820209,0.0017714796483820209
2019-10-14 00:00:00+00:00,57000,58200,56800,57700,2231030,57700.0,0.021016535361658564,0.021016535361658564
2019-10-15 00:00:00+00:00,57800,57800,57400,57400,663910,57400.0,-0.005212870188533099,-0.005212870188533099
2019-10-16 00:00:00+00:00,57800,58000,57400,57500,829050,57500.0,0.0017406444777841182,0.0017406444777841182
2019-10-17 00:00:00+00:00,57400,57500,56600,56700,1621590,56700.0,-0.014010737069598333,-0.014010737069598333
2019-10-18 00:00:00+00:00,56800,57600,56600,57100,1447340,57100.0,0.007029905928258146,0.007029905928258146
2019-10-21 00:00:00+00:00,57400,57400,56300,56500,1260490,56500.0,-0.01056347850956926,-0.01056347850956926
2019-10-22 00:00:00+00:00,56500,56600,55700,56300,1534380,56300.0,-0.003546103006750589,-0.003546103006750589
2019-10-23 00:00:00+00:00,56000,57000,56000,56400,747810,56400.0,0.0017746233583684796,0.0017746233583684796
2019-10-24 00:00:00+00:00,56800,58200,56400,58200,2233890,58200.0,0.031416196233378914,0.031416196233378914
2019-10-25 00:00:00+00:00,58300,58500,57700,58000,1355310,58000.0,-0.00344234419097279,-0.00344234419097279
2019-10-28 00:00:00+00:00,58000,58800,57800,58100,1494820,58100.0,0.001722653311446156,0.001722653311446156
2019-10-29 00:00:00+00:00,58200,58300,57800,57900,953020,57900.0,-0.0034482792789159327,-0.0034482792789159327
2019-10-30 00:00:00+00:00,57900,58100,57600,57800,1102070,57800.0,-0.0017286089006177425,-0.0017286089006177425
2019-10-31 00:00:00+00:00,58000,58700,57800,57900,1263390,57900.0,0.001728608900617689,0.001728608900617689
2019-11-01 00:00:00+00:00,58000,58700,57600,58500,1732950,58500.0,0.010309369658861287,0.010309369658861287
2019-11-04 00:00:00+00:00,58700,60500,58700,59900,5811560,59900.0,0.023649750883592772,0.023649750883592772
2019-11-05 00:00:00+00:00,60100,60100,59400,59800,1239520,59800.0,-0.0016708441648176058,-0.0016708441648176058
2019-11-06 00:00:00+00:00,59800,60400,59500,59500,1551610,59500.0,-0.005029348405001973,-0.005029348405001973
2019-11-07 00:00:00+00:00,59500,59900,59200,59500,1438030,59500.0,0.0,0.0
2019-11-08 00:00:00+00:00,59800,59800,59200,59600,1219540,59600.0,0.0016792615197199939,0.0016792615197199939
2019-11-11 00:00:00+00:00,59700,60600,59500,60000,2180490,60000.0,0.00668898815079671,0.00668898815079671
2019-11-12 00:00:00+00:00,60000,61300,60000,61000,2842650,61000.0,0.016529301951210506,0.016529301951210506
2019-11-13 00:00:00+00:00,61200,61300,60500,60500,1333940,60500.0,-0.00823049913651548,-0.00823049913651548
2019-11-14 00:00:00+00:00,60500,61000,57500,58300,4799390,58300.0,-0.0370412716803491,-0.0370412716803491
2019-11-15 00:00:00+00:00,58300,58800,57700,58600,2568040,58600.0,0.005132603226520216,0.005132603226520216
2019-11-18 00:00:00+00:00,58400,58800,57100,57500,2794920,57500.0,-0.018949748779662122,-0.018949748779662122
2019-11-19 00:00:00+00:00,57500,58300,57500,58300,1059770,58300.0,0.013817145553141903,0.013817145553141903
2019-11-20 00:00:00+00:00,58200,58200,56600,56800,2291760,56800.0,-0.026065767629341034,-0.026065767629341034
2019-11-21 00:00:00+00:00,56800,57100,55900,56000,3303950,56000.0,-0.014184634991956413,-0.014184634991956413
2019-11-22 00:00:00+00:00,56300,57100,55500,56000,1625820,56000.0,0.0,0.0
2019-11-25 00:00:00+00:00,56100,57000,55800,56600,1087990,56600.0,0.010657294473987979,0.010657294473987979
2019-11-26 00:00:00+00:00,57000,57200,56800,57100,968690,57100.0,0.008795131452827345,0.008795131452827345
2019-11-27 00:00:00+00:00,57200,57400,56900,57000,812280,57000.0,-0.0017528488274143605,-0.0017528488274143605
2019-11-28 00:00:00+00:00,56900,56900,55800,56000,1370820,56000.0,-0.017699577099400975,-0.017699577099400975
2019-11-29 00:00:00+00:00,56000,56800,55800,56400,739370,56400.0,0.007117467768863955,0.007117467768863955
2019-12-02 00:00:00+00:00,56500,56500,54600,54600,1992380,54600.0,-0.032435275753153844,-0.032435275753153844
2019-12-03 00:00:00+00:00,54200,55200,53300,54500,1619120,54500.0,-0.0018331810816609605,-0.0018331810816609605
2019-12-04 00:00:00+00:00,54500,55500,54000,55400,932130,55400.0,0.01637889208403968,0.01637889208403968
2019-12-05 00:00:00+00:00,55500,55800,54800,54900,1144000,54900.0,-0.009066245237753194,-0.009066245237753194
2019-12-06 00:00:00+00:00,55000,55400,54700,55000,556160,55000.0,0.0018198367169858993,0.0018198367169858993
2019-12-09 00:00:00+00:00,55200,55800,55000,55300,700960,55300.0,0.005439723295818121,0.005439723295818121
2019-12-10 00:00:00+00:00,55300,55800,54800,55500,797100,55500.0,0.0036101122240997934,0.0036101122240997934
2019-12-11 00:00:00+00:00,55500,56600,55200,56500,877960,56500.0,0.01785761740000647,0.01785761740000647
2019-12-12 00:00:00+00:00,56800,57200,56700,57000,942410,57000.0,0.008810629682154906,0.008810629682154906
2019-12-13 00:00:00+00:00,57200,57500,56900,57100,1681700,57100.0,0.0017528488274143868,0.0017528488274143868
2019-12-16 00:00:00+00:00,57100,57100,56400,56500,968130,56500.0,-0.01056347850956926,-0.01056347850956926
2019-12-17 00:00:00+00:00,56200,56400,55100,55400,2211360,55400.0,-0.01966104439915712,-0.01966104439915712
2019-12-18 00:00:00+00:00,55400,56000,55000,55500,1022490,55500.0,0.0018034269991507267,0.0018034269991507267
2019-12-19 00:00:00+00:00,55500,56200,55400,55800,817820,55800.0,0.005390848634876373,0.005390848634876373
2019-12-20 00:00:00+00:00,56000,56700,55800,56500,777100,56500.0,0.012466768765130067,0.012466768765130067
2019-12-23 00:00:00+00:00,56900,57000,56000,56100,766000,56100.0,-0.007104825623744683,-0.007104825623744683
2019-12-24 00:00:00+00:00,56400,56500,56100,56400,692100,56400.0,0.005333345975362603,0.005333345975362603
2019-12-25 00:00:00+00:00,56400,57900,56400,57500,1604350,57500.0,0.019315789299291487,0.019315789299291487
2019-12-26 00:00:00+00:00,57800,58100,57400,57400,1124500,57400.0,-0.0017406444777839894,-0.0017406444777839894
2019-12-27 00:00:00+00:00,57400,57800,56800,57600,1004860,57600.0,0.0034782643763247925,0.0034782643763247925
2019-12-30 00:00:00+00:00,57800,58900,57600,58600,2881060,58600.0,0.017212128881121426,0.017212128881121426
2019-12-31 00:00:00+00:00,58600,58700,58000,58300,689030,58300.0,-0.005132603226520202,-0.005132603226520202
2020-01-02 00:00:00+00:00,58300,59000,58000,58600,896720,58600.0,0.005132603226520216,0.005132603226520216
2020-01-03 00:00:00+00:00,58900,59100,57400,57600,2047880,57600.0,-0.01721212888112141,-0.01721212888112141
2020-01-06 00:00:00+00:00,57100,57600,56800,57000,1091660,57000.0,-0.010471299867295366,-0.010471299867295366
2020-01-07 00:00:00+00:00,57300,58100,57000,58100,837240,58100.0,0.019114396023315453,0.019114396023315453
2020-01-08 00:00:00+00:00,57500,57700,56800,56800,1814290,56800.0,-0.02262933813075987,-0.02262933813075987
2020-01-09 00:00:00+00:00,57300,57700,57100,57600,967050,57600.0,0.01398624197473987,0.01398624197473987
2020-01-10 00:00:00+00:00,57500,57800,57100,57500,1018650,57500.0,-0.0017376198985408486,-0.0017376198985408486
2020-01-13 00:00:00+00:00,57400,57600,57000,57100,786760,57100.0,-0.006980831141340205,-0.006980831141340205
2020-01-14 00:00:00+00:00,57100,57400,57000,57000,721680,57000.0,-0.0017528488274143605,-0.0017528488274143605
2020-01-15 00:00:00+00:00,57000,57100,56800,57000,940870,57000.0,0.0,0.0
2020-01-16 00:00:00+00:00,57000,58200,57000,58000,1942970,58000.0,0.01739174271186924,0.01739174271186924
2020-01-17 00:00:00+00:00,58000,58100,57000,57600,1388810,57600.0,-0.006920442844573795,-0.006920442844573795
2020-01-20 00:00:00+00:00,57500,58000,57200,57400,1227100,57400.0,-0.0034782643763248086,-0.0034782643763248086
2020-01-21 00:00:00+00:00,57800,58000,55500,55500,4351820,55500.0,-0.033661282573131855,-0.033661282573131855
2020-01-22 00:00:00+00:00,55000,56500,54700,56500,3165650,56500.0,0.01785761740000647,0.01785761740000647
2020-01-30 00:00:00+00:00,55300,55800,53900,54700,2638460,54700.0,-0.03237692872445977,-0.03237692872445977
2020-01-31 00:00:00+00:00,54000,54900,52000,52000,4118150,52000.0,-0.05061999084650822,-0.05061999084650822
2020-02-03 00:00:00+00:00,49600,52500,49000,51500,3503080,51500.0,-0.009661910911736859,-0.009661910911736859
2020-02-04 00:00:00+00:00,52400,52400,51000,51800,1651440,51800.0,0.005808341595746955,0.005808341595746955
2020-02-05 00:00:00+00:00,52300,52800,52000,52100,1522110,52100.0,0.005774799493883958,0.005774799493883958
2020-02-06 00:00:00+00:00,52500,53600,51800,53600,1708550,53600.0,0.028384119317434984,0.028384119317434984
2020-02-07 00:00:00+00:00,53000,53500,52800,53300,1218660,53300.0,-0.005612736904957436,-0.005612736904957436
2020-02-10 00:00:00+00:00,52400,53000,52100,52600,705330,52600.0,-0.013220211428134718,-0.013220211428134718
2020-02-11 00:00:00+00:00,52900,53700,52700,53500,1030030,53500.0,0.01696553415829667,0.01696553415829667
2020-02-12 00:00:00+00:00,53800,54700,53700,54100,1104870,54100.0,0.011152531950474887,0.011152531950474887
2020-02-13 00:00:00+00:00,54100,54500,53700,54300,1030570,54300.0,0.003690041087453963,0.003690041087453963
2020-02-14 00:00:00+00:00,54100,54500,54000,54500,884240,54500.0,0.0036764747293086273,0.0036764747293086273
2020-02-17 00:00:00+00:00,54600,54600,54000,54200,726390,54200.0,-0.00551979322359781,-0.00551979322359781
2020-02-18 00:00:00+00:00,54400,56000,54300,56000,1760940,56000.0,0.0326707822895487,0.0326707822895487
2020-02-19 00:00:00+00:00,55900,56200,55500,55700,681250,55700.0,-0.005371543801910877,-0.005371543801910877
2020-02-20 00:00:00+00:00,56100,56400,55500,55800,780810,55800.0,0.0017937224540269007,0.0017937224540269007
2020-02-21 00:00:00+00:00,55900,55900,54700,54700,1458040,54700.0,-0.01991015995932975,-0.01991015995932975
2020-02-24 00:00:00+00:00,53100,53900,52500,52500,2261990,52500.0,-0.04105053983035741,-0.04105053983035741
2020-02-25 00:00:00+00:00,52100,54000,52000,53900,1407720,53900.0,0.026317308317373358,0.026317308317373358
2020-02-26 00:00:00+00:00,53400,55200,53000,55000,3221270,55000.0,0.02020270731751947,0.02020270731751947
2020-02-27 00:00:00+00:00,55000,56500,54600,56000,2927040,56000.0,0.018018505502678212,0.018018505502678212
2020-02-28 00:00:00+00:00,55000,55700,54600,55100,2132200,55100.0,-0.016201974576280486,-0.016201974576280486
2020-03-02 00:00:00+00:00,55100,56200,54800,55700,1787060,55700.0,0.010830430774369591,0.010830430774369591
2020-03-03 00:00:00+00:00,56200,57000,55700,55900,1193800,55900.0,0.0035842332278151067,0.0035842332278151067
2020-03-04 00:00:00+00:00,55500,55500,54900,55500,1660790,55500.0,-0.007181359408664697,-0.007181359408664697
2020-03-05 00:00:00+00:00,55500,55900,54600,54600,1296450,54600.0,-0.01634913800152941,-0.01634913800152941
2020-03-06 00:00:00+00:00,54200,54300,53500,54000,1305030,54000.0,-0.011049836186584935,-0.011049836186584935
2020-03-09 00:00:00+00:00,51200,52000,50300,50300,4735140,50300.0,-0.07097896945858088,-0.07097896945858088
2020-03-10 00:00:00+00:00,51000,52000,50300,51700,2030340,51700.0,0.027452704408689837,0.027452704408689837
2020-03-11 00:00:00+00:00,52000,52500,49500,50800,2753310,50800.0,-0.017561426929947294,-0.017561426929947294
2020-03-12 00:00:00+00:00,48600,49300,47300,48100,3981670,48100.0,-0.05461417747272073,-0.05461417747272073
2020-03-13 00:00:00+00:00,45300,50000,45200,48150,2919140,48150.0,0.0010389611324190385,0.0010389611324190385
2020-03-16 00:00:00+00:00,48150,49700,47500,47600,1898960,47600.0,-0.01148837700676028,-0.01148837700676028
2020-03-17 00:00:00+00:00,47000,48500,46500,48500,2474650,48500.0,0.018731036706063128,0.018731036706063128
2020-03-18 00:00:00+00:00,49000,49100,48350,48400,1642800,48400.0,-0.0020639842208514825,-0.0020639842208514825
2020-03-19 00:00:00+00:00,47600,48100,47600,47700,1296590,47700.0,-0.014568415828290498,-0.014568415828290498
2020-03-20 00:00:00+00:00,48200,48250,47350,47700,1291360,47700.0,0.0,0.0
2020-03-23 00:00:00+00:00,46100,46900,44400,44400,2826690,44400.0,-0.07169192845611645,-0.07169192845611645
2020-03-24 00:00:00+00:00,45000,45000,43500,44500,2191500,44500.0,0.002249719734015546,0.002249719734015546
2020-03-25 00:00:00+00:00,46000,46400,45150,46000,2131790,46000.0,0.03315220731690055,0.03315220731690055
2020-03-26 00:00:00+00:00,45500,45850,44200,44200,2358310,44200.0,-0.039916607405442554,-0.039916607405442554
2020-03-27 00:00:00+00:00,44400,44400,42900,43100,2633750,43100.0,-0.025201791973950362,-0.025201791973950362
2020-03-30 00:00:00+00:00,40500,41100,40100,40400,2157690,40400.0,-0.0646932121425977,-0.0646932121425977
2020-03-31 00:00:00+00:00,41500,42400,40100,41100,1663050,41100.0,0.017178336535084552,0.017178336535084552
2020-04-01 00:00:00+00:00,40800,43200,40800,42300,1453030,42300.0,0.028778964550043327,0.028778964550043327
2020-04-03 00:00:00+00:00,43000,44650,42700,44600,2072000,44600.0,0.05294677297378607,0.05294677297378607
2020-04-06 00:00:00+00:00,46000,47500,45500,47500,2718990,47500.0,0.06299585201457722,0.06299585201457722
2020-04-07 00:00:00+00:00,47500,47700,46500,47300,2463810,47300.0,-0.004219415542708211,-0.004219415542708211
2020-04-08 00:00:00+00:00,46100,47050,45750,46850,1576670,46850.0,-0.009559286813456086,-0.009559286813456086
2020-04-09 00:00:00+00:00,47000,47600,46500,46850,2142370,46850.0,0.0,0.0
2020-04-10 00:00:00+00:00,46600,47000,45900,46400,1882020,46400.0,-0.009651549452221585,-0.009651549452221585
2020-04-13 00:00:00+00:00,46400,47000,46100,46500,1255360,46500.0,0.0021528533611010927,0.0021528533611010927
2020-04-14 00:00:00+00:00,47600,49500,47000,49500,4072050,49500.0,0.06252035698133393,0.06252035698133393
2020-04-15 00:00:00+00:00,50500,50800,49850,50100,2205200,50100.0,0.012048338516174574,0.012048338516174574
2020-04-16 00:00:00+00:00,49700,50800,49300,50300,1508480,50300.0,0.003984069014874513,0.003984069014874513
2020-04-17 00:00:00+00:00,51200,51300,50200,51200,2631630,51200.0,0.017734454939768475,0.017734454939768475
2020-04-20 00:00:00+00:00,51900,52000,50700,51300,2239780,51300.0,0.0019512201312617493,0.0019512201312617493
2020-04-21 00:00:00+00:00,50500,50900,48900,49300,3737050,49300.0,-0.039766671128079426,-0.039766671128079426
2020-04-22 00:00:00+00:00,48800,51200,48700,51100,2445860,51100.0,0.03586041616101424,0.03586041616101424
2020-04-23 00:00:00+00:00,52100,52200,51000,51000,1363410,51000.0,-0.001958864485333034,-0.001958864485333034
2020-04-24 00:00:00+00:00,50900,51200,50100,51000,1411380,51000.0,0.0,0.0
2020-04-27 00:00:00+00:00,51500,51500,50500,50700,1388150,50700.0,-0.005899722127188271,-0.005899722127188271
2020-04-28 00:00:00+00:00,50700,50800,50200,50700,974310,50700.0,0.0,0.0
2020-04-29 00:00:00+00:00,50800,51400,50500,50800,1349230,50800.0,0.0019704439872987385,0.0019704439872987385
2020-05-04 00:00:00+00:00,50200,50900,49800,50500,895530,50500.0,-0.005923018303122056,-0.005923018303122056
2020-05-05 00:00:00+00:00,50800,51000,50400,50900,677990,50900.0,0.007889587275162924,0.007889587275162924
2020-05-06 00:00:00+00:00,51000,53100,51000,52900,3470150,52900.0,0.038540415307776604,0.038540415307776604
2020-05-07 00:00:00+00:00,53000,53500,52400,53500,2030720,53500.0,0.011278315037707274,0.011278315037707274
2020-05-08 00:00:00+00:00,53600,55100,53600,53700,3585320,53700.0,0.003731347612858184,0.003731347612858184
2020-05-11 00:00:00+00:00,54000,54400,53300,54000,2119430,54000.0,0.0055710450494554295,0.0055710450494554295
2020-05-12 00:00:00+00:00,54000,54400,53600,54400,2828190,54400.0,0.00738010729762246,0.00738010729762246
2020-05-13 00:00:00+00:00,47500,49550,47400,49350,6853810,49350.0,-0.0974263879824063,-0.0974263879824063
2020-05-14 00:00:00+00:00,48950,49100,48500,48700,2597400,48700.0,-0.013258735790946437,-0.013258735790946437
2020-05-15 00:00:00+00:00,48300,48900,47750,48000,2430890,48000.0,-0.014478019180653225,-0.014478019180653225
2020-05-18 00:00:00+00:00,47500,48350,47400,48350,2000950,48350.0,0.007265210991412432,0.007265210991412432
2020-05-19 00:00:00+00:00,49200,49700,48600,49250,2879030,49250.0,0.01844314571879458,0.01844314571879458
2020-05-20 00:00:00+00:00,49000,49000,48550,48900,1245380,48900.0,-0.00713197113727159,-0.00713197113727159
2020-05-21 00:00:00+00:00,48900,49300,48850,49300,2007060,49300.0,0.008146684567818108,0.008146684567818108
2020-05-22 00:00:00+00:00,49000,49000,48450,48450,1731720,48450.0,-0.01739174271186922,-0.01739174271186922
2020-05-25 00:00:00+00:00,48500,48600,47800,48450,2033000,48450.0,0.0,0.0
2020-05-26 00:00:00+00:00,48500,48800,48350,48800,1615680,48800.0,0.007197974522326264,0.007197974522326264
2020-05-27 00:00:00+00:00,48900,49400,48000,48000,2098580,48000.0,-0.016529301951210582,-0.016529301951210582
2020-05-28 00:00:00+00:00,48200,48600,48000,48000,1194380,48000.0,0.0,0.0
2020-05-29 00:00:00+00:00,48000,48100,47500,47950,1346170,47950.0,-0.001042209578443754,-0.001042209578443754
2020-06-01 00:00:00+00:00,48000,48350,48000,48300,1298150,48300.0,0.007272759329079878,0.007272759329079878
2020-06-02 00:00:00+00:00,48300,48500,48000,48000,1456730,48000.0,-0.006230549750636086,-0.006230549750636086
2020-06-03 00:00:00+00:00,48000,48950,47900,48650,1893060,48650.0,0.013450797724123038,0.013450797724123038
2020-06-04 00:00:00+00:00,48900,48900,48400,48400,1260060,48400.0,-0.005151994909427998,-0.005151994909427998
2020-06-05 00:00:00+00:00,48400,48700,48150,48700,1236200,48700.0,0.006179216365958118,0.006179216365958118
2020-06-08 00:00:00+00:00,49000,50000,49000,49350,4113250,49350.0,0.013258735790946432,0.013258735790946432
2020-06-09 00:00:00+00:00,49600,49650,48900,49000,1491540,49000.0,-0.0071174677688639896,-0.0071174677688639896
2020-06-10 00:00:00+00:00,49000,49000,48400,48800,1307540,48800.0,-0.004089985251525166,-0.004089985251525166
2020-06-11 00:00:00+00:00,48800,48800,46000,46000,4278060,46000.0,-0.05908891637000644,-0.05908891637000644
2020-06-12 00:00:00+00:00,45000,47000,45000,47000,3145450,47000.0,0.021506205220963682,0.021506205220963682
2020-06-15 00:00:00+00:00,48000,48000,45900,46000,1207500,46000.0,-0.02150620522096362,-0.02150620522096362
2020-06-16 00:00:00+00:00,46600,46800,46300,46600,1100730,46600.0,0.012959144642505116,0.012959144642505116
2020-06-17 00:00:00+00:00,46700,46750,46250,46350,788630,46350.0,-0.005379249119736084,-0.005379249119736084
2020-06-18 00:00:00+00:00,46300,46700,46150,46600,822980,46600.0,0.00537924911973593,0.00537924911973593
2020-06-19 00:00:00+00:00,46600,47000,46600,47000,745470,47000.0,0.008547060578458348,0.008547060578458348
2020-06-22 00:00:00+00:00,47000,47000,46850,47000,787180,47000.0,0.0,0.0
2020-06-23 00:00:00+00:00,46950,48400,46750,47550,1693730,47550.0,0.011634187281340825,0.011634187281340825
2020-06-24 00:00:00+00:00,47900,47950,47050,47200,607000,47200.0,-0.007387896399889571,-0.007387896399889571
2020-06-25 00:00:00+00:00,46650,47100,46600,46800,730810,46800.0,-0.00851068966790862,-0.00851068966790862
2020-06-26 00:00:00+00:00,46800,47150,46700,46850,602880,46850.0,0.001067805760830137,0.001067805760830137
2020-06-29 00:00:00+00:00,46600,46600,45850,46050,1281220,46050.0,-0.01722324598311537,-0.01722324598311537
2020-06-30 00:00:00+00:00,46150,46400,45400,45650,1594210,45650.0,-0.008724155660338382,-0.008724155660338382
2020-07-01 00:00:00+00:00,46000,46300,45800,46200,866660,46200.0,0.01197619104671562,0.01197619104671562
2020-07-02 00:00:00+00:00,46300,46300,45950,46150,539160,46150.0,-0.0010828371388320486,-0.0010828371388320486
2020-07-03 00:00:00+00:00,46500,46500,46100,46250,529760,46250.0,0.00216450300957305,0.00216450300957305
2020-07-06 00:00:00+00:00,46500,46950,46300,46800,1089910,46800.0,0.011821738965166953,0.011821738965166953
2020-07-07 00:00:00+00:00,47000,47900,47000,47450,2739150,47450.0,0.01379332213233577,0.01379332213233577
2020-07-08 00:00:00+00:00,47300,47900,47300,47700,1472610,47700.0,0.005254872838358597,0.005254872838358597
2020-07-09 00:00:00+00:00,47900,48400,47800,48350,2298900,48350.0,0.01353482400500776,0.01353482400500776
2020-07-10 00:00:00+00:00,48100,48250,47500,47800,1164310,47800.0,-0.011440582401893055,-0.011440582401893055
2020-07-13 00:00:00+00:00,48000,48950,47750,48650,2662490,48650.0,0.017626169134603808,0.017626169134603808
2020-07-14 00:00:00+00:00,48300,48850,48300,48550,1549540,48550.0,-0.002057613894680154,-0.002057613894680154
2020-07-15 00:00:00+00:00,48700,48950,48400,48600,1516540,48600.0,0.0010293361691140592,0.0010293361691140592
2020-07-16 00:00:00+00:00,48550,48750,48400,48600,1060530,48600.0,0.0,0.0
2020-07-17 00:00:00+00:00,48500,48500,48100,48100,1313100,48100.0,-0.010341353794732595,-0.010341353794732595
2020-07-20 00:00:00+00:00,48100,48200,47350,47400,2049680,47400.0,-0.01465994841068463,-0.01465994841068463
2020-07-21 00:00:00+00:00,47500,47950,47250,47800,940230,47800.0,0.00840341079637938,0.00840341079637938
2020-07-22 00:00:00+00:00,48000,48000,47300,47400,817890,47400.0,-0.008403410796379504,-0.008403410796379504
2020-07-23 00:00:00+00:00,47400,47750,47100,47750,918630,47750.0,0.007356838225708409,0.007356838225708409
2020-07-24 00:00:00+00:00,47400,47550,45400,45900,3170540,45900.0,-0.039513949860239816,-0.039513949860239816
2020-07-27 00:00:00+00:00,45000,45900,43600,43700,3274350,43700.0,-0.04911701496495498,-0.04911701496495498
2020-07-28 00:00:00+00:00,44400,45800,44150,45700,1953510,45700.0,0.04475019579861462,0.04475019579861462
2020-07-29 00:00:00+00:00,44400,44900,43800,44550,1554200,44550.0,-0.02548614398334065,-0.02548614398334065
2020-07-30 00:00:00+00:00,44600,45150,44600,45150,612240,45150.0,0.01337812594617605,0.01337812594617605
2020-07-31 00:00:00+00:00,44000,45200,44000,44500,1106250,44500.0,-0.014501090690799844,-0.014501090690799844
2020-08-03 00:00:00+00:00,44500,45900,44500,45900,1392200,45900.0,0.03097592789430493,0.03097592789430493
2020-08-04 00:00:00+00:00,46500,46800,46200,46550,1051310,46550.0,0.014061886656576629,0.014061886656576629
2020-08-05 00:00:00+00:00,46500,47150,46250,47000,1328520,47000.0,0.009620597986982485,0.009620597986982485
2020-08-06 00:00:00+00:00,47000,47250,46700,46800,1153660,46800.0,-0.00426439878645754,-0.00426439878645754
2020-08-07 00:00:00+00:00,46800,47800,46800,47100,1283690,47100.0,0.006389798098770988,0.006389798098770988
2020-08-10 00:00:00+00:00,47350,47800,47100,47200,1160370,47200.0,0.0021208915691376296,0.0021208915691376296
2020-08-11 00:00:00+00:00,47450,47450,47000,47000,1209690,47000.0,-0.004246290881451097,-0.004246290881451097
2020-08-12 00:00:00+00:00,47100,47500,46900,47500,1233230,47500.0,0.010582109330537008,0.010582109330537008
2020-08-13 00:00:00+00:00,47700,47950,47500,47950,1709100,47950.0,0.009429090288851687,0.009429090288851687
2020-08-14 00:00:00+00:00,48100,48200,47450,47800,1633770,47800.0,-0.003133161832036931,-0.003133161832036931
2020-08-17 00:00:00+00:00,46900,47000,46500,47000,1048820,47000.0,-0.01687803778735175,-0.01687803778735175
2020-08-18 00:00:00+00:00,47000,47150,46800,46850,625200,46850.0,-0.0031965930256273693,-0.0031965930256273693
2020-08-19 00:00:00+00:00,46900,47050,46650,46850,877190,46850.0,0.0,0.0
2020-08-20 00:00:00+00:00,46900,47450,46850,47050,1824430,47050.0,0.0042598573469575084,0.0042598573469575084
2020-08-21 00:00:00+00:00,47250,47500,47200,47400,1260210,47400.0,0.0074113626696422335,0.0074113626696422335
2020-08-24 00:00:00+00:00,47950,48600,47850,48450,3540210,48450.0,0.021910109635744326,0.021910109635744326
2020-08-25 00:00:00+00:00,48600,48950,48550,48850,3304670,48850.0,0.008222040152016457,0.008222040152016457
2020-08-26 00:00:00+00:00,48800,48850,48200,48400,1328990,48400.0,-0.00925456476620575,-0.00925456476620575
2020-08-27 00:00:00+00:00,48250,50100,48250,49850,3724990,49850.0,0.029518682685261297,0.029518682685261297
2020-08-28 00:00:00+00:00,50200,51100,49900,49900,4009380,49900.0,0.0010025063496255707,0.0010025063496255707
2020-08-31 00:00:00+00:00,49900,50300,49350,49500,1940640,49500.0,-0.008048333182828372,-0.008048333182828372
2020-09-01 00:00:00+00:00,49500,50500,49350,49900,1757410,49900.0,0.008048333182828415,0.008048333182828415
2020-09-03 00:00:00+00:00,50400,50500,49900,50400,2281510,50400.0,0.00997017231984985,0.00997017231984985
2020-09-04 00:00:00+00:00,49500,50000,49500,50000,1538510,50000.0,-0.007968169649176845,-0.007968169649176845
2020-09-07 00:00:00+00:00,49950,50000,48500,48500,2270970,48500.0,-0.030459207484708574,-0.030459207484708574
2020-09-08 00:00:00+00:00,48750,49500,48500,49500,1628870,49500.0,0.020408871631207033,0.020408871631207033
2020-09-09 00:00:00+00:00,48650,49500,48600,49200,1490820,49200.0,-0.006079046076382226,-0.006079046076382226
2020-09-10 00:00:00+00:00,49500,49800,49100,49200,1005950,49200.0,0.0,0.0
2020-09-11 00:00:00+00:00,49000,49200,48850,49150,872160,49150.0,-0.0010167769050868354,-0.0010167769050868354
2020-09-14 00:00:00+00:00,49250,49500,49100,49300,1127400,49300.0,0.003047234455468906,0.003047234455468906
2020-09-15 00:00:00+00:00,49500,50000,49300,50000,1906730,50000.0,0.014098924379501675,0.014098924379501675
2020-09-16 00:00:00+00:00,50000,50800,50000,50500,1918130,50500.0,0.009950330853168092,0.009950330853168092
2020-09-17 00:00:00+00:00,50300,50500,49900,50000,1563010,50000.0,-0.009950330853168092,-0.009950330853168092
2020-09-18 00:00:00+00:00,50100,51400,50000,51200,3306720,51200.0,0.023716526617316065,0.023716526617316065
2020-09-21 00:00:00+00:00,51300,51700,51200,51200,1530250,51200.0,0.0,0.0
2020-09-22 00:00:00+00:00,50800,51300,50600,51300,1630570,51300.0,0.0019512201312617493,0.0019512201312617493
2020-09-23 00:00:00+00:00,51300,51500,50800,51100,1797680,51100.0,-0.0039062549670650995,-0.0039062549670650995
2020-09-24 00:00:00+00:00,50700,51000,50200,50500,1728380,50500.0,-0.011811160928344609,-0.011811160928344609
2020-09-25 00:00:00+00:00,50700,50800,50000,50800,1205550,50800.0,0.005923018303122071,0.005923018303122071
2020-09-28 00:00:00+00:00,50900,51300,50600,51100,1312300,51100.0,0.005888142625222532,0.005888142625222532
2020-09-29 00:00:00+00:00,51400,51400,50200,50200,1900490,50200.0,-0.017769470511975295,-0.017769470511975295
2020-09-30 00:00:00+00:00,50200,50400,49750,50000,2500310,50000.0,-0.00399202126953745,-0.00399202126953745
2020-10-01 00:00:00+00:00,50200,50800,50200,50800,905510,50800.0,0.015873349156290163,0.015873349156290163
2020-10-02 00:00:00+00:00,50800,51100,49000,50300,1947940,50300.0,-0.009891277478742667,-0.009891277478742667
2020-10-05 00:00:00+00:00,50400,50800,49900,50500,1498360,50500.0,0.00396825917562067,0.00396825917562067
2020-10-06 00:00:00+00:00,50800,50900,50300,50500,1520290,50500.0,0.0,0.0
2020-10-07 00:00:00+00:00,50200,50700,50200,50400,1493710,50400.0,-0.001982161203991211,-0.001982161203991211
2020-10-08 00:00:00+00:00,50500,51500,50300,51100,3062690,51100.0,0.01379332213233577,0.01379332213233577
2020-10-09 00:00:00+00:00,51000,51200,50800,50800,1173500,50800.0,-0.0058881426252225975,-0.0058881426252225975
2020-10-12 00:00:00+00:00,50900,51400,50600,50900,1550680,50900.0,0.0019665689720408473,0.0019665689720408473
2020-10-13 00:00:00+00:00,50900,51000,50500,50700,1222200,50700.0,-0.003937012959339532,-0.003937012959339532
2020-10-14 00:00:00+00:00,50800,51400,50400,51000,2409760,51000.0,0.005899722127188322,0.005899722127188322
2020-10-15 00:00:00+00:00,51200,51400,50700,51200,1925370,51200.0,0.003913899321136315,0.003913899321136315
2020-10-16 00:00:00+00:00,51200,53900,50900,53200,5769540,53200.0,0.0383188643021366,0.0383188643021366
2020-10-19 00:00:00+00:00,53600,53800,53000,53300,2333670,53300.0,0.0018779348242001143,0.0018779348242001143
2020-10-20 00:00:00+00:00,53100,53300,52500,53200,1886160,53200.0,-0.0018779348242002089,-0.0018779348242002089
2020-10-21 00:00:00+00:00,53200,54500,52800,52800,3305010,52800.0,-0.007547205635382966,-0.007547205635382966
2020-10-22 00:00:00+00:00,52800,54000,52600,54000,2346540,54000.0,0.022472855852058576,0.022472855852058576
2020-10-23 00:00:00+00:00,54200,54500,53500,53900,2646310,53900.0,-0.0018535686493229438,-0.0018535686493229438
2020-10-26 00:00:00+00:00,53900,54500,52800,52800,3852510,52800.0,-0.020619287202735703,-0.020619287202735703
2020-10-27 00:00:00+00:00,52900,53200,52100,52100,3188810,52100.0,-0.0133462419528946,-0.0133462419528946
2020-10-28 00:00:00+00:00,52000,52400,50700,50700,3596230,50700.0,-0.02723903816218372,-0.02723903816218372
2020-10-29 00:00:00+00:00,50400,51300,50200,50900,2719690,50900.0,0.003937012959339599,0.003937012959339599
2020-10-30 00:00:00+00:00,51400,51500,50500,51500,1469970,51500.0,0.011718884113213479,0.011718884113213479
2020-11-02 00:00:00+00:00,51500,51700,51200,51700,866110,51700.0,0.0038759738446929397,0.0038759738446929397
2020-11-03 00:00:00+00:00,51900,52900,51700,52800,2562890,52800.0,0.021053409197832263,0.021053409197832263
2020-11-04 00:00:00+00:00,53000,53300,52500,53000,1369690,53000.0,0.0037807228399061523,0.0037807228399061523
2020-11-05 00:00:00+00:00,52700,53400,52000,52000,1305860,52000.0,-0.019048194970694474,-0.019048194970694474
2020-11-06 00:00:00+00:00,52400,52800,52100,52400,987260,52400.0,0.007662872745569097,0.007662872745569097
2020-11-09 00:00:00+00:00,52800,53400,52700,53400,2011650,53400.0,0.018904154639152654,0.018904154639152654
2020-11-10 00:00:00+00:00,54000,54000,53000,53000,1739340,53000.0,-0.00751883241402734,-0.00751883241402734
2020-11-11 00:00:00+00:00,53400,53400,52700,53000,1668230,53000.0,0.0,0.0
2020-11-12 00:00:00+00:00,53000,53500,52900,53500,1234540,53500.0,0.009389740349839137,0.009389740349839137
2020-11-13 00:00:00+00:00,53800,53800,53500,53800,1318170,53800.0,0.0055918132657779345,0.0055918132657779345
2020-11-16 00:00:00+00:00,54000,54400,53000,53300,3713690,53300.0,-0.00933713599593985,-0.00933713599593985
2020-11-17 00:00:00+00:00,53600,54100,53000,54000,2515530,54000.0,0.013047715392475455,0.013047715392475455
2020-11-18 00:00:00+00:00,54300,54300,53700,54000,1757160,54000.0,0.0,0.0
2020-11-19 00:00:00+00:00,54300,56000,54000,55100,4980430,55100.0,0.02016566959459442,0.02016566959459442
2020-11-20 00:00:00+00:00,55100,55900,55000,55200,1837360,55200.0,0.0018132371241807218,0.0018132371241807218
2020-11-23 00:00:00+00:00,55200,56200,54600,55900,2824640,55900.0,0.012601426878003795,0.012601426878003795
2020-11-24 00:00:00+00:00,55900,56500,55000,55600,3003940,55600.0,-0.0053811789045168186,-0.0053811789045168186
2020-11-25 00:00:00+00:00,56300,56300,55200,55200,1835630,55200.0,-0.00722024797348702,-0.00722024797348702
2020-11-26 00:00:00+00:00,55500,56000,54800,55700,1635130,55700.0,0.00901719365018864,0.00901719365018864
2020-11-27 00:00:00+00:00,55900,56200,55600,56200,1986420,56200.0,0.008936609966406975,0.008936609966406975
2020-11-30 00:00:00+00:00,56700,56700,55400,55400,2761700,55400.0,-0.014337163146407218,-0.014337163146407218
2020-12-01 00:00:00+00:00,55000,55400,54800,55200,3427370,55200.0,-0.0036166404701885504,-0.0036166404701885504
2020-12-02 00:00:00+00:00,55000,55700,55000,55600,2108200,55600.0,0.007220247973487097,0.007220247973487097
2020-12-03 00:00:00+00:00,55500,55700,55100,55600,1627980,55600.0,0.0,0.0
2020-12-04 00:00:00+00:00,55400,55900,55400,55700,1380920,55700.0,0.0017969456767016347,0.0017969456767016347
2020-12-07 00:00:00+00:00,55900,56000,55500,55700,1455180,55700.0,0.0,0.0
2020-12-08 00:00:00+00:00,55700,56600,55500,56200,2297110,56200.0,0.008936609966406975,0.008936609966406975
2020-12-09 00:00:00+00:00,56300,57800,56200,57500,3001820,57500.0,0.022868190903659345,0.022868190903659345
2020-12-10 00:00:00+00:00,57000,57700,56500,56500,2112490,56500.0,-0.017544309650909508,-0.017544309650909508
2020-12-11 00:00:00+00:00,56600,57000,56300,57000,1750270,57000.0,0.008810629682154906,0.008810629682154906
2020-12-14 00:00:00+00:00,57000,58000,56900,57200,1443760,57200.0,0.0035026305512020745,0.0035026305512020745
2020-12-15 00:00:00+00:00,57500,57600,56600,56700,2666900,56700.0,-0.008779687652045837,-0.008779687652045837
2020-12-16 00:00:00+00:00,57200,57500,57000,57100,1995530,57100.0,0.007029905928258146,0.007029905928258146
2020-12-17 00:00:00+00:00,56900,57100,56000,56500,3594500,56500.0,-0.01056347850956926,-0.01056347850956926
2020-12-18 00:00:00+00:00,56500,57100,56500,56900,1532820,56900.0,0.007054702979890033,0.007054702979890033
2020-12-21 00:00:00+00:00,57300,57800,57100,57500,2307390,57500.0,0.010489606671019443,0.010489606671019443
2020-12-22 00:00:00+00:00,57400,58500,57100,58100,2576390,58100.0,0.010380716054560818,0.010380716054560818
2020-12-23 00:00:00+00:00,58300,58600,57200,57500,1391420,57500.0,-0.010380716054560741,-0.010380716054560741
2020-12-24 00:00:00+00:00,57500,57800,56400,57000,2386210,57000.0,-0.008733679968754553,-0.008733679968754553
2020-12-25 00:00:00+00:00,57000,57600,56600,57600,1625110,57600.0,0.010471299867295437,0.010471299867295437
2020-12-28 00:00:00+00:00,57900,58600,57500,57900,2197090,57900.0,0.00519481687710393,0.00519481687710393
2020-12-29 00:00:00+00:00,57900,58800,57600,58600,2172950,58600.0,0.012017312004017268,0.012017312004017268
2020-12-30 00:00:00+00:00,58900,58900,58100,58100,1204180,58100.0,-0.008569032725101403,-0.008569032725101403
2020-12-31 00:00:00+00:00,58100,59200,58000,59100,2036370,59100.0,0.01706526055418693,0.01706526055418693
2021-01-04 00:00:00+00:00,59600,60200,59300,60200,2151300,60200.0,0.01844142790272293,0.01844142790272293
2021-01-05 00:00:00+00:00,60000,63500,59800,62700,2332200,62700.0,0.040689095324099755,0.040689095324099755
2021-01-06 00:00:00+00:00,63100,63600,62300,62400,1796000,62400.0,-0.004796172263493055,-0.004796172263493055
2021-01-07 00:00:00+00:00,62600,62900,61900,62500,2150200,62500.0,0.0016012813669738276,0.0016012813669738276
2021-01-08 00:00:00+00:00,63000,63700,62600,63300,2720400,63300.0,0.012718772407774612,0.012718772407774612
2021-01-11 00:00:00+00:00,63900,64700,63300,64700,1972800,64700.0,0.021875872356724457,0.021875872356724457
2021-01-12 00:00:00+00:00,65000,66000,64000,65800,2435200,65800.0,0.01685863682441661,0.01685863682441661
2021-01-13 00:00:00+00:00,65900,67400,65900,66500,2612000,66500.0,0.010582109330537008,0.010582109330537008
2021-01-14 00:00:00+00:00,66500,67000,65700,66400,1777500,66400.0,-0.0015048911794202768,-0.0015048911794202768
2021-01-15 00:00:00+00:00,67000,67000,66400,66600,1540400,66600.0,0.0030075210639553224,0.0030075210639553224
2021-01-18 00:00:00+00:00,67000,67000,66200,66300,1209000,66300.0,-0.004514680354526583,-0.004514680354526583
2021-01-19 00:00:00+00:00,66000,66100,61700,62000,3505600,62000.0,-0.06705551214672525,-0.06705551214672525
2021-01-20 00:00:00+00:00,62700,63700,60200,63300,3663800,63300.0,0.020750944105038974,0.020750944105038974
2021-01-21 00:00:00+00:00,64500,65800,63300,65600,2313100,65600.0,0.035690366799912755,0.035690366799912755
2021-01-22 00:00:00+00:00,65700,67500,65400,66900,2090300,66900.0,0.01962327118413937,0.01962327118413937
2021-01-25 00:00:00+00:00,66800,68200,66200,67000,3111900,67000.0,0.001493652256783372,0.001493652256783372
2021-01-26 00:00:00+00:00,67500,67500,65500,66000,2597500,66000.0,-0.015037877364540559,-0.015037877364540559
2021-01-27 00:00:00+00:00,65700,66100,62900,63000,2226800,63000.0,-0.04652001563489282,-0.04652001563489282
2021-01-28 00:00:00+00:00,60000,62300,58600,58600,5092400,58600.0,-0.07240002980856573,-0.07240002980856573
2021-01-29 00:00:00+00:00,59000,62700,59000,62700,3211900,62700.0,0.06762675105590812,0.06762675105590812
2021-02-01 00:00:00+00:00,64400,65400,62300,63500,2017400,63500.0,0.012678458259770872,0.012678458259770872
2021-02-02 00:00:00+00:00,63100,66000,63000,66000,3264600,66000.0,0.038614836127779516,0.038614836127779516
2021-02-03 00:00:00+00:00,67500,70600,66100,70000,4173500,70000.0,0.058840500022933395,0.058840500022933395
2021-02-04 00:00:00+00:00,70200,73200,70200,72500,4398700,72500.0,0.03509131981127019,0.03509131981127019
2021-02-05 00:00:00+00:00,73000,73400,71800,72900,2084900,72900.0,0.005502077153983338,0.005502077153983338
2021-02-08 00:00:00+00:00,72900,72900,69600,71300,4035600,71300.0,-0.022192311594362184,-0.022192311594362184
2021-02-09 00:00:00+00:00,71400,74600,70000,74600,4224300,74600.0,0.04524417978946494,0.04524417978946494
2021-02-17 00:00:00+00:00,76300,79000,75900,77900,3139100,77900.0,0.04328544566698733,0.04328544566698733
2021-02-18 00:00:00+00:00,78000,78300,76600,78200,2243100,78200.0,0.003843694674562715,0.003843694674562715
2021-02-19 00:00:00+00:00,77300,78000,76000,76600,3722700,76600.0,-0.0206725708047198,-0.0206725708047198
2021-02-22 00:00:00+00:00,76600,77500,76100,76800,2319300,76800.0,0.0026075634070807695,0.0026075634070807695
2021-02-23 00:00:00+00:00,76300,77000,74600,75500,3369500,75500.0,-0.017071983898647503,-0.017071983898647503
2021-02-24 00:00:00+00:00,76000,76500,74900,75400,2225200,75400.0,-0.001325381241068682,-0.001325381241068682
2021-02-25 00:00:00+00:00,76100,76300,74500,76200,1927500,76200.0,0.010554187678690171,0.010554187678690171
2021-02-26 00:00:00+00:00,75000,76400,74900,76200,1936000,76200.0,0.0,0.0
2021-03-01 00:00:00+00:00,76800,78000,76800,77900,2078100,77900.0,0.022064490184102024,0.022064490184102024
2021-03-02 00:00:00+00:00,78900,78900,76900,77900,1821700,77900.0,0.0,0.0
2021-03-03 00:00:00+00:00,78000,78100,77400,77700,1599400,77700.0,-0.002570695503100866,-0.002570695503100866
2021-03-04 00:00:00+00:00,77700,77800,75100,75900,2901500,75900.0,-0.023438572972017468,-0.023438572972017468
2021-03-05 00:00:00+00:00,75500,76000,74500,75900,2507500,75900.0,0.0,0.0
2021-03-08 00:00:00+00:00,76000,76500,75400,75800,1656600,75800.0,-0.0013183917532582244,-0.0013183917532582244
2021-03-09 00:00:00+00:00,75000,75700,74500,75000,2182400,75000.0,-0.010610179112015571,-0.010610179112015571
2021-03-10 00:00:00+00:00,75900,77500,75000,76300,2602400,76300.0,0.017184824754100967,0.017184824754100967
2021-03-11 00:00:00+00:00,76500,77100,76100,76700,1477800,76700.0,0.005228770082799276,0.005228770082799276
2021-03-12 00:00:00+00:00,77000,77100,76300,76500,2062800,76500.0,-0.002610967540720402,-0.002610967540720402
2021-03-15 00:00:00+00:00,76600,77500,76100,76500,1760900,76500.0,0.0,0.0
2021-03-16 00:00:00+00:00,77000,81500,76600,81000,5111000,81000.0,0.05715841383994862,0.05715841383994862
2021-03-17 00:00:00+00:00,81500,81500,80000,80800,1603200,80800.0,-0.002472189145389037,-0.002472189145389037
2021-03-18 00:00:00+00:00,81000,81000,80000,81000,1807500,81000.0,0.002472189145389073,0.002472189145389073
2021-03-19 00:00:00+00:00,80000,80500,79400,79800,2247800,79800.0,-0.014925650216675706,-0.014925650216675706
2021-03-22 00:00:00+00:00,79500,79600,78300,78700,2084800,78700.0,-0.013880349032405566,-0.013880349032405566
2021-03-23 00:00:00+00:00,78500,80000,78300,78800,2201700,78800.0,0.001269841440475937,0.001269841440475937
2021-03-24 00:00:00+00:00,77900,78900,76500,77000,2480100,77000.0,-0.023107575010149605,-0.023107575010149605
2021-03-25 00:00:00+00:00,77500,77500,76500,76600,2305400,76600.0,-0.005208345107138235,-0.005208345107138235
2021-03-26 00:00:00+00:00,76200,76800,74500,76100,2672600,76100.0,-0.00654881187890544,-0.00654881187890544
2021-03-29 00:00:00+00:00,76500,78100,76100,77600,1997700,77600.0,0.01951916232153291,0.01951916232153291
2021-03-30 00:00:00+00:00,77900,78000,77000,77100,1512500,77100.0,-0.006464146619889238,-0.006464146619889238
2021-03-31 00:00:00+00:00,77100,78100,76600,77700,1373400,77700.0,0.007751976804317924,0.007751976804317924
2021-04-01 00:00:00+00:00,77900,79700,77900,79700,2500900,79700.0,0.02541432842256762,0.02541432842256762
2021-04-02 00:00:00+00:00,80400,80500,79800,79800,1950200,79800.0,0.0012539186595936812,0.0012539186595936812
2021-04-05 00:00:00+00:00,80400,80500,78900,79600,1487000,79600.0,-0.002509411605425807,-0.002509411605425807
2021-04-06 00:00:00+00:00,79100,80000,79100,79400,1505800,79400.0,-0.002515724597247247,-0.002515724597247247
2021-04-07 00:00:00+00:00,79200,79700,79100,79600,1503800,79600.0,0.0025157245972473705,0.0025157245972473705
2021-04-08 00:00:00+00:00,80200,80600,79500,79600,1609800,79600.0,0.0,0.0
2021-04-09 00:00:00+00:00,79900,83000,79900,82100,3970400,82100.0,0.03092392360804531,0.03092392360804531
2021-04-12 00:00:00+00:00,82400,82400,81500,82100,2022500,82100.0,0.0,0.0
2021-04-13 00:00:00+00:00,82000,82200,80500,80700,2038100,80700.0,-0.017199441182479402,-0.017199441182479402
2021-04-14 00:00:00+00:00,80000,81000,79500,81000,2530600,81000.0,0.0037105793965355534,0.0037105793965355534
2021-04-15 00:00:00+00:00,81000,81400,79800,80000,2096200,80000.0,-0.012422519998557209,-0.012422519998557209
2021-04-16 00:00:00+00:00,81000,81200,78800,79700,2194600,79700.0,-0.003757048877712288,-0.003757048877712288
2021-04-19 00:00:00+00:00,80000,81500,79500,81500,2380800,81500.0,0.022333434450647737,0.022333434450647737
2021-04-20 00:00:00+00:00,81800,84900,81600,82900,4742800,82900.0,0.01703204189443217,0.01703204189443217
2021-04-22 00:00:00+00:00,82000,83900,80000,80000,2271200,80000.0,-0.03560842746736765,-0.03560842746736765
2021-04-23 00:00:00+00:00,80000,83000,79700,83000,3166400,83000.0,0.0368139731227164,0.0368139731227164
2021-04-26 00:00:00+00:00,82500,82800,80500,81000,2551300,81000.0,-0.024391453124159124,-0.024391453124159124
2021-04-27 00:00:00+00:00,80400,81400,80100,80700,1287100,80700.0,-0.0037105793965356015,-0.0037105793965356015
2021-04-28 00:00:00+00:00,80100,81300,80100,80800,1366700,80800.0,0.0012383902511466224,0.0012383902511466224
2021-04-29 00:00:00+00:00,80800,81800,80800,80900,2095500,80900.0,0.0012368585373962004,0.0012368585373962004
2021-05-04 00:00:00+00:00,80000,83500,80000,82900,2362100,82900.0,0.024421238076803357,0.024421238076803357
2021-05-05 00:00:00+00:00,84500,84500,82700,82900,2321300,82900.0,0.0,0.0
2021-05-06 00:00:00+00:00,83000,83500,82200,82700,1969000,82700.0,-0.002415460111603662,-0.002415460111603662
2021-05-07 00:00:00+00:00,82700,84000,82300,83000,2705900,83000.0,0.003621005766952362,0.003621005766952362
2021-05-10 00:00:00+00:00,82700,86000,83000,85800,4504300,85800.0,0.033178398697318603,0.033178398697318603
2021-05-11 00:00:00+00:00,86000,86600,85200,85200,2078700,85200.0,-0.007017572658646535,-0.007017572658646535
2021-05-12 00:00:00+00:00,85000,85400,84300,85400,1844500,85400.0,0.0023446669592540547,0.0023446669592540547
2021-05-13 00:00:00+00:00,85000,85400,84000,84000,2558300,84000.0,-0.016529301951210582,-0.016529301951210582
2021-05-14 00:00:00+00:00,84300,86200,84100,84800,1858700,84800.0,0.009478743954543739,0.009478743954543739
2021-05-17 00:00:00+00:00,85800,86600,85200,85700,1744500,85700.0,0.010557282805876783,0.010557282805876783
2021-05-18 00:00:00+00:00,86400,87400,86200,87000,2133500,87000.0,0.015055293050849674,0.015055293050849674
2021-05-19 00:00:00+00:00,87500,91100,86800,90800,2876300,90800.0,0.042751166952663906,0.042751166952663906
2021-05-20 00:00:00+00:00,90800,95500,90400,95500,3523900,95500.0,0.050466961879436965,0.050466961879436965
2021-05-21 00:00:00+00:00,94300,96600,93000,93800,3222700,93800.0,-0.01796139147450558,-0.01796139147450558
2021-05-24 00:00:00+00:00,93800,93900,92100,93500,2669500,93500.0,-0.0032034197175377006,-0.0032034197175377006
2021-05-25 00:00:00+00:00,93500,95200,92800,93800,2156300,93800.0,0.0032034197175376438,0.0032034197175376438
2021-05-26 00:00:00+00:00,94200,95500,93700,95300,1992800,95300.0,0.015864954647977342,0.015864954647977342
2021-05-27 00:00:00+00:00,95300,95400,93500,93800,1745800,93800.0,-0.015864954647977457,-0.015864954647977457
2021-05-28 00:00:00+00:00,94000,95000,93700,94800,1874300,94800.0,0.010604553248797067,0.010604553248797067
2021-05-31 00:00:00+00:00,95500,98000,94700,97900,3237700,97900.0,0.03217714027548867,0.03217714027548867
2021-06-01 00:00:00+00:00,87900,88500,87000,87100,3495000,87100.0,-0.11688966567800757,-0.11688966567800757
2021-06-02 00:00:00+00:00,87100,87500,85000,85500,3053900,85500.0,-0.018540507915742552,-0.018540507915742552
2021-06-03 00:00:00+00:00,85000,85400,84300,85200,3190800,85200.0,-0.003514942107444497,-0.003514942107444497
2021-06-04 00:00:00+00:00,85000,85100,83800,84700,3820600,84700.0,-0.005885832177261368,-0.005885832177261368
2021-06-07 00:00:00+00:00,84600,84700,81000,82700,3711200,82700.0,-0.023895999628363127,-0.023895999628363127
2021-06-08 00:00:00+00:00,82000,83000,80600,80800,3486000,80800.0,-0.023242636502595965,-0.023242636502595965
2021-06-09 00:00:00+00:00,80600,82100,79000,81700,3576100,81700.0,0.011077036338907404,0.011077036338907404
2021-06-10 00:00:00+00:00,81700,82500,81000,81900,2214900,81900.0,0.0024449889930664398,0.0024449889930664398
2021-06-11 00:00:00+00:00,81500,83900,81300,83500,2359600,83500.0,0.01934764099778599,0.01934764099778599
2021-06-14 00:00:00+00:00,83500,84600,83000,83800,2547600,83800.0,0.003586375631227653,0.003586375631227653
2021-06-15 00:00:00+00:00,83800,84500,83200,83200,1778700,83200.0,-0.007185659660874486,-0.007185659660874486
2021-06-16 00:00:00+00:00,83200,84600,82700,83100,2462000,83100.0,-0.0012026459657604525,-0.0012026459657604525
2021-06-17 00:00:00+00:00,82100,83100,82100,82600,2236400,82600.0,-0.006035021334470138,-0.006035021334470138
2021-06-18 00:00:00+00:00,83100,84200,82700,83800,1681700,83800.0,0.014423326961104906,0.014423326961104906
2021-06-21 00:00:00+00:00,83600,86300,83200,85600,3878300,85600.0,0.021252275659658953,0.021252275659658953
2021-06-22 00:00:00+00:00,86100,86600,85400,85400,1760300,85400.0,-0.002339182353172266,-0.002339182353172266
2021-06-23 00:00:00+00:00,85300,85600,84100,84900,1599900,84900.0,-0.005872007477222553,-0.005872007477222553
2021-06-24 00:00:00+00:00,84300,84900,83900,84700,1657800,84700.0,-0.0023584916592929396,-0.0023584916592929396
2021-06-25 00:00:00+00:00,84700,85400,84200,85200,1503400,85200.0,0.00588583217726135,0.00588583217726135
2021-06-28 00:00:00+00:00,86100,86100,85400,85700,1858800,85700.0,0.005851391768464087,0.005851391768464087
2021-06-29 00:00:00+00:00,86600,89000,86300,88600,4897800,88600.0,0.03327903200730121,0.03327903200730121
2021-06-30 00:00:00+00:00,89000,89100,88000,88000,1651100,88000.0,-0.0067950431328288015,-0.0067950431328288015
2021-07-01 00:00:00+00:00,88100,88900,88000,88900,1700100,88900.0,0.010175328041652446,0.010175328041652446
2021-07-02 00:00:00+00:00,89300,92500,88900,91900,3873500,91900.0,0.03318888684178257,0.03318888684178257
2021-07-05 00:00:00+00:00,95000,95000,91000,92700,2961100,92700.0,0.008667443210168125,0.008667443210168125
2021-07-06 00:00:00+00:00,92500,93000,87000,87000,2640500,87000.0,-0.0634603539172258,-0.0634603539172258
2021-07-07 00:00:00+00:00,87000,91000,85000,90500,4910200,90500.0,0.03944173205129662,0.03944173205129662
2021-07-08 00:00:00+00:00,90400,90500,89000,89800,2375400,89800.0,-0.007764875397726544,-0.007764875397726544
2021-07-09 00:00:00+00:00,89600,92000,88800,89700,2947000,89700.0,-0.0011142062434034647,-0.0011142062434034647
2021-07-12 00:00:00+00:00,88800,89700,83600,86100,6764400,86100.0,-0.04096135763106529,-0.04096135763106529
2021-07-13 00:00:00+00:00,86900,87300,85000,87000,2207400,87000.0,0.010398707220898517,0.010398707220898517
2021-07-14 00:00:00+00:00,87600,87600,84700,85200,2433500,85200.0,-0.020906684819313712,-0.020906684819313712
2021-07-15 00:00:00+00:00,84700,86600,84700,85400,2714600,85400.0,0.0023446669592540547,0.0023446669592540547
2021-07-16 00:00:00+00:00,85900,88000,85500,86800,2285700,86800.0,0.016260520871780326,0.016260520871780326
2021-07-19 00:00:00+00:00,85200,86400,84500,84700,3288800,84700.0,-0.024491020008295755,-0.024491020008295755
2021-07-20 00:00:00+00:00,84800,86800,83900,86800,2553700,86800.0,0.024491020008295696,0.024491020008295696
2021-07-21 00:00:00+00:00,86800,87900,86100,86600,3369200,86600.0,-0.0023068060979150595,-0.0023068060979150595
2021-07-22 00:00:00+00:00,86200,89600,86200,89400,4445600,89400.0,0.031820866611078975,0.031820866611078975
2021-07-23 00:00:00+00:00,89400,92900,88700,90500,6755700,90500.0,0.012229168526411944,0.012229168526411944
2021-07-26 00:00:00+00:00,90300,93900,90200,93700,5773100,93700.0,0.03474833853849602,0.03474833853849602
2021-07-27 00:00:00+00:00,94400,94900,92500,93200,5007000,93200.0,-0.005350467552831026,-0.005350467552831026
2021-07-28 00:00:00+00:00,92800,93700,91700,92000,3346700,92000.0,-0.012959144642505228,-0.012959144642505228
2021-07-29 00:00:00+00:00,92000,93900,91700,93400,3712900,93400.0,0.01510276818575665,0.01510276818575665
2021-07-30 00:00:00+00:00,93500,94800,92800,94000,4525900,94000.0,0.006403437035207007,0.006403437035207007
2021-08-02 00:00:00+00:00,94000,96600,94000,95600,4275900,95600.0,0.01687803778735173,0.01687803778735173
2021-08-03 00:00:00+00:00,95800,96000,94700,95800,3607200,95800.0,0.0020898649194592365,0.0020898649194592365
2021-08-04 00:00:00+00:00,95900,96200,94900,95600,2818400,95600.0,-0.002089864919459242,-0.002089864919459242
2021-08-05 00:00:00+00:00,95200,97000,94900,96600,2485600,96600.0,0.01040592116111682,0.01040592116111682
2021-08-06 00:00:00+00:00,96800,97200,95800,96600,3413900,96600.0,0.0,0.0
2021-08-09 00:00:00+00:00,97000,97700,95900,97500,2934500,97500.0,0.009273636785329253,0.009273636785329253
2021-08-10 00:00:00+00:00,98300,98400,97600,97800,2680700,97800.0,0.003072199036970059,0.003072199036970059
2021-08-11 00:00:00+00:00,97700,97800,96100,96100,4883200,96100.0,-0.017535261064524816,-0.017535261064524816
2021-08-12 00:00:00+00:00,95800,96000,93400,93800,8399400,93800.0,-0.02422445996406787,-0.02422445996406787
2021-08-13 00:00:00+00:00,93100,95000,93000,95000,3618700,95000.0,0.012712035588361944,0.012712035588361944
2021-08-16 00:00:00+00:00,95000,95200,94400,94600,1906800,94600.0,-0.004219415542708211,-0.004219415542708211
2021-08-17 00:00:00+00:00,94100,94600,93500,93800,2801700,93800.0,-0.008492620045653588,-0.008492620045653588
2021-08-18 00:00:00+00:00,93800,94900,93800,94000,1951000,94000.0,0.002129926257824849,0.002129926257824849
2021-08-19 00:00:00+00:00,95000,95000,93800,94500,2721600,94500.0,0.005305052229693098,0.005305052229693098
2021-08-20 00:00:00+00:00,94500,94700,91100,92800,4349300,92800.0,-0.01815319470754219,-0.01815319470754219
2021-08-23 00:00:00+00:00,92500,92500,91000,91000,3436600,91000.0,-0.019587133275304817,-0.019587133275304817
2021-08-24 00:00:00+00:00,91500,92000,89900,91900,3081500,91900.0,0.009841522844791289,0.009841522844791289
2021-08-25 00:00:00+00:00,92400,92400,91000,91900,1344000,91900.0,0.0,0.0
2021-08-26 00:00:00+00:00,92000,92900,91200,91400,1758700,91400.0,-0.0054555509015370264,-0.0054555509015370264
2021-08-27 00:00:00+00:00,91000,92000,90600,92000,1896200,92000.0,0.006543098588935887,0.006543098588935887
2021-08-30 00:00:00+00:00,93000,93000,92100,92200,1494800,92200.0,0.0021715535135079325,0.0021715535135079325
2021-08-31 00:00:00+00:00,92300,93200,92000,92400,1952500,92400.0,0.002166848085090293,0.002166848085090293
2021-09-01 00:00:00+00:00,92100,93000,92100,92400,1353300,92400.0,0.0,0.0
2021-09-06 00:00:00+00:00,92400,94900,92300,94900,3124600,94900.0,0.026696726968243652,0.026696726968243652
2021-09-07 00:00:00+00:00,95300,95300,93500,93500,2290600,93500.0,-0.014862269321240908,-0.014862269321240908
2021-09-08 00:00:00+00:00,93500,94200,92800,93100,1453800,93100.0,-0.004287252011619924,-0.004287252011619924
2021-09-09 00:00:00+00:00,93100,93900,92800,93200,1393700,93200.0,0.0010735374085241852,0.0010735374085241852
2021-09-10 00:00:00+00:00,93400,94400,93400,93500,1440100,93500.0,0.0032137146030958245,0.0032137146030958245
2021-09-13 00:00:00+00:00,93600,94000,92900,93000,1600000,93000.0,-0.005361943141385399,-0.005361943141385399
2021-09-14 00:00:00+00:00,93300,94700,93000,93800,2523200,93800.0,0.008565362858923,0.008565362858923
2021-09-15 00:00:00+00:00,93800,94400,93300,94100,1690100,94100.0,0.0031931905791549855,0.0031931905791549855
2021-09-16 00:00:00+00:00,94400,95000,94200,94700,1924700,94700.0,0.006355953600698506,0.006355953600698506
2021-09-17 00:00:00+00:00,95500,97000,95400,95700,3325700,95700.0,0.010504298266875975,0.010504298266875975
2021-09-20 00:00:00+00:00,96000,96200,94100,94400,2526100,94400.0,-0.013677225307453609,-0.013677225307453609
2021-09-21 00:00:00+00:00,93400,94000,92500,93500,2697100,93500.0,-0.00957963685681372,-0.00957963685681372
2021-09-22 00:00:00+00:00,93200,93400,92700,93200,2027200,93200.0,-0.0032137146030957833,-0.0032137146030957833
2021-09-23 00:00:00+00:00,93200,93800,93000,93100,1394200,93100.0,-0.00107353740852408,-0.00107353740852408
2021-09-24 00:00:00+00:00,93200,93200,92700,92700,1449000,92700.0,-0.004305711711211868,-0.004305711711211868
2021-09-27 00:00:00+00:00,92900,93500,92100,92100,1546100,92100.0,-0.006493529310548343,-0.006493529310548343
2021-09-28 00:00:00+00:00,91700,93000,91500,93000,1393500,93000.0,0.00972454989199478,0.00972454989199478
2021-09-29 00:00:00+00:00,93000,93400,92300,93200,1177400,93200.0,0.002148228538289605,0.002148228538289605
2021-09-30 00:00:00+00:00,93500,93900,93000,93000,996900,93000.0,-0.0021482285382896063,-0.0021482285382896063
2021-10-01 00:00:00+00:00,92900,93100,92500,92900,1055400,92900.0,-0.0010758473334631254,-0.0010758473334631254
2021-10-04 00:00:00+00:00,93000,95200,92400,94600,2277800,94600.0,0.01813383023803986,0.01813383023803986
2021-10-05 00:00:00+00:00,95000,96000,94400,94400,1392800,94400.0,-0.0021164029063776126,-0.0021164029063776126
2021-10-06 00:00:00+00:00,94500,94700,93700,94400,1571300,94400.0,0.0,0.0
2021-10-07 00:00:00+00:00,94900,95000,94100,94300,1497000,94300.0,-0.0010598835120432463,-0.0010598835120432463
2021-10-08 00:00:00+00:00,95000,99500,94400,98900,8305600,98900.0,0.047628048989254664,0.047628048989254664
2021-10-11 00:00:00+00:00,99000,99300,98300,99200,2295500,99200.0,0.0030287756621605686,0.0030287756621605686
2021-10-12 00:00:00+00:00,99200,99200,98500,99000,1125300,99000.0,-0.002018164156237236,-0.002018164156237236
2021-10-13 00:00:00+00:00,99000,101500,98500,99400,3232500,99400.0,0.004032263527938451,0.004032263527938451
2021-10-14 00:00:00+00:00,99400,100000,98400,98800,1824200,98800.0,-0.0060545089087062605,-0.0060545089087062605
2021-10-15 00:00:00+00:00,99400,100100,98400,98900,1702500,98900.0,0.0010116338748442258,0.0010116338748442258
2021-10-18 00:00:00+00:00,99000,100000,98600,99000,2264100,99000.0,0.0010106115059234598,0.0010106115059234598
2021-10-19 00:00:00+00:00,99000,99500,98600,98600,1534300,98600.0,-0.0040485885260002205,-0.0040485885260002205
2021-10-20 00:00:00+00:00,98700,99500,96600,97600,2248600,97600.0,-0.010193768189542944,-0.010193768189542944
2021-10-21 00:00:00+00:00,98400,98500,96700,96700,2283600,96700.0,-0.009264090959798157,-0.009264090959798157
2021-10-22 00:00:00+00:00,97000,97400,96100,96200,2023400,96200.0,-0.005184044787587843,-0.005184044787587843
2021-10-25 00:00:00+00:00,96200,96200,94900,94900,2938500,94900.0,-0.013605652055778598,-0.013605652055778598
2021-10-26 00:00:00+00:00,95000,96900,94300,96900,1855700,96900.0,0.020855813280838333,0.020855813280838333
2021-10-27 00:00:00+00:00,96800,98200,96500,98200,2326700,98200.0,0.013326696463699736,0.013326696463699736
2021-10-28 00:00:00+00:00,98200,98400,97200,98000,1644700,98000.0,-0.002038736689848317,-0.002038736689848317
2021-10-29 00:00:00+00:00,98000,98000,96900,96900,2382700,96900.0,-0.011287959773851396,-0.011287959773851396
2021-11-01 00:00:00+00:00,97400,97400,95600,95800,2855800,95800.0,-0.01141683391990567,-0.01141683391990567
2021-11-02 00:00:00+00:00,95500,97000,95500,96100,2109100,96100.0,0.0031266309994319222,0.0031266309994319222
2021-11-03 00:00:00+00:00,96200,96700,95200,96100,2680100,96100.0,0.0,0.0
2021-11-04 00:00:00+00:00,96100,96800,95700,96000,1761300,96000.0,-0.001041124508410615,-0.001041124508410615
2021-11-05 00:00:00+00:00,96200,97800,96000,97600,2169900,97600.0,0.016529301951210506,0.016529301951210506
2021-11-08 00:00:00+00:00,97600,98500,97300,97400,1687900,97400.0,-0.0020512827705573607,-0.0020512827705573607
2021-11-09 00:00:00+00:00,97500,97600,96000,96400,1845900,96400.0,-0.010320009031989472,-0.010320009031989472
2021-11-10 00:00:00+00:00,96400,97000,95900,97000,1592400,97000.0,0.00620477688688287,0.00620477688688287
2021-11-11 00:00:00+00:00,97000,98000,95800,96000,2122200,96000.0,-0.010362787035546547,-0.010362787035546547
2021-11-12 00:00:00+00:00,96200,98200,95900,98000,2240300,98000.0,0.02061928720273561,0.02061928720273561
2021-11-15 00:00:00+00:00,98500,98500,97300,97300,1908900,97300.0,-0.007168489478612516,-0.007168489478612516
2021-11-16 00:00:00+00:00,97300,99500,96800,98300,3506200,98300.0,0.010225037961161395,0.010225037961161395
2021-11-17 00:00:00+00:00,98300,98400,98000,98300,1186200,98300.0,0.0,0.0
2021-11-18 00:00:00+00:00,98300,98700,96500,96500,2005000,96500.0,-0.01848101880818065,-0.01848101880818065
2021-11-19 00:00:00+00:00,97500,97800,95100,95300,2481300,95300.0,-0.012513197684783836,-0.012513197684783836
2021-11-22 00:00:00+00:00,95500,96000,95000,95000,1670100,95000.0,-0.003152919059615642,-0.003152919059615642
2021-11-23 00:00:00+00:00,95000,96600,94900,96600,1150800,96600.0,0.016701849617931572,0.016701849617931572
2021-11-24 00:00:00+00:00,96700,98400,96400,97900,2445600,97900.0,0.01336780831799232,0.01336780831799232
2021-11-25 00:00:00+00:00,98500,101800,98300,100000,5487400,100000.0,0.021223636451626584,0.021223636451626584
2021-11-26 00:00:00+00:00,100100,100800,98800,98900,1996200,98900.0,-0.011060947359424948,-0.011060947359424948
2021-11-29 00:00:00+00:00,97500,98900,97500,98100,1993000,98100.0,-0.00812187205734907,-0.00812187205734907
2021-11-30 00:00:00+00:00,98100,98500,97000,97100,2563100,97100.0,-0.01024599127403816,-0.01024599127403816
2021-12-01 00:00:00+00:00,97500,98600,96700,98200,1254900,98200.0,0.011264840063140928,0.011264840063140928
2021-12-02 00:00:00+00:00,97600,98300,97200,97200,952900,97200.0,-0.010235503894026863,-0.010235503894026863
2021-12-03 00:00:00+00:00,97800,97800,95500,95500,2009700,95500.0,-0.01764446397970883,-0.01764446397970883
2021-12-06 00:00:00+00:00,95500,96500,94200,94500,2393800,94500.0,-0.010526412986987504,-0.010526412986987504
2021-12-07 00:00:00+00:00,95000,96000,94500,96000,1451000,96000.0,0.015748356968139112,0.015748356968139112
2021-12-08 00:00:00+00:00,96500,96500,95000,95600,1064800,95600.0,-0.0041753714104806215,-0.0041753714104806215
2021-12-09 00:00:00+00:00,95100,97000,95100,97000,993100,97000.0,0.014538158446027285,0.014538158446027285
2021-12-10 00:00:00+00:00,96400,97000,95400,95800,1160000,95800.0,-0.012448293526567917,-0.012448293526567917
2021-12-13 00:00:00+00:00,96500,96500,95600,96000,900200,96000.0,0.002085506491021361,0.002085506491021361
2021-12-14 00:00:00+00:00,96000,96400,95400,95700,1144500,95700.0,-0.0031298930089277044,-0.0031298930089277044
2021-12-15 00:00:00+00:00,95700,96300,95600,95900,808400,95900.0,0.002087683430483895,0.002087683430483895
2021-12-16 00:00:00+00:00,97500,97500,95500,95500,1245000,95500.0,-0.004179734402707968,-0.004179734402707968
2021-12-17 00:00:00+00:00,95600,97000,95500,96400,1152100,96400.0,0.00937995412981541,0.00937995412981541
2021-12-20 00:00:00+00:00,96500,96500,95500,95800,1019800,95800.0,-0.006243516639685047,-0.006243516639685047
2021-12-21 00:00:00+00:00,95700,95900,95100,95200,1112300,95200.0,-0.00628274317949518,-0.00628274317949518
2021-12-22 00:00:00+00:00,95000,95400,94600,95000,1670500,95000.0,-0.0021030501967787877,-0.0021030501967787877
2021-12-23 00:00:00+00:00,95000,95000,93000,93200,1930300,93200.0,-0.019129169908995304,-0.019129169908995304
2021-12-24 00:00:00+00:00,93500,94500,92800,93800,1186700,93800.0,0.006417134320633509,0.006417134320633509
2021-12-27 00:00:00+00:00,94200,95000,93300,94500,793700,94500.0,0.0074349784875179905,0.0074349784875179905
2021-12-28 00:00:00+00:00,94500,94900,94100,94500,567300,94500.0,0.0,0.0
2021-12-29 00:00:00+00:00,94800,94800,93600,93600,912200,93600.0,-0.009569451016150672,-0.009569451016150672
2021-12-30 00:00:00+00:00,93700,94300,93500,93600,810800,93600.0,0.0,0.0
2021-12-31 00:00:00+00:00,93800,94400,93000,93000,1607400,93000.0,-0.0064308903302904025,-0.0064308903302904025
2022-01-04 00:00:00+00:00,93400,94200,93300,93500,1935000,93500.0,0.005361943141385373,0.005361943141385373
2022-01-05 00:00:00+00:00,93700,94200,93500,93600,1193800,93600.0,0.0010689471889049637,0.0010689471889049637
2022-01-06 00:00:00+00:00,93600,94000,93500,93500,1192400,93500.0,-0.0010689471889050444,-0.0010689471889050444
2022-01-07 00:00:00+00:00,93100,93700,93100,93400,1016800,93400.0,-0.0010700910598444044,-0.0010700910598444044
2022-01-10 00:00:00+00:00,93200,93500,91900,92000,1882400,92000.0,-0.01510276818575663,-0.01510276818575663
2022-01-11 00:00:00+00:00,92000,92200,89100,89500,2509300,89500.0,-0.02754995176823063,-0.02754995176823063
2022-01-12 00:00:00+00:00,89100,90600,88500,89600,1740700,89600.0,0.0011166947000751544,0.0011166947000751544
2022-01-13 00:00:00+00:00,90900,92700,89800,92100,1811800,92100.0,0.027519623280376465,0.027519623280376465
2022-01-14 00:00:00+00:00,91700,92100,90900,91300,686700,91300.0,-0.008724155660338382,-0.008724155660338382
2022-01-17 00:00:00+00:00,90500,91300,89000,89000,1568400,89000.0,-0.025514417868782946,-0.025514417868782946
2022-01-18 00:00:00+00:00,88300,89600,88000,88100,1209900,88100.0,-0.010163836790005994,-0.010163836790005994
2022-01-19 00:00:00+00:00,88100,89200,88000,88300,744900,88300.0,0.0022675746677805605,0.0022675746677805605
2022-01-20 00:00:00+00:00,88400,91000,88300,88800,1334600,88800.0,0.0056465423882100406,0.0056465423882100406
2022-01-21 00:00:00+00:00,89000,89800,88200,88200,841200,88200.0,-0.006779686985378804,-0.006779686985378804
2022-01-24 00:00:00+00:00,88200,88500,85000,85300,2024200,85300.0,-0.03343250851511215,-0.03343250851511215
2022-01-25 00:00:00+00:00,85200,87500,84000,86500,1192600,86500.0,0.013969959440200132,0.013969959440200132
2022-01-26 00:00:00+00:00,87000,87000,85500,86000,913600,86000.0,-0.005797117684325958,-0.005797117684325958
2022-01-27 00:00:00+00:00,86000,86700,85400,85900,719600,85900.0,-0.0011634672632980698,-0.0011634672632980698
2022-01-28 00:00:00+00:00,86000,89500,85900,89500,1552300,89500.0,0.041054796290599924,0.041054796290599924
2022-02-07 00:00:00+00:00,90000,90100,89000,89500,518400,89500.0,0.0,0.0
2022-02-08 00:00:00+00:00,89500,91800,89500,90600,845100,90600.0,0.01221558776812389,0.01221558776812389
2022-02-09 00:00:00+00:00,91700,91700,90600,90700,1142700,90700.0,0.001103144072157168,0.001103144072157168
2022-02-10 00:00:00+00:00,91400,92000,90200,92000,974900,92000.0,0.014231219927949295,0.014231219927949295
2022-02-11 00:00:00+00:00,91800,92400,91400,91600,641600,91600.0,-0.004357305368955701,-0.004357305368955701
2022-02-14 00:00:00+00:00,91000,91600,90400,91000,774100,91000.0,-0.006571765163234502,-0.006571765163234502
2022-02-15 00:00:00+00:00,91000,91700,90500,91100,655400,91100.0,0.001098297749062592,0.001098297749062592
2022-02-16 00:00:00+00:00,91700,92500,91300,91300,614200,91300.0,0.0021929833350100864,0.0021929833350100864
2022-02-17 00:00:00+00:00,91900,92800,91000,92800,853700,92800.0,0.01629585219123217,0.01629585219123217
2022-02-18 00:00:00+00:00,92300,92500,91700,92200,618800,92200.0,-0.006486509229606773,-0.006486509229606773
2022-02-21 00:00:00+00:00,92200,94000,92000,93500,1386000,93500.0,0.014001305732093143,0.014001305732093143
2022-02-22 00:00:00+00:00,93000,93300,92000,92900,1158200,92900.0,-0.00643779047484853,-0.00643779047484853
2022-02-23 00:00:00+00:00,92600,93900,92600,93000,973800,93000.0,0.00107584733346311,0.00107584733346311
2022-02-24 00:00:00+00:00,93000,93500,90000,92000,1349600,92000.0,-0.010810916104215617,-0.010810916104215617
2022-02-25 00:00:00+00:00,92400,93400,92100,92300,1059900,92300.0,0.0032555644597662002,0.0032555644597662002
2022-02-28 00:00:00+00:00,92300,93500,92300,93300,1504600,93300.0,0.010775966344491739,0.010775966344491739
2022-03-01 00:00:00+00:00,94000,94000,92500,93400,1101900,93400.0,0.0010712373814988586,0.0010712373814988586
2022-03-02 00:00:00+00:00,93000,93400,92700,93100,1088900,93100.0,-0.003217160951775575,-0.003217160951775575
2022-03-03 00:00:00+00:00,93200,94000,93200,93400,957600,93400.0,0.0032171609517755427,0.0032171609517755427
2022-03-04 00:00:00+00:00,93300,93800,93000,93500,1343800,93500.0,0.001070091059844386,0.001070091059844386
2022-03-07 00:00:00+00:00,93100,93900,92200,93800,1698000,93800.0,0.0032034197175376438,0.0032034197175376438
2022-03-08 00:00:00+00:00,93800,95400,92600,94800,2227500,94800.0,0.010604553248797067,0.010604553248797067
2022-03-09 00:00:00+00:00,94600,96500,94600,95500,2204000,95500.0,0.007356838225708409,0.007356838225708409
2022-03-10 00:00:00+00:00,96300,96300,94600,94600,778700,94600.0,-0.009468771428852014,-0.009468771428852014
2022-03-11 00:00:00+00:00,94500,94600,92700,93200,1139000,93200.0,-0.014909754366287038,-0.014909754366287038
2022-03-14 00:00:00+00:00,93000,93000,90500,91800,1943000,91800.0,-0.01513542406510069,-0.01513542406510069
2022-03-15 00:00:00+00:00,91800,91800,89800,91000,1872000,91000.0,-0.008752791109594744,-0.008752791109594744
2022-03-16 00:00:00+00:00,91100,92300,90500,91600,1139600,91600.0,0.006571765163234519,0.006571765163234519
2022-03-17 00:00:00+00:00,91800,92700,91500,92000,1180600,92000.0,0.004357305368955626,0.004357305368955626
2022-03-18 00:00:00+00:00,93000,96600,93000,95100,2815100,95100.0,0.03314039250230439,0.03314039250230439
2022-03-21 00:00:00+00:00,95200,96000,95000,95300,1560700,95300.0,0.0021008411088117938,0.0021008411088117938
2022-03-22 00:00:00+00:00,96000,97000,95400,96400,2079200,96400.0,0.011476390956343457,0.011476390956343457
2022-03-23 00:00:00+00:00,96500,97500,96000,96500,1975800,96500.0,0.0010368067284403084,0.0010368067284403084
2022-03-24 00:00:00+00:00,96000,97200,95300,96000,1823700,96000.0,-0.005194816877104023,-0.005194816877104023
2022-03-25 00:00:00+00:00,96100,96500,95600,95700,1228100,95700.0,-0.0031298930089277044,-0.0031298930089277044
2022-03-28 00:00:00+00:00,95500,98700,95200,98100,3501600,98100.0,0.02476906811240873,0.02476906811240873
2022-03-29 00:00:00+00:00,98600,104900,98600,104900,8224300,104900.0,0.06702014883093414,0.06702014883093414
2022-03-30 00:00:00+00:00,105800,107300,104500,106000,2830700,106000.0,0.010431578709815719,0.010431578709815719
2022-03-31 00:00:00+00:00,105500,110600,104600,107000,3472300,107000.0,0.009389740349839137,0.009389740349839137
2022-04-01 00:00:00+00:00,106900,111000,106100,111000,4317300,111000.0,0.03670136685042796,0.03670136685042796
2022-04-04 00:00:00+00:00,113500,113500,109300,109300,2687800,109300.0,-0.015433806129841214,-0.015433806129841214
2022-04-05 00:00:00+00:00,109100,111600,109000,109000,1863900,109000.0,-0.00274851295334916,-0.00274851295334916
2022-04-06 00:00:00+00:00,108400,114000,108400,113000,4179000,113000.0,0.03603993648319687,0.03603993648319687
2022-04-07 00:00:00+00:00,113700,116900,112100,113300,3915200,113300.0,0.00265134932162,0.00265134932162
2022-04-08 00:00:00+00:00,113300,113900,108500,108500,4069700,108500.0,-0.043288995053446445,-0.043288995053446445
2022-04-12 00:00:00+00:00,109000,111500,106600,109800,3162100,109800.0,0.01191035609491603,0.01191035609491603
2022-04-13 00:00:00+00:00,110000,115100,109800,115100,3322800,115100.0,0.04714078665240679,0.04714078665240679
2022-04-14 00:00:00+00:00,115200,118900,115200,116600,3529400,116600.0,0.01294795818855495,0.01294795818855495
2022-04-15 00:00:00+00:00,115100,117900,114000,115000,3121400,115000.0,-0.013817145553141955,-0.013817145553141955
2022-04-18 00:00:00+00:00,115000,118600,114000,115500,3356100,115500.0,0.004338401598598141,0.004338401598598141
2022-04-19 00:00:00+00:00,116500,117000,112000,112000,4731000,112000.0,-0.03077165866675366,-0.03077165866675366
2022-04-20 00:00:00+00:00,112000,113000,109600,112000,3295000,112000.0,0.0,0.0
2022-04-21 00:00:00+00:00,111200,115900,111200,112000,4068500,112000.0,0.0,0.0
2022-04-22 00:00:00+00:00,112500,113900,106000,111100,5708900,111100.0,-0.008068174649510203,-0.008068174649510203
2022-04-25 00:00:00+00:00,110100,110900,103400,103400,4605900,103400.0,-0.0718257345712555,-0.0718257345712555
2022-04-26 00:00:00+00:00,100200,105000,97000,104300,5431400,104300.0,0.008666399932397923,0.008666399932397923
2022-04-27 00:00:00+00:00,102500,104000,100500,103000,2529700,103000.0,-0.012542373777090957,-0.012542373777090957
2022-04-28 00:00:00+00:00,102900,106800,102500,105500,2530400,105500.0,0.023981964686485405,0.023981964686485405
2022-04-29 00:00:00+00:00,105000,107100,104200,105000,3991500,105000.0,-0.004750602758597865,-0.004750602758597865
2022-05-04 00:00:00+00:00,104900,105900,104100,104500,1598400,104500.0,-0.00477327875265766,-0.00477327875265766
2022-05-05 00:00:00+00:00,104600,105500,101900,104700,2194900,104700.0,0.0019120464716254415,0.0019120464716254415
2022-05-06 00:00:00+00:00,102300,104000,100200,100200,2430900,100200.0,-0.04393092922572677,-0.04393092922572677
2022-05-09 00:00:00+00:00,98300,99000,94000,94000,4499100,94000.0,-0.0638734063807605,-0.0638734063807605
2022-05-10 00:00:00+00:00,94000,98800,92000,98400,2816700,98400.0,0.0457460217882038,0.0457460217882038
2022-05-11 00:00:00+00:00,98000,101900,96800,101900,1667700,101900.0,0.03495113617047146,0.03495113617047146
2022-05-12 00:00:00+00:00,99300,101900,95000,95600,2591500,95600.0,-0.06381912017132357,-0.06381912017132357
2022-05-13 00:00:00+00:00,96100,99000,93100,93600,4103700,93600.0,-0.021142436573809237,-0.021142436573809237
2022-05-16 00:00:00+00:00,97500,97500,93200,93200,1740900,93200.0,-0.004282661792000848,-0.004282661792000848
2022-05-17 00:00:00+00:00,93000,99700,92500,99700,2045800,99700.0,0.06741795527624707,0.06741795527624707
2022-05-18 00:00:00+00:00,99700,100100,97500,97700,1934400,97700.0,-0.020264117919055552,-0.020264117919055552
2022-05-19 00:00:00+00:00,95100,97700,95100,97000,1228600,97000.0,-0.007190580545354254,-0.007190580545354254
2022-05-20 00:00:00+00:00,97700,98900,97000,97500,1410400,97500.0,0.005141399500418652,0.005141399500418652
2022-05-23 00:00:00+00:00,98200,98200,96100,96500,1136900,96500.0,-0.010309369658861213,-0.010309369658861213
2022-05-24 00:00:00+00:00,96500,98200,96000,98200,1384700,98200.0,0.017463207015479893,0.017463207015479893
2022-05-25 00:00:00+00:00,99500,105000,98700,105000,3770800,105000.0,0.06695413479710316,0.06695413479710316
2022-05-26 00:00:00+00:00,105200,107100,104600,105600,1426400,105600.0,0.005698021114637796,0.005698021114637796
2022-05-27 00:00:00+00:00,105600,112000,105500,111800,3878400,111800.0,0.05705318944883758,0.05705318944883758
2022-05-30 00:00:00+00:00,111100,112400,109200,111300,2496900,111300.0,-0.004482302439499612,-0.004482302439499612
2022-05-31 00:00:00+00:00,111300,111300,107500,109900,2157000,109900.0,-0.012658396871923465,-0.012658396871923465
2022-06-01 00:00:00+00:00,109900,112900,109800,111800,2036500,111800.0,0.017140699311423195,0.017140699311423195
2022-06-02 00:00:00+00:00,112800,114800,111100,111500,2292800,111500.0,-0.0026869698208252975,-0.0026869698208252975
2022-06-03 00:00:00+00:00,111500,114000,110900,114000,1755900,114000.0,0.022173857494322075,0.022173857494322075
2022-06-06 00:00:00+00:00,114000,116000,112000,113000,2558200,113000.0,-0.00881062968215492,-0.00881062968215492
2022-06-07 00:00:00+00:00,112700,115600,108600,115600,3908000,115600.0,0.02274813752593643,0.02274813752593643
2022-06-08 00:00:00+00:00,116300,117600,114500,115000,2660400,115000.0,-0.005203827875026998,-0.005203827875026998
2022-06-09 00:00:00+00:00,115500,115900,113300,115300,1706300,115300.0,0.002605298911763173,0.002605298911763173
2022-06-10 00:00:00+00:00,113400,114700,110000,110000,2972500,110000.0,-0.04705706148259716,-0.04705706148259716
2022-06-13 00:00:00+00:00,88000,90800,86000,86200,3393300,86200.0,-0.24381018812276875,-0.24381018812276875
2022-06-14 00:00:00+00:00,86000,89900,85500,89100,2308300,89100.0,0.03308915680711617,0.03308915680711617
2022-06-15 00:00:00+00:00,90600,90600,88000,90500,1762600,90500.0,0.015590516229116742,0.015590516229116742
2022-06-16 00:00:00+00:00,91000,93800,90200,92000,2517500,92000.0,0.01643872634315994,0.01643872634315994
2022-06-17 00:00:00+00:00,90300,92600,89000,92000,2321400,92000.0,0.0,0.0
2022-06-20 00:00:00+00:00,93500,94500,91300,92000,2483900,92000.0,0.0,0.0
2022-06-21 00:00:00+00:00,92400,93500,89000,89100,2460200,89100.0,-0.03202924257227667,-0.03202924257227667
2022-06-22 00:00:00+00:00,89800,90400,84400,84500,2971400,84500.0,-0.05300780011363545,-0.05300780011363545
2022-06-23 00:00:00+00:00,84000,86800,83700,85500,2022500,85500.0,0.01176484157958643,0.01176484157958643
2022-06-24 00:00:00+00:00,86100,87800,85500,85500,902400,85500.0,0.0,0.0
2022-06-27 00:00:00+00:00,86400,87900,85900,86500,1254800,86500.0,0.011628037995119214,0.011628037995119214
2022-06-28 00:00:00+00:00,89500,90200,87200,89700,2296600,89700.0,0.03632635512691678,0.03632635512691678
2022-06-29 00:00:00+00:00,88900,90000,88200,90000,1182600,90000.0,0.0033389012655146303,0.0033389012655146303
2022-06-30 00:00:00+00:00,89500,89900,86200,86200,1506500,86200.0,-0.04313949266061771,-0.04313949266061771
2022-07-01 00:00:00+00:00,87000,88800,84800,88000,1696500,88000.0,0.020666636808559128,0.020666636808559128
2022-07-04 00:00:00+00:00,88500,88500,86000,86700,1005500,86700.0,-0.014882930691710303,-0.014882930691710303
2022-07-05 00:00:00+00:00,87800,87800,85400,85400,1395600,85400.0,-0.015107782991972034,-0.015107782991972034
2022-07-06 00:00:00+00:00,84100,85900,83500,83500,2232400,83500.0,-0.022499468937714408,-0.022499468937714408
2022-07-07 00:00:00+00:00,83900,84600,83100,83100,1286300,83100.0,-0.004801929995407306,-0.004801929995407306
2022-07-08 00:00:00+00:00,83900,84000,83100,83600,910400,83600.0,0.005998818229253443,0.005998818229253443
2022-07-11 00:00:00+00:00,84600,84600,82800,82800,998100,82800.0,-0.00961545869944198,-0.00961545869944198
2022-07-12 00:00:00+00:00,82800,83500,82700,83500,602800,83500.0,0.008418570465595826,0.008418570465595826
2022-07-13 00:00:00+00:00,84000,84000,82500,82500,1140700,82500.0,-0.01204833851617448,-0.01204833851617448
2022-07-14 00:00:00+00:00,82800,83500,82200,82800,891300,82800.0,0.003629768050578731,0.003629768050578731
2022-07-15 00:00:00+00:00,84000,84000,82200,82200,1382300,82200.0,-0.007272759329079809,-0.007272759329079809
2022-07-18 00:00:00+00:00,82800,84500,82300,83000,1264900,83000.0,0.009685305734463679,0.009685305734463679
2022-07-19 00:00:00+00:00,82900,83000,82200,83000,1185400,83000.0,0.0,0.0
2022-07-20 00:00:00+00:00,85000,85900,84000,84900,2848900,84900.0,0.022633485520703638,0.022633485520703638
2022-07-21 00:00:00+00:00,85900,85900,84500,85000,1804200,85000.0,0.0011771631730148311,0.0011771631730148311
2022-07-22 00:00:00+00:00,86400,86500,85100,85100,1307200,85100.0,0.0011757790890120365,0.0011757790890120365
2022-07-25 00:00:00+00:00,87000,87000,85100,85400,2245900,85400.0,0.003519065215195702,0.003519065215195702
2022-07-26 00:00:00+00:00,86000,86000,84800,84800,1128800,84800.0,-0.007050557996666799,-0.007050557996666799
2022-07-27 00:00:00+00:00,84600,85200,84400,85200,771100,85200.0,0.004705891037412714,0.004705891037412714
2022-07-28 00:00:00+00:00,85200,85800,83100,84900,1664800,84900.0,-0.0035273405179684107,-0.0035273405179684107
2022-07-29 00:00:00+00:00,85100,85200,83500,83500,1941800,83500.0,-0.01662746146049184,-0.01662746146049184
2022-08-01 00:00:00+00:00,84000,84200,83100,84000,1815100,84000.0,0.005970166986503754,0.005970166986503754
2022-08-02 00:00:00+00:00,84000,85100,83500,85000,1879700,85000.0,0.011834457647002798,0.011834457647002798
2022-08-03 00:00:00+00:00,85000,85200,84200,84800,2249500,84800.0,-0.0023557136924590365,-0.0023557136924590365
2022-08-04 00:00:00+00:00,85100,86600,84900,86100,3046800,86100.0,0.01521386863582763,0.01521386863582763
2022-08-05 00:00:00+00:00,86100,87200,85600,85800,1773100,85800.0,-0.003490404939768491,-0.003490404939768491
2022-08-08 00:00:00+00:00,85900,86400,85300,86000,1586800,86000.0,0.002328289759591168,0.002328289759591168
2022-08-09 00:00:00+00:00,86000,87500,85700,86200,2320800,86200.0,0.0023228814161397287,0.0023228814161397287
2022-08-10 00:00:00+00:00,86300,86700,86000,86000,1121400,86000.0,-0.0023228814161396385,-0.0023228814161396385
2022-08-11 00:00:00+00:00,86200,86800,85700,86000,1852800,86000.0,0.0,0.0
2022-08-12 00:00:00+00:00,85700,86500,85700,86500,1243100,86500.0,0.005797117684325915,0.005797117684325915
2022-08-15 00:00:00+00:00,86600,89100,86600,88900,3085000,88900.0,0.027367728582025245,0.027367728582025245
2022-08-16 00:00:00+00:00,88900,89400,88100,88700,1382800,88700.0,-0.0022522532043251315,-0.0022522532043251315
2022-08-17 00:00:00+00:00,89000,89100,88000,88300,1506200,88300.0,-0.004519781705619518,-0.004519781705619518
2022-08-18 00:00:00+00:00,87900,89700,87900,88300,2552900,88300.0,0.0,0.0
2022-08-19 00:00:00+00:00,88000,88500,86200,86900,1957600,86900.0,-0.015982075338567926,-0.015982075338567926
2022-08-22 00:00:00+00:00,86600,87300,85900,86800,1634000,86800.0,-0.0011514106050418138,-0.0011514106050418138
2022-08-23 00:00:00+00:00,86100,87000,86100,87000,1085700,87000.0,0.0023014969882791674,0.0023014969882791674
2022-08-24 00:00:00+00:00,86500,86800,86100,86200,1008000,86200.0,-0.009237940984936362,-0.009237940984936362
2022-08-25 00:00:00+00:00,86200,86700,86000,86300,1143900,86300.0,0.0011594204197349384,0.0011594204197349384
2022-08-26 00:00:00+00:00,86400,87800,86300,87200,1936600,87200.0,0.010374732825551644,0.010374732825551644
2022-08-29 00:00:00+00:00,87000,87000,84700,86500,2228000,86500.0,-0.008059916977100286,-0.008059916977100286
2022-08-30 00:00:00+00:00,86500,87000,86000,86400,1153200,86400.0,-0.0011567381278237553,-0.0011567381278237553
2022-08-31 00:00:00+00:00,85800,87000,85800,86600,1173700,86600.0,0.0023121397583796004,0.0023121397583796004
2022-09-05 00:00:00+00:00,86500,86700,85900,86200,1020900,86200.0,-0.004629637898742105,-0.004629637898742105
2022-09-06 00:00:00+00:00,86000,86400,85800,85800,1171600,85800.0,-0.004651171175730844,-0.004651171175730844
2022-09-07 00:00:00+00:00,85500,85900,84000,84000,2236400,84000.0,-0.021202207650602937,-0.021202207650602937
2022-09-08 00:00:00+00:00,84100,85000,83800,84300,1135600,84300.0,0.0035650661644961446,0.0035650661644961446
2022-09-09 00:00:00+00:00,84600,85000,84300,84300,1145400,84300.0,0.0,0.0
2022-09-12 00:00:00+00:00,85100,85200,84300,84600,716000,84600.0,0.0035524016043679218,0.0035524016043679218
2022-09-13 00:00:00+00:00,85000,85300,84300,84600,1046400,84600.0,0.0,0.0
2022-09-14 00:00:00+00:00,83500,84500,83500,84000,1309200,84000.0,-0.0071174677688639896,-0.0071174677688639896
2022-09-15 00:00:00+00:00,84500,84500,83700,83700,780500,83700.0,-0.0035778213478839666,-0.0035778213478839666
2022-09-16 00:00:00+00:00,83700,83900,82500,82500,1360100,82500.0,-0.01444068415479436,-0.01444068415479436
2022-09-19 00:00:00+00:00,82500,83600,81900,83100,1783700,83100.0,0.007246408520767253,0.007246408520767253
2022-09-20 00:00:00+00:00,83100,83800,82300,83400,575000,83400.0,0.003603607503298618,0.003603607503298618
2022-09-21 00:00:00+00:00,83300,83300,82300,82300,775400,82300.0,-0.013277201681676976,-0.013277201681676976
2022-09-22 00:00:00+00:00,82000,83000,81900,82900,1172400,82900.0,0.007263954458225057,0.007263954458225057
2022-09-23 00:00:00+00:00,83100,83100,82100,82400,840600,82400.0,-0.006049625225823225,-0.006049625225823225
2022-09-26 00:00:00+00:00,81500,82000,80300,81500,1863600,81500.0,-0.010982416668609041,-0.010982416668609041
2022-09-27 00:00:00+00:00,82000,82000,80500,80500,932900,80500.0,-0.012345835822299379,-0.012345835822299379
2022-09-28 00:00:00+00:00,80100,80400,78000,78000,2048400,78000.0,-0.0315483577349259,-0.0315483577349259
2022-09-29 00:00:00+00:00,79800,80100,77000,77000,1303900,77000.0,-0.012903404835907841,-0.012903404835907841
2022-09-30 00:00:00+00:00,77000,80800,76900,80500,2109900,80500.0,0.044451762570833796,0.044451762570833796
2022-10-03 00:00:00+00:00,79600,80300,76400,77000,1245600,77000.0,-0.04445176257083381,-0.04445176257083381
2022-10-04 00:00:00+00:00,78000,79000,77200,77500,2040000,77500.0,0.00647251450561752,0.00647251450561752
2022-10-05 00:00:00+00:00,79000,79500,78400,78400,971900,78400.0,0.011545990997060948,0.011545990997060948
2022-10-06 00:00:00+00:00,78900,78900,76500,76500,1266700,76500.0,-0.024533186523872052,-0.024533186523872052
2022-10-07 00:00:00+00:00,76200,76200,74000,74000,2061000,74000.0,-0.03322564762832039,-0.03322564762832039
2022-10-10 00:00:00+00:00,73500,75500,72100,74000,1625600,74000.0,0.0,0.0
2022-10-11 00:00:00+00:00,74000,74000,71000,71000,1593600,71000.0,-0.041385216162854364,-0.041385216162854364
2022-10-12 00:00:00+00:00,71000,73300,71000,72400,1463100,72400.0,0.019526422350355236,0.019526422350355236
2022-10-13 00:00:00+00:00,72200,73000,71500,73000,829200,73000.0,0.008253141756720482,0.008253141756720482
2022-10-14 00:00:00+00:00,74400,74500,73600,74000,844200,74000.0,0.013605652055778678,0.013605652055778678
2022-10-17 00:00:00+00:00,73500,73900,72600,73800,707400,73800.0,-0.002706361597742914,-0.002706361597742914
2022-10-18 00:00:00+00:00,74000,75300,74000,74900,879000,74900.0,0.014795158916746898,0.014795158916746898
2022-10-19 00:00:00+00:00,74900,76200,74700,75500,1023700,75500.0,0.00797876573180532,0.00797876573180532
2022-10-20 00:00:00+00:00,75800,78500,75300,77800,1730300,77800.0,0.030008774929366964,0.030008774929366964
2022-10-21 00:00:00+00:00,77700,77700,73900,73900,1564900,73900.0,-0.05142860323018982,-0.05142860323018982
2022-10-24 00:00:00+00:00,73900,74500,71000,71100,1426100,71100.0,-0.03862549114496088,-0.03862549114496088
2022-10-25 00:00:00+00:00,71400,74500,71100,73200,1564600,73200.0,0.029108084158070764,0.029108084158070764
2022-10-26 00:00:00+00:00,74500,74500,72700,73800,625100,73800.0,0.008163310639160835,0.008163310639160835
2022-10-27 00:00:00+00:00,74100,76200,73700,75800,935900,75800.0,0.026739561041899087,0.026739561041899087
2022-10-28 00:00:00+00:00,76300,76300,74700,75000,875800,75000.0,-0.010610179112015571,-0.010610179112015571
2022-10-31 00:00:00+00:00,75000,76000,73700,75600,1084700,75600.0,0.007968169649176881,0.007968169649176881
2022-11-01 00:00:00+00:00,76300,76800,75000,75500,561500,75500.0,-0.001323626930508253,-0.001323626930508253
2022-11-02 00:00:00+00:00,75200,76000,74000,74000,978200,74000.0,-0.020067563050809256,-0.020067563050809256
2022-11-03 00:00:00+00:00,74500,75700,73700,74100,622400,74100.0,0.0013504390978715467,0.0013504390978715467
2022-11-04 00:00:00+00:00,74000,74000,71500,72900,1646800,72900.0,-0.01632689328742878,-0.01632689328742878
2022-11-07 00:00:00+00:00,72600,74000,72600,72600,1572400,72600.0,-0.004123717183862041,-0.004123717183862041
2022-11-08 00:00:00+00:00,71500,73900,71400,73300,945000,73300.0,0.009595687061855335,0.009595687061855335
2022-11-09 00:00:00+00:00,73300,74300,73300,74000,697700,74000.0,0.00950448431156398,0.00950448431156398
2022-11-10 00:00:00+00:00,73500,73700,69100,73000,1595200,73000.0,-0.013605652055778598,-0.013605652055778598
2022-11-11 00:00:00+00:00,73100,73600,72000,72800,1002900,72800.0,-0.0027434859457508326,-0.0027434859457508326
2022-11-14 00:00:00+00:00,72000,72400,70000,70800,1639000,70800.0,-0.027856954502966224,-0.027856954502966224
2022-11-15 00:00:00+00:00,70000,70000,65900,65900,3114900,65900.0,-0.07172055919121255,-0.07172055919121255
2022-11-16 00:00:00+00:00,61300,70000,61300,69300,3050400,69300.0,0.05030646468739596,0.05030646468739596
2022-11-17 00:00:00+00:00,69300,72000,64500,71000,1546300,71000.0,0.024234970845457966,0.024234970845457966
2022-11-18 00:00:00+00:00,70100,72000,69200,71500,1261700,71500.0,0.00701757265864654,0.00701757265864654
2022-11-21 00:00:00+00:00,69500,71800,69500,70100,840500,70100.0,-0.019774655659417543,-0.019774655659417543
2022-11-22 00:00:00+00:00,70000,72000,69100,70500,1176300,70500.0,0.005689915777678456,0.005689915777678456
2022-11-23 00:00:00+00:00,70000,71000,69700,70500,465900,70500.0,0.0,0.0
2022-11-24 00:00:00+00:00,69800,71000,69400,70500,788400,70500.0,0.0,0.0
2022-11-25 00:00:00+00:00,70600,72000,70500,72000,1267400,72000.0,0.021053409197832263,0.021053409197832263
2022-11-28 00:00:00+00:00,72400,74500,72300,74300,1146800,74300.0,0.03144483270765828,0.03144483270765828
2022-11-29 00:00:00+00:00,74900,74900,73000,74300,1143800,74300.0,0.0,0.0
2022-11-30 00:00:00+00:00,74500,74900,73500,74600,911500,74600.0,0.004029555486001642,0.004029555486001642
2022-12-01 00:00:00+00:00,75100,75800,74100,74700,1776500,74700.0,0.0013395849290563455,0.0013395849290563455
2022-12-02 00:00:00+00:00,74700,77700,74000,77400,2901400,77400.0,0.03550668845690982,0.03550668845690982
2022-12-05 00:00:00+00:00,78000,79000,77400,78300,1216400,78300.0,0.011560822401076006,0.011560822401076006
2022-12-06 00:00:00+00:00,78300,78900,76000,76000,1537700,76000.0,-0.029814262710426327,-0.029814262710426327
2022-12-07 00:00:00+00:00,75900,76600,74800,76500,1029400,76500.0,0.0065574005461590396,0.0065574005461590396
2022-12-08 00:00:00+00:00,76900,78800,75600,77000,1267300,77000.0,0.006514681021193672,0.006514681021193672
2022-12-09 00:00:00+00:00,76300,78000,76200,78000,987500,78000.0,0.012903404835907782,0.012903404835907782
2022-12-12 00:00:00+00:00,77600,78200,76400,77000,1213500,77000.0,-0.012903404835907841,-0.012903404835907841
2022-12-13 00:00:00+00:00,76200,77300,75200,77200,899700,77200.0,0.002594035177046528,0.002594035177046528
2022-12-14 00:00:00+00:00,77200,77500,76100,76300,1158000,76300.0,-0.011726518740319207,-0.011726518740319207
2022-12-15 00:00:00+00:00,76400,78100,76400,77700,1170500,77700.0,0.01818231908319033,0.01818231908319033
2022-12-16 00:00:00+00:00,77000,78000,76400,77900,910900,77900.0,0.0025706955031008917,0.0025706955031008917
2022-12-19 00:00:00+00:00,78300,78300,76600,76600,1026200,76600.0,-0.016828876130156968,-0.016828876130156968
2022-12-20 00:00:00+00:00,77200,77200,75400,76600,785800,76600.0,0.0,0.0
2022-12-21 00:00:00+00:00,77200,77400,75700,77200,544100,77200.0,0.0078023802841848,0.0078023802841848
2022-12-22 00:00:00+00:00,77200,77500,76000,77200,657800,77200.0,0.0,0.0
2022-12-23 00:00:00+00:00,76400,78000,76200,78000,1221000,78000.0,0.010309369658861287,0.010309369658861287
2022-12-26 00:00:00+00:00,77700,78100,76400,76400,832500,76400.0,-0.02072613051711697,-0.02072613051711697
2022-12-27 00:00:00+00:00,76400,77500,76000,76500,805200,76500.0,0.0013080446600153889,0.0013080446600153889
2022-12-28 00:00:00+00:00,77000,77000,76000,76700,589200,76700.0,0.0026109675407203397,0.0026109675407203397
2022-12-29 00:00:00+00:00,76500,77000,76200,76200,655300,76200.0,-0.0065402456806098784,-0.0065402456806098784
2022-12-30 00:00:00+00:00,76200,76900,76000,76900,628600,76900.0,0.009144413818997612,0.009144413818997612
2023-01-03 00:00:00+00:00,76900,80000,76800,80000,1535200,80000.0,0.03952075816228341,0.03952075816228341
2023-01-04 00:00:00+00:00,80800,81000,79300,80000,794300,80000.0,0.0,0.0
2023-01-05 00:00:00+00:00,80200,81500,80200,80600,1012600,80600.0,0.0074720148387010564,0.0074720148387010564
2023-01-06 00:00:00+00:00,80400,81100,80200,80300,719400,80300.0,-0.0037290285598665976,-0.0037290285598665976
2023-01-09 00:00:00+00:00,80500,80900,79900,80300,518900,80300.0,0.0,0.0
2023-01-10 00:00:00+00:00,80700,81300,80200,80400,752700,80400.0,0.0012445552322047017,0.0012445552322047017
2023-01-11 00:00:00+00:00,80400,81600,80400,80900,1076900,80900.0,0.006199647879525429,0.006199647879525429
2023-01-12 00:00:00+00:00,81000,81500,80200,80700,542500,80700.0,-0.002475248788542877,-0.002475248788542877
2023-01-13 00:00:00+00:00,80500,81200,80000,80000,628300,80000.0,-0.008711940602021455,-0.008711940602021455
2023-01-16 00:00:00+00:00,80100,81000,79700,80800,574500,80800.0,0.009950330853168092,0.009950330853168092
2023-01-17 00:00:00+00:00,81200,82000,81000,82000,978200,82000.0,0.014742281737203431,0.014742281737203431
2023-01-18 00:00:00+00:00,82100,83400,81800,83400,954600,83400.0,0.016929062100447975,0.016929062100447975
2023-01-19 00:00:00+00:00,83000,84200,82900,83900,1327200,83900.0,0.005977304108459382,0.005977304108459382
2023-01-27 00:00:00+00:00,84100,85500,84000,84000,1140700,84000.0,0.001191185370153232,0.001191185370153232
2023-01-30 00:00:00+00:00,84200,84400,83700,83700,891000,83700.0,-0.0035778213478839666,-0.0035778213478839666
2023-01-31 00:00:00+00:00,83500,83700,81700,83500,1529100,83500.0,-0.002392345638619824,-0.002392345638619824
2023-02-01 00:00:00+00:00,84000,84000,81800,82000,1048300,82000.0,-0.018127384592556715,-0.018127384592556715
2023-02-02 00:00:00+00:00,82100,82400,81300,81900,1325200,81900.0,-0.0012202564052293744,-0.0012202564052293744
2023-02-03 00:00:00+00:00,82000,82000,80100,80100,1729000,80100.0,-0.022223136784710235,-0.022223136784710235
2023-02-06 00:00:00+00:00,80000,81600,79700,80500,944400,80500.0,0.004981330350204162,0.004981330350204162
2023-02-07 00:00:00+00:00,80500,81900,80500,80700,750800,80700.0,0.002481390851385476,0.002481390851385476
2023-02-08 00:00:00+00:00,80800,81700,80600,81200,669700,81200.0,0.006176671891729137,0.006176671891729137
2023-02-09 00:00:00+00:00,81000,81600,80700,80700,743000,80700.0,-0.006176671891729174,-0.006176671891729174
2023-02-10 00:00:00+00:00,81100,81200,80500,80700,725000,80700.0,0.0,0.0
2023-02-13 00:00:00+00:00,80700,81200,80000,80700,613200,80700.0,0.0,0.0
2023-02-14 00:00:00+00:00,80700,81000,80200,80800,619700,80800.0,0.0012383902511466224,0.0012383902511466224
2023-02-15 00:00:00+00:00,80500,81900,80300,81600,645200,81600.0,0.00985229644301164,0.00985229644301164
2023-02-16 00:00:00+00:00,81600,82000,80700,81600,424200,81600.0,0.0,0.0
2023-02-17 00:00:00+00:00,81200,81600,81000,81600,467600,81600.0,0.0,0.0
2023-02-20 00:00:00+00:00,81600,83000,81400,82800,1275100,82800.0,0.014598799421152631,0.014598799421152631
2023-02-21 00:00:00+00:00,82800,83700,82600,82800,840000,82800.0,0.0,0.0
2023-02-22 00:00:00+00:00,82300,82500,81800,81800,747200,81800.0,-0.012150817782512691,-0.012150817782512691
2023-02-23 00:00:00+00:00,81700,81700,80600,81400,1160500,81400.0,-0.0049019706002067795,-0.0049019706002067795
2023-02-24 00:00:00+00:00,81100,81300,80400,80800,559200,80800.0,-0.0073983074814449245,-0.0073983074814449245
2023-02-27 00:00:00+00:00,80000,80500,79900,80300,1015400,80300.0,-0.006207344574333712,-0.006207344574333712
2023-02-28 00:00:00+00:00,80000,80700,79500,80500,524300,80500.0,0.0024875634718017074,0.0024875634718017074
2023-03-01 00:00:00+00:00,79500,80500,78700,80500,1376400,80500.0,0.0,0.0
2023-03-02 00:00:00+00:00,80000,80500,79800,80000,430800,80000.0,-0.006230549750636086,-0.006230549750636086
2023-03-03 00:00:00+00:00,79300,80000,78500,78500,740800,78500.0,-0.01892800988551891,-0.01892800988551891
2023-03-06 00:00:00+00:00,78100,79800,78100,78200,817200,78200.0,-0.0038289772370973508,-0.0038289772370973508
2023-03-07 00:00:00+00:00,79100,79900,78800,78800,792000,78800.0,0.007643349312568066,0.007643349312568066
2023-03-08 00:00:00+00:00,78500,79500,78500,79500,510600,79500.0,0.008844024796452774,0.008844024796452774
2023-03-09 00:00:00+00:00,79500,80700,79200,80600,640300,80600.0,0.013741627852296389,0.013741627852296389
2023-03-10 00:00:00+00:00,80200,80400,79000,79500,640900,79500.0,-0.013741627852296353,-0.013741627852296353
2023-03-13 00:00:00+00:00,78100,79400,78100,78900,886500,78900.0,-0.007575793808457656,-0.007575793808457656
2023-03-14 00:00:00+00:00,79000,79100,78500,78700,427400,78700.0,-0.002538072428471,-0.002538072428471
2023-03-15 00:00:00+00:00,79100,80500,79100,80500,691800,80500.0,0.022614029001160173,0.022614029001160173
2023-03-16 00:00:00+00:00,80000,80000,78400,79200,850000,79200.0,-0.016280885604137502,-0.016280885604137502
2023-03-17 00:00:00+00:00,79600,80000,78600,79000,429400,79000.0,-0.0025284463533586377,-0.0025284463533586377
2023-03-20 00:00:00+00:00,79100,79300,77600,77600,769800,77600.0,-0.01788042527784841,-0.01788042527784841
2023-03-21 00:00:00+00:00,78600,78700,77100,78100,536200,78100.0,0.006422629656467192,0.006422629656467192
2023-03-22 00:00:00+00:00,78200,78600,77600,78500,610400,78500.0,0.005108567942722359,0.005108567942722359
2023-03-23 00:00:00+00:00,78400,78500,77600,78000,356600,78000.0,-0.00638979809877101,-0.00638979809877101
2023-03-24 00:00:00+00:00,78300,78800,78000,78600,366700,78600.0,0.007662872745569097,0.007662872745569097
2023-03-27 00:00:00+00:00,78900,79200,78500,79100,767200,79100.0,0.006341175338447247,0.006341175338447247
2023-03-28 00:00:00+00:00,79200,79200,77500,79200,1000400,79200.0,0.00126342404677192,0.00126342404677192
2023-03-29 00:00:00+00:00,79200,79300,78600,79000,404500,79000.0,-0.0025284463533586377,-0.0025284463533586377
2023-03-30 00:00:00+00:00,79000,79300,78800,79100,408400,79100.0,0.0012650223065867022,0.0012650223065867022
2023-03-31 00:00:00+00:00,79100,79500,79000,79100,671600,79100.0,0.0,0.0
2023-04-03 00:00:00+00:00,79400,80900,79100,80900,1170200,80900.0,0.02250094929083782,0.02250094929083782
2023-04-04 00:00:00+00:00,80900,81000,80000,80500,584600,80500.0,-0.004956639639928289,-0.004956639639928289
2023-04-05 00:00:00+00:00,80500,80600,79700,80600,422000,80600.0,0.0012414650880649455,0.0012414650880649455
2023-04-06 00:00:00+00:00,80700,81500,80300,80300,612900,80300.0,-0.0037290285598665976,-0.0037290285598665976
2023-04-07 00:00:00+00:00,80200,80700,80000,80500,359800,80500.0,0.0024875634718017074,0.0024875634718017074
2023-04-10 00:00:00+00:00,81000,81000,80100,80300,769800,80300.0,-0.0024875634718017465,-0.0024875634718017465
2023-04-11 00:00:00+00:00,80200,80500,80100,80300,534000,80300.0,0.0,0.0
2023-04-12 00:00:00+00:00,80300,80500,79900,80300,574700,80300.0,0.0,0.0
2023-04-13 00:00:00+00:00,80300,80400,79300,79600,540500,79600.0,-0.008755528102378694,-0.008755528102378694
2023-04-14 00:00:00+00:00,79900,80100,79300,79600,398800,79600.0,0.0,0.0
2023-04-17 00:00:00+00:00,79600,79700,79000,79600,449900,79600.0,0.0,0.0
2023-04-18 00:00:00+00:00,79600,80000,79200,79400,301600,79400.0,-0.002515724597247247,-0.002515724597247247
2023-04-19 00:00:00+00:00,79800,79800,79300,79300,419800,79300.0,-0.0012602396122877771,-0.0012602396122877771
2023-04-20 00:00:00+00:00,79800,79800,79200,79400,364400,79400.0,0.0012602396122877732,0.0012602396122877732
2023-04-21 00:00:00+00:00,80000,80000,79300,79300,324000,79300.0,-0.0012602396122877771,-0.0012602396122877771
2023-04-24 00:00:00+00:00,79500,80600,79000,79100,794500,79100.0,-0.002525253867194071,-0.002525253867194071
2023-04-25 00:00:00+00:00,79100,79300,78300,78400,540000,78400.0,-0.00888894741724604,-0.00888894741724604
2023-04-26 00:00:00+00:00,78100,78400,77600,78300,772000,78300.0,-0.0012763243596047896,-0.0012763243596047896
2023-04-27 00:00:00+00:00,78100,78800,78100,78300,221000,78300.0,0.0,0.0
2023-04-28 00:00:00+00:00,78800,78800,77500,77500,945600,77500.0,-0.010269666637456156,-0.010269666637456156
2023-05-04 00:00:00+00:00,77800,78700,77600,78500,497200,78500.0,0.012820688429061469,0.012820688429061469
2023-05-05 00:00:00+00:00,78600,78600,78200,78400,319200,78400.0,-0.001274697432000584,-0.001274697432000584
2023-05-08 00:00:00+00:00,78500,78900,78400,78500,362900,78500.0,0.0012746974320005163,0.0012746974320005163
2023-05-09 00:00:00+00:00,78600,79800,78600,78900,605900,78900.0,0.00508260306346581,0.00508260306346581
2023-05-10 00:00:00+00:00,79000,79600,79000,79000,632500,79000.0,0.0012666246151929834,0.0012666246151929834
2023-05-11 00:00:00+00:00,79100,79600,79000,79100,475900,79100.0,0.0012650223065867022,0.0012650223065867022
2023-05-12 00:00:00+00:00,79300,80600,78800,80500,1083100,80500.0,0.017544309650909525,0.017544309650909525
2023-05-15 00:00:00+00:00,81400,81800,80800,81000,934700,81000.0,0.00619197024792098,0.00619197024792098
2023-05-16 00:00:00+00:00,81000,81700,80800,81500,766500,81500.0,0.006153865574378286,0.006153865574378286
2023-05-17 00:00:00+00:00,81900,82700,81100,81500,976200,81500.0,0.0,0.0
2023-05-18 00:00:00+00:00,81800,83000,81400,82900,1549800,82900.0,0.01703204189443217,0.01703204189443217
2023-05-19 00:00:00+00:00,83000,83300,81800,82800,1073600,82800.0,-0.0012070007500352277,-0.0012070007500352277
2023-05-22 00:00:00+00:00,82800,82800,82000,82500,561000,82500.0,-0.0036297680505787237,-0.0036297680505787237
2023-05-23 00:00:00+00:00,82500,82500,81400,82000,656500,82000.0,-0.006079046076382226,-0.006079046076382226
2023-05-24 00:00:00+00:00,82000,82100,81100,81300,464300,81300.0,-0.008573230710488213,-0.008573230710488213
2023-05-25 00:00:00+00:00,81200,83400,81000,83200,1341300,83200.0,0.023101331273397908,0.023101331273397908
2023-05-26 00:00:00+00:00,83100,83400,82300,83100,864400,83100.0,-0.0012026459657604525,-0.0012026459657604525
2023-05-29 00:00:00+00:00,83500,83700,82900,83100,879600,83100.0,0.0,0.0
2023-05-30 00:00:00+00:00,83000,84900,82900,84000,1659100,84000.0,0.01077209698191104,0.01077209698191104
2023-05-31 00:00:00+00:00,84200,84200,83100,84100,839400,84100.0,0.0011897681355887508,0.0011897681355887508
2023-06-01 00:00:00+00:00,84000,84000,83100,83500,537300,83500.0,-0.007159935122092595,-0.007159935122092595
2023-06-02 00:00:00+00:00,83500,84300,83100,83800,735900,83800.0,0.003586375631227653,0.003586375631227653
2023-06-05 00:00:00+00:00,83900,85200,83800,85000,1425500,85000.0,0.014218249002279172,0.014218249002279172
2023-06-06 00:00:00+00:00,85300,85300,84700,85300,514000,85300.0,0.003523198007316878,0.003523198007316878
2023-06-07 00:00:00+00:00,85000,85400,84300,85000,705800,85000.0,-0.0035231980073170167,-0.0035231980073170167
2023-06-08 00:00:00+00:00,84700,84900,83500,83600,1244500,83600.0,-0.016607736399660525,-0.016607736399660525
2023-06-09 00:00:00+00:00,84300,84700,83700,84600,680200,84600.0,0.011890746521521554,0.011890746521521554
2023-06-12 00:00:00+00:00,84500,84900,83600,84900,519700,84900.0,0.003539826705123987,0.003539826705123987
2023-06-13 00:00:00+00:00,84400,84900,84300,84400,466800,84400.0,-0.005906691715390244,-0.005906691715390244
2023-06-14 00:00:00+00:00,84300,84800,84100,84200,658600,84200.0,-0.0023724803536303565,-0.0023724803536303565
2023-06-15 00:00:00+00:00,84200,84400,83600,84100,798600,84100.0,-0.0011883542693786767,-0.0011883542693786767
2023-06-16 00:00:00+00:00,84100,86200,83400,84500,2231500,84500.0,0.004744967384225733,0.004744967384225733
2023-06-19 00:00:00+00:00,84700,85500,84500,84700,663200,84700.0,0.00236406729488047,0.00236406729488047
2023-06-20 00:00:00+00:00,85000,85800,84700,85500,944500,85500.0,0.009400774284705888,0.009400774284705888
2023-06-21 00:00:00+00:00,85500,86400,85400,85800,705800,85800.0,0.0035026305512020745,0.0035026305512020745
2023-06-22 00:00:00+00:00,86100,86500,84700,85500,1019700,85500.0,-0.003502630551202112,-0.003502630551202112
2023-06-23 00:00:00+00:00,85600,85600,84800,85100,822000,85100.0,-0.004689340363386059,-0.004689340363386059
2023-06-26 00:00:00+00:00,85100,85800,84600,85800,859400,85800.0,0.008191970914588158,0.008191970914588158
2023-06-27 00:00:00+00:00,86000,87300,86000,87300,1540400,87300.0,0.01733145635163994,0.01733145635163994
2023-06-28 00:00:00+00:00,87400,87800,87000,87000,964900,87000.0,-0.00344234419097279,-0.00344234419097279
2023-06-29 00:00:00+00:00,87000,87100,86500,86500,562400,86500.0,-0.0057637047167501294,-0.0057637047167501294
2023-06-30 00:00:00+00:00,86500,86600,86000,86000,733500,86000.0,-0.005797117684325958,-0.005797117684325958
