timestamp,view,addtocart,transaction,target,log_view,log_addtocart,log_transaction,hour_sin,hour_cos,weekday_sin,weekday_cos,model_target
2015-05-04 00:00:00+00:00,1072,32,11,11.0,6.9782137426306985,3.4965075614664802,2.4849066497880004,0.0,1.0,0.0,1.0,2.4849066497880004
2015-05-04 01:00:00+00:00,979,14,3,3.0,6.887552571664617,2.70805020110221,1.3862943611198906,0.25881904510252074,0.9659258262890683,0.0,1.0,1.3862943611198906
2015-05-04 02:00:00+00:00,1052,30,2,2.0,6.959398512133975,3.4339872044851463,1.0986122886681098,0.49999999999999994,0.8660254037844387,0.0,1.0,1.0986122886681098
2015-05-04 03:00:00+00:00,1050,25,5,5.0,6.957497370876951,3.258096538021482,1.791759469228055,0.7071067811865475,0.7071067811865476,0.0,1.0,1.791759469228055
2015-05-04 04:00:00+00:00,1101,40,5,5.0,7.004881989712859,3.713572066704308,1.791759469228055,0.8660254037844386,0.5000000000000001,0.0,1.0,1.791759469228055
2015-05-04 05:00:00+00:00,970,19,2,2.0,6.878326468291325,2.995732273553991,1.0986122886681098,0.9659258262890683,0.25881904510252074,0.0,1.0,1.0986122886681098
2015-05-04 06:00:00+00:00,606,24,6,6.0,6.408528791059498,3.2188758248682006,1.9459101490553132,1.0,6.123233995736766e-17,0.0,1.0,1.9459101490553132
2015-05-04 07:00:00+00:00,331,4,1,1.0,5.805134968916488,1.6094379124341003,0.6931471805599453,0.9659258262890683,-0.25881904510252063,0.0,1.0,0.6931471805599453
2015-05-04 08:00:00+00:00,153,4,1,1.0,5.0369526024136295,1.6094379124341003,0.6931471805599453,0.8660254037844387,-0.49999999999999983,0.0,1.0,0.6931471805599453
2015-05-04 09:00:00+00:00,166,2,0,0.0,5.117993812416755,1.0986122886681098,0.0,0.7071067811865476,-0.7071067811865475,0.0,1.0,0.0
2015-05-04 10:00:00+00:00,111,0,0,0.0,4.718498871295094,0.0,0.0,0.49999999999999994,-0.8660254037844387,0.0,1.0,0.0
2015-05-04 11:00:00+00:00,122,0,0,0.0,4.812184355372417,0.0,0.0,0.258819045102521,-0.9659258262890682,0.0,1.0,0.0
2015-05-04 12:00:00+00:00,185,9,0,0.0,5.225746673713202,2.302585092994046,0.0,1.2246467991473532e-16,-1.0,0.0,1.0,0.0
2015-05-04 13:00:00+00:00,301,9,0,0.0,5.71042701737487,2.302585092994046,0.0,-0.2588190451025208,-0.9659258262890683,0.0,1.0,0.0
2015-05-04 14:00:00+00:00,456,10,3,3.0,6.124683390894205,2.3978952727983707,1.3862943611198906,-0.4999999999999998,-0.8660254037844388,0.0,1.0,1.3862943611198906
2015-05-04 15:00:00+00:00,750,14,6,6.0,6.621405651764134,2.70805020110221,1.9459101490553132,-0.7071067811865471,-0.7071067811865479,0.0,1.0,1.9459101490553132
2015-05-04 16:00:00+00:00,972,23,8,8.0,6.880384082186005,3.1780538303479458,2.1972245773362196,-0.8660254037844384,-0.5000000000000004,0.0,1.0,2.1972245773362196
2015-05-04 17:00:00+00:00,1187,42,13,13.0,7.080026499922591,3.7612001156935624,2.6390573296152584,-0.9659258262890683,-0.25881904510252063,0.0,1.0,2.6390573296152584
2015-05-04 18:00:00+00:00,1251,36,19,19.0,7.132497551660044,3.6109179126442243,2.995732273553991,-1.0,-1.8369701987210297e-16,0.0,1.0,2.995732273553991
2015-05-04 19:00:00+00:00,1192,47,13,13.0,7.084226422097916,3.871201010907891,2.6390573296152584,-0.9659258262890684,0.2588190451025203,0.0,1.0,2.6390573296152584
2015-05-04 20:00:00+00:00,1098,39,14,14.0,7.002155954403621,3.6888794541139363,2.70805020110221,-0.8660254037844386,0.5000000000000001,0.0,1.0,2.70805020110221
2015-05-04 21:00:00+00:00,1258,59,10,10.0,7.138073034044347,4.0943445622221,2.3978952727983707,-0.7071067811865477,0.7071067811865474,0.0,1.0,2.3978952727983707
2015-05-04 22:00:00+00:00,1196,57,17,17.0,7.087573705557973,4.060443010546419,2.8903717578961645,-0.5000000000000004,0.8660254037844384,0.0,1.0,2.8903717578961645
2015-05-04 23:00:00+00:00,1122,39,15,15.0,7.023758954738443,3.6888794541139363,2.772588722239781,-0.25881904510252157,0.9659258262890681,0.0,1.0,2.772588722239781
2015-05-05 00:00:00+00:00,1145,33,5,5.0,7.044032897274685,3.5263605246161616,1.791759469228055,0.0,1.0,0.7818314824680298,0.6234898018587336,1.791759469228055
2015-05-05 01:00:00+00:00,1293,28,15,15.0,7.165493475060845,3.367295829986474,2.772588722239781,0.25881904510252074,0.9659258262890683,0.7818314824680298,0.6234898018587336,2.772588722239781
2015-05-05 02:00:00+00:00,1388,17,7,7.0,7.236339342754344,2.8903717578961645,2.0794415416798357,0.49999999999999994,0.8660254037844387,0.7818314824680298,0.6234898018587336,2.0794415416798357
2015-05-05 03:00:00+00:00,1313,31,5,5.0,7.1808311990445555,3.4657359027997265,1.791759469228055,0.7071067811865475,0.7071067811865476,0.7818314824680298,0.6234898018587336,1.791759469228055
2015-05-05 04:00:00+00:00,1212,23,11,11.0,7.10085190894405,3.1780538303479458,2.4849066497880004,0.8660254037844386,0.5000000000000001,0.7818314824680298,0.6234898018587336,2.4849066497880004
2015-05-05 05:00:00+00:00,1005,25,12,12.0,6.913737350659685,3.258096538021482,2.5649493574615367,0.9659258262890683,0.25881904510252074,0.7818314824680298,0.6234898018587336,2.5649493574615367
2015-05-05 06:00:00+00:00,591,6,1,1.0,6.3835066348840055,1.9459101490553132,0.6931471805599453,1.0,6.123233995736766e-17,0.7818314824680298,0.6234898018587336,0.6931471805599453
2015-05-05 07:00:00+00:00,305,10,3,3.0,5.723585101952381,2.3978952727983707,1.3862943611198906,0.9659258262890683,-0.25881904510252063,0.7818314824680298,0.6234898018587336,1.3862943611198906
2015-05-05 08:00:00+00:00,179,2,1,1.0,5.19295685089021,1.0986122886681098,0.6931471805599453,0.8660254037844387,-0.49999999999999983,0.7818314824680298,0.6234898018587336,0.6931471805599453
2015-05-05 09:00:00+00:00,116,9,0,0.0,4.762173934797756,2.302585092994046,0.0,0.7071067811865476,-0.7071067811865475,0.7818314824680298,0.6234898018587336,0.0
2015-05-05 10:00:00+00:00,96,2,1,1.0,4.574710978503383,1.0986122886681098,0.6931471805599453,0.49999999999999994,-0.8660254037844387,0.7818314824680298,0.6234898018587336,0.6931471805599453
2015-05-05 11:00:00+00:00,114,1,0,0.0,4.74493212836325,0.6931471805599453,0.0,0.258819045102521,-0.9659258262890682,0.7818314824680298,0.6234898018587336,0.0
2015-05-05 12:00:00+00:00,233,2,1,1.0,5.455321115357702,1.0986122886681098,0.6931471805599453,1.2246467991473532e-16,-1.0,0.7818314824680298,0.6234898018587336,0.6931471805599453
2015-05-05 13:00:00+00:00,359,7,3,3.0,5.886104031450156,2.0794415416798357,1.3862943611198906,-0.2588190451025208,-0.9659258262890683,0.7818314824680298,0.6234898018587336,1.3862943611198906
2015-05-05 14:00:00+00:00,664,15,6,6.0,6.499787040655854,2.772588722239781,1.9459101490553132,-0.4999999999999998,-0.8660254037844388,0.7818314824680298,0.6234898018587336,1.9459101490553132
2015-05-05 15:00:00+00:00,1060,19,11,11.0,6.966967138613983,2.995732273553991,2.4849066497880004,-0.7071067811865471,-0.7071067811865479,0.7818314824680298,0.6234898018587336,2.4849066497880004
2015-05-05 16:00:00+00:00,1410,32,20,20.0,7.252053951852814,3.4965075614664802,3.044522437723423,-0.8660254037844384,-0.5000000000000004,0.7818314824680298,0.6234898018587336,3.044522437723423
2015-05-05 17:00:00+00:00,1434,38,15,15.0,7.268920128193722,3.6635616461296463,2.772588722239781,-0.9659258262890683,-0.25881904510252063,0.7818314824680298,0.6234898018587336,2.772588722239781
2015-05-05 18:00:00+00:00,1502,53,27,27.0,7.315218389752975,3.9889840465642745,3.332204510175204,-1.0,-1.8369701987210297e-16,0.7818314824680298,0.6234898018587336,3.332204510175204
2015-05-05 19:00:00+00:00,1509,39,18,18.0,7.31986492980897,3.6888794541139363,2.9444389791664403,-0.9659258262890684,0.2588190451025203,0.7818314824680298,0.6234898018587336,2.9444389791664403
2015-05-05 20:00:00+00:00,1492,52,12,12.0,7.30854279753919,3.970291913552122,2.5649493574615367,-0.8660254037844386,0.5000000000000001,0.7818314824680298,0.6234898018587336,2.5649493574615367
2015-05-05 21:00:00+00:00,854,15,15,15.0,6.75110146893676,2.772588722239781,2.772588722239781,-0.7071067811865477,0.7071067811865474,0.7818314824680298,0.6234898018587336,2.772588722239781
2015-05-05 22:00:00+00:00,1572,38,11,11.0,7.360739903058278,3.6635616461296463,2.4849066497880004,-0.5000000000000004,0.8660254037844384,0.7818314824680298,0.6234898018587336,2.4849066497880004
2015-05-05 23:00:00+00:00,1379,64,25,25.0,7.22983877815125,4.174387269895637,3.258096538021482,-0.25881904510252157,0.9659258262890681,0.7818314824680298,0.6234898018587336,3.258096538021482
2015-05-06 00:00:00+00:00,1273,45,16,16.0,7.149916836132109,3.828641396489095,2.833213344056216,0.0,1.0,0.9749279121818236,-0.22252093395631434,2.833213344056216
2015-05-06 01:00:00+00:00,1210,32,18,18.0,7.099201743553092,3.4965075614664802,2.9444389791664403,0.25881904510252074,0.9659258262890683,0.9749279121818236,-0.22252093395631434,2.9444389791664403
2015-05-06 02:00:00+00:00,1229,30,8,8.0,7.114769448366463,3.4339872044851463,2.1972245773362196,0.49999999999999994,0.8660254037844387,0.9749279121818236,-0.22252093395631434,2.1972245773362196
2015-05-06 03:00:00+00:00,1284,31,5,5.0,7.158513997329321,3.4657359027997265,1.791759469228055,0.7071067811865475,0.7071067811865476,0.9749279121818236,-0.22252093395631434,1.791759469228055
2015-05-06 04:00:00+00:00,1292,27,12,12.0,7.164720378771857,3.332204510175204,2.5649493574615367,0.8660254037844386,0.5000000000000001,0.9749279121818236,-0.22252093395631434,2.5649493574615367
2015-05-06 05:00:00+00:00,958,28,2,2.0,6.8658910748834385,3.367295829986474,1.0986122886681098,0.9659258262890683,0.25881904510252074,0.9749279121818236,-0.22252093395631434,1.0986122886681098
2015-05-06 06:00:00+00:00,650,15,3,3.0,6.478509642208569,2.772588722239781,1.3862943611198906,1.0,6.123233995736766e-17,0.9749279121818236,-0.22252093395631434,1.3862943611198906
2015-05-06 07:00:00+00:00,299,5,1,1.0,5.703782474656201,1.791759469228055,0.6931471805599453,0.9659258262890683,-0.25881904510252063,0.9749279121818236,-0.22252093395631434,0.6931471805599453
2015-05-06 08:00:00+00:00,158,10,0,0.0,5.0689042022202315,2.3978952727983707,0.0,0.8660254037844387,-0.49999999999999983,0.9749279121818236,-0.22252093395631434,0.0
2015-05-06 09:00:00+00:00,126,3,0,0.0,4.844187086458591,1.3862943611198906,0.0,0.7071067811865476,-0.7071067811865475,0.9749279121818236,-0.22252093395631434,0.0
2015-05-06 10:00:00+00:00,98,5,1,1.0,4.59511985013459,1.791759469228055,0.6931471805599453,0.49999999999999994,-0.8660254037844387,0.9749279121818236,-0.22252093395631434,0.6931471805599453
2015-05-06 11:00:00+00:00,162,4,5,5.0,5.093750200806762,1.6094379124341003,1.791759469228055,0.258819045102521,-0.9659258262890682,0.9749279121818236,-0.22252093395631434,1.791759469228055
2015-05-06 12:00:00+00:00,274,4,0,0.0,5.616771097666572,1.6094379124341003,0.0,1.2246467991473532e-16,-1.0,0.9749279121818236,-0.22252093395631434,0.0
2015-05-06 13:00:00+00:00,401,11,2,2.0,5.996452088619021,2.4849066497880004,1.0986122886681098,-0.2588190451025208,-0.9659258262890683,0.9749279121818236,-0.22252093395631434,1.0986122886681098
2015-05-06 14:00:00+00:00,730,17,4,4.0,6.594413459749778,2.8903717578961645,1.6094379124341003,-0.4999999999999998,-0.8660254037844388,0.9749279121818236,-0.22252093395631434,1.6094379124341003
2015-05-06 15:00:00+00:00,1126,41,26,26.0,7.027314514039777,3.7376696182833684,3.295836866004329,-0.7071067811865471,-0.7071067811865479,0.9749279121818236,-0.22252093395631434,3.295836866004329
2015-05-06 16:00:00+00:00,1444,45,24,24.0,7.275864600546533,3.828641396489095,3.2188758248682006,-0.8660254037844384,-0.5000000000000004,0.9749279121818236,-0.22252093395631434,3.2188758248682006
2015-05-06 17:00:00+00:00,1462,65,21,21.0,7.288244401020124,4.189654742026425,3.091042453358316,-0.9659258262890683,-0.25881904510252063,0.9749279121818236,-0.22252093395631434,3.091042453358316
2015-05-06 18:00:00+00:00,1489,42,23,23.0,7.306531398939505,3.7612001156935624,3.1780538303479458,-1.0,-1.8369701987210297e-16,0.9749279121818236,-0.22252093395631434,3.1780538303479458
2015-05-06 19:00:00+00:00,1518,45,18,18.0,7.325807502595773,3.828641396489095,2.9444389791664403,-0.9659258262890684,0.2588190451025203,0.9749279121818236,-0.22252093395631434,2.9444389791664403
2015-05-06 20:00:00+00:00,1620,34,21,21.0,7.390798521735676,3.5553480614894135,3.091042453358316,-0.8660254037844386,0.5000000000000001,0.9749279121818236,-0.22252093395631434,3.091042453358316
2015-05-06 21:00:00+00:00,1530,41,14,14.0,7.333676395657684,3.7376696182833684,2.70805020110221,-0.7071067811865477,0.7071067811865474,0.9749279121818236,-0.22252093395631434,2.70805020110221
2015-05-06 22:00:00+00:00,1433,26,14,14.0,7.2682230211595655,3.295836866004329,2.70805020110221,-0.5000000000000004,0.8660254037844384,0.9749279121818236,-0.22252093395631434,2.70805020110221
2015-05-06 23:00:00+00:00,1249,41,20,20.0,7.1308988302963465,3.7376696182833684,3.044522437723423,-0.25881904510252157,0.9659258262890681,0.9749279121818236,-0.22252093395631434,3.044522437723423
2015-05-07 00:00:00+00:00,1181,27,15,15.0,7.074963197966044,3.332204510175204,2.772588722239781,0.0,1.0,0.43388373911755823,-0.900968867902419,2.772588722239781
2015-05-07 01:00:00+00:00,1173,24,10,10.0,7.068172000388042,3.2188758248682006,2.3978952727983707,0.25881904510252074,0.9659258262890683,0.43388373911755823,-0.900968867902419,2.3978952727983707
2015-05-07 02:00:00+00:00,1232,32,10,10.0,7.117205503164344,3.4965075614664802,2.3978952727983707,0.49999999999999994,0.8660254037844387,0.43388373911755823,-0.900968867902419,2.3978952727983707
2015-05-07 03:00:00+00:00,1166,34,7,7.0,7.062191632286556,3.5553480614894135,2.0794415416798357,0.7071067811865475,0.7071067811865476,0.43388373911755823,-0.900968867902419,2.0794415416798357
2015-05-07 04:00:00+00:00,1285,27,4,4.0,7.1592919047975645,3.332204510175204,1.6094379124341003,0.8660254037844386,0.5000000000000001,0.43388373911755823,-0.900968867902419,1.6094379124341003
2015-05-07 05:00:00+00:00,963,19,4,4.0,6.871091294610546,2.995732273553991,1.6094379124341003,0.9659258262890683,0.25881904510252074,0.43388373911755823,-0.900968867902419,1.6094379124341003
2015-05-07 06:00:00+00:00,640,12,7,7.0,6.46302945692067,2.5649493574615367,2.0794415416798357,1.0,6.123233995736766e-17,0.43388373911755823,-0.900968867902419,2.0794415416798357
2015-05-07 07:00:00+00:00,296,10,4,4.0,5.6937321388027,2.3978952727983707,1.6094379124341003,0.9659258262890683,-0.25881904510252063,0.43388373911755823,-0.900968867902419,1.6094379124341003
2015-05-07 08:00:00+00:00,174,4,1,1.0,5.1647859739235145,1.6094379124341003,0.6931471805599453,0.8660254037844387,-0.49999999999999983,0.43388373911755823,-0.900968867902419,0.6931471805599453
2015-05-07 09:00:00+00:00,132,0,0,0.0,4.890349128221754,0.0,0.0,0.7071067811865476,-0.7071067811865475,0.43388373911755823,-0.900968867902419,0.0
2015-05-07 10:00:00+00:00,108,0,0,0.0,4.6913478822291435,0.0,0.0,0.49999999999999994,-0.8660254037844387,0.43388373911755823,-0.900968867902419,0.0
2015-05-07 11:00:00+00:00,130,0,0,0.0,4.875197323201151,0.0,0.0,0.258819045102521,-0.9659258262890682,0.43388373911755823,-0.900968867902419,0.0
2015-05-07 12:00:00+00:00,241,2,0,0.0,5.488937726156687,1.0986122886681098,0.0,1.2246467991473532e-16,-1.0,0.43388373911755823,-0.900968867902419,0.0
2015-05-07 13:00:00+00:00,340,7,3,3.0,5.831882477283517,2.0794415416798357,1.3862943611198906,-0.2588190451025208,-0.9659258262890683,0.43388373911755823,-0.900968867902419,1.3862943611198906
2015-05-07 14:00:00+00:00,652,11,6,6.0,6.481577129276431,2.4849066497880004,1.9459101490553132,-0.4999999999999998,-0.8660254037844388,0.43388373911755823,-0.900968867902419,1.9459101490553132
2015-05-07 15:00:00+00:00,1144,32,22,22.0,7.0431599159883405,3.4965075614664802,3.1354942159291497,-0.7071067811865471,-0.7071067811865479,0.43388373911755823,-0.900968867902419,3.1354942159291497
2015-05-07 16:00:00+00:00,1358,31,13,13.0,7.214504414151143,3.4657359027997265,2.6390573296152584,-0.8660254037844384,-0.5000000000000004,0.43388373911755823,-0.900968867902419,2.6390573296152584
2015-05-07 17:00:00+00:00,1415,44,11,11.0,7.255591274253665,3.8066624897703196,2.4849066497880004,-0.9659258262890683,-0.25881904510252063,0.43388373911755823,-0.900968867902419,2.4849066497880004
2015-05-07 18:00:00+00:00,1602,60,10,10.0,7.3796321526095525,4.110873864173311,2.3978952727983707,-1.0,-1.8369701987210297e-16,0.43388373911755823,-0.900968867902419,2.3978952727983707
2015-05-07 19:00:00+00:00,1513,68,33,33.0,7.322510433997394,4.23410650459726,3.5263605246161616,-0.9659258262890684,0.2588190451025203,0.43388373911755823,-0.900968867902419,3.5263605246161616
2015-05-07 20:00:00+00:00,1631,42,22,22.0,7.397561535524052,3.7612001156935624,3.1354942159291497,-0.8660254037844386,0.5000000000000001,0.43388373911755823,-0.900968867902419,3.1354942159291497
2015-05-07 21:00:00+00:00,1385,40,16,16.0,7.234177179749849,3.713572066704308,2.833213344056216,-0.7071067811865477,0.7071067811865474,0.43388373911755823,-0.900968867902419,2.833213344056216
2015-05-07 22:00:00+00:00,1403,27,11,11.0,7.247080584585756,3.332204510175204,2.4849066497880004,-0.5000000000000004,0.8660254037844384,0.43388373911755823,-0.900968867902419,2.4849066497880004
2015-05-07 23:00:00+00:00,1204,19,8,8.0,7.094234845924755,2.995732273553991,2.1972245773362196,-0.25881904510252157,0.9659258262890681,0.43388373911755823,-0.900968867902419,2.1972245773362196
2015-05-08 00:00:00+00:00,1137,29,5,5.0,7.037027614686276,3.4011973816621555,1.791759469228055,0.0,1.0,-0.433883739117558,-0.9009688679024191,1.791759469228055
2015-05-08 01:00:00+00:00,1064,28,4,4.0,6.970730078143525,3.367295829986474,1.6094379124341003,0.25881904510252074,0.9659258262890683,-0.433883739117558,-0.9009688679024191,1.6094379124341003
2015-05-08 02:00:00+00:00,1015,37,17,17.0,6.923628628138427,3.6375861597263857,2.8903717578961645,0.49999999999999994,0.8660254037844387,-0.433883739117558,-0.9009688679024191,2.8903717578961645
2015-05-08 03:00:00+00:00,1031,28,18,18.0,6.939253946041508,3.367295829986474,2.9444389791664403,0.7071067811865475,0.7071067811865476,-0.433883739117558,-0.9009688679024191,2.9444389791664403
2015-05-08 04:00:00+00:00,1044,19,3,3.0,6.951772164398911,2.995732273553991,1.3862943611198906,0.8660254037844386,0.5000000000000001,-0.433883739117558,-0.9009688679024191,1.3862943611198906
2015-05-08 05:00:00+00:00,805,19,6,6.0,6.692083742506628,2.995732273553991,1.9459101490553132,0.9659258262890683,0.25881904510252074,-0.433883739117558,-0.9009688679024191,1.9459101490553132
2015-05-08 06:00:00+00:00,514,16,3,3.0,6.244166900663736,2.833213344056216,1.3862943611198906,1.0,6.123233995736766e-17,-0.433883739117558,-0.9009688679024191,1.3862943611198906
2015-05-08 07:00:00+00:00,276,3,0,0.0,5.6240175061873385,1.3862943611198906,0.0,0.9659258262890683,-0.25881904510252063,-0.433883739117558,-0.9009688679024191,0.0
2015-05-08 08:00:00+00:00,126,5,0,0.0,4.844187086458591,1.791759469228055,0.0,0.8660254037844387,-0.49999999999999983,-0.433883739117558,-0.9009688679024191,0.0
2015-05-08 09:00:00+00:00,121,0,0,0.0,4.804021044733257,0.0,0.0,0.7071067811865476,-0.7071067811865475,-0.433883739117558,-0.9009688679024191,0.0
2015-05-08 10:00:00+00:00,87,5,0,0.0,4.477336814478207,1.791759469228055,0.0,0.49999999999999994,-0.8660254037844387,-0.433883739117558,-0.9009688679024191,0.0
2015-05-08 11:00:00+00:00,201,1,0,0.0,5.308267697401205,0.6931471805599453,0.0,0.258819045102521,-0.9659258262890682,-0.433883739117558,-0.9009688679024191,0.0
2015-05-08 12:00:00+00:00,285,6,0,0.0,5.655991810819852,1.9459101490553132,0.0,1.2246467991473532e-16,-1.0,-0.433883739117558,-0.9009688679024191,0.0
2015-05-08 13:00:00+00:00,449,30,1,1.0,6.1092475827643655,3.4339872044851463,0.6931471805599453,-0.2588190451025208,-0.9659258262890683,-0.433883739117558,-0.9009688679024191,0.6931471805599453
2015-05-08 14:00:00+00:00,649,32,1,1.0,6.476972362889683,3.4965075614664802,0.6931471805599453,-0.4999999999999998,-0.8660254037844388,-0.433883739117558,-0.9009688679024191,0.6931471805599453
2015-05-08 15:00:00+00:00,898,22,4,4.0,6.80128303447162,3.1354942159291497,1.6094379124341003,-0.7071067811865471,-0.7071067811865479,-0.433883739117558,-0.9009688679024191,1.6094379124341003
2015-05-08 16:00:00+00:00,1195,26,5,5.0,7.086737934510577,3.295836866004329,1.791759469228055,-0.8660254037844384,-0.5000000000000004,-0.433883739117558,-0.9009688679024191,1.791759469228055
2015-05-08 17:00:00+00:00,1128,32,6,6.0,7.029087564149662,3.4965075614664802,1.9459101490553132,-0.9659258262890683,-0.25881904510252063,-0.433883739117558,-0.9009688679024191,1.9459101490553132
2015-05-08 18:00:00+00:00,1246,34,6,6.0,7.1284959456800365,3.5553480614894135,1.9459101490553132,-1.0,-1.8369701987210297e-16,-0.433883739117558,-0.9009688679024191,1.9459101490553132
2015-05-08 19:00:00+00:00,1190,45,4,4.0,7.0825485693553,3.828641396489095,1.6094379124341003,-0.9659258262890684,0.2588190451025203,-0.433883739117558,-0.9009688679024191,1.6094379124341003
2015-05-08 20:00:00+00:00,1254,42,18,18.0,7.134890851565884,3.7612001156935624,2.9444389791664403,-0.8660254037844386,0.5000000000000001,-0.433883739117558,-0.9009688679024191,2.9444389791664403
2015-05-08 21:00:00+00:00,1156,32,9,9.0,7.053585727193677,3.4965075614664802,2.302585092994046,-0.7071067811865477,0.7071067811865474,-0.433883739117558,-0.9009688679024191,2.302585092994046
2015-05-08 22:00:00+00:00,1002,19,11,11.0,6.910750787961936,2.995732273553991,2.4849066497880004,-0.5000000000000004,0.8660254037844384,-0.433883739117558,-0.9009688679024191,2.4849066497880004
2015-05-08 23:00:00+00:00,893,21,5,5.0,6.795705775173514,3.091042453358316,1.791759469228055,-0.25881904510252157,0.9659258262890681,-0.433883739117558,-0.9009688679024191,1.791759469228055
2015-05-09 00:00:00+00:00,918,36,5,5.0,6.823286122355687,3.6109179126442243,1.791759469228055,0.0,1.0,-0.9749279121818236,-0.2225209339563146,1.791759469228055
2015-05-09 01:00:00+00:00,941,28,4,4.0,6.848005274576363,3.367295829986474,1.6094379124341003,0.25881904510252074,0.9659258262890683,-0.9749279121818236,-0.2225209339563146,1.6094379124341003
2015-05-09 02:00:00+00:00,975,50,8,8.0,6.883462586413092,3.9318256327243257,2.1972245773362196,0.49999999999999994,0.8660254037844387,-0.9749279121818236,-0.2225209339563146,2.1972245773362196
2015-05-09 03:00:00+00:00,871,10,11,11.0,6.77078942390898,2.3978952727983707,2.4849066497880004,0.7071067811865475,0.7071067811865476,-0.9749279121818236,-0.2225209339563146,2.4849066497880004
2015-05-09 04:00:00+00:00,912,17,4,4.0,6.816735880594968,2.8903717578961645,1.6094379124341003,0.8660254037844386,0.5000000000000001,-0.9749279121818236,-0.2225209339563146,1.6094379124341003
2015-05-09 05:00:00+00:00,674,6,0,0.0,6.51471269087253,1.9459101490553132,0.0,0.9659258262890683,0.25881904510252074,-0.9749279121818236,-0.2225209339563146,0.0
2015-05-09 06:00:00+00:00,428,11,0,0.0,6.061456918928017,2.4849066497880004,0.0,1.0,6.123233995736766e-17,-0.9749279121818236,-0.2225209339563146,0.0
2015-05-09 07:00:00+00:00,286,2,0,0.0,5.659482215759621,1.0986122886681098,0.0,0.9659258262890683,-0.25881904510252063,-0.9749279121818236,-0.2225209339563146,0.0
2015-05-09 08:00:00+00:00,175,8,6,6.0,5.170483995038151,2.1972245773362196,1.9459101490553132,0.8660254037844387,-0.49999999999999983,-0.9749279121818236,-0.2225209339563146,1.9459101490553132
2015-05-09 09:00:00+00:00,97,0,0,0.0,4.584967478670572,0.0,0.0,0.7071067811865476,-0.7071067811865475,-0.9749279121818236,-0.2225209339563146,0.0
2015-05-09 10:00:00+00:00,99,0,0,0.0,4.605170185988092,0.0,0.0,0.49999999999999994,-0.8660254037844387,-0.9749279121818236,-0.2225209339563146,0.0
2015-05-09 11:00:00+00:00,133,3,0,0.0,4.897839799950911,1.3862943611198906,0.0,0.258819045102521,-0.9659258262890682,-0.9749279121818236,-0.2225209339563146,0.0
2015-05-09 12:00:00+00:00,177,1,0,0.0,5.181783550292085,0.6931471805599453,0.0,1.2246467991473532e-16,-1.0,-0.9749279121818236,-0.2225209339563146,0.0
2015-05-09 13:00:00+00:00,220,2,0,0.0,5.3981627015177525,1.0986122886681098,0.0,-0.2588190451025208,-0.9659258262890683,-0.9749279121818236,-0.2225209339563146,0.0
2015-05-09 14:00:00+00:00,329,7,0,0.0,5.799092654460526,2.0794415416798357,0.0,-0.4999999999999998,-0.8660254037844388,-0.9749279121818236,-0.2225209339563146,0.0
2015-05-09 15:00:00+00:00,525,9,3,3.0,6.26530121273771,2.302585092994046,1.3862943611198906,-0.7071067811865471,-0.7071067811865479,-0.9749279121818236,-0.2225209339563146,1.3862943611198906
2015-05-09 16:00:00+00:00,493,9,2,2.0,6.202535517187923,2.302585092994046,1.0986122886681098,-0.8660254037844384,-0.5000000000000004,-0.9749279121818236,-0.2225209339563146,1.0986122886681098
2015-05-09 17:00:00+00:00,500,11,3,3.0,6.2166061010848646,2.4849066497880004,1.3862943611198906,-0.9659258262890683,-0.25881904510252063,-0.9749279121818236,-0.2225209339563146,1.3862943611198906
2015-05-09 18:00:00+00:00,608,10,5,5.0,6.411818267709897,2.3978952727983707,1.791759469228055,-1.0,-1.8369701987210297e-16,-0.9749279121818236,-0.2225209339563146,1.791759469228055
2015-05-09 19:00:00+00:00,619,8,0,0.0,6.429719478039138,2.1972245773362196,0.0,-0.9659258262890684,0.2588190451025203,-0.9749279121818236,-0.2225209339563146,0.0
2015-05-09 20:00:00+00:00,571,9,5,5.0,6.349138991379798,2.302585092994046,1.791759469228055,-0.8660254037844386,0.5000000000000001,-0.9749279121818236,-0.2225209339563146,1.791759469228055
2015-05-09 21:00:00+00:00,542,10,2,2.0,6.297109319933935,2.3978952727983707,1.0986122886681098,-0.7071067811865477,0.7071067811865474,-0.9749279121818236,-0.2225209339563146,1.0986122886681098
2015-05-09 22:00:00+00:00,559,17,2,2.0,6.327936783729195,2.8903717578961645,1.0986122886681098,-0.5000000000000004,0.8660254037844384,-0.9749279121818236,-0.2225209339563146,1.0986122886681098
2015-05-09 23:00:00+00:00,701,15,3,3.0,6.553933404025811,2.772588722239781,1.3862943611198906,-0.25881904510252157,0.9659258262890681,-0.9749279121818236,-0.2225209339563146,1.3862943611198906
2015-05-10 00:00:00+00:00,531,36,3,3.0,6.2766434893416445,3.6109179126442243,1.3862943611198906,0.0,1.0,-0.7818314824680299,0.6234898018587334,1.3862943611198906
2015-05-10 01:00:00+00:00,639,16,6,6.0,6.461468176353717,2.833213344056216,1.9459101490553132,0.25881904510252074,0.9659258262890683,-0.7818314824680299,0.6234898018587334,1.9459101490553132
2015-05-10 02:00:00+00:00,594,50,3,3.0,6.38856140554563,3.9318256327243257,1.3862943611198906,0.49999999999999994,0.8660254037844387,-0.7818314824680299,0.6234898018587334,1.3862943611198906
2015-05-10 03:00:00+00:00,543,8,2,2.0,6.298949246855942,2.1972245773362196,1.0986122886681098,0.7071067811865475,0.7071067811865476,-0.7818314824680299,0.6234898018587334,1.0986122886681098
2015-05-10 04:00:00+00:00,555,11,2,2.0,6.320768294250582,2.4849066497880004,1.0986122886681098,0.8660254037844386,0.5000000000000001,-0.7818314824680299,0.6234898018587334,1.0986122886681098
2015-05-10 05:00:00+00:00,435,3,0,0.0,6.077642243349034,1.3862943611198906,0.0,0.9659258262890683,0.25881904510252074,-0.7818314824680299,0.6234898018587334,0.0
2015-05-10 06:00:00+00:00,321,9,1,1.0,5.7745515455444085,2.302585092994046,0.6931471805599453,1.0,6.123233995736766e-17,-0.7818314824680299,0.6234898018587334,0.6931471805599453
2015-05-10 07:00:00+00:00,213,3,0,0.0,5.365976015021851,1.3862943611198906,0.0,0.9659258262890683,-0.25881904510252063,-0.7818314824680299,0.6234898018587334,0.0
2015-05-10 08:00:00+00:00,140,1,0,0.0,4.948759890378168,0.6931471805599453,0.0,0.8660254037844387,-0.49999999999999983,-0.7818314824680299,0.6234898018587334,0.0
2015-05-10 09:00:00+00:00,111,1,0,0.0,4.718498871295094,0.6931471805599453,0.0,0.7071067811865476,-0.7071067811865475,-0.7818314824680299,0.6234898018587334,0.0
2015-05-10 10:00:00+00:00,69,0,0,0.0,4.248495242049359,0.0,0.0,0.49999999999999994,-0.8660254037844387,-0.7818314824680299,0.6234898018587334,0.0
2015-05-10 11:00:00+00:00,71,3,0,0.0,4.276666119016055,1.3862943611198906,0.0,0.258819045102521,-0.9659258262890682,-0.7818314824680299,0.6234898018587334,0.0
2015-05-10 12:00:00+00:00,128,5,3,3.0,4.859812404361672,1.791759469228055,1.3862943611198906,1.2246467991473532e-16,-1.0,-0.7818314824680299,0.6234898018587334,1.3862943611198906
2015-05-10 13:00:00+00:00,255,8,3,3.0,5.545177444479562,2.1972245773362196,1.3862943611198906,-0.2588190451025208,-0.9659258262890683,-0.7818314824680299,0.6234898018587334,1.3862943611198906
2015-05-10 14:00:00+00:00,413,7,1,1.0,6.025865973825314,2.0794415416798357,0.6931471805599453,-0.4999999999999998,-0.8660254037844388,-0.7818314824680299,0.6234898018587334,0.6931471805599453
2015-05-10 15:00:00+00:00,552,9,3,3.0,6.315358001522335,2.302585092994046,1.3862943611198906,-0.7071067811865471,-0.7071067811865479,-0.7818314824680299,0.6234898018587334,1.3862943611198906
2015-05-10 16:00:00+00:00,653,11,4,4.0,6.483107351457199,2.4849066497880004,1.6094379124341003,-0.8660254037844384,-0.5000000000000004,-0.7818314824680299,0.6234898018587334,1.6094379124341003
2015-05-10 17:00:00+00:00,727,17,1,1.0,6.590301048196686,2.8903717578961645,0.6931471805599453,-0.9659258262890683,-0.25881904510252063,-0.7818314824680299,0.6234898018587334,0.6931471805599453
2015-05-10 18:00:00+00:00,838,24,1,1.0,6.732210706467206,3.2188758248682006,0.6931471805599453,-1.0,-1.8369701987210297e-16,-0.7818314824680299,0.6234898018587334,0.6931471805599453
2015-05-10 19:00:00+00:00,843,25,6,6.0,6.738152494595957,3.258096538021482,1.9459101490553132,-0.9659258262890684,0.2588190451025203,-0.7818314824680299,0.6234898018587334,1.9459101490553132
2015-05-10 20:00:00+00:00,809,14,8,8.0,6.697034247666484,2.70805020110221,2.1972245773362196,-0.8660254037844386,0.5000000000000001,-0.7818314824680299,0.6234898018587334,2.1972245773362196
2015-05-10 21:00:00+00:00,750,15,6,6.0,6.621405651764134,2.772588722239781,1.9459101490553132,-0.7071067811865477,0.7071067811865474,-0.7818314824680299,0.6234898018587334,1.9459101490553132
2015-05-10 22:00:00+00:00,788,12,5,5.0,6.670766320845874,2.5649493574615367,1.791759469228055,-0.5000000000000004,0.8660254037844384,-0.7818314824680299,0.6234898018587334,1.791759469228055
2015-05-10 23:00:00+00:00,793,22,2,2.0,6.677083461247136,3.1354942159291497,1.0986122886681098,-0.25881904510252157,0.9659258262890681,-0.7818314824680299,0.6234898018587334,1.0986122886681098
2015-05-11 00:00:00+00:00,802,18,5,5.0,6.688354713946762,2.9444389791664403,1.791759469228055,0.0,1.0,0.0,1.0,1.791759469228055
2015-05-11 01:00:00+00:00,794,18,4,4.0,6.678342114654332,2.9444389791664403,1.6094379124341003,0.25881904510252074,0.9659258262890683,0.0,1.0,1.6094379124341003
2015-05-11 02:00:00+00:00,885,10,3,3.0,6.786716950605081,2.3978952727983707,1.3862943611198906,0.49999999999999994,0.8660254037844387,0.0,1.0,1.3862943611198906
2015-05-11 03:00:00+00:00,924,12,4,4.0,6.829793737512425,2.5649493574615367,1.6094379124341003,0.7071067811865475,0.7071067811865476,0.0,1.0,1.6094379124341003
2015-05-11 04:00:00+00:00,852,31,8,8.0,6.748759547491679,3.4657359027997265,2.1972245773362196,0.8660254037844386,0.5000000000000001,0.0,1.0,2.1972245773362196
2015-05-11 05:00:00+00:00,735,19,4,4.0,6.601230118728877,2.995732273553991,1.6094379124341003,0.9659258262890683,0.25881904510252074,0.0,1.0,1.6094379124341003
2015-05-11 06:00:00+00:00,540,10,2,2.0,6.293419278846481,2.3978952727983707,1.0986122886681098,1.0,6.123233995736766e-17,0.0,1.0,1.0986122886681098
2015-05-11 07:00:00+00:00,287,4,0,0.0,5.662960480135946,1.6094379124341003,0.0,0.9659258262890683,-0.25881904510252063,0.0,1.0,0.0
2015-05-11 08:00:00+00:00,202,1,0,0.0,5.313205979041787,0.6931471805599453,0.0,0.8660254037844387,-0.49999999999999983,0.0,1.0,0.0
2015-05-11 09:00:00+00:00,107,3,1,1.0,4.68213122712422,1.3862943611198906,0.6931471805599453,0.7071067811865476,-0.7071067811865475,0.0,1.0,0.6931471805599453
2015-05-11 10:00:00+00:00,102,1,0,0.0,4.634728988229636,0.6931471805599453,0.0,0.49999999999999994,-0.8660254037844387,0.0,1.0,0.0
2015-05-11 11:00:00+00:00,143,7,0,0.0,4.969813299576001,2.0794415416798357,0.0,0.258819045102521,-0.9659258262890682,0.0,1.0,0.0
2015-05-11 12:00:00+00:00,171,2,0,0.0,5.147494476813453,1.0986122886681098,0.0,1.2246467991473532e-16,-1.0,0.0,1.0,0.0
2015-05-11 13:00:00+00:00,260,9,0,0.0,5.564520407322694,2.302585092994046,0.0,-0.2588190451025208,-0.9659258262890683,0.0,1.0,0.0
2015-05-11 14:00:00+00:00,458,39,2,2.0,6.129050210060545,3.6888794541139363,1.0986122886681098,-0.4999999999999998,-0.8660254037844388,0.0,1.0,1.0986122886681098
2015-05-11 15:00:00+00:00,625,3,0,0.0,6.439350371100098,1.3862943611198906,0.0,-0.7071067811865471,-0.7071067811865479,0.0,1.0,0.0
2015-05-11 16:00:00+00:00,878,15,3,3.0,6.778784897685177,2.772588722239781,1.3862943611198906,-0.8660254037844384,-0.5000000000000004,0.0,1.0,1.3862943611198906
2015-05-11 17:00:00+00:00,997,18,4,4.0,6.905753276311464,2.9444389791664403,1.6094379124341003,-0.9659258262890683,-0.25881904510252063,0.0,1.0,1.6094379124341003
2015-05-11 18:00:00+00:00,998,24,7,7.0,6.906754778648554,3.2188758248682006,2.0794415416798357,-1.0,-1.8369701987210297e-16,0.0,1.0,2.0794415416798357
2015-05-11 19:00:00+00:00,1113,29,8,8.0,7.01571242048723,3.4011973816621555,2.1972245773362196,-0.9659258262890684,0.2588190451025203,0.0,1.0,2.1972245773362196
2015-05-11 20:00:00+00:00,944,24,10,10.0,6.851184927493743,3.2188758248682006,2.3978952727983707,-0.8660254037844386,0.5000000000000001,0.0,1.0,2.3978952727983707
2015-05-11 21:00:00+00:00,1011,28,4,4.0,6.919683849847411,3.367295829986474,1.6094379124341003,-0.7071067811865477,0.7071067811865474,0.0,1.0,1.6094379124341003
2015-05-11 22:00:00+00:00,931,46,9,9.0,6.837332814685591,3.8501476017100584,2.302585092994046,-0.5000000000000004,0.8660254037844384,0.0,1.0,2.302585092994046
2015-05-11 23:00:00+00:00,943,17,6,6.0,6.8501261661455,2.8903717578961645,1.9459101490553132,-0.25881904510252157,0.9659258262890681,0.0,1.0,1.9459101490553132
2015-05-12 00:00:00+00:00,1033,26,6,6.0,6.9411900550683745,3.295836866004329,1.9459101490553132,0.0,1.0,0.7818314824680298,0.6234898018587336,1.9459101490553132
2015-05-12 01:00:00+00:00,1076,26,7,7.0,6.981934677156389,3.295836866004329,2.0794415416798357,0.25881904510252074,0.9659258262890683,0.7818314824680298,0.6234898018587336,2.0794415416798357
2015-05-12 02:00:00+00:00,1165,26,10,10.0,7.061334366910438,3.295836866004329,2.3978952727983707,0.49999999999999994,0.8660254037844387,0.7818314824680298,0.6234898018587336,2.3978952727983707
2015-05-12 03:00:00+00:00,1251,26,3,3.0,7.132497551660044,3.295836866004329,1.3862943611198906,0.7071067811865475,0.7071067811865476,0.7818314824680298,0.6234898018587336,1.3862943611198906
2015-05-12 04:00:00+00:00,1192,15,0,0.0,7.084226422097916,2.772588722239781,0.0,0.8660254037844386,0.5000000000000001,0.7818314824680298,0.6234898018587336,0.0
2015-05-12 05:00:00+00:00,798,17,2,2.0,6.683360945766275,2.8903717578961645,1.0986122886681098,0.9659258262890683,0.25881904510252074,0.7818314824680298,0.6234898018587336,1.0986122886681098
2015-05-12 06:00:00+00:00,421,7,1,1.0,6.045005314036012,2.0794415416798357,0.6931471805599453,1.0,6.123233995736766e-17,0.7818314824680298,0.6234898018587336,0.6931471805599453
2015-05-12 07:00:00+00:00,308,6,1,1.0,5.733341276897746,1.9459101490553132,0.6931471805599453,0.9659258262890683,-0.25881904510252063,0.7818314824680298,0.6234898018587336,0.6931471805599453
2015-05-12 08:00:00+00:00,153,0,0,0.0,5.0369526024136295,0.0,0.0,0.8660254037844387,-0.49999999999999983,0.7818314824680298,0.6234898018587336,0.0
2015-05-12 09:00:00+00:00,107,2,1,1.0,4.68213122712422,1.0986122886681098,0.6931471805599453,0.7071067811865476,-0.7071067811865475,0.7818314824680298,0.6234898018587336,0.6931471805599453
2015-05-12 10:00:00+00:00,129,0,0,0.0,4.867534450455582,0.0,0.0,0.49999999999999994,-0.8660254037844387,0.7818314824680298,0.6234898018587336,0.0
2015-05-12 11:00:00+00:00,130,4,0,0.0,4.875197323201151,1.6094379124341003,0.0,0.258819045102521,-0.9659258262890682,0.7818314824680298,0.6234898018587336,0.0
2015-05-12 12:00:00+00:00,208,1,2,2.0,5.342334251964811,0.6931471805599453,1.0986122886681098,1.2246467991473532e-16,-1.0,0.7818314824680298,0.6234898018587336,1.0986122886681098
2015-05-12 13:00:00+00:00,385,10,2,2.0,5.955837369464831,2.3978952727983707,1.0986122886681098,-0.2588190451025208,-0.9659258262890683,0.7818314824680298,0.6234898018587336,1.0986122886681098
2015-05-12 14:00:00+00:00,615,11,6,6.0,6.423246963533519,2.4849066497880004,1.9459101490553132,-0.4999999999999998,-0.8660254037844388,0.7818314824680298,0.6234898018587336,1.9459101490553132
2015-05-12 15:00:00+00:00,987,29,20,20.0,6.895682697747868,3.4011973816621555,3.044522437723423,-0.7071067811865471,-0.7071067811865479,0.7818314824680298,0.6234898018587336,3.044522437723423
2015-05-12 16:00:00+00:00,1265,48,15,15.0,7.143617602704121,3.8918202981106265,2.772588722239781,-0.8660254037844384,-0.5000000000000004,0.7818314824680298,0.6234898018587336,2.772588722239781
2015-05-12 17:00:00+00:00,1418,47,15,15.0,7.257707677160043,3.871201010907891,2.772588722239781,-0.9659258262890683,-0.25881904510252063,0.7818314824680298,0.6234898018587336,2.772588722239781
2015-05-12 18:00:00+00:00,1462,71,17,17.0,7.288244401020124,4.276666119016055,2.8903717578961645,-1.0,-1.8369701987210297e-16,0.7818314824680298,0.6234898018587336,2.8903717578961645
2015-05-12 19:00:00+00:00,1478,41,17,17.0,7.2991214627108,3.7376696182833684,2.8903717578961645,-0.9659258262890684,0.2588190451025203,0.7818314824680298,0.6234898018587336,2.8903717578961645
2015-05-12 20:00:00+00:00,1552,37,14,14.0,7.347943823148687,3.6375861597263857,2.70805020110221,-0.8660254037844386,0.5000000000000001,0.7818314824680298,0.6234898018587336,2.70805020110221
2015-05-12 21:00:00+00:00,1528,47,19,19.0,7.332369205929062,3.871201010907891,2.995732273553991,-0.7071067811865477,0.7071067811865474,0.7818314824680298,0.6234898018587336,2.995732273553991
2015-05-12 22:00:00+00:00,1507,43,8,8.0,7.318539548567902,3.784189633918261,2.1972245773362196,-0.5000000000000004,0.8660254037844384,0.7818314824680298,0.6234898018587336,2.1972245773362196
2015-05-12 23:00:00+00:00,1442,35,20,20.0,7.274479558773871,3.58351893845611,3.044522437723423,-0.25881904510252157,0.9659258262890681,0.7818314824680298,0.6234898018587336,3.044522437723423
2015-05-13 00:00:00+00:00,1103,37,9,9.0,7.00669522683704,3.6375861597263857,2.302585092994046,0.0,1.0,0.9749279121818236,-0.22252093395631434,2.302585092994046
2015-05-13 01:00:00+00:00,1125,24,6,6.0,7.026426808699636,3.2188758248682006,1.9459101490553132,0.25881904510252074,0.9659258262890683,0.9749279121818236,-0.22252093395631434,1.9459101490553132
2015-05-13 02:00:00+00:00,1195,25,5,5.0,7.086737934510577,3.258096538021482,1.791759469228055,0.49999999999999994,0.8660254037844387,0.9749279121818236,-0.22252093395631434,1.791759469228055
2015-05-13 03:00:00+00:00,1242,25,6,6.0,7.1252830915107115,3.258096538021482,1.9459101490553132,0.7071067811865475,0.7071067811865476,0.9749279121818236,-0.22252093395631434,1.9459101490553132
2015-05-13 04:00:00+00:00,1060,11,2,2.0,6.966967138613983,2.4849066497880004,1.0986122886681098,0.8660254037844386,0.5000000000000001,0.9749279121818236,-0.22252093395631434,1.0986122886681098
2015-05-13 05:00:00+00:00,867,20,5,5.0,6.7661917146603505,3.044522437723423,1.791759469228055,0.9659258262890683,0.25881904510252074,0.9749279121818236,-0.22252093395631434,1.791759469228055
2015-05-13 06:00:00+00:00,582,10,8,8.0,6.368187186350492,2.3978952727983707,2.1972245773362196,1.0,6.123233995736766e-17,0.9749279121818236,-0.22252093395631434,2.1972245773362196
2015-05-13 07:00:00+00:00,309,4,1,1.0,5.736572297479192,1.6094379124341003,0.6931471805599453,0.9659258262890683,-0.25881904510252063,0.9749279121818236,-0.22252093395631434,0.6931471805599453
2015-05-13 08:00:00+00:00,150,1,0,0.0,5.017279836814924,0.6931471805599453,0.0,0.8660254037844387,-0.49999999999999983,0.9749279121818236,-0.22252093395631434,0.0
2015-05-13 09:00:00+00:00,113,2,0,0.0,4.736198448394496,1.0986122886681098,0.0,0.7071067811865476,-0.7071067811865475,0.9749279121818236,-0.22252093395631434,0.0
2015-05-13 10:00:00+00:00,139,1,0,0.0,4.941642422609304,0.6931471805599453,0.0,0.49999999999999994,-0.8660254037844387,0.9749279121818236,-0.22252093395631434,0.0
2015-05-13 11:00:00+00:00,145,3,1,1.0,4.983606621708336,1.3862943611198906,0.6931471805599453,0.258819045102521,-0.9659258262890682,0.9749279121818236,-0.22252093395631434,0.6931471805599453
2015-05-13 12:00:00+00:00,210,2,1,1.0,5.351858133476067,1.0986122886681098,0.6931471805599453,1.2246467991473532e-16,-1.0,0.9749279121818236,-0.22252093395631434,0.6931471805599453
2015-05-13 13:00:00+00:00,331,3,2,2.0,5.805134968916488,1.3862943611198906,1.0986122886681098,-0.2588190451025208,-0.9659258262890683,0.9749279121818236,-0.22252093395631434,1.0986122886681098
2015-05-13 14:00:00+00:00,738,10,2,2.0,6.6052979209482015,2.3978952727983707,1.0986122886681098,-0.4999999999999998,-0.8660254037844388,0.9749279121818236,-0.22252093395631434,1.0986122886681098
2015-05-13 15:00:00+00:00,1150,35,10,10.0,7.048386408721883,3.58351893845611,2.3978952727983707,-0.7071067811865471,-0.7071067811865479,0.9749279121818236,-0.22252093395631434,2.3978952727983707
2015-05-13 16:00:00+00:00,1245,34,11,11.0,7.1276936993473985,3.5553480614894135,2.4849066497880004,-0.8660254037844384,-0.5000000000000004,0.9749279121818236,-0.22252093395631434,2.4849066497880004
2015-05-13 17:00:00+00:00,1588,39,23,23.0,7.370860166536716,3.6888794541139363,3.1780538303479458,-0.9659258262890683,-0.25881904510252063,0.9749279121818236,-0.22252093395631434,3.1780538303479458
2015-05-13 18:00:00+00:00,1454,62,22,22.0,7.282761179605593,4.143134726391533,3.1354942159291497,-1.0,-1.8369701987210297e-16,0.9749279121818236,-0.22252093395631434,3.1354942159291497
2015-05-13 19:00:00+00:00,1615,38,11,11.0,7.38770923908104,3.6635616461296463,2.4849066497880004,-0.9659258262890684,0.2588190451025203,0.9749279121818236,-0.22252093395631434,2.4849066497880004
2015-05-13 20:00:00+00:00,1817,45,23,23.0,7.505492274737424,3.828641396489095,3.1780538303479458,-0.8660254037844386,0.5000000000000001,0.9749279121818236,-0.22252093395631434,3.1780538303479458
2015-05-13 21:00:00+00:00,1721,47,20,20.0,7.451241684987676,3.871201010907891,3.044522437723423,-0.7071067811865477,0.7071067811865474,0.9749279121818236,-0.22252093395631434,3.044522437723423
2015-05-13 22:00:00+00:00,1650,68,26,26.0,7.409136443920128,4.23410650459726,3.295836866004329,-0.5000000000000004,0.8660254037844384,0.9749279121818236,-0.22252093395631434,3.295836866004329
2015-05-13 23:00:00+00:00,1426,35,14,14.0,7.2633296174768365,3.58351893845611,2.70805020110221,-0.25881904510252157,0.9659258262890681,0.9749279121818236,-0.22252093395631434,2.70805020110221
2015-05-14 00:00:00+00:00,1234,34,14,14.0,7.118826249062078,3.5553480614894135,2.70805020110221,0.0,1.0,0.43388373911755823,-0.900968867902419,2.70805020110221
2015-05-14 01:00:00+00:00,1131,25,2,2.0,7.0317412587631285,3.258096538021482,1.0986122886681098,0.25881904510252074,0.9659258262890683,0.43388373911755823,-0.900968867902419,1.0986122886681098
2015-05-14 02:00:00+00:00,1309,23,9,9.0,7.177782416195197,3.1780538303479458,2.302585092994046,0.49999999999999994,0.8660254037844387,0.43388373911755823,-0.900968867902419,2.302585092994046
2015-05-14 03:00:00+00:00,1212,27,6,6.0,7.10085190894405,3.332204510175204,1.9459101490553132,0.7071067811865475,0.7071067811865476,0.43388373911755823,-0.900968867902419,1.9459101490553132
2015-05-14 04:00:00+00:00,1336,31,13,13.0,7.198183577101943,3.4657359027997265,2.6390573296152584,0.8660254037844386,0.5000000000000001,0.43388373911755823,-0.900968867902419,2.6390573296152584
2015-05-14 05:00:00+00:00,971,24,10,10.0,6.879355804460439,3.2188758248682006,2.3978952727983707,0.9659258262890683,0.25881904510252074,0.43388373911755823,-0.900968867902419,2.3978952727983707
2015-05-14 06:00:00+00:00,610,19,1,1.0,6.415096959171596,2.995732273553991,0.6931471805599453,1.0,6.123233995736766e-17,0.43388373911755823,-0.900968867902419,0.6931471805599453
2015-05-14 07:00:00+00:00,324,5,3,3.0,5.783825182329737,1.791759469228055,1.3862943611198906,0.9659258262890683,-0.25881904510252063,0.43388373911755823,-0.900968867902419,1.3862943611198906
2015-05-14 08:00:00+00:00,153,0,0,0.0,5.0369526024136295,0.0,0.0,0.8660254037844387,-0.49999999999999983,0.43388373911755823,-0.900968867902419,0.0
2015-05-14 09:00:00+00:00,111,2,2,2.0,4.718498871295094,1.0986122886681098,1.0986122886681098,0.7071067811865476,-0.7071067811865475,0.43388373911755823,-0.900968867902419,1.0986122886681098
2015-05-14 10:00:00+00:00,89,3,0,0.0,4.499809670330265,1.3862943611198906,0.0,0.49999999999999994,-0.8660254037844387,0.43388373911755823,-0.900968867902419,0.0
2015-05-14 11:00:00+00:00,83,1,0,0.0,4.430816798843313,0.6931471805599453,0.0,0.258819045102521,-0.9659258262890682,0.43388373911755823,-0.900968867902419,0.0
2015-05-14 12:00:00+00:00,218,7,0,0.0,5.389071729816501,2.0794415416798357,0.0,1.2246467991473532e-16,-1.0,0.43388373911755823,-0.900968867902419,0.0
2015-05-14 13:00:00+00:00,452,11,4,4.0,6.115892125483034,2.4849066497880004,1.6094379124341003,-0.2588190451025208,-0.9659258262890683,0.43388373911755823,-0.900968867902419,1.6094379124341003
2015-05-14 14:00:00+00:00,780,20,5,5.0,6.660575149839686,3.044522437723423,1.791759469228055,-0.4999999999999998,-0.8660254037844388,0.43388373911755823,-0.900968867902419,1.791759469228055
2015-05-14 15:00:00+00:00,1200,36,10,10.0,7.0909098220799835,3.6109179126442243,2.3978952727983707,-0.7071067811865471,-0.7071067811865479,0.43388373911755823,-0.900968867902419,2.3978952727983707
2015-05-14 16:00:00+00:00,1371,56,36,36.0,7.22402480828583,4.04305126783455,3.6109179126442243,-0.8660254037844384,-0.5000000000000004,0.43388373911755823,-0.900968867902419,3.6109179126442243
2015-05-14 17:00:00+00:00,1545,57,19,19.0,7.343426229147367,4.060443010546419,2.995732273553991,-0.9659258262890683,-0.25881904510252063,0.43388373911755823,-0.900968867902419,2.995732273553991
2015-05-14 18:00:00+00:00,1614,66,51,51.0,7.387090235656757,4.204692619390966,3.9512437185814275,-1.0,-1.8369701987210297e-16,0.43388373911755823,-0.900968867902419,3.9512437185814275
2015-05-14 19:00:00+00:00,1425,53,15,15.0,7.262628600974241,3.9889840465642745,2.772588722239781,-0.9659258262890684,0.2588190451025203,0.43388373911755823,-0.900968867902419,2.772588722239781
2015-05-14 20:00:00+00:00,1619,49,11,11.0,7.3901814282264295,3.912023005428146,2.4849066497880004,-0.8660254037844386,0.5000000000000001,0.43388373911755823,-0.900968867902419,2.4849066497880004
2015-05-14 21:00:00+00:00,1649,62,27,27.0,7.408530566894626,4.143134726391533,3.332204510175204,-0.7071067811865477,0.7071067811865474,0.43388373911755823,-0.900968867902419,3.332204510175204
2015-05-14 22:00:00+00:00,1474,35,10,10.0,7.29641326877392,3.58351893845611,2.3978952727983707,-0.5000000000000004,0.8660254037844384,0.43388373911755823,-0.900968867902419,2.3978952727983707
2015-05-14 23:00:00+00:00,1321,20,8,8.0,7.186901020411631,3.044522437723423,2.1972245773362196,-0.25881904510252157,0.9659258262890681,0.43388373911755823,-0.900968867902419,2.1972245773362196
2015-05-15 00:00:00+00:00,1122,16,6,6.0,7.023758954738443,2.833213344056216,1.9459101490553132,0.0,1.0,-0.433883739117558,-0.9009688679024191,1.9459101490553132
2015-05-15 01:00:00+00:00,1062,9,7,7.0,6.968850378341948,2.302585092994046,2.0794415416798357,0.25881904510252074,0.9659258262890683,-0.433883739117558,-0.9009688679024191,2.0794415416798357
2015-05-15 02:00:00+00:00,1041,25,5,5.0,6.948897222313312,3.258096538021482,1.791759469228055,0.49999999999999994,0.8660254037844387,-0.433883739117558,-0.9009688679024191,1.791759469228055
2015-05-15 03:00:00+00:00,1106,22,8,8.0,7.009408932708637,3.1354942159291497,2.1972245773362196,0.7071067811865475,0.7071067811865476,-0.433883739117558,-0.9009688679024191,2.1972245773362196
2015-05-15 04:00:00+00:00,952,11,7,7.0,6.859614903654202,2.4849066497880004,2.0794415416798357,0.8660254037844386,0.5000000000000001,-0.433883739117558,-0.9009688679024191,2.0794415416798357
2015-05-15 05:00:00+00:00,967,27,13,13.0,6.875232087276577,3.332204510175204,2.6390573296152584,0.9659258262890683,0.25881904510252074,-0.433883739117558,-0.9009688679024191,2.6390573296152584
2015-05-15 06:00:00+00:00,525,14,17,17.0,6.26530121273771,2.70805020110221,2.8903717578961645,1.0,6.123233995736766e-17,-0.433883739117558,-0.9009688679024191,2.8903717578961645
2015-05-15 07:00:00+00:00,333,6,0,0.0,5.811140992976701,1.9459101490553132,0.0,0.9659258262890683,-0.25881904510252063,-0.433883739117558,-0.9009688679024191,0.0
2015-05-15 08:00:00+00:00,201,12,1,1.0,5.308267697401205,2.5649493574615367,0.6931471805599453,0.8660254037844387,-0.49999999999999983,-0.433883739117558,-0.9009688679024191,0.6931471805599453
2015-05-15 09:00:00+00:00,145,0,0,0.0,4.983606621708336,0.0,0.0,0.7071067811865476,-0.7071067811865475,-0.433883739117558,-0.9009688679024191,0.0
2015-05-15 10:00:00+00:00,121,6,2,2.0,4.804021044733257,1.9459101490553132,1.0986122886681098,0.49999999999999994,-0.8660254037844387,-0.433883739117558,-0.9009688679024191,1.0986122886681098
2015-05-15 11:00:00+00:00,146,5,0,0.0,4.990432586778736,1.791759469228055,0.0,0.258819045102521,-0.9659258262890682,-0.433883739117558,-0.9009688679024191,0.0
2015-05-15 12:00:00+00:00,250,10,2,2.0,5.5254529391317835,2.3978952727983707,1.0986122886681098,1.2246467991473532e-16,-1.0,-0.433883739117558,-0.9009688679024191,1.0986122886681098
2015-05-15 13:00:00+00:00,407,6,1,1.0,6.0112671744041615,1.9459101490553132,0.6931471805599453,-0.2588190451025208,-0.9659258262890683,-0.433883739117558,-0.9009688679024191,0.6931471805599453
2015-05-15 14:00:00+00:00,650,13,2,2.0,6.478509642208569,2.6390573296152584,1.0986122886681098,-0.4999999999999998,-0.8660254037844388,-0.433883739117558,-0.9009688679024191,1.0986122886681098
2015-05-15 15:00:00+00:00,1053,26,7,7.0,6.960347729101308,3.295836866004329,2.0794415416798357,-0.7071067811865471,-0.7071067811865479,-0.433883739117558,-0.9009688679024191,2.0794415416798357
2015-05-15 16:00:00+00:00,1238,30,7,7.0,7.122059881629142,3.4339872044851463,2.0794415416798357,-0.8660254037844384,-0.5000000000000004,-0.433883739117558,-0.9009688679024191,2.0794415416798357
2015-05-15 17:00:00+00:00,1417,39,9,9.0,7.257002707092073,3.6888794541139363,2.302585092994046,-0.9659258262890683,-0.25881904510252063,-0.433883739117558,-0.9009688679024191,2.302585092994046
2015-05-15 18:00:00+00:00,1533,50,20,20.0,7.335633981927201,3.9318256327243257,3.044522437723423,-1.0,-1.8369701987210297e-16,-0.433883739117558,-0.9009688679024191,3.044522437723423
2015-05-15 19:00:00+00:00,1467,43,23,23.0,7.291656209174461,3.784189633918261,3.1780538303479458,-0.9659258262890684,0.2588190451025203,-0.433883739117558,-0.9009688679024191,3.1780538303479458
2015-05-15 20:00:00+00:00,1609,47,9,9.0,7.383989457978509,3.871201010907891,2.302585092994046,-0.8660254037844386,0.5000000000000001,-0.433883739117558,-0.9009688679024191,2.302585092994046
2015-05-15 21:00:00+00:00,1510,35,14,14.0,7.32052696227274,3.58351893845611,2.70805020110221,-0.7071067811865477,0.7071067811865474,-0.433883739117558,-0.9009688679024191,2.70805020110221
2015-05-15 22:00:00+00:00,1373,29,14,14.0,7.2254814727822945,3.4011973816621555,2.70805020110221,-0.5000000000000004,0.8660254037844384,-0.433883739117558,-0.9009688679024191,2.70805020110221
2015-05-15 23:00:00+00:00,1268,26,11,11.0,7.1459844677143876,3.295836866004329,2.4849066497880004,-0.25881904510252157,0.9659258262890681,-0.433883739117558,-0.9009688679024191,2.4849066497880004
2015-05-16 00:00:00+00:00,1040,27,14,14.0,6.947937068614969,3.332204510175204,2.70805020110221,0.0,1.0,-0.9749279121818236,-0.2225209339563146,2.70805020110221
2015-05-16 01:00:00+00:00,1012,13,4,4.0,6.920671504248683,2.6390573296152584,1.6094379124341003,0.25881904510252074,0.9659258262890683,-0.9749279121818236,-0.2225209339563146,1.6094379124341003
2015-05-16 02:00:00+00:00,1106,21,5,5.0,7.009408932708637,3.091042453358316,1.791759469228055,0.49999999999999994,0.8660254037844387,-0.9749279121818236,-0.2225209339563146,1.791759469228055
2015-05-16 03:00:00+00:00,1139,20,8,8.0,7.038783541388542,3.044522437723423,2.1972245773362196,0.7071067811865475,0.7071067811865476,-0.9749279121818236,-0.2225209339563146,2.1972245773362196
2015-05-16 04:00:00+00:00,969,17,2,2.0,6.877296071497429,2.8903717578961645,1.0986122886681098,0.8660254037844386,0.5000000000000001,-0.9749279121818236,-0.2225209339563146,1.0986122886681098
2015-05-16 05:00:00+00:00,950,9,3,3.0,6.85751406254539,2.302585092994046,1.3862943611198906,0.9659258262890683,0.25881904510252074,-0.9749279121818236,-0.2225209339563146,1.3862943611198906
2015-05-16 06:00:00+00:00,592,8,0,0.0,6.385194398997726,2.1972245773362196,0.0,1.0,6.123233995736766e-17,-0.9749279121818236,-0.2225209339563146,0.0
2015-05-16 07:00:00+00:00,376,32,5,5.0,5.932245187448011,3.4965075614664802,1.791759469228055,0.9659258262890683,-0.25881904510252063,-0.9749279121818236,-0.2225209339563146,1.791759469228055
2015-05-16 08:00:00+00:00,180,20,1,1.0,5.198497031265826,3.044522437723423,0.6931471805599453,0.8660254037844387,-0.49999999999999983,-0.9749279121818236,-0.2225209339563146,0.6931471805599453
2015-05-16 09:00:00+00:00,100,1,1,1.0,4.61512051684126,0.6931471805599453,0.6931471805599453,0.7071067811865476,-0.7071067811865475,-0.9749279121818236,-0.2225209339563146,0.6931471805599453
2015-05-16 10:00:00+00:00,95,1,1,1.0,4.564348191467836,0.6931471805599453,0.6931471805599453,0.49999999999999994,-0.8660254037844387,-0.9749279121818236,-0.2225209339563146,0.6931471805599453
2015-05-16 11:00:00+00:00,153,3,0,0.0,5.0369526024136295,1.3862943611198906,0.0,0.258819045102521,-0.9659258262890682,-0.9749279121818236,-0.2225209339563146,0.0
2015-05-16 12:00:00+00:00,209,3,0,0.0,5.3471075307174685,1.3862943611198906,0.0,1.2246467991473532e-16,-1.0,-0.9749279121818236,-0.2225209339563146,0.0
2015-05-16 13:00:00+00:00,337,14,1,1.0,5.823045895483019,2.70805020110221,0.6931471805599453,-0.2588190451025208,-0.9659258262890683,-0.9749279121818236,-0.2225209339563146,0.6931471805599453
2015-05-16 14:00:00+00:00,475,9,2,2.0,6.16541785423142,2.302585092994046,1.0986122886681098,-0.4999999999999998,-0.8660254037844388,-0.9749279121818236,-0.2225209339563146,1.0986122886681098
2015-05-16 15:00:00+00:00,683,18,3,3.0,6.52795791762255,2.9444389791664403,1.3862943611198906,-0.7071067811865471,-0.7071067811865479,-0.9749279121818236,-0.2225209339563146,1.3862943611198906
2015-05-16 16:00:00+00:00,901,20,7,7.0,6.804614520062624,3.044522437723423,2.0794415416798357,-0.8660254037844384,-0.5000000000000004,-0.9749279121818236,-0.2225209339563146,2.0794415416798357
2015-05-16 17:00:00+00:00,1098,21,9,9.0,7.002155954403621,3.091042453358316,2.302585092994046,-0.9659258262890683,-0.25881904510252063,-0.9749279121818236,-0.2225209339563146,2.302585092994046
2015-05-16 18:00:00+00:00,1179,16,11,11.0,7.07326971745971,2.833213344056216,2.4849066497880004,-1.0,-1.8369701987210297e-16,-0.9749279121818236,-0.2225209339563146,2.4849066497880004
2015-05-16 19:00:00+00:00,1376,31,18,18.0,7.227662498728654,3.4657359027997265,2.9444389791664403,-0.9659258262890684,0.2588190451025203,-0.9749279121818236,-0.2225209339563146,2.9444389791664403
2015-05-16 20:00:00+00:00,1129,23,3,3.0,7.029972911706386,3.1780538303479458,1.3862943611198906,-0.8660254037844386,0.5000000000000001,-0.9749279121818236,-0.2225209339563146,1.3862943611198906
2015-05-16 21:00:00+00:00,1221,22,9,9.0,7.108244139731541,3.1354942159291497,2.302585092994046,-0.7071067811865477,0.7071067811865474,-0.9749279121818236,-0.2225209339563146,2.302585092994046
2015-05-16 22:00:00+00:00,1206,32,11,11.0,7.095893221097532,3.4965075614664802,2.4849066497880004,-0.5000000000000004,0.8660254037844384,-0.9749279121818236,-0.2225209339563146,2.4849066497880004
2015-05-16 23:00:00+00:00,1239,36,12,12.0,7.122866658599083,3.6109179126442243,2.5649493574615367,-0.25881904510252157,0.9659258262890681,-0.9749279121818236,-0.2225209339563146,2.5649493574615367
2015-05-17 00:00:00+00:00,1228,52,14,14.0,7.113956109566034,3.970291913552122,2.70805020110221,0.0,1.0,-0.7818314824680299,0.6234898018587334,2.70805020110221
2015-05-17 01:00:00+00:00,1208,25,11,11.0,7.097548850614793,3.258096538021482,2.4849066497880004,0.25881904510252074,0.9659258262890683,-0.7818314824680299,0.6234898018587334,2.4849066497880004
2015-05-17 02:00:00+00:00,1184,28,11,11.0,7.077498053569231,3.367295829986474,2.4849066497880004,0.49999999999999994,0.8660254037844387,-0.7818314824680299,0.6234898018587334,2.4849066497880004
2015-05-17 03:00:00+00:00,1184,28,12,12.0,7.077498053569231,3.367295829986474,2.5649493574615367,0.7071067811865475,0.7071067811865476,-0.7818314824680299,0.6234898018587334,2.5649493574615367
2015-05-17 04:00:00+00:00,946,14,10,10.0,6.853299093186078,2.70805020110221,2.3978952727983707,0.8660254037844386,0.5000000000000001,-0.7818314824680299,0.6234898018587334,2.3978952727983707
2015-05-17 05:00:00+00:00,974,18,3,3.0,6.882437470997847,2.9444389791664403,1.3862943611198906,0.9659258262890683,0.25881904510252074,-0.7818314824680299,0.6234898018587334,1.3862943611198906
2015-05-17 06:00:00+00:00,692,11,0,0.0,6.541029999189903,2.4849066497880004,0.0,1.0,6.123233995736766e-17,-0.7818314824680299,0.6234898018587334,0.0
2015-05-17 07:00:00+00:00,461,7,2,2.0,6.135564891081739,2.0794415416798357,1.0986122886681098,0.9659258262890683,-0.25881904510252063,-0.7818314824680299,0.6234898018587334,1.0986122886681098
2015-05-17 08:00:00+00:00,222,1,0,0.0,5.407171771460119,0.6931471805599453,0.0,0.8660254037844387,-0.49999999999999983,-0.7818314824680299,0.6234898018587334,0.0
2015-05-17 09:00:00+00:00,154,13,3,3.0,5.043425116919247,2.6390573296152584,1.3862943611198906,0.7071067811865476,-0.7071067811865475,-0.7818314824680299,0.6234898018587334,1.3862943611198906
2015-05-17 10:00:00+00:00,125,0,1,1.0,4.836281906951478,0.0,0.6931471805599453,0.49999999999999994,-0.8660254037844387,-0.7818314824680299,0.6234898018587334,0.6931471805599453
2015-05-17 11:00:00+00:00,125,3,0,0.0,4.836281906951478,1.3862943611198906,0.0,0.258819045102521,-0.9659258262890682,-0.7818314824680299,0.6234898018587334,0.0
2015-05-17 12:00:00+00:00,189,1,0,0.0,5.247024072160486,0.6931471805599453,0.0,1.2246467991473532e-16,-1.0,-0.7818314824680299,0.6234898018587334,0.0
2015-05-17 13:00:00+00:00,292,5,0,0.0,5.680172609017068,1.791759469228055,0.0,-0.2588190451025208,-0.9659258262890683,-0.7818314824680299,0.6234898018587334,0.0
2015-05-17 14:00:00+00:00,609,10,0,0.0,6.413458957167357,2.3978952727983707,0.0,-0.4999999999999998,-0.8660254037844388,-0.7818314824680299,0.6234898018587334,0.0
2015-05-17 15:00:00+00:00,738,17,5,5.0,6.6052979209482015,2.8903717578961645,1.791759469228055,-0.7071067811865471,-0.7071067811865479,-0.7818314824680299,0.6234898018587334,1.791759469228055
2015-05-17 16:00:00+00:00,957,22,14,14.0,6.86484777797086,3.1354942159291497,2.70805020110221,-0.8660254037844384,-0.5000000000000004,-0.7818314824680299,0.6234898018587334,2.70805020110221
2015-05-17 17:00:00+00:00,1245,27,7,7.0,7.1276936993473985,3.332204510175204,2.0794415416798357,-0.9659258262890683,-0.25881904510252063,-0.7818314824680299,0.6234898018587334,2.0794415416798357
2015-05-17 18:00:00+00:00,1246,28,13,13.0,7.1284959456800365,3.367295829986474,2.6390573296152584,-1.0,-1.8369701987210297e-16,-0.7818314824680299,0.6234898018587334,2.6390573296152584
2015-05-17 19:00:00+00:00,1306,29,18,18.0,7.175489713624222,3.4011973816621555,2.9444389791664403,-0.9659258262890684,0.2588190451025203,-0.7818314824680299,0.6234898018587334,2.9444389791664403
2015-05-17 20:00:00+00:00,1229,39,13,13.0,7.114769448366463,3.6888794541139363,2.6390573296152584,-0.8660254037844386,0.5000000000000001,-0.7818314824680299,0.6234898018587334,2.6390573296152584
2015-05-17 21:00:00+00:00,1223,45,15,15.0,7.1098794630722715,3.828641396489095,2.772588722239781,-0.7071067811865477,0.7071067811865474,-0.7818314824680299,0.6234898018587334,2.772588722239781
2015-05-17 22:00:00+00:00,1297,43,12,12.0,7.168579897264035,3.784189633918261,2.5649493574615367,-0.5000000000000004,0.8660254037844384,-0.7818314824680299,0.6234898018587334,2.5649493574615367
2015-05-17 23:00:00+00:00,1382,27,5,5.0,7.232010331664759,3.332204510175204,1.791759469228055,-0.25881904510252157,0.9659258262890681,-0.7818314824680299,0.6234898018587334,1.791759469228055
2015-05-18 00:00:00+00:00,1461,30,9,9.0,7.2875606403097235,3.4339872044851463,2.302585092994046,0.0,1.0,0.0,1.0,2.302585092994046
2015-05-18 01:00:00+00:00,1609,36,6,6.0,7.383989457978509,3.6109179126442243,1.9459101490553132,0.25881904510252074,0.9659258262890683,0.0,1.0,1.9459101490553132
2015-05-18 02:00:00+00:00,1570,33,14,14.0,7.359467638255621,3.5263605246161616,2.70805020110221,0.49999999999999994,0.8660254037844387,0.0,1.0,2.70805020110221
2015-05-18 03:00:00+00:00,1355,25,4,4.0,7.212294468500341,3.258096538021482,1.6094379124341003,0.7071067811865475,0.7071067811865476,0.0,1.0,1.6094379124341003
2015-05-18 04:00:00+00:00,1298,19,10,10.0,7.1693500166706,2.995732273553991,2.3978952727983707,0.8660254037844386,0.5000000000000001,0.0,1.0,2.3978952727983707
2015-05-18 05:00:00+00:00,1060,32,6,6.0,6.966967138613983,3.4965075614664802,1.9459101490553132,0.9659258262890683,0.25881904510252074,0.0,1.0,1.9459101490553132
2015-05-18 06:00:00+00:00,732,30,6,6.0,6.597145701886651,3.4339872044851463,1.9459101490553132,1.0,6.123233995736766e-17,0.0,1.0,1.9459101490553132
2015-05-18 07:00:00+00:00,369,8,2,2.0,5.91350300563827,2.1972245773362196,1.0986122886681098,0.9659258262890683,-0.25881904510252063,0.0,1.0,1.0986122886681098
2015-05-18 08:00:00+00:00,184,1,0,0.0,5.220355825078324,0.6931471805599453,0.0,0.8660254037844387,-0.49999999999999983,0.0,1.0,0.0
2015-05-18 09:00:00+00:00,103,1,0,0.0,4.6443908991413725,0.6931471805599453,0.0,0.7071067811865476,-0.7071067811865475,0.0,1.0,0.0
2015-05-18 10:00:00+00:00,88,1,0,0.0,4.48863636973214,0.6931471805599453,0.0,0.49999999999999994,-0.8660254037844387,0.0,1.0,0.0
2015-05-18 11:00:00+00:00,139,0,1,1.0,4.941642422609304,0.0,0.6931471805599453,0.258819045102521,-0.9659258262890682,0.0,1.0,0.6931471805599453
2015-05-18 12:00:00+00:00,241,3,0,0.0,5.488937726156687,1.3862943611198906,0.0,1.2246467991473532e-16,-1.0,0.0,1.0,0.0
2015-05-18 13:00:00+00:00,432,18,3,3.0,6.07073772800249,2.9444389791664403,1.3862943611198906,-0.2588190451025208,-0.9659258262890683,0.0,1.0,1.3862943611198906
2015-05-18 14:00:00+00:00,669,14,8,8.0,6.507277712385012,2.70805020110221,2.1972245773362196,-0.4999999999999998,-0.8660254037844388,0.0,1.0,2.1972245773362196
2015-05-18 15:00:00+00:00,1117,29,26,26.0,7.0192966537150445,3.4011973816621555,3.295836866004329,-0.7071067811865471,-0.7071067811865479,0.0,1.0,3.295836866004329
2015-05-18 16:00:00+00:00,1525,42,19,19.0,7.330405211844402,3.7612001156935624,2.995732273553991,-0.8660254037844384,-0.5000000000000004,0.0,1.0,2.995732273553991
2015-05-18 17:00:00+00:00,1650,58,29,29.0,7.409136443920128,4.07753744390572,3.4011973816621555,-0.9659258262890683,-0.25881904510252063,0.0,1.0,3.4011973816621555
2015-05-18 18:00:00+00:00,1775,43,20,20.0,7.4821189235521155,3.784189633918261,3.044522437723423,-1.0,-1.8369701987210297e-16,0.0,1.0,3.044522437723423
2015-05-18 19:00:00+00:00,1783,43,14,14.0,7.486613313139955,3.784189633918261,2.70805020110221,-0.9659258262890684,0.2588190451025203,0.0,1.0,2.70805020110221
2015-05-18 20:00:00+00:00,1902,58,17,17.0,7.551186867296149,4.07753744390572,2.8903717578961645,-0.8660254037844386,0.5000000000000001,0.0,1.0,2.8903717578961645
2015-05-18 21:00:00+00:00,1921,48,26,26.0,7.561121589530238,3.8918202981106265,3.295836866004329,-0.7071067811865477,0.7071067811865474,0.0,1.0,3.295836866004329
2015-05-18 22:00:00+00:00,1727,43,10,10.0,7.454719949364001,3.784189633918261,2.3978952727983707,-0.5000000000000004,0.8660254037844384,0.0,1.0,2.3978952727983707
2015-05-18 23:00:00+00:00,1477,34,15,15.0,7.298445101508147,3.5553480614894135,2.772588722239781,-0.25881904510252157,0.9659258262890681,0.0,1.0,2.772588722239781
2015-05-19 00:00:00+00:00,1361,32,7,7.0,7.216709486709457,3.4965075614664802,2.0794415416798357,0.0,1.0,0.7818314824680298,0.6234898018587336,2.0794415416798357
2015-05-19 01:00:00+00:00,1381,26,7,7.0,7.231287004327616,3.295836866004329,2.0794415416798357,0.25881904510252074,0.9659258262890683,0.7818314824680298,0.6234898018587336,2.0794415416798357
2015-05-19 02:00:00+00:00,1470,29,9,9.0,7.293697720601438,3.4011973816621555,2.302585092994046,0.49999999999999994,0.8660254037844387,0.7818314824680298,0.6234898018587336,2.302585092994046
2015-05-19 03:00:00+00:00,1461,19,2,2.0,7.2875606403097235,2.995732273553991,1.0986122886681098,0.7071067811865475,0.7071067811865476,0.7818314824680298,0.6234898018587336,1.0986122886681098
2015-05-19 04:00:00+00:00,1421,20,3,3.0,7.259819610363186,3.044522437723423,1.3862943611198906,0.8660254037844386,0.5000000000000001,0.7818314824680298,0.6234898018587336,1.3862943611198906
2015-05-19 05:00:00+00:00,970,31,6,6.0,6.878326468291325,3.4657359027997265,1.9459101490553132,0.9659258262890683,0.25881904510252074,0.7818314824680298,0.6234898018587336,1.9459101490553132
2015-05-19 06:00:00+00:00,631,18,2,2.0,6.448889394146858,2.9444389791664403,1.0986122886681098,1.0,6.123233995736766e-17,0.7818314824680298,0.6234898018587336,1.0986122886681098
2015-05-19 07:00:00+00:00,316,16,3,3.0,5.75890177387728,2.833213344056216,1.3862943611198906,0.9659258262890683,-0.25881904510252063,0.7818314824680298,0.6234898018587336,1.3862943611198906
2015-05-19 08:00:00+00:00,233,3,1,1.0,5.455321115357702,1.3862943611198906,0.6931471805599453,0.8660254037844387,-0.49999999999999983,0.7818314824680298,0.6234898018587336,0.6931471805599453
2015-05-19 09:00:00+00:00,128,3,0,0.0,4.859812404361672,1.3862943611198906,0.0,0.7071067811865476,-0.7071067811865475,0.7818314824680298,0.6234898018587336,0.0
2015-05-19 10:00:00+00:00,160,3,0,0.0,5.081404364984463,1.3862943611198906,0.0,0.49999999999999994,-0.8660254037844387,0.7818314824680298,0.6234898018587336,0.0
2015-05-19 11:00:00+00:00,167,2,0,0.0,5.123963979403259,1.0986122886681098,0.0,0.258819045102521,-0.9659258262890682,0.7818314824680298,0.6234898018587336,0.0
2015-05-19 12:00:00+00:00,276,4,0,0.0,5.6240175061873385,1.6094379124341003,0.0,1.2246467991473532e-16,-1.0,0.7818314824680298,0.6234898018587336,0.0
2015-05-19 13:00:00+00:00,459,6,1,1.0,6.131226489483141,1.9459101490553132,0.6931471805599453,-0.2588190451025208,-0.9659258262890683,0.7818314824680298,0.6234898018587336,0.6931471805599453
2015-05-19 14:00:00+00:00,742,7,2,2.0,6.610696044717759,2.0794415416798357,1.0986122886681098,-0.4999999999999998,-0.8660254037844388,0.7818314824680298,0.6234898018587336,1.0986122886681098
2015-05-19 15:00:00+00:00,1200,39,7,7.0,7.0909098220799835,3.6888794541139363,2.0794415416798357,-0.7071067811865471,-0.7071067811865479,0.7818314824680298,0.6234898018587336,2.0794415416798357
2015-05-19 16:00:00+00:00,1373,30,17,17.0,7.2254814727822945,3.4339872044851463,2.8903717578961645,-0.8660254037844384,-0.5000000000000004,0.7818314824680298,0.6234898018587336,2.8903717578961645
2015-05-19 17:00:00+00:00,1759,66,17,17.0,7.473069088032197,4.204692619390966,2.8903717578961645,-0.9659258262890683,-0.25881904510252063,0.7818314824680298,0.6234898018587336,2.8903717578961645
2015-05-19 18:00:00+00:00,1588,52,13,13.0,7.370860166536716,3.970291913552122,2.6390573296152584,-1.0,-1.8369701987210297e-16,0.7818314824680298,0.6234898018587336,2.6390573296152584
2015-05-19 19:00:00+00:00,1814,52,16,16.0,7.503840746698951,3.970291913552122,2.833213344056216,-0.9659258262890684,0.2588190451025203,0.7818314824680298,0.6234898018587336,2.833213344056216
2015-05-19 20:00:00+00:00,1936,59,27,27.0,7.5688956634069955,4.0943445622221,3.332204510175204,-0.8660254037844386,0.5000000000000001,0.7818314824680298,0.6234898018587336,3.332204510175204
2015-05-19 21:00:00+00:00,1795,58,22,22.0,7.493317248862145,4.07753744390572,3.1354942159291497,-0.7071067811865477,0.7071067811865474,0.7818314824680298,0.6234898018587336,3.1354942159291497
2015-05-19 22:00:00+00:00,1843,42,21,21.0,7.519692404116539,3.7612001156935624,3.091042453358316,-0.5000000000000004,0.8660254037844384,0.7818314824680298,0.6234898018587336,3.091042453358316
2015-05-19 23:00:00+00:00,1465,35,13,13.0,7.290292882446597,3.58351893845611,2.6390573296152584,-0.25881904510252157,0.9659258262890681,0.7818314824680298,0.6234898018587336,2.6390573296152584
2015-05-20 00:00:00+00:00,1186,15,7,7.0,7.079184394609668,2.772588722239781,2.0794415416798357,0.0,1.0,0.9749279121818236,-0.22252093395631434,2.0794415416798357
2015-05-20 01:00:00+00:00,1200,38,6,6.0,7.0909098220799835,3.6635616461296463,1.9459101490553132,0.25881904510252074,0.9659258262890683,0.9749279121818236,-0.22252093395631434,1.9459101490553132
2015-05-20 02:00:00+00:00,1322,14,5,5.0,7.187657164114956,2.70805020110221,1.791759469228055,0.49999999999999994,0.8660254037844387,0.9749279121818236,-0.22252093395631434,1.791759469228055
2015-05-20 03:00:00+00:00,1394,38,7,7.0,7.240649694255466,3.6635616461296463,2.0794415416798357,0.7071067811865475,0.7071067811865476,0.9749279121818236,-0.22252093395631434,2.0794415416798357
2015-05-20 04:00:00+00:00,1286,30,4,4.0,7.160069207596127,3.4339872044851463,1.6094379124341003,0.8660254037844386,0.5000000000000001,0.9749279121818236,-0.22252093395631434,1.6094379124341003
2015-05-20 05:00:00+00:00,995,17,4,4.0,6.903747257584598,2.8903717578961645,1.6094379124341003,0.9659258262890683,0.25881904510252074,0.9749279121818236,-0.22252093395631434,1.6094379124341003
2015-05-20 06:00:00+00:00,465,2,0,0.0,6.144185634125646,1.0986122886681098,0.0,1.0,6.123233995736766e-17,0.9749279121818236,-0.22252093395631434,0.0
2015-05-20 07:00:00+00:00,336,3,2,2.0,5.820082930352362,1.3862943611198906,1.0986122886681098,0.9659258262890683,-0.25881904510252063,0.9749279121818236,-0.22252093395631434,1.0986122886681098
2015-05-20 08:00:00+00:00,143,1,0,0.0,4.969813299576001,0.6931471805599453,0.0,0.8660254037844387,-0.49999999999999983,0.9749279121818236,-0.22252093395631434,0.0
2015-05-20 09:00:00+00:00,123,8,0,0.0,4.820281565605037,2.1972245773362196,0.0,0.7071067811865476,-0.7071067811865475,0.9749279121818236,-0.22252093395631434,0.0
2015-05-20 10:00:00+00:00,99,0,0,0.0,4.605170185988092,0.0,0.0,0.49999999999999994,-0.8660254037844387,0.9749279121818236,-0.22252093395631434,0.0
2015-05-20 11:00:00+00:00,128,3,2,2.0,4.859812404361672,1.3862943611198906,1.0986122886681098,0.258819045102521,-0.9659258262890682,0.9749279121818236,-0.22252093395631434,1.0986122886681098
2015-05-20 12:00:00+00:00,225,2,0,0.0,5.420534999272286,1.0986122886681098,0.0,1.2246467991473532e-16,-1.0,0.9749279121818236,-0.22252093395631434,0.0
2015-05-20 13:00:00+00:00,413,3,2,2.0,6.025865973825314,1.3862943611198906,1.0986122886681098,-0.2588190451025208,-0.9659258262890683,0.9749279121818236,-0.22252093395631434,1.0986122886681098
2015-05-20 14:00:00+00:00,668,3,1,1.0,6.505784060128229,1.3862943611198906,0.6931471805599453,-0.4999999999999998,-0.8660254037844388,0.9749279121818236,-0.22252093395631434,0.6931471805599453
2015-05-20 15:00:00+00:00,1015,17,5,5.0,6.923628628138427,2.8903717578961645,1.791759469228055,-0.7071067811865471,-0.7071067811865479,0.9749279121818236,-0.22252093395631434,1.791759469228055
2015-05-20 16:00:00+00:00,1210,18,5,5.0,7.099201743553092,2.9444389791664403,1.791759469228055,-0.8660254037844384,-0.5000000000000004,0.9749279121818236,-0.22252093395631434,1.791759469228055
2015-05-20 17:00:00+00:00,1262,15,8,8.0,7.141245122350491,2.772588722239781,2.1972245773362196,-0.9659258262890683,-0.25881904510252063,0.9749279121818236,-0.22252093395631434,2.1972245773362196
2015-05-20 18:00:00+00:00,1256,25,3,3.0,7.136483208590247,3.258096538021482,1.3862943611198906,-1.0,-1.8369701987210297e-16,0.9749279121818236,-0.22252093395631434,1.3862943611198906
2015-05-20 19:00:00+00:00,1334,25,12,12.0,7.19668657083435,3.258096538021482,2.5649493574615367,-0.9659258262890684,0.2588190451025203,0.9749279121818236,-0.22252093395631434,2.5649493574615367
2015-05-20 20:00:00+00:00,1493,58,15,15.0,7.309212365692763,4.07753744390572,2.772588722239781,-0.8660254037844386,0.5000000000000001,0.9749279121818236,-0.22252093395631434,2.772588722239781
2015-05-20 21:00:00+00:00,1576,29,15,15.0,7.3632795869630385,3.4011973816621555,2.772588722239781,-0.7071067811865477,0.7071067811865474,0.9749279121818236,-0.22252093395631434,2.772588722239781
2015-05-20 22:00:00+00:00,1317,37,12,12.0,7.183870715062453,3.6375861597263857,2.5649493574615367,-0.5000000000000004,0.8660254037844384,0.9749279121818236,-0.22252093395631434,2.5649493574615367
2015-05-20 23:00:00+00:00,1242,21,10,10.0,7.1252830915107115,3.091042453358316,2.3978952727983707,-0.25881904510252157,0.9659258262890681,0.9749279121818236,-0.22252093395631434,2.3978952727983707
2015-05-21 00:00:00+00:00,1256,56,12,12.0,7.136483208590247,4.04305126783455,2.5649493574615367,0.0,1.0,0.43388373911755823,-0.900968867902419,2.5649493574615367
2015-05-21 01:00:00+00:00,1252,88,5,5.0,7.133295954896068,4.48863636973214,1.791759469228055,0.25881904510252074,0.9659258262890683,0.43388373911755823,-0.900968867902419,1.791759469228055
2015-05-21 02:00:00+00:00,1187,37,11,11.0,7.080026499922591,3.6375861597263857,2.4849066497880004,0.49999999999999994,0.8660254037844387,0.43388373911755823,-0.900968867902419,2.4849066497880004
2015-05-21 03:00:00+00:00,1225,21,4,4.0,7.111512116496157,3.091042453358316,1.6094379124341003,0.7071067811865475,0.7071067811865476,0.43388373911755823,-0.900968867902419,1.6094379124341003
2015-05-21 04:00:00+00:00,1119,30,2,2.0,7.02108396428914,3.4339872044851463,1.0986122886681098,0.8660254037844386,0.5000000000000001,0.43388373911755823,-0.900968867902419,1.0986122886681098
2015-05-21 05:00:00+00:00,927,18,6,6.0,6.833031732786201,2.9444389791664403,1.9459101490553132,0.9659258262890683,0.25881904510252074,0.43388373911755823,-0.900968867902419,1.9459101490553132
2015-05-21 06:00:00+00:00,545,10,0,0.0,6.302618975744905,2.3978952727983707,0.0,1.0,6.123233995736766e-17,0.43388373911755823,-0.900968867902419,0.0
2015-05-21 07:00:00+00:00,294,5,1,1.0,5.68697535633982,1.791759469228055,0.6931471805599453,0.9659258262890683,-0.25881904510252063,0.43388373911755823,-0.900968867902419,0.6931471805599453
2015-05-21 08:00:00+00:00,181,1,1,1.0,5.204006687076795,0.6931471805599453,0.6931471805599453,0.8660254037844387,-0.49999999999999983,0.43388373911755823,-0.900968867902419,0.6931471805599453
2015-05-21 09:00:00+00:00,119,4,1,1.0,4.787491742782046,1.6094379124341003,0.6931471805599453,0.7071067811865476,-0.7071067811865475,0.43388373911755823,-0.900968867902419,0.6931471805599453
2015-05-21 10:00:00+00:00,123,0,0,0.0,4.820281565605037,0.0,0.0,0.49999999999999994,-0.8660254037844387,0.43388373911755823,-0.900968867902419,0.0
2015-05-21 11:00:00+00:00,154,3,0,0.0,5.043425116919247,1.3862943611198906,0.0,0.258819045102521,-0.9659258262890682,0.43388373911755823,-0.900968867902419,0.0
2015-05-21 12:00:00+00:00,219,12,4,4.0,5.393627546352362,2.5649493574615367,1.6094379124341003,1.2246467991473532e-16,-1.0,0.43388373911755823,-0.900968867902419,1.6094379124341003
2015-05-21 13:00:00+00:00,372,4,2,2.0,5.921578419643816,1.6094379124341003,1.0986122886681098,-0.2588190451025208,-0.9659258262890683,0.43388373911755823,-0.900968867902419,1.0986122886681098
2015-05-21 14:00:00+00:00,668,10,2,2.0,6.505784060128229,2.3978952727983707,1.0986122886681098,-0.4999999999999998,-0.8660254037844388,0.43388373911755823,-0.900968867902419,1.0986122886681098
2015-05-21 15:00:00+00:00,1063,31,5,5.0,6.96979066990159,3.4657359027997265,1.791759469228055,-0.7071067811865471,-0.7071067811865479,0.43388373911755823,-0.900968867902419,1.791759469228055
2015-05-21 16:00:00+00:00,1287,37,7,7.0,7.160845906664299,3.6375861597263857,2.0794415416798357,-0.8660254037844384,-0.5000000000000004,0.43388373911755823,-0.900968867902419,2.0794415416798357
2015-05-21 17:00:00+00:00,1414,37,26,26.0,7.254884810077338,3.6375861597263857,3.295836866004329,-0.9659258262890683,-0.25881904510252063,0.43388373911755823,-0.900968867902419,3.295836866004329
2015-05-21 18:00:00+00:00,1230,20,8,8.0,7.115582126184454,3.044522437723423,2.1972245773362196,-1.0,-1.8369701987210297e-16,0.43388373911755823,-0.900968867902419,2.1972245773362196
2015-05-21 19:00:00+00:00,1144,19,9,9.0,7.0431599159883405,2.995732273553991,2.302585092994046,-0.9659258262890684,0.2588190451025203,0.43388373911755823,-0.900968867902419,2.302585092994046
2015-05-21 20:00:00+00:00,1367,48,8,8.0,7.221105098182496,3.8918202981106265,2.1972245773362196,-0.8660254037844386,0.5000000000000001,0.43388373911755823,-0.900968867902419,2.1972245773362196
2015-05-21 21:00:00+00:00,1441,18,10,10.0,7.273786317844895,2.9444389791664403,2.3978952727983707,-0.7071067811865477,0.7071067811865474,0.43388373911755823,-0.900968867902419,2.3978952727983707
2015-05-21 22:00:00+00:00,1315,23,5,5.0,7.182352111885263,3.1780538303479458,1.791759469228055,-0.5000000000000004,0.8660254037844384,0.43388373911755823,-0.900968867902419,1.791759469228055
2015-05-21 23:00:00+00:00,1090,19,2,2.0,6.994849985833071,2.995732273553991,1.0986122886681098,-0.25881904510252157,0.9659258262890681,0.43388373911755823,-0.900968867902419,1.0986122886681098
2015-05-22 00:00:00+00:00,1062,41,6,6.0,6.968850378341948,3.7376696182833684,1.9459101490553132,0.0,1.0,-0.433883739117558,-0.9009688679024191,1.9459101490553132
2015-05-22 01:00:00+00:00,921,20,0,0.0,6.826545223556594,3.044522437723423,0.0,0.25881904510252074,0.9659258262890683,-0.433883739117558,-0.9009688679024191,0.0
2015-05-22 02:00:00+00:00,1198,8,7,7.0,7.089243155027514,2.1972245773362196,2.0794415416798357,0.49999999999999994,0.8660254037844387,-0.433883739117558,-0.9009688679024191,2.0794415416798357
2015-05-22 03:00:00+00:00,1097,19,1,1.0,7.001245622069476,2.995732273553991,0.6931471805599453,0.7071067811865475,0.7071067811865476,-0.433883739117558,-0.9009688679024191,0.6931471805599453
2015-05-22 04:00:00+00:00,1114,14,2,2.0,7.016609683894219,2.70805020110221,1.0986122886681098,0.8660254037844386,0.5000000000000001,-0.433883739117558,-0.9009688679024191,1.0986122886681098
2015-05-22 05:00:00+00:00,985,16,10,10.0,6.893656354602635,2.833213344056216,2.3978952727983707,0.9659258262890683,0.25881904510252074,-0.433883739117558,-0.9009688679024191,2.3978952727983707
2015-05-22 06:00:00+00:00,574,15,4,4.0,6.354370040797351,2.772588722239781,1.6094379124341003,1.0,6.123233995736766e-17,-0.433883739117558,-0.9009688679024191,1.6094379124341003
2015-05-22 07:00:00+00:00,287,2,2,2.0,5.662960480135946,1.0986122886681098,1.0986122886681098,0.9659258262890683,-0.25881904510252063,-0.433883739117558,-0.9009688679024191,1.0986122886681098
2015-05-22 08:00:00+00:00,158,4,0,0.0,5.0689042022202315,1.6094379124341003,0.0,0.8660254037844387,-0.49999999999999983,-0.433883739117558,-0.9009688679024191,0.0
2015-05-22 09:00:00+00:00,80,0,0,0.0,4.394449154672439,0.0,0.0,0.7071067811865476,-0.7071067811865475,-0.433883739117558,-0.9009688679024191,0.0
2015-05-22 10:00:00+00:00,133,1,1,1.0,4.897839799950911,0.6931471805599453,0.6931471805599453,0.49999999999999994,-0.8660254037844387,-0.433883739117558,-0.9009688679024191,0.6931471805599453
2015-05-22 11:00:00+00:00,151,3,3,3.0,5.0238805208462765,1.3862943611198906,1.3862943611198906,0.258819045102521,-0.9659258262890682,-0.433883739117558,-0.9009688679024191,1.3862943611198906
2015-05-22 12:00:00+00:00,227,8,2,2.0,5.429345628954441,2.1972245773362196,1.0986122886681098,1.2246467991473532e-16,-1.0,-0.433883739117558,-0.9009688679024191,1.0986122886681098
2015-05-22 13:00:00+00:00,456,8,4,4.0,6.124683390894205,2.1972245773362196,1.6094379124341003,-0.2588190451025208,-0.9659258262890683,-0.433883739117558,-0.9009688679024191,1.6094379124341003
2015-05-22 14:00:00+00:00,737,9,4,4.0,6.6039438246004725,2.302585092994046,1.6094379124341003,-0.4999999999999998,-0.8660254037844388,-0.433883739117558,-0.9009688679024191,1.6094379124341003
2015-05-22 15:00:00+00:00,1060,24,6,6.0,6.966967138613983,3.2188758248682006,1.9459101490553132,-0.7071067811865471,-0.7071067811865479,-0.433883739117558,-0.9009688679024191,1.9459101490553132
2015-05-22 16:00:00+00:00,1351,45,7,7.0,7.20934025660291,3.828641396489095,2.0794415416798357,-0.8660254037844384,-0.5000000000000004,-0.433883739117558,-0.9009688679024191,2.0794415416798357
2015-05-22 17:00:00+00:00,1286,37,10,10.0,7.160069207596127,3.6375861597263857,2.3978952727983707,-0.9659258262890683,-0.25881904510252063,-0.433883739117558,-0.9009688679024191,2.3978952727983707
2015-05-22 18:00:00+00:00,1323,48,13,13.0,7.188412736496954,3.8918202981106265,2.6390573296152584,-1.0,-1.8369701987210297e-16,-0.433883739117558,-0.9009688679024191,2.6390573296152584
2015-05-22 19:00:00+00:00,1354,30,14,14.0,7.2115567333138015,3.4339872044851463,2.70805020110221,-0.9659258262890684,0.2588190451025203,-0.433883739117558,-0.9009688679024191,2.70805020110221
2015-05-22 20:00:00+00:00,1464,38,26,26.0,7.289610521451167,3.6635616461296463,3.295836866004329,-0.8660254037844386,0.5000000000000001,-0.433883739117558,-0.9009688679024191,3.295836866004329
2015-05-22 21:00:00+00:00,1335,29,23,23.0,7.197435354096591,3.4011973816621555,3.1780538303479458,-0.7071067811865477,0.7071067811865474,-0.433883739117558,-0.9009688679024191,3.1780538303479458
2015-05-22 22:00:00+00:00,1116,23,5,5.0,7.018401799069201,3.1780538303479458,1.791759469228055,-0.5000000000000004,0.8660254037844384,-0.433883739117558,-0.9009688679024191,1.791759469228055
2015-05-22 23:00:00+00:00,976,20,4,4.0,6.884486652042782,3.044522437723423,1.6094379124341003,-0.25881904510252157,0.9659258262890681,-0.433883739117558,-0.9009688679024191,1.6094379124341003
2015-05-23 00:00:00+00:00,1020,21,8,8.0,6.928537818164665,3.091042453358316,2.1972245773362196,0.0,1.0,-0.9749279121818236,-0.2225209339563146,2.1972245773362196
2015-05-23 01:00:00+00:00,1016,34,14,14.0,6.92461239604856,3.5553480614894135,2.70805020110221,0.25881904510252074,0.9659258262890683,-0.9749279121818236,-0.2225209339563146,2.70805020110221
2015-05-23 02:00:00+00:00,959,19,5,5.0,6.866933284461882,2.995732273553991,1.791759469228055,0.49999999999999994,0.8660254037844387,-0.9749279121818236,-0.2225209339563146,1.791759469228055
2015-05-23 03:00:00+00:00,972,13,3,3.0,6.880384082186005,2.6390573296152584,1.3862943611198906,0.7071067811865475,0.7071067811865476,-0.9749279121818236,-0.2225209339563146,1.3862943611198906
2015-05-23 04:00:00+00:00,868,16,6,6.0,6.767343125265392,2.833213344056216,1.9459101490553132,0.8660254037844386,0.5000000000000001,-0.9749279121818236,-0.2225209339563146,1.9459101490553132
2015-05-23 05:00:00+00:00,723,17,5,5.0,6.584791392385716,2.8903717578961645,1.791759469228055,0.9659258262890683,0.25881904510252074,-0.9749279121818236,-0.2225209339563146,1.791759469228055
2015-05-23 06:00:00+00:00,466,6,5,5.0,6.1463292576688975,1.9459101490553132,1.791759469228055,1.0,6.123233995736766e-17,-0.9749279121818236,-0.2225209339563146,1.791759469228055
2015-05-23 07:00:00+00:00,297,6,3,3.0,5.697093486505405,1.9459101490553132,1.3862943611198906,0.9659258262890683,-0.25881904510252063,-0.9749279121818236,-0.2225209339563146,1.3862943611198906
2015-05-23 08:00:00+00:00,137,2,2,2.0,4.927253685157205,1.0986122886681098,1.0986122886681098,0.8660254037844387,-0.49999999999999983,-0.9749279121818236,-0.2225209339563146,1.0986122886681098
2015-05-23 09:00:00+00:00,95,7,0,0.0,4.564348191467836,2.0794415416798357,0.0,0.7071067811865476,-0.7071067811865475,-0.9749279121818236,-0.2225209339563146,0.0
2015-05-23 10:00:00+00:00,101,2,1,1.0,4.624972813284271,1.0986122886681098,0.6931471805599453,0.49999999999999994,-0.8660254037844387,-0.9749279121818236,-0.2225209339563146,0.6931471805599453
2015-05-23 11:00:00+00:00,115,2,0,0.0,4.7535901911063645,1.0986122886681098,0.0,0.258819045102521,-0.9659258262890682,-0.9749279121818236,-0.2225209339563146,0.0
2015-05-23 12:00:00+00:00,173,2,0,0.0,5.159055299214529,1.0986122886681098,0.0,1.2246467991473532e-16,-1.0,-0.9749279121818236,-0.2225209339563146,0.0
2015-05-23 13:00:00+00:00,310,7,2,2.0,5.739792912179234,2.0794415416798357,1.0986122886681098,-0.2588190451025208,-0.9659258262890683,-0.9749279121818236,-0.2225209339563146,1.0986122886681098
2015-05-23 14:00:00+00:00,406,9,1,1.0,6.008813185442595,2.302585092994046,0.6931471805599453,-0.4999999999999998,-0.8660254037844388,-0.9749279121818236,-0.2225209339563146,0.6931471805599453
2015-05-23 15:00:00+00:00,674,12,6,6.0,6.51471269087253,2.5649493574615367,1.9459101490553132,-0.7071067811865471,-0.7071067811865479,-0.9749279121818236,-0.2225209339563146,1.9459101490553132
2015-05-23 16:00:00+00:00,733,23,5,5.0,6.598509028614515,3.1780538303479458,1.791759469228055,-0.8660254037844384,-0.5000000000000004,-0.9749279121818236,-0.2225209339563146,1.791759469228055
2015-05-23 17:00:00+00:00,867,11,6,6.0,6.7661917146603505,2.4849066497880004,1.9459101490553132,-0.9659258262890683,-0.25881904510252063,-0.9749279121818236,-0.2225209339563146,1.9459101490553132
2015-05-23 18:00:00+00:00,1073,15,4,4.0,6.97914527506881,2.772588722239781,1.6094379124341003,-1.0,-1.8369701987210297e-16,-0.9749279121818236,-0.2225209339563146,1.6094379124341003
2015-05-23 19:00:00+00:00,1009,22,9,9.0,6.917705609835305,3.1354942159291497,2.302585092994046,-0.9659258262890684,0.2588190451025203,-0.9749279121818236,-0.2225209339563146,2.302585092994046
2015-05-23 20:00:00+00:00,923,18,6,6.0,6.828712071641684,2.9444389791664403,1.9459101490553132,-0.8660254037844386,0.5000000000000001,-0.9749279121818236,-0.2225209339563146,1.9459101490553132
2015-05-23 21:00:00+00:00,1049,37,9,9.0,6.956545443151569,3.6375861597263857,2.302585092994046,-0.7071067811865477,0.7071067811865474,-0.9749279121818236,-0.2225209339563146,2.302585092994046
2015-05-23 22:00:00+00:00,920,29,7,7.0,6.825460036255307,3.4011973816621555,2.0794415416798357,-0.5000000000000004,0.8660254037844384,-0.9749279121818236,-0.2225209339563146,2.0794415416798357
2015-05-23 23:00:00+00:00,1032,25,6,6.0,6.940222469119639,3.258096538021482,1.9459101490553132,-0.25881904510252157,0.9659258262890681,-0.9749279121818236,-0.2225209339563146,1.9459101490553132
2015-05-24 00:00:00+00:00,914,22,8,8.0,6.818924065275521,3.1354942159291497,2.1972245773362196,0.0,1.0,-0.7818314824680299,0.6234898018587334,2.1972245773362196
2015-05-24 01:00:00+00:00,978,22,6,6.0,6.88653164253051,3.1354942159291497,1.9459101490553132,0.25881904510252074,0.9659258262890683,-0.7818314824680299,0.6234898018587334,1.9459101490553132
2015-05-24 02:00:00+00:00,949,22,5,5.0,6.856461984594587,3.1354942159291497,1.791759469228055,0.49999999999999994,0.8660254037844387,-0.7818314824680299,0.6234898018587334,1.791759469228055
2015-05-24 03:00:00+00:00,922,17,7,7.0,6.827629234502852,2.8903717578961645,2.0794415416798357,0.7071067811865475,0.7071067811865476,-0.7818314824680299,0.6234898018587334,2.0794415416798357
2015-05-24 04:00:00+00:00,908,10,2,2.0,6.812345094177479,2.3978952727983707,1.0986122886681098,0.8660254037844386,0.5000000000000001,-0.7818314824680299,0.6234898018587334,1.0986122886681098
2015-05-24 05:00:00+00:00,824,10,5,5.0,6.715383386334681,2.3978952727983707,1.791759469228055,0.9659258262890683,0.25881904510252074,-0.7818314824680299,0.6234898018587334,1.791759469228055
2015-05-24 06:00:00+00:00,589,8,1,1.0,6.380122536899765,2.1972245773362196,0.6931471805599453,1.0,6.123233995736766e-17,-0.7818314824680299,0.6234898018587334,0.6931471805599453
2015-05-24 07:00:00+00:00,275,4,0,0.0,5.62040086571715,1.6094379124341003,0.0,0.9659258262890683,-0.25881904510252063,-0.7818314824680299,0.6234898018587334,0.0
2015-05-24 08:00:00+00:00,219,1,0,0.0,5.393627546352362,0.6931471805599453,0.0,0.8660254037844387,-0.49999999999999983,-0.7818314824680299,0.6234898018587334,0.0
2015-05-24 09:00:00+00:00,130,1,0,0.0,4.875197323201151,0.6931471805599453,0.0,0.7071067811865476,-0.7071067811865475,-0.7818314824680299,0.6234898018587334,0.0
2015-05-24 10:00:00+00:00,113,2,1,1.0,4.736198448394496,1.0986122886681098,0.6931471805599453,0.49999999999999994,-0.8660254037844387,-0.7818314824680299,0.6234898018587334,0.6931471805599453
2015-05-24 11:00:00+00:00,121,0,0,0.0,4.804021044733257,0.0,0.0,0.258819045102521,-0.9659258262890682,-0.7818314824680299,0.6234898018587334,0.0
2015-05-24 12:00:00+00:00,176,1,0,0.0,5.176149732573829,0.6931471805599453,0.0,1.2246467991473532e-16,-1.0,-0.7818314824680299,0.6234898018587334,0.0
2015-05-24 13:00:00+00:00,333,1,0,0.0,5.811140992976701,0.6931471805599453,0.0,-0.2588190451025208,-0.9659258262890683,-0.7818314824680299,0.6234898018587334,0.0
2015-05-24 14:00:00+00:00,575,7,2,2.0,6.3561076606958915,2.0794415416798357,1.0986122886681098,-0.4999999999999998,-0.8660254037844388,-0.7818314824680299,0.6234898018587334,1.0986122886681098
2015-05-24 15:00:00+00:00,683,12,5,5.0,6.52795791762255,2.5649493574615367,1.791759469228055,-0.7071067811865471,-0.7071067811865479,-0.7818314824680299,0.6234898018587334,1.791759469228055
2015-05-24 16:00:00+00:00,850,27,7,7.0,6.7464121285733745,3.332204510175204,2.0794415416798357,-0.8660254037844384,-0.5000000000000004,-0.7818314824680299,0.6234898018587334,2.0794415416798357
2015-05-24 17:00:00+00:00,967,19,7,7.0,6.875232087276577,2.995732273553991,2.0794415416798357,-0.9659258262890683,-0.25881904510252063,-0.7818314824680299,0.6234898018587334,2.0794415416798357
2015-05-24 18:00:00+00:00,983,20,6,6.0,6.891625897052253,3.044522437723423,1.9459101490553132,-1.0,-1.8369701987210297e-16,-0.7818314824680299,0.6234898018587334,1.9459101490553132
2015-05-24 19:00:00+00:00,1035,20,11,11.0,6.943122422819428,3.044522437723423,2.4849066497880004,-0.9659258262890684,0.2588190451025203,-0.7818314824680299,0.6234898018587334,2.4849066497880004
2015-05-24 20:00:00+00:00,1030,33,8,8.0,6.93828448401696,3.5263605246161616,2.1972245773362196,-0.8660254037844386,0.5000000000000001,-0.7818314824680299,0.6234898018587334,2.1972245773362196
2015-05-24 21:00:00+00:00,1061,20,5,5.0,6.967909201801884,3.044522437723423,1.791759469228055,-0.7071067811865477,0.7071067811865474,-0.7818314824680299,0.6234898018587334,1.791759469228055
2015-05-24 22:00:00+00:00,1086,20,5,5.0,6.99117688712121,3.044522437723423,1.791759469228055,-0.5000000000000004,0.8660254037844384,-0.7818314824680299,0.6234898018587334,1.791759469228055
2015-05-24 23:00:00+00:00,1109,20,6,6.0,7.01211529430638,3.044522437723423,1.9459101490553132,-0.25881904510252157,0.9659258262890681,-0.7818314824680299,0.6234898018587334,1.9459101490553132
2015-05-25 00:00:00+00:00,1064,27,4,4.0,6.970730078143525,3.332204510175204,1.6094379124341003,0.0,1.0,0.0,1.0,1.6094379124341003
2015-05-25 01:00:00+00:00,1068,20,5,5.0,6.974478911025045,3.044522437723423,1.791759469228055,0.25881904510252074,0.9659258262890683,0.0,1.0,1.791759469228055
2015-05-25 02:00:00+00:00,1087,24,10,10.0,6.992096427415888,3.2188758248682006,2.3978952727983707,0.49999999999999994,0.8660254037844387,0.0,1.0,2.3978952727983707
2015-05-25 03:00:00+00:00,1104,17,10,10.0,7.007600613951853,2.8903717578961645,2.3978952727983707,0.7071067811865475,0.7071067811865476,0.0,1.0,2.3978952727983707
2015-05-25 04:00:00+00:00,1055,18,4,4.0,6.962243464266207,2.9444389791664403,1.6094379124341003,0.8660254037844386,0.5000000000000001,0.0,1.0,1.6094379124341003
2015-05-25 05:00:00+00:00,862,16,2,2.0,6.760414691083428,2.833213344056216,1.0986122886681098,0.9659258262890683,0.25881904510252074,0.0,1.0,1.0986122886681098
2015-05-25 06:00:00+00:00,560,8,7,7.0,6.329720905522696,2.1972245773362196,2.0794415416798357,1.0,6.123233995736766e-17,0.0,1.0,2.0794415416798357
2015-05-25 07:00:00+00:00,319,12,1,1.0,5.768320995793772,2.5649493574615367,0.6931471805599453,0.9659258262890683,-0.25881904510252063,0.0,1.0,0.6931471805599453
2015-05-25 08:00:00+00:00,140,3,0,0.0,4.948759890378168,1.3862943611198906,0.0,0.8660254037844387,-0.49999999999999983,0.0,1.0,0.0
2015-05-25 09:00:00+00:00,114,1,0,0.0,4.74493212836325,0.6931471805599453,0.0,0.7071067811865476,-0.7071067811865475,0.0,1.0,0.0
2015-05-25 10:00:00+00:00,90,1,0,0.0,4.51085950651685,0.6931471805599453,0.0,0.49999999999999994,-0.8660254037844387,0.0,1.0,0.0
2015-05-25 11:00:00+00:00,154,3,0,0.0,5.043425116919247,1.3862943611198906,0.0,0.258819045102521,-0.9659258262890682,0.0,1.0,0.0
2015-05-25 12:00:00+00:00,200,2,0,0.0,5.303304908059076,1.0986122886681098,0.0,1.2246467991473532e-16,-1.0,0.0,1.0,0.0
2015-05-25 13:00:00+00:00,343,4,2,2.0,5.840641657373398,1.6094379124341003,1.0986122886681098,-0.2588190451025208,-0.9659258262890683,0.0,1.0,1.0986122886681098
2015-05-25 14:00:00+00:00,581,11,1,1.0,6.366470447731438,2.4849066497880004,0.6931471805599453,-0.4999999999999998,-0.8660254037844388,0.0,1.0,0.6931471805599453
2015-05-25 15:00:00+00:00,1121,23,7,7.0,7.022868086082641,3.1780538303479458,2.0794415416798357,-0.7071067811865471,-0.7071067811865479,0.0,1.0,2.0794415416798357
2015-05-25 16:00:00+00:00,1448,37,9,9.0,7.278628942320682,3.6375861597263857,2.302585092994046,-0.8660254037844384,-0.5000000000000004,0.0,1.0,2.302585092994046
2015-05-25 17:00:00+00:00,1642,57,14,14.0,7.404279118037268,4.060443010546419,2.70805020110221,-0.9659258262890683,-0.25881904510252063,0.0,1.0,2.70805020110221
2015-05-25 18:00:00+00:00,1643,52,20,20.0,7.404887575616125,3.970291913552122,3.044522437723423,-1.0,-1.8369701987210297e-16,0.0,1.0,3.044522437723423
2015-05-25 19:00:00+00:00,1638,57,12,12.0,7.40184157874383,4.060443010546419,2.5649493574615367,-0.9659258262890684,0.2588190451025203,0.0,1.0,2.5649493574615367
2015-05-25 20:00:00+00:00,1694,44,10,10.0,7.43543801981455,3.8066624897703196,2.3978952727983707,-0.8660254037844386,0.5000000000000001,0.0,1.0,2.3978952727983707
2015-05-25 21:00:00+00:00,1902,55,23,23.0,7.551186867296149,4.02535169073515,3.1780538303479458,-0.7071067811865477,0.7071067811865474,0.0,1.0,3.1780538303479458
2015-05-25 22:00:00+00:00,1749,49,20,20.0,7.4673710669175595,3.912023005428146,3.044522437723423,-0.5000000000000004,0.8660254037844384,0.0,1.0,3.044522437723423
2015-05-25 23:00:00+00:00,1528,35,17,17.0,7.332369205929062,3.58351893845611,2.8903717578961645,-0.25881904510252157,0.9659258262890681,0.0,1.0,2.8903717578961645
2015-05-26 00:00:00+00:00,1200,34,1,1.0,7.0909098220799835,3.5553480614894135,0.6931471805599453,0.0,1.0,0.7818314824680298,0.6234898018587336,0.6931471805599453
2015-05-26 01:00:00+00:00,1202,26,11,11.0,7.0925737159746784,3.295836866004329,2.4849066497880004,0.25881904510252074,0.9659258262890683,0.7818314824680298,0.6234898018587336,2.4849066497880004
2015-05-26 02:00:00+00:00,1247,27,15,15.0,7.129297548929373,3.332204510175204,2.772588722239781,0.49999999999999994,0.8660254037844387,0.7818314824680298,0.6234898018587336,2.772588722239781
2015-05-26 03:00:00+00:00,1258,27,4,4.0,7.138073034044347,3.332204510175204,1.6094379124341003,0.7071067811865475,0.7071067811865476,0.7818314824680298,0.6234898018587336,1.6094379124341003
2015-05-26 04:00:00+00:00,1144,34,10,10.0,7.0431599159883405,3.5553480614894135,2.3978952727983707,0.8660254037844386,0.5000000000000001,0.7818314824680298,0.6234898018587336,2.3978952727983707
2015-05-26 05:00:00+00:00,1121,12,2,2.0,7.022868086082641,2.5649493574615367,1.0986122886681098,0.9659258262890683,0.25881904510252074,0.7818314824680298,0.6234898018587336,1.0986122886681098
2015-05-26 06:00:00+00:00,649,10,2,2.0,6.476972362889683,2.3978952727983707,1.0986122886681098,1.0,6.123233995736766e-17,0.7818314824680298,0.6234898018587336,1.0986122886681098
2015-05-26 07:00:00+00:00,275,4,1,1.0,5.62040086571715,1.6094379124341003,0.6931471805599453,0.9659258262890683,-0.25881904510252063,0.7818314824680298,0.6234898018587336,0.6931471805599453
2015-05-26 08:00:00+00:00,172,1,0,0.0,5.153291594497779,0.6931471805599453,0.0,0.8660254037844387,-0.49999999999999983,0.7818314824680298,0.6234898018587336,0.0
2015-05-26 09:00:00+00:00,85,1,0,0.0,4.454347296253507,0.6931471805599453,0.0,0.7071067811865476,-0.7071067811865475,0.7818314824680298,0.6234898018587336,0.0
2015-05-26 10:00:00+00:00,116,0,0,0.0,4.762173934797756,0.0,0.0,0.49999999999999994,-0.8660254037844387,0.7818314824680298,0.6234898018587336,0.0
2015-05-26 11:00:00+00:00,144,2,0,0.0,4.976733742420574,1.0986122886681098,0.0,0.258819045102521,-0.9659258262890682,0.7818314824680298,0.6234898018587336,0.0
2015-05-26 12:00:00+00:00,302,3,0,0.0,5.713732805509369,1.3862943611198906,0.0,1.2246467991473532e-16,-1.0,0.7818314824680298,0.6234898018587336,0.0
2015-05-26 13:00:00+00:00,442,13,1,1.0,6.093569770045136,2.6390573296152584,0.6931471805599453,-0.2588190451025208,-0.9659258262890683,0.7818314824680298,0.6234898018587336,0.6931471805599453
2015-05-26 14:00:00+00:00,750,21,9,9.0,6.621405651764134,3.091042453358316,2.302585092994046,-0.4999999999999998,-0.8660254037844388,0.7818314824680298,0.6234898018587336,2.302585092994046
2015-05-26 15:00:00+00:00,1081,38,11,11.0,6.9865664594064265,3.6635616461296463,2.4849066497880004,-0.7071067811865471,-0.7071067811865479,0.7818314824680298,0.6234898018587336,2.4849066497880004
2015-05-26 16:00:00+00:00,1252,31,13,13.0,7.133295954896068,3.4657359027997265,2.6390573296152584,-0.8660254037844384,-0.5000000000000004,0.7818314824680298,0.6234898018587336,2.6390573296152584
2015-05-26 17:00:00+00:00,972,44,18,18.0,6.880384082186005,3.8066624897703196,2.9444389791664403,-0.9659258262890683,-0.25881904510252063,0.7818314824680298,0.6234898018587336,2.9444389791664403
2015-05-26 18:00:00+00:00,531,17,5,5.0,6.2766434893416445,2.8903717578961645,1.791759469228055,-1.0,-1.8369701987210297e-16,0.7818314824680298,0.6234898018587336,1.791759469228055
2015-05-26 19:00:00+00:00,1496,45,14,14.0,7.311218384419629,3.828641396489095,2.70805020110221,-0.9659258262890684,0.2588190451025203,0.7818314824680298,0.6234898018587336,2.70805020110221
2015-05-26 20:00:00+00:00,1663,55,20,20.0,7.416979621381154,4.02535169073515,3.044522437723423,-0.8660254037844386,0.5000000000000001,0.7818314824680298,0.6234898018587336,3.044522437723423
2015-05-26 21:00:00+00:00,1607,73,29,29.0,7.382746449738912,4.30406509320417,3.4011973816621555,-0.7071067811865477,0.7071067811865474,0.7818314824680298,0.6234898018587336,3.4011973816621555
2015-05-26 22:00:00+00:00,1375,27,11,11.0,7.226936018493289,3.332204510175204,2.4849066497880004,-0.5000000000000004,0.8660254037844384,0.7818314824680298,0.6234898018587336,2.4849066497880004
2015-05-26 23:00:00+00:00,1138,35,17,17.0,7.037905963447182,3.58351893845611,2.8903717578961645,-0.25881904510252157,0.9659258262890681,0.7818314824680298,0.6234898018587336,2.8903717578961645
2015-05-27 00:00:00+00:00,939,14,5,5.0,6.84587987526405,2.70805020110221,1.791759469228055,0.0,1.0,0.9749279121818236,-0.22252093395631434,1.791759469228055
2015-05-27 01:00:00+00:00,969,26,8,8.0,6.877296071497429,3.295836866004329,2.1972245773362196,0.25881904510252074,0.9659258262890683,0.9749279121818236,-0.22252093395631434,2.1972245773362196
2015-05-27 02:00:00+00:00,1002,19,12,12.0,6.910750787961936,2.995732273553991,2.5649493574615367,0.49999999999999994,0.8660254037844387,0.9749279121818236,-0.22252093395631434,2.5649493574615367
2015-05-27 03:00:00+00:00,1153,35,3,3.0,7.050989447068045,3.58351893845611,1.3862943611198906,0.7071067811865475,0.7071067811865476,0.9749279121818236,-0.22252093395631434,1.3862943611198906
2015-05-27 04:00:00+00:00,1099,35,14,14.0,7.003065458786462,3.58351893845611,2.70805020110221,0.8660254037844386,0.5000000000000001,0.9749279121818236,-0.22252093395631434,2.70805020110221
2015-05-27 05:00:00+00:00,849,23,5,5.0,6.745236349484363,3.1780538303479458,1.791759469228055,0.9659258262890683,0.25881904510252074,0.9749279121818236,-0.22252093395631434,1.791759469228055
2015-05-27 06:00:00+00:00,505,22,7,7.0,6.226536669287466,3.1354942159291497,2.0794415416798357,1.0,6.123233995736766e-17,0.9749279121818236,-0.22252093395631434,2.0794415416798357
2015-05-27 07:00:00+00:00,246,1,1,1.0,5.5093883366279774,0.6931471805599453,0.6931471805599453,0.9659258262890683,-0.25881904510252063,0.9749279121818236,-0.22252093395631434,0.6931471805599453
2015-05-27 08:00:00+00:00,154,0,0,0.0,5.043425116919247,0.0,0.0,0.8660254037844387,-0.49999999999999983,0.9749279121818236,-0.22252093395631434,0.0
2015-05-27 09:00:00+00:00,115,0,0,0.0,4.7535901911063645,0.0,0.0,0.7071067811865476,-0.7071067811865475,0.9749279121818236,-0.22252093395631434,0.0
2015-05-27 10:00:00+00:00,116,1,0,0.0,4.762173934797756,0.6931471805599453,0.0,0.49999999999999994,-0.8660254037844387,0.9749279121818236,-0.22252093395631434,0.0
2015-05-27 11:00:00+00:00,122,1,0,0.0,4.812184355372417,0.6931471805599453,0.0,0.258819045102521,-0.9659258262890682,0.9749279121818236,-0.22252093395631434,0.0
2015-05-27 12:00:00+00:00,248,3,0,0.0,5.517452896464707,1.3862943611198906,0.0,1.2246467991473532e-16,-1.0,0.9749279121818236,-0.22252093395631434,0.0
2015-05-27 13:00:00+00:00,373,9,2,2.0,5.924255797414532,2.302585092994046,1.0986122886681098,-0.2588190451025208,-0.9659258262890683,0.9749279121818236,-0.22252093395631434,1.0986122886681098
2015-05-27 14:00:00+00:00,659,18,7,7.0,6.492239835020471,2.9444389791664403,2.0794415416798357,-0.4999999999999998,-0.8660254037844388,0.9749279121818236,-0.22252093395631434,2.0794415416798357
2015-05-27 15:00:00+00:00,1100,25,16,16.0,7.00397413672268,3.258096538021482,2.833213344056216,-0.7071067811865471,-0.7071067811865479,0.9749279121818236,-0.22252093395631434,2.833213344056216
2015-05-27 16:00:00+00:00,1417,36,9,9.0,7.257002707092073,3.6109179126442243,2.302585092994046,-0.8660254037844384,-0.5000000000000004,0.9749279121818236,-0.22252093395631434,2.302585092994046
2015-05-27 17:00:00+00:00,1544,56,18,18.0,7.3427791893318455,4.04305126783455,2.9444389791664403,-0.9659258262890683,-0.25881904510252063,0.9749279121818236,-0.22252093395631434,2.9444389791664403
2015-05-27 18:00:00+00:00,1491,36,22,22.0,7.307872780763706,3.6109179126442243,3.1354942159291497,-1.0,-1.8369701987210297e-16,0.9749279121818236,-0.22252093395631434,3.1354942159291497
2015-05-27 19:00:00+00:00,1593,20,9,9.0,7.374001859350161,3.044522437723423,2.302585092994046,-0.9659258262890684,0.2588190451025203,0.9749279121818236,-0.22252093395631434,2.302585092994046
2015-05-27 20:00:00+00:00,1472,26,10,10.0,7.29505641646263,3.295836866004329,2.3978952727983707,-0.8660254037844386,0.5000000000000001,0.9749279121818236,-0.22252093395631434,2.3978952727983707
2015-05-27 21:00:00+00:00,1525,49,25,25.0,7.330405211844402,3.912023005428146,3.258096538021482,-0.7071067811865477,0.7071067811865474,0.9749279121818236,-0.22252093395631434,3.258096538021482
2015-05-27 22:00:00+00:00,1340,37,11,11.0,7.201170883281678,3.6375861597263857,2.4849066497880004,-0.5000000000000004,0.8660254037844384,0.9749279121818236,-0.22252093395631434,2.4849066497880004
2015-05-27 23:00:00+00:00,1179,32,13,13.0,7.07326971745971,3.4965075614664802,2.6390573296152584,-0.25881904510252157,0.9659258262890681,0.9749279121818236,-0.22252093395631434,2.6390573296152584
2015-05-28 00:00:00+00:00,1003,19,9,9.0,6.911747300251674,2.995732273553991,2.302585092994046,0.0,1.0,0.43388373911755823,-0.900968867902419,2.302585092994046
2015-05-28 01:00:00+00:00,1006,30,9,9.0,6.914730892718563,3.4339872044851463,2.302585092994046,0.25881904510252074,0.9659258262890683,0.43388373911755823,-0.900968867902419,2.302585092994046
2015-05-28 02:00:00+00:00,1005,40,13,13.0,6.913737350659685,3.713572066704308,2.6390573296152584,0.49999999999999994,0.8660254037844387,0.43388373911755823,-0.900968867902419,2.6390573296152584
2015-05-28 03:00:00+00:00,1103,35,25,25.0,7.00669522683704,3.58351893845611,3.258096538021482,0.7071067811865475,0.7071067811865476,0.43388373911755823,-0.900968867902419,3.258096538021482
2015-05-28 04:00:00+00:00,1138,16,3,3.0,7.037905963447182,2.833213344056216,1.3862943611198906,0.8660254037844386,0.5000000000000001,0.43388373911755823,-0.900968867902419,1.3862943611198906
2015-05-28 05:00:00+00:00,922,20,3,3.0,6.827629234502852,3.044522437723423,1.3862943611198906,0.9659258262890683,0.25881904510252074,0.43388373911755823,-0.900968867902419,1.3862943611198906
2015-05-28 06:00:00+00:00,571,12,3,3.0,6.349138991379798,2.5649493574615367,1.3862943611198906,1.0,6.123233995736766e-17,0.43388373911755823,-0.900968867902419,1.3862943611198906
2015-05-28 07:00:00+00:00,254,5,1,1.0,5.541263545158426,1.791759469228055,0.6931471805599453,0.9659258262890683,-0.25881904510252063,0.43388373911755823,-0.900968867902419,0.6931471805599453
2015-05-28 08:00:00+00:00,139,2,0,0.0,4.941642422609304,1.0986122886681098,0.0,0.8660254037844387,-0.49999999999999983,0.43388373911755823,-0.900968867902419,0.0
2015-05-28 09:00:00+00:00,85,0,0,0.0,4.454347296253507,0.0,0.0,0.7071067811865476,-0.7071067811865475,0.43388373911755823,-0.900968867902419,0.0
2015-05-28 10:00:00+00:00,99,2,0,0.0,4.605170185988092,1.0986122886681098,0.0,0.49999999999999994,-0.8660254037844387,0.43388373911755823,-0.900968867902419,0.0
2015-05-28 11:00:00+00:00,128,3,0,0.0,4.859812404361672,1.3862943611198906,0.0,0.258819045102521,-0.9659258262890682,0.43388373911755823,-0.900968867902419,0.0
2015-05-28 12:00:00+00:00,241,3,1,1.0,5.488937726156687,1.3862943611198906,0.6931471805599453,1.2246467991473532e-16,-1.0,0.43388373911755823,-0.900968867902419,0.6931471805599453
2015-05-28 13:00:00+00:00,358,5,0,0.0,5.883322388488279,1.791759469228055,0.0,-0.2588190451025208,-0.9659258262890683,0.43388373911755823,-0.900968867902419,0.0
2015-05-28 14:00:00+00:00,644,10,4,4.0,6.4692503167957724,2.3978952727983707,1.6094379124341003,-0.4999999999999998,-0.8660254037844388,0.43388373911755823,-0.900968867902419,1.6094379124341003
2015-05-28 15:00:00+00:00,1069,21,5,5.0,6.975413927455952,3.091042453358316,1.791759469228055,-0.7071067811865471,-0.7071067811865479,0.43388373911755823,-0.900968867902419,1.791759469228055
2015-05-28 16:00:00+00:00,1260,43,10,10.0,7.13966033596492,3.784189633918261,2.3978952727983707,-0.8660254037844384,-0.5000000000000004,0.43388373911755823,-0.900968867902419,2.3978952727983707
2015-05-28 17:00:00+00:00,1517,45,25,25.0,7.325148957955575,3.828641396489095,3.258096538021482,-0.9659258262890683,-0.25881904510252063,0.43388373911755823,-0.900968867902419,3.258096538021482
2015-05-28 18:00:00+00:00,1521,49,18,18.0,7.3277805384216315,3.912023005428146,2.9444389791664403,-1.0,-1.8369701987210297e-16,0.43388373911755823,-0.900968867902419,2.9444389791664403
2015-05-28 19:00:00+00:00,1525,63,17,17.0,7.330405211844402,4.1588830833596715,2.8903717578961645,-0.9659258262890684,0.2588190451025203,0.43388373911755823,-0.900968867902419,2.8903717578961645
2015-05-28 20:00:00+00:00,1496,58,23,23.0,7.311218384419629,4.07753744390572,3.1780538303479458,-0.8660254037844386,0.5000000000000001,0.43388373911755823,-0.900968867902419,3.1780538303479458
2015-05-28 21:00:00+00:00,1553,30,19,19.0,7.348587530927593,3.4339872044851463,2.995732273553991,-0.7071067811865477,0.7071067811865474,0.43388373911755823,-0.900968867902419,2.995732273553991
2015-05-28 22:00:00+00:00,1347,42,29,29.0,7.206377291472252,3.7612001156935624,3.4011973816621555,-0.5000000000000004,0.8660254037844384,0.43388373911755823,-0.900968867902419,3.4011973816621555
2015-05-28 23:00:00+00:00,1230,28,8,8.0,7.115582126184454,3.367295829986474,2.1972245773362196,-0.25881904510252157,0.9659258262890681,0.43388373911755823,-0.900968867902419,2.1972245773362196
2015-05-29 00:00:00+00:00,1177,30,8,8.0,7.071573364211532,3.4339872044851463,2.1972245773362196,0.0,1.0,-0.433883739117558,-0.9009688679024191,2.1972245773362196
2015-05-29 01:00:00+00:00,964,16,3,3.0,6.872128101338986,2.833213344056216,1.3862943611198906,0.25881904510252074,0.9659258262890683,-0.433883739117558,-0.9009688679024191,1.3862943611198906
2015-05-29 02:00:00+00:00,990,24,5,5.0,6.898714534329988,3.2188758248682006,1.791759469228055,0.49999999999999994,0.8660254037844387,-0.433883739117558,-0.9009688679024191,1.791759469228055
2015-05-29 03:00:00+00:00,1093,19,6,6.0,6.9975959829819265,2.995732273553991,1.9459101490553132,0.7071067811865475,0.7071067811865476,-0.433883739117558,-0.9009688679024191,1.9459101490553132
2015-05-29 04:00:00+00:00,909,11,3,3.0,6.813444599510896,2.4849066497880004,1.3862943611198906,0.8660254037844386,0.5000000000000001,-0.433883739117558,-0.9009688679024191,1.3862943611198906
2015-05-29 05:00:00+00:00,674,16,1,1.0,6.51471269087253,2.833213344056216,0.6931471805599453,0.9659258262890683,0.25881904510252074,-0.433883739117558,-0.9009688679024191,0.6931471805599453
2015-05-29 06:00:00+00:00,464,10,1,1.0,6.142037405587356,2.3978952727983707,0.6931471805599453,1.0,6.123233995736766e-17,-0.433883739117558,-0.9009688679024191,0.6931471805599453
2015-05-29 07:00:00+00:00,333,4,0,0.0,5.811140992976701,1.6094379124341003,0.0,0.9659258262890683,-0.25881904510252063,-0.433883739117558,-0.9009688679024191,0.0
2015-05-29 08:00:00+00:00,184,1,1,1.0,5.220355825078324,0.6931471805599453,0.6931471805599453,0.8660254037844387,-0.49999999999999983,-0.433883739117558,-0.9009688679024191,0.6931471805599453
2015-05-29 09:00:00+00:00,87,0,0,0.0,4.477336814478207,0.0,0.0,0.7071067811865476,-0.7071067811865475,-0.433883739117558,-0.9009688679024191,0.0
2015-05-29 10:00:00+00:00,106,1,1,1.0,4.672828834461906,0.6931471805599453,0.6931471805599453,0.49999999999999994,-0.8660254037844387,-0.433883739117558,-0.9009688679024191,0.6931471805599453
2015-05-29 11:00:00+00:00,141,1,0,0.0,4.955827057601261,0.6931471805599453,0.0,0.258819045102521,-0.9659258262890682,-0.433883739117558,-0.9009688679024191,0.0
2015-05-29 12:00:00+00:00,277,5,1,1.0,5.627621113690637,1.791759469228055,0.6931471805599453,1.2246467991473532e-16,-1.0,-0.433883739117558,-0.9009688679024191,0.6931471805599453
2015-05-29 13:00:00+00:00,519,11,1,1.0,6.253828811575473,2.4849066497880004,0.6931471805599453,-0.2588190451025208,-0.9659258262890683,-0.433883739117558,-0.9009688679024191,0.6931471805599453
2015-05-29 14:00:00+00:00,632,18,7,7.0,6.450470422144176,2.9444389791664403,2.0794415416798357,-0.4999999999999998,-0.8660254037844388,-0.433883739117558,-0.9009688679024191,2.0794415416798357
2015-05-29 15:00:00+00:00,971,19,10,10.0,6.879355804460439,2.995732273553991,2.3978952727983707,-0.7071067811865471,-0.7071067811865479,-0.433883739117558,-0.9009688679024191,2.3978952727983707
2015-05-29 16:00:00+00:00,1041,29,10,10.0,6.948897222313312,3.4011973816621555,2.3978952727983707,-0.8660254037844384,-0.5000000000000004,-0.433883739117558,-0.9009688679024191,2.3978952727983707
2015-05-29 17:00:00+00:00,1225,18,2,2.0,7.111512116496157,2.9444389791664403,1.0986122886681098,-0.9659258262890683,-0.25881904510252063,-0.433883739117558,-0.9009688679024191,1.0986122886681098
2015-05-29 18:00:00+00:00,1289,32,9,9.0,7.162397497355718,3.4965075614664802,2.302585092994046,-1.0,-1.8369701987210297e-16,-0.433883739117558,-0.9009688679024191,2.302585092994046
2015-05-29 19:00:00+00:00,1147,57,11,11.0,7.045776576879511,4.060443010546419,2.4849066497880004,-0.9659258262890684,0.2588190451025203,-0.433883739117558,-0.9009688679024191,2.4849066497880004
2015-05-29 20:00:00+00:00,1372,52,29,29.0,7.224753405767971,3.970291913552122,3.4011973816621555,-0.8660254037844386,0.5000000000000001,-0.433883739117558,-0.9009688679024191,3.4011973816621555
2015-05-29 21:00:00+00:00,1239,29,11,11.0,7.122866658599083,3.4011973816621555,2.4849066497880004,-0.7071067811865477,0.7071067811865474,-0.433883739117558,-0.9009688679024191,2.4849066497880004
2015-05-29 22:00:00+00:00,1125,22,3,3.0,7.026426808699636,3.1354942159291497,1.3862943611198906,-0.5000000000000004,0.8660254037844384,-0.433883739117558,-0.9009688679024191,1.3862943611198906
2015-05-29 23:00:00+00:00,1027,22,14,14.0,6.93537044601511,3.1354942159291497,2.70805020110221,-0.25881904510252157,0.9659258262890681,-0.433883739117558,-0.9009688679024191,2.70805020110221
2015-05-30 00:00:00+00:00,980,26,8,8.0,6.8885724595653635,3.295836866004329,2.1972245773362196,0.0,1.0,-0.9749279121818236,-0.2225209339563146,2.1972245773362196
2015-05-30 01:00:00+00:00,887,20,5,5.0,6.78897174299217,3.044522437723423,1.791759469228055,0.25881904510252074,0.9659258262890683,-0.9749279121818236,-0.2225209339563146,1.791759469228055
2015-05-30 02:00:00+00:00,988,23,10,10.0,6.8966943316227125,3.1780538303479458,2.3978952727983707,0.49999999999999994,0.8660254037844387,-0.9749279121818236,-0.2225209339563146,2.3978952727983707
2015-05-30 03:00:00+00:00,913,16,4,4.0,6.81783057145415,2.833213344056216,1.6094379124341003,0.7071067811865475,0.7071067811865476,-0.9749279121818236,-0.2225209339563146,1.6094379124341003
2015-05-30 04:00:00+00:00,995,19,1,1.0,6.903747257584598,2.995732273553991,0.6931471805599453,0.8660254037844386,0.5000000000000001,-0.9749279121818236,-0.2225209339563146,0.6931471805599453
2015-05-30 05:00:00+00:00,800,38,6,6.0,6.68586094706836,3.6635616461296463,1.9459101490553132,0.9659258262890683,0.25881904510252074,-0.9749279121818236,-0.2225209339563146,1.9459101490553132
2015-05-30 06:00:00+00:00,533,8,0,0.0,6.280395838960195,2.1972245773362196,0.0,1.0,6.123233995736766e-17,-0.9749279121818236,-0.2225209339563146,0.0
2015-05-30 07:00:00+00:00,282,10,0,0.0,5.645446897643238,2.3978952727983707,0.0,0.9659258262890683,-0.25881904510252063,-0.9749279121818236,-0.2225209339563146,0.0
2015-05-30 08:00:00+00:00,171,2,1,1.0,5.147494476813453,1.0986122886681098,0.6931471805599453,0.8660254037844387,-0.49999999999999983,-0.9749279121818236,-0.2225209339563146,0.6931471805599453
2015-05-30 09:00:00+00:00,139,14,0,0.0,4.941642422609304,2.70805020110221,0.0,0.7071067811865476,-0.7071067811865475,-0.9749279121818236,-0.2225209339563146,0.0
2015-05-30 10:00:00+00:00,78,1,0,0.0,4.3694478524670215,0.6931471805599453,0.0,0.49999999999999994,-0.8660254037844387,-0.9749279121818236,-0.2225209339563146,0.0
2015-05-30 11:00:00+00:00,95,0,0,0.0,4.564348191467836,0.0,0.0,0.258819045102521,-0.9659258262890682,-0.9749279121818236,-0.2225209339563146,0.0
2015-05-30 12:00:00+00:00,185,3,0,0.0,5.225746673713202,1.3862943611198906,0.0,1.2246467991473532e-16,-1.0,-0.9749279121818236,-0.2225209339563146,0.0
2015-05-30 13:00:00+00:00,323,12,2,2.0,5.780743515792329,2.5649493574615367,1.0986122886681098,-0.2588190451025208,-0.9659258262890683,-0.9749279121818236,-0.2225209339563146,1.0986122886681098
2015-05-30 14:00:00+00:00,453,17,8,8.0,6.118097198041348,2.8903717578961645,2.1972245773362196,-0.4999999999999998,-0.8660254037844388,-0.9749279121818236,-0.2225209339563146,2.1972245773362196
2015-05-30 15:00:00+00:00,696,13,4,4.0,6.546785410760524,2.6390573296152584,1.6094379124341003,-0.7071067811865471,-0.7071067811865479,-0.9749279121818236,-0.2225209339563146,1.6094379124341003
2015-05-30 16:00:00+00:00,811,20,3,3.0,6.699500340161678,3.044522437723423,1.3862943611198906,-0.8660254037844384,-0.5000000000000004,-0.9749279121818236,-0.2225209339563146,1.3862943611198906
2015-05-30 17:00:00+00:00,900,31,12,12.0,6.803505257608338,3.4657359027997265,2.5649493574615367,-0.9659258262890683,-0.25881904510252063,-0.9749279121818236,-0.2225209339563146,2.5649493574615367
2015-05-30 18:00:00+00:00,863,18,2,2.0,6.761572768804055,2.9444389791664403,1.0986122886681098,-1.0,-1.8369701987210297e-16,-0.9749279121818236,-0.2225209339563146,1.0986122886681098
2015-05-30 19:00:00+00:00,872,41,18,18.0,6.771935555839602,3.7376696182833684,2.9444389791664403,-0.9659258262890684,0.2588190451025203,-0.9749279121818236,-0.2225209339563146,2.9444389791664403
2015-05-30 20:00:00+00:00,812,18,5,5.0,6.70073110954781,2.9444389791664403,1.791759469228055,-0.8660254037844386,0.5000000000000001,-0.9749279121818236,-0.2225209339563146,1.791759469228055
2015-05-30 21:00:00+00:00,948,25,11,11.0,6.855408798609928,3.258096538021482,2.4849066497880004,-0.7071067811865477,0.7071067811865474,-0.9749279121818236,-0.2225209339563146,2.4849066497880004
2015-05-30 22:00:00+00:00,790,46,9,9.0,6.673297967767654,3.8501476017100584,2.302585092994046,-0.5000000000000004,0.8660254037844384,-0.9749279121818236,-0.2225209339563146,2.302585092994046
2015-05-30 23:00:00+00:00,949,28,7,7.0,6.856461984594587,3.367295829986474,2.0794415416798357,-0.25881904510252157,0.9659258262890681,-0.9749279121818236,-0.2225209339563146,2.0794415416798357
2015-05-31 00:00:00+00:00,967,10,6,6.0,6.875232087276577,2.3978952727983707,1.9459101490553132,0.0,1.0,-0.7818314824680299,0.6234898018587334,1.9459101490553132
2015-05-31 01:00:00+00:00,793,10,2,2.0,6.677083461247136,2.3978952727983707,1.0986122886681098,0.25881904510252074,0.9659258262890683,-0.7818314824680299,0.6234898018587334,1.0986122886681098
2015-05-31 02:00:00+00:00,803,14,3,3.0,6.6895992691789665,2.70805020110221,1.3862943611198906,0.49999999999999994,0.8660254037844387,-0.7818314824680299,0.6234898018587334,1.3862943611198906
2015-05-31 03:00:00+00:00,892,29,8,8.0,6.794586580876499,3.4011973816621555,2.1972245773362196,0.7071067811865475,0.7071067811865476,-0.7818314824680299,0.6234898018587334,2.1972245773362196
2015-05-31 04:00:00+00:00,801,25,4,4.0,6.687108607866515,3.258096538021482,1.6094379124341003,0.8660254037844386,0.5000000000000001,-0.7818314824680299,0.6234898018587334,1.6094379124341003
2015-05-31 05:00:00+00:00,716,19,1,1.0,6.57507584059962,2.995732273553991,0.6931471805599453,0.9659258262890683,0.25881904510252074,-0.7818314824680299,0.6234898018587334,0.6931471805599453
2015-05-31 06:00:00+00:00,558,14,8,8.0,6.326149473155099,2.70805020110221,2.1972245773362196,1.0,6.123233995736766e-17,-0.7818314824680299,0.6234898018587334,2.1972245773362196
2015-05-31 07:00:00+00:00,362,11,0,0.0,5.8944028342648505,2.4849066497880004,0.0,0.9659258262890683,-0.25881904510252063,-0.7818314824680299,0.6234898018587334,0.0
2015-05-31 08:00:00+00:00,173,2,1,1.0,5.159055299214529,1.0986122886681098,0.6931471805599453,0.8660254037844387,-0.49999999999999983,-0.7818314824680299,0.6234898018587334,0.6931471805599453
2015-05-31 09:00:00+00:00,112,4,3,3.0,4.727387818712341,1.6094379124341003,1.3862943611198906,0.7071067811865476,-0.7071067811865475,-0.7818314824680299,0.6234898018587334,1.3862943611198906
2015-05-31 10:00:00+00:00,88,6,0,0.0,4.48863636973214,1.9459101490553132,0.0,0.49999999999999994,-0.8660254037844387,-0.7818314824680299,0.6234898018587334,0.0
2015-05-31 11:00:00+00:00,115,1,0,0.0,4.7535901911063645,0.6931471805599453,0.0,0.258819045102521,-0.9659258262890682,-0.7818314824680299,0.6234898018587334,0.0
2015-05-31 12:00:00+00:00,207,8,1,1.0,5.337538079701318,2.1972245773362196,0.6931471805599453,1.2246467991473532e-16,-1.0,-0.7818314824680299,0.6234898018587334,0.6931471805599453
2015-05-31 13:00:00+00:00,341,7,1,1.0,5.834810737062605,2.0794415416798357,0.6931471805599453,-0.2588190451025208,-0.9659258262890683,-0.7818314824680299,0.6234898018587334,0.6931471805599453
2015-05-31 14:00:00+00:00,439,5,0,0.0,6.0867747269123065,1.791759469228055,0.0,-0.4999999999999998,-0.8660254037844388,-0.7818314824680299,0.6234898018587334,0.0
2015-05-31 15:00:00+00:00,676,8,1,1.0,6.517671272912275,2.1972245773362196,0.6931471805599453,-0.7071067811865471,-0.7071067811865479,-0.7818314824680299,0.6234898018587334,0.6931471805599453
2015-05-31 16:00:00+00:00,881,27,10,10.0,6.782192056006791,3.332204510175204,2.3978952727983707,-0.8660254037844384,-0.5000000000000004,-0.7818314824680299,0.6234898018587334,2.3978952727983707
2015-05-31 17:00:00+00:00,948,18,7,7.0,6.855408798609928,2.9444389791664403,2.0794415416798357,-0.9659258262890683,-0.25881904510252063,-0.7818314824680299,0.6234898018587334,2.0794415416798357
2015-05-31 18:00:00+00:00,1058,24,10,10.0,6.9650803456014065,3.2188758248682006,2.3978952727983707,-1.0,-1.8369701987210297e-16,-0.7818314824680299,0.6234898018587334,2.3978952727983707
2015-05-31 19:00:00+00:00,1068,27,6,6.0,6.974478911025045,3.332204510175204,1.9459101490553132,-0.9659258262890684,0.2588190451025203,-0.7818314824680299,0.6234898018587334,1.9459101490553132
2015-05-31 20:00:00+00:00,1052,15,5,5.0,6.959398512133975,2.772588722239781,1.791759469228055,-0.8660254037844386,0.5000000000000001,-0.7818314824680299,0.6234898018587334,1.791759469228055
2015-05-31 21:00:00+00:00,961,18,5,5.0,6.8690144506657065,2.9444389791664403,1.791759469228055,-0.7071067811865477,0.7071067811865474,-0.7818314824680299,0.6234898018587334,1.791759469228055
2015-05-31 22:00:00+00:00,920,17,8,8.0,6.825460036255307,2.8903717578961645,2.1972245773362196,-0.5000000000000004,0.8660254037844384,-0.7818314824680299,0.6234898018587334,2.1972245773362196
2015-05-31 23:00:00+00:00,1017,31,9,9.0,6.925595197110468,3.4657359027997265,2.302585092994046,-0.25881904510252157,0.9659258262890681,-0.7818314824680299,0.6234898018587334,2.302585092994046
2015-06-01 00:00:00+00:00,1065,22,10,10.0,6.97166860472579,3.1354942159291497,2.3978952727983707,0.0,1.0,0.0,1.0,2.3978952727983707
2015-06-01 01:00:00+00:00,1072,25,7,7.0,6.9782137426306985,3.258096538021482,2.0794415416798357,0.25881904510252074,0.9659258262890683,0.0,1.0,2.0794415416798357
2015-06-01 02:00:00+00:00,1094,22,7,7.0,6.9985096422506015,3.1354942159291497,2.0794415416798357,0.49999999999999994,0.8660254037844387,0.0,1.0,2.0794415416798357
2015-06-01 03:00:00+00:00,1061,14,12,12.0,6.967909201801884,2.70805020110221,2.5649493574615367,0.7071067811865475,0.7071067811865476,0.0,1.0,2.5649493574615367
2015-06-01 04:00:00+00:00,1078,22,12,12.0,6.983789965258135,3.1354942159291497,2.5649493574615367,0.8660254037844386,0.5000000000000001,0.0,1.0,2.5649493574615367
2015-06-01 05:00:00+00:00,763,7,2,2.0,6.638567789166521,2.0794415416798357,1.0986122886681098,0.9659258262890683,0.25881904510252074,0.0,1.0,1.0986122886681098
2015-06-01 06:00:00+00:00,525,7,2,2.0,6.26530121273771,2.0794415416798357,1.0986122886681098,1.0,6.123233995736766e-17,0.0,1.0,1.0986122886681098
2015-06-01 07:00:00+00:00,291,31,4,4.0,5.676753802268282,3.4657359027997265,1.6094379124341003,0.9659258262890683,-0.25881904510252063,0.0,1.0,1.6094379124341003
2015-06-01 08:00:00+00:00,152,5,0,0.0,5.030437921392435,1.791759469228055,0.0,0.8660254037844387,-0.49999999999999983,0.0,1.0,0.0
2015-06-01 09:00:00+00:00,115,0,0,0.0,4.7535901911063645,0.0,0.0,0.7071067811865476,-0.7071067811865475,0.0,1.0,0.0
2015-06-01 10:00:00+00:00,110,3,1,1.0,4.709530201312334,1.3862943611198906,0.6931471805599453,0.49999999999999994,-0.8660254037844387,0.0,1.0,0.6931471805599453
2015-06-01 11:00:00+00:00,130,1,1,1.0,4.875197323201151,0.6931471805599453,0.6931471805599453,0.258819045102521,-0.9659258262890682,0.0,1.0,0.6931471805599453
2015-06-01 12:00:00+00:00,266,12,0,0.0,5.58724865840025,2.5649493574615367,0.0,1.2246467991473532e-16,-1.0,0.0,1.0,0.0
2015-06-01 13:00:00+00:00,419,10,2,2.0,6.040254711277414,2.3978952727983707,1.0986122886681098,-0.2588190451025208,-0.9659258262890683,0.0,1.0,1.0986122886681098
2015-06-01 14:00:00+00:00,623,6,1,1.0,6.436150368369428,1.9459101490553132,0.6931471805599453,-0.4999999999999998,-0.8660254037844388,0.0,1.0,0.6931471805599453
2015-06-01 15:00:00+00:00,1075,22,7,7.0,6.98100574072173,3.1354942159291497,2.0794415416798357,-0.7071067811865471,-0.7071067811865479,0.0,1.0,2.0794415416798357
2015-06-01 16:00:00+00:00,1376,25,9,9.0,7.227662498728654,3.258096538021482,2.302585092994046,-0.8660254037844384,-0.5000000000000004,0.0,1.0,2.302585092994046
2015-06-01 17:00:00+00:00,1633,62,22,22.0,7.3987862754199485,4.143134726391533,3.1354942159291497,-0.9659258262890683,-0.25881904510252063,0.0,1.0,3.1354942159291497
2015-06-01 18:00:00+00:00,1579,49,29,29.0,7.365180126021013,3.912023005428146,3.4011973816621555,-1.0,-1.8369701987210297e-16,0.0,1.0,3.4011973816621555
2015-06-01 19:00:00+00:00,1520,49,21,21.0,7.327123292259293,3.912023005428146,3.091042453358316,-0.9659258262890684,0.2588190451025203,0.0,1.0,3.091042453358316
2015-06-01 20:00:00+00:00,1522,37,9,9.0,7.328437352895162,3.6375861597263857,2.302585092994046,-0.8660254037844386,0.5000000000000001,0.0,1.0,2.302585092994046
2015-06-01 21:00:00+00:00,1679,28,16,16.0,7.426549072397305,3.367295829986474,2.833213344056216,-0.7071067811865477,0.7071067811865474,0.0,1.0,2.833213344056216
2015-06-01 22:00:00+00:00,1572,36,16,16.0,7.360739903058278,3.6109179126442243,2.833213344056216,-0.5000000000000004,0.8660254037844384,0.0,1.0,2.833213344056216
2015-06-01 23:00:00+00:00,1353,24,10,10.0,7.21081845347222,3.2188758248682006,2.3978952727983707,-0.25881904510252157,0.9659258262890681,0.0,1.0,2.3978952727983707
2015-06-02 00:00:00+00:00,1141,25,7,7.0,7.040536390215956,3.258096538021482,2.0794415416798357,0.0,1.0,0.7818314824680298,0.6234898018587336,2.0794415416798357
2015-06-02 01:00:00+00:00,1206,33,14,14.0,7.095893221097532,3.5263605246161616,2.70805020110221,0.25881904510252074,0.9659258262890683,0.7818314824680298,0.6234898018587336,2.70805020110221
2015-06-02 02:00:00+00:00,1208,15,10,10.0,7.097548850614793,2.772588722239781,2.3978952727983707,0.49999999999999994,0.8660254037844387,0.7818314824680298,0.6234898018587336,2.3978952727983707
2015-06-02 03:00:00+00:00,1276,29,7,7.0,7.152268856032539,3.4011973816621555,2.0794415416798357,0.7071067811865475,0.7071067811865476,0.7818314824680298,0.6234898018587336,2.0794415416798357
2015-06-02 04:00:00+00:00,1221,32,8,8.0,7.108244139731541,3.4965075614664802,2.1972245773362196,0.8660254037844386,0.5000000000000001,0.7818314824680298,0.6234898018587336,2.1972245773362196
2015-06-02 05:00:00+00:00,914,15,6,6.0,6.818924065275521,2.772588722239781,1.9459101490553132,0.9659258262890683,0.25881904510252074,0.7818314824680298,0.6234898018587336,1.9459101490553132
2015-06-02 06:00:00+00:00,564,24,4,4.0,6.336825731146441,3.2188758248682006,1.6094379124341003,1.0,6.123233995736766e-17,0.7818314824680298,0.6234898018587336,1.6094379124341003
2015-06-02 07:00:00+00:00,354,2,0,0.0,5.872117789475416,1.0986122886681098,0.0,0.9659258262890683,-0.25881904510252063,0.7818314824680298,0.6234898018587336,0.0
2015-06-02 08:00:00+00:00,216,5,1,1.0,5.37989735354046,1.791759469228055,0.6931471805599453,0.8660254037844387,-0.49999999999999983,0.7818314824680298,0.6234898018587336,0.6931471805599453
2015-06-02 09:00:00+00:00,122,7,0,0.0,4.812184355372417,2.0794415416798357,0.0,0.7071067811865476,-0.7071067811865475,0.7818314824680298,0.6234898018587336,0.0
2015-06-02 10:00:00+00:00,132,1,0,0.0,4.890349128221754,0.6931471805599453,0.0,0.49999999999999994,-0.8660254037844387,0.7818314824680298,0.6234898018587336,0.0
2015-06-02 11:00:00+00:00,143,8,7,7.0,4.969813299576001,2.1972245773362196,2.0794415416798357,0.258819045102521,-0.9659258262890682,0.7818314824680298,0.6234898018587336,2.0794415416798357
2015-06-02 12:00:00+00:00,221,6,0,0.0,5.402677381872279,1.9459101490553132,0.0,1.2246467991473532e-16,-1.0,0.7818314824680298,0.6234898018587336,0.0
2015-06-02 13:00:00+00:00,474,17,1,1.0,6.163314804034641,2.8903717578961645,0.6931471805599453,-0.2588190451025208,-0.9659258262890683,0.7818314824680298,0.6234898018587336,0.6931471805599453
2015-06-02 14:00:00+00:00,761,14,1,1.0,6.635946555686647,2.70805020110221,0.6931471805599453,-0.4999999999999998,-0.8660254037844388,0.7818314824680298,0.6234898018587336,0.6931471805599453
2015-06-02 15:00:00+00:00,1152,19,14,14.0,7.050122520269059,2.995732273553991,2.70805020110221,-0.7071067811865471,-0.7071067811865479,0.7818314824680298,0.6234898018587336,2.70805020110221
2015-06-02 16:00:00+00:00,1260,39,22,22.0,7.13966033596492,3.6888794541139363,3.1354942159291497,-0.8660254037844384,-0.5000000000000004,0.7818314824680298,0.6234898018587336,3.1354942159291497
2015-06-02 17:00:00+00:00,1523,31,15,15.0,7.329093736246592,3.4657359027997265,2.772588722239781,-0.9659258262890683,-0.25881904510252063,0.7818314824680298,0.6234898018587336,2.772588722239781
2015-06-02 18:00:00+00:00,1534,33,20,20.0,7.336285660021297,3.5263605246161616,3.044522437723423,-1.0,-1.8369701987210297e-16,0.7818314824680298,0.6234898018587336,3.044522437723423
2015-06-02 19:00:00+00:00,1596,44,16,16.0,7.3758821482150125,3.8066624897703196,2.833213344056216,-0.9659258262890684,0.2588190451025203,0.7818314824680298,0.6234898018587336,2.833213344056216
2015-06-02 20:00:00+00:00,1477,36,14,14.0,7.298445101508147,3.6109179126442243,2.70805020110221,-0.8660254037844386,0.5000000000000001,0.7818314824680298,0.6234898018587336,2.70805020110221
2015-06-02 21:00:00+00:00,1469,35,17,17.0,7.293017679772782,3.58351893845611,2.8903717578961645,-0.7071067811865477,0.7071067811865474,0.7818314824680298,0.6234898018587336,2.8903717578961645
2015-06-02 22:00:00+00:00,1472,33,16,16.0,7.29505641646263,3.5263605246161616,2.833213344056216,-0.5000000000000004,0.8660254037844384,0.7818314824680298,0.6234898018587336,2.833213344056216
2015-06-02 23:00:00+00:00,1168,19,6,6.0,7.063903961472068,2.995732273553991,1.9459101490553132,-0.25881904510252157,0.9659258262890681,0.7818314824680298,0.6234898018587336,1.9459101490553132
2015-06-03 00:00:00+00:00,1076,23,6,6.0,6.981934677156389,3.1780538303479458,1.9459101490553132,0.0,1.0,0.9749279121818236,-0.22252093395631434,1.9459101490553132
2015-06-03 01:00:00+00:00,1160,23,13,13.0,7.057036981697891,3.1780538303479458,2.6390573296152584,0.25881904510252074,0.9659258262890683,0.9749279121818236,-0.22252093395631434,2.6390573296152584
2015-06-03 02:00:00+00:00,1163,32,14,14.0,7.059617628291383,3.4965075614664802,2.70805020110221,0.49999999999999994,0.8660254037844387,0.9749279121818236,-0.22252093395631434,2.70805020110221
2015-06-03 03:00:00+00:00,1157,29,7,7.0,7.05444965813294,3.4011973816621555,2.0794415416798357,0.7071067811865475,0.7071067811865476,0.9749279121818236,-0.22252093395631434,2.0794415416798357
2015-06-03 04:00:00+00:00,1159,19,2,2.0,7.05617528410041,2.995732273553991,1.0986122886681098,0.8660254037844386,0.5000000000000001,0.9749279121818236,-0.22252093395631434,1.0986122886681098
2015-06-03 05:00:00+00:00,993,23,2,2.0,6.901737206656574,3.1780538303479458,1.0986122886681098,0.9659258262890683,0.25881904510252074,0.9749279121818236,-0.22252093395631434,1.0986122886681098
2015-06-03 06:00:00+00:00,604,13,5,5.0,6.405228458030842,2.6390573296152584,1.791759469228055,1.0,6.123233995736766e-17,0.9749279121818236,-0.22252093395631434,1.791759469228055
2015-06-03 07:00:00+00:00,318,14,5,5.0,5.765191102784844,2.70805020110221,1.791759469228055,0.9659258262890683,-0.25881904510252063,0.9749279121818236,-0.22252093395631434,1.791759469228055
2015-06-03 08:00:00+00:00,201,7,1,1.0,5.308267697401205,2.0794415416798357,0.6931471805599453,0.8660254037844387,-0.49999999999999983,0.9749279121818236,-0.22252093395631434,0.6931471805599453
2015-06-03 09:00:00+00:00,93,3,0,0.0,4.543294782270004,1.3862943611198906,0.0,0.7071067811865476,-0.7071067811865475,0.9749279121818236,-0.22252093395631434,0.0
2015-06-03 10:00:00+00:00,115,0,0,0.0,4.7535901911063645,0.0,0.0,0.49999999999999994,-0.8660254037844387,0.9749279121818236,-0.22252093395631434,0.0
2015-06-03 11:00:00+00:00,126,2,0,0.0,4.844187086458591,1.0986122886681098,0.0,0.258819045102521,-0.9659258262890682,0.9749279121818236,-0.22252093395631434,0.0
2015-06-03 12:00:00+00:00,257,5,6,6.0,5.552959584921617,1.791759469228055,1.9459101490553132,1.2246467991473532e-16,-1.0,0.9749279121818236,-0.22252093395631434,1.9459101490553132
2015-06-03 13:00:00+00:00,427,12,3,3.0,6.059123195581797,2.5649493574615367,1.3862943611198906,-0.2588190451025208,-0.9659258262890683,0.9749279121818236,-0.22252093395631434,1.3862943611198906
2015-06-03 14:00:00+00:00,774,10,1,1.0,6.652863029353347,2.3978952727983707,0.6931471805599453,-0.4999999999999998,-0.8660254037844388,0.9749279121818236,-0.22252093395631434,0.6931471805599453
2015-06-03 15:00:00+00:00,1070,22,10,10.0,6.976348070447749,3.1354942159291497,2.3978952727983707,-0.7071067811865471,-0.7071067811865479,0.9749279121818236,-0.22252093395631434,2.3978952727983707
2015-06-03 16:00:00+00:00,1358,29,18,18.0,7.214504414151143,3.4011973816621555,2.9444389791664403,-0.8660254037844384,-0.5000000000000004,0.9749279121818236,-0.22252093395631434,2.9444389791664403
2015-06-03 17:00:00+00:00,1575,42,26,26.0,7.362645270417825,3.7612001156935624,3.295836866004329,-0.9659258262890683,-0.25881904510252063,0.9749279121818236,-0.22252093395631434,3.295836866004329
2015-06-03 18:00:00+00:00,1736,53,13,13.0,7.459914766241105,3.9889840465642745,2.6390573296152584,-1.0,-1.8369701987210297e-16,0.9749279121818236,-0.22252093395631434,2.6390573296152584
2015-06-03 19:00:00+00:00,1524,58,18,18.0,7.329749689041512,4.07753744390572,2.9444389791664403,-0.9659258262890684,0.2588190451025203,0.9749279121818236,-0.22252093395631434,2.9444389791664403
2015-06-03 20:00:00+00:00,1551,34,9,9.0,7.347299700743164,3.5553480614894135,2.302585092994046,-0.8660254037844386,0.5000000000000001,0.9749279121818236,-0.22252093395631434,2.302585092994046
2015-06-03 21:00:00+00:00,1597,48,21,21.0,7.37650812632622,3.8918202981106265,3.091042453358316,-0.7071067811865477,0.7071067811865474,0.9749279121818236,-0.22252093395631434,3.091042453358316
2015-06-03 22:00:00+00:00,1494,43,14,14.0,7.3098814858247865,3.784189633918261,2.70805020110221,-0.5000000000000004,0.8660254037844384,0.9749279121818236,-0.22252093395631434,2.70805020110221
2015-06-03 23:00:00+00:00,1248,35,10,10.0,7.130098510125578,3.58351893845611,2.3978952727983707,-0.25881904510252157,0.9659258262890681,0.9749279121818236,-0.22252093395631434,2.3978952727983707
2015-06-04 00:00:00+00:00,1127,40,11,11.0,7.028201432058005,3.713572066704308,2.4849066497880004,0.0,1.0,0.43388373911755823,-0.900968867902419,2.4849066497880004
2015-06-04 01:00:00+00:00,1179,41,14,14.0,7.07326971745971,3.7376696182833684,2.70805020110221,0.25881904510252074,0.9659258262890683,0.43388373911755823,-0.900968867902419,2.70805020110221
2015-06-04 02:00:00+00:00,1177,30,15,15.0,7.071573364211532,3.4339872044851463,2.772588722239781,0.49999999999999994,0.8660254037844387,0.43388373911755823,-0.900968867902419,2.772588722239781
2015-06-04 03:00:00+00:00,1173,23,4,4.0,7.068172000388042,3.1780538303479458,1.6094379124341003,0.7071067811865475,0.7071067811865476,0.43388373911755823,-0.900968867902419,1.6094379124341003
2015-06-04 04:00:00+00:00,1160,37,7,7.0,7.057036981697891,3.6375861597263857,2.0794415416798357,0.8660254037844386,0.5000000000000001,0.43388373911755823,-0.900968867902419,2.0794415416798357
2015-06-04 05:00:00+00:00,979,14,6,6.0,6.887552571664617,2.70805020110221,1.9459101490553132,0.9659258262890683,0.25881904510252074,0.43388373911755823,-0.900968867902419,1.9459101490553132
2015-06-04 06:00:00+00:00,666,13,2,2.0,6.502790045915623,2.6390573296152584,1.0986122886681098,1.0,6.123233995736766e-17,0.43388373911755823,-0.900968867902419,1.0986122886681098
2015-06-04 07:00:00+00:00,333,8,1,1.0,5.811140992976701,2.1972245773362196,0.6931471805599453,0.9659258262890683,-0.25881904510252063,0.43388373911755823,-0.900968867902419,0.6931471805599453
2015-06-04 08:00:00+00:00,166,1,1,1.0,5.117993812416755,0.6931471805599453,0.6931471805599453,0.8660254037844387,-0.49999999999999983,0.43388373911755823,-0.900968867902419,0.6931471805599453
2015-06-04 09:00:00+00:00,143,5,1,1.0,4.969813299576001,1.791759469228055,0.6931471805599453,0.7071067811865476,-0.7071067811865475,0.43388373911755823,-0.900968867902419,0.6931471805599453
2015-06-04 10:00:00+00:00,105,0,0,0.0,4.663439094112067,0.0,0.0,0.49999999999999994,-0.8660254037844387,0.43388373911755823,-0.900968867902419,0.0
2015-06-04 11:00:00+00:00,157,2,0,0.0,5.062595033026967,1.0986122886681098,0.0,0.258819045102521,-0.9659258262890682,0.43388373911755823,-0.900968867902419,0.0
2015-06-04 12:00:00+00:00,249,9,0,0.0,5.521460917862246,2.302585092994046,0.0,1.2246467991473532e-16,-1.0,0.43388373911755823,-0.900968867902419,0.0
2015-06-04 13:00:00+00:00,385,7,1,1.0,5.955837369464831,2.0794415416798357,0.6931471805599453,-0.2588190451025208,-0.9659258262890683,0.43388373911755823,-0.900968867902419,0.6931471805599453
2015-06-04 14:00:00+00:00,714,14,3,3.0,6.5722825426940075,2.70805020110221,1.3862943611198906,-0.4999999999999998,-0.8660254037844388,0.43388373911755823,-0.900968867902419,1.3862943611198906
2015-06-04 15:00:00+00:00,1228,28,13,13.0,7.113956109566034,3.367295829986474,2.6390573296152584,-0.7071067811865471,-0.7071067811865479,0.43388373911755823,-0.900968867902419,2.6390573296152584
2015-06-04 16:00:00+00:00,1474,37,18,18.0,7.29641326877392,3.6375861597263857,2.9444389791664403,-0.8660254037844384,-0.5000000000000004,0.43388373911755823,-0.900968867902419,2.9444389791664403
2015-06-04 17:00:00+00:00,1495,50,21,21.0,7.310550158534422,3.9318256327243257,3.091042453358316,-0.9659258262890683,-0.25881904510252063,0.43388373911755823,-0.900968867902419,3.091042453358316
2015-06-04 18:00:00+00:00,1479,41,18,18.0,7.299797366758161,3.7376696182833684,2.9444389791664403,-1.0,-1.8369701987210297e-16,0.43388373911755823,-0.900968867902419,2.9444389791664403
2015-06-04 19:00:00+00:00,1418,32,11,11.0,7.257707677160043,3.4965075614664802,2.4849066497880004,-0.9659258262890684,0.2588190451025203,0.43388373911755823,-0.900968867902419,2.4849066497880004
2015-06-04 20:00:00+00:00,1547,35,18,18.0,7.344719054149673,3.58351893845611,2.9444389791664403,-0.8660254037844386,0.5000000000000001,0.43388373911755823,-0.900968867902419,2.9444389791664403
2015-06-04 21:00:00+00:00,1661,44,16,16.0,7.415776975415394,3.8066624897703196,2.833213344056216,-0.7071067811865477,0.7071067811865474,0.43388373911755823,-0.900968867902419,2.833213344056216
2015-06-04 22:00:00+00:00,1568,63,11,11.0,7.358193752733032,4.1588830833596715,2.4849066497880004,-0.5000000000000004,0.8660254037844384,0.43388373911755823,-0.900968867902419,2.4849066497880004
2015-06-04 23:00:00+00:00,1237,30,13,13.0,7.121252453244542,3.4339872044851463,2.6390573296152584,-0.25881904510252157,0.9659258262890681,0.43388373911755823,-0.900968867902419,2.6390573296152584
2015-06-05 00:00:00+00:00,1013,21,10,10.0,6.921658184151129,3.091042453358316,2.3978952727983707,0.0,1.0,-0.433883739117558,-0.9009688679024191,2.3978952727983707
2015-06-05 01:00:00+00:00,1077,21,6,6.0,6.982862751468942,3.091042453358316,1.9459101490553132,0.25881904510252074,0.9659258262890683,-0.433883739117558,-0.9009688679024191,1.9459101490553132
2015-06-05 02:00:00+00:00,1170,27,8,8.0,7.065613363597717,3.332204510175204,2.1972245773362196,0.49999999999999994,0.8660254037844387,-0.433883739117558,-0.9009688679024191,2.1972245773362196
2015-06-05 03:00:00+00:00,1169,32,8,8.0,7.064759027791802,3.4965075614664802,2.1972245773362196,0.7071067811865475,0.7071067811865476,-0.433883739117558,-0.9009688679024191,2.1972245773362196
2015-06-05 04:00:00+00:00,1208,23,7,7.0,7.097548850614793,3.1780538303479458,2.0794415416798357,0.8660254037844386,0.5000000000000001,-0.433883739117558,-0.9009688679024191,2.0794415416798357
2015-06-05 05:00:00+00:00,828,6,2,2.0,6.720220155135295,1.9459101490553132,1.0986122886681098,0.9659258262890683,0.25881904510252074,-0.433883739117558,-0.9009688679024191,1.0986122886681098
2015-06-05 06:00:00+00:00,597,10,2,2.0,6.393590753950631,2.3978952727983707,1.0986122886681098,1.0,6.123233995736766e-17,-0.433883739117558,-0.9009688679024191,1.0986122886681098
2015-06-05 07:00:00+00:00,266,4,1,1.0,5.58724865840025,1.6094379124341003,0.6931471805599453,0.9659258262890683,-0.25881904510252063,-0.433883739117558,-0.9009688679024191,0.6931471805599453
2015-06-05 08:00:00+00:00,140,1,0,0.0,4.948759890378168,0.6931471805599453,0.0,0.8660254037844387,-0.49999999999999983,-0.433883739117558,-0.9009688679024191,0.0
2015-06-05 09:00:00+00:00,107,1,0,0.0,4.68213122712422,0.6931471805599453,0.0,0.7071067811865476,-0.7071067811865475,-0.433883739117558,-0.9009688679024191,0.0
2015-06-05 10:00:00+00:00,103,3,0,0.0,4.6443908991413725,1.3862943611198906,0.0,0.49999999999999994,-0.8660254037844387,-0.433883739117558,-0.9009688679024191,0.0
2015-06-05 11:00:00+00:00,113,2,2,2.0,4.736198448394496,1.0986122886681098,1.0986122886681098,0.258819045102521,-0.9659258262890682,-0.433883739117558,-0.9009688679024191,1.0986122886681098
2015-06-05 12:00:00+00:00,225,14,1,1.0,5.420534999272286,2.70805020110221,0.6931471805599453,1.2246467991473532e-16,-1.0,-0.433883739117558,-0.9009688679024191,0.6931471805599453
2015-06-05 13:00:00+00:00,403,4,2,2.0,6.0014148779611505,1.6094379124341003,1.0986122886681098,-0.2588190451025208,-0.9659258262890683,-0.433883739117558,-0.9009688679024191,1.0986122886681098
2015-06-05 14:00:00+00:00,578,13,2,2.0,6.361302477572996,2.6390573296152584,1.0986122886681098,-0.4999999999999998,-0.8660254037844388,-0.433883739117558,-0.9009688679024191,1.0986122886681098
2015-06-05 15:00:00+00:00,927,23,9,9.0,6.833031732786201,3.1780538303479458,2.302585092994046,-0.7071067811865471,-0.7071067811865479,-0.433883739117558,-0.9009688679024191,2.302585092994046
2015-06-05 16:00:00+00:00,1161,21,6,6.0,7.057897937411856,3.091042453358316,1.9459101490553132,-0.8660254037844384,-0.5000000000000004,-0.433883739117558,-0.9009688679024191,1.9459101490553132
2015-06-05 17:00:00+00:00,1351,30,13,13.0,7.20934025660291,3.4339872044851463,2.6390573296152584,-0.9659258262890683,-0.25881904510252063,-0.433883739117558,-0.9009688679024191,2.6390573296152584
2015-06-05 18:00:00+00:00,1308,22,8,8.0,7.1770187659099,3.1354942159291497,2.1972245773362196,-1.0,-1.8369701987210297e-16,-0.433883739117558,-0.9009688679024191,2.1972245773362196
2015-06-05 19:00:00+00:00,1333,28,8,8.0,7.195937226475569,3.367295829986474,2.1972245773362196,-0.9659258262890684,0.2588190451025203,-0.433883739117558,-0.9009688679024191,2.1972245773362196
2015-06-05 20:00:00+00:00,1521,52,17,17.0,7.3277805384216315,3.970291913552122,2.8903717578961645,-0.8660254037844386,0.5000000000000001,-0.433883739117558,-0.9009688679024191,2.8903717578961645
2015-06-05 21:00:00+00:00,1383,28,11,11.0,7.232733136177615,3.367295829986474,2.4849066497880004,-0.7071067811865477,0.7071067811865474,-0.433883739117558,-0.9009688679024191,2.4849066497880004
2015-06-05 22:00:00+00:00,1147,28,14,14.0,7.045776576879511,3.367295829986474,2.70805020110221,-0.5000000000000004,0.8660254037844384,-0.433883739117558,-0.9009688679024191,2.70805020110221
2015-06-05 23:00:00+00:00,1085,35,12,12.0,6.990256500493881,3.58351893845611,2.5649493574615367,-0.25881904510252157,0.9659258262890681,-0.433883739117558,-0.9009688679024191,2.5649493574615367
2015-06-06 00:00:00+00:00,845,20,6,6.0,6.740519359606223,3.044522437723423,1.9459101490553132,0.0,1.0,-0.9749279121818236,-0.2225209339563146,1.9459101490553132
2015-06-06 01:00:00+00:00,806,15,5,5.0,6.693323668269949,2.772588722239781,1.791759469228055,0.25881904510252074,0.9659258262890683,-0.9749279121818236,-0.2225209339563146,1.791759469228055
2015-06-06 02:00:00+00:00,953,25,11,11.0,6.860663671448287,3.258096538021482,2.4849066497880004,0.49999999999999994,0.8660254037844387,-0.9749279121818236,-0.2225209339563146,2.4849066497880004
2015-06-06 03:00:00+00:00,1069,29,9,9.0,6.975413927455952,3.4011973816621555,2.302585092994046,0.7071067811865475,0.7071067811865476,-0.9749279121818236,-0.2225209339563146,2.302585092994046
2015-06-06 04:00:00+00:00,922,24,3,3.0,6.827629234502852,3.2188758248682006,1.3862943611198906,0.8660254037844386,0.5000000000000001,-0.9749279121818236,-0.2225209339563146,1.3862943611198906
2015-06-06 05:00:00+00:00,762,10,1,1.0,6.637258031284457,2.3978952727983707,0.6931471805599453,0.9659258262890683,0.25881904510252074,-0.9749279121818236,-0.2225209339563146,0.6931471805599453
2015-06-06 06:00:00+00:00,572,10,3,3.0,6.35088571671474,2.3978952727983707,1.3862943611198906,1.0,6.123233995736766e-17,-0.9749279121818236,-0.2225209339563146,1.3862943611198906
2015-06-06 07:00:00+00:00,329,10,8,8.0,5.799092654460526,2.3978952727983707,2.1972245773362196,0.9659258262890683,-0.25881904510252063,-0.9749279121818236,-0.2225209339563146,2.1972245773362196
2015-06-06 08:00:00+00:00,202,6,1,1.0,5.313205979041787,1.9459101490553132,0.6931471805599453,0.8660254037844387,-0.49999999999999983,-0.9749279121818236,-0.2225209339563146,0.6931471805599453
2015-06-06 09:00:00+00:00,71,4,3,3.0,4.276666119016055,1.6094379124341003,1.3862943611198906,0.7071067811865476,-0.7071067811865475,-0.9749279121818236,-0.2225209339563146,1.3862943611198906
2015-06-06 10:00:00+00:00,76,1,0,0.0,4.343805421853684,0.6931471805599453,0.0,0.49999999999999994,-0.8660254037844387,-0.9749279121818236,-0.2225209339563146,0.0
2015-06-06 11:00:00+00:00,105,0,0,0.0,4.663439094112067,0.0,0.0,0.258819045102521,-0.9659258262890682,-0.9749279121818236,-0.2225209339563146,0.0
2015-06-06 12:00:00+00:00,196,2,1,1.0,5.2832037287379885,1.0986122886681098,0.6931471805599453,1.2246467991473532e-16,-1.0,-0.9749279121818236,-0.2225209339563146,0.6931471805599453
2015-06-06 13:00:00+00:00,278,8,2,2.0,5.631211781821365,2.1972245773362196,1.0986122886681098,-0.2588190451025208,-0.9659258262890683,-0.9749279121818236,-0.2225209339563146,1.0986122886681098
2015-06-06 14:00:00+00:00,375,7,0,0.0,5.929589143389895,2.0794415416798357,0.0,-0.4999999999999998,-0.8660254037844388,-0.9749279121818236,-0.2225209339563146,0.0
2015-06-06 15:00:00+00:00,563,19,1,1.0,6.335054251498059,2.995732273553991,0.6931471805599453,-0.7071067811865471,-0.7071067811865479,-0.9749279121818236,-0.2225209339563146,0.6931471805599453
2015-06-06 16:00:00+00:00,821,22,5,5.0,6.71174039505618,3.1354942159291497,1.791759469228055,-0.8660254037844384,-0.5000000000000004,-0.9749279121818236,-0.2225209339563146,1.791759469228055
2015-06-06 17:00:00+00:00,864,27,10,10.0,6.762729506931879,3.332204510175204,2.3978952727983707,-0.9659258262890683,-0.25881904510252063,-0.9749279121818236,-0.2225209339563146,2.3978952727983707
2015-06-06 18:00:00+00:00,927,10,4,4.0,6.833031732786201,2.3978952727983707,1.6094379124341003,-1.0,-1.8369701987210297e-16,-0.9749279121818236,-0.2225209339563146,1.6094379124341003
2015-06-06 19:00:00+00:00,891,13,4,4.0,6.79346613258001,2.6390573296152584,1.6094379124341003,-0.9659258262890684,0.2588190451025203,-0.9749279121818236,-0.2225209339563146,1.6094379124341003
2015-06-06 20:00:00+00:00,1237,35,9,9.0,7.121252453244542,3.58351893845611,2.302585092994046,-0.8660254037844386,0.5000000000000001,-0.9749279121818236,-0.2225209339563146,2.302585092994046
2015-06-06 21:00:00+00:00,911,18,4,4.0,6.815639990074331,2.9444389791664403,1.6094379124341003,-0.7071067811865477,0.7071067811865474,-0.9749279121818236,-0.2225209339563146,1.6094379124341003
2015-06-06 22:00:00+00:00,1060,41,6,6.0,6.966967138613983,3.7376696182833684,1.9459101490553132,-0.5000000000000004,0.8660254037844384,-0.9749279121818236,-0.2225209339563146,1.9459101490553132
2015-06-06 23:00:00+00:00,844,16,8,8.0,6.739336627357174,2.833213344056216,2.1972245773362196,-0.25881904510252157,0.9659258262890681,-0.9749279121818236,-0.2225209339563146,2.1972245773362196
2015-06-07 00:00:00+00:00,784,30,7,7.0,6.665683717782408,3.4339872044851463,2.0794415416798357,0.0,1.0,-0.7818314824680299,0.6234898018587334,2.0794415416798357
2015-06-07 01:00:00+00:00,848,14,4,4.0,6.744059186311348,2.70805020110221,1.6094379124341003,0.25881904510252074,0.9659258262890683,-0.7818314824680299,0.6234898018587334,1.6094379124341003
2015-06-07 02:00:00+00:00,1018,18,6,6.0,6.926577033222725,2.9444389791664403,1.9459101490553132,0.49999999999999994,0.8660254037844387,-0.7818314824680299,0.6234898018587334,1.9459101490553132
2015-06-07 03:00:00+00:00,1038,16,2,2.0,6.946013991099227,2.833213344056216,1.0986122886681098,0.7071067811865475,0.7071067811865476,-0.7818314824680299,0.6234898018587334,1.0986122886681098
2015-06-07 04:00:00+00:00,868,29,9,9.0,6.767343125265392,3.4011973816621555,2.302585092994046,0.8660254037844386,0.5000000000000001,-0.7818314824680299,0.6234898018587334,2.302585092994046
2015-06-07 05:00:00+00:00,748,17,1,1.0,6.618738983517219,2.8903717578961645,0.6931471805599453,0.9659258262890683,0.25881904510252074,-0.7818314824680299,0.6234898018587334,0.6931471805599453
2015-06-07 06:00:00+00:00,489,10,0,0.0,6.194405391104672,2.3978952727983707,0.0,1.0,6.123233995736766e-17,-0.7818314824680299,0.6234898018587334,0.0
2015-06-07 07:00:00+00:00,291,5,3,3.0,5.676753802268282,1.791759469228055,1.3862943611198906,0.9659258262890683,-0.25881904510252063,-0.7818314824680299,0.6234898018587334,1.3862943611198906
2015-06-07 08:00:00+00:00,221,6,3,3.0,5.402677381872279,1.9459101490553132,1.3862943611198906,0.8660254037844387,-0.49999999999999983,-0.7818314824680299,0.6234898018587334,1.3862943611198906
2015-06-07 09:00:00+00:00,99,2,0,0.0,4.605170185988092,1.0986122886681098,0.0,0.7071067811865476,-0.7071067811865475,-0.7818314824680299,0.6234898018587334,0.0
2015-06-07 10:00:00+00:00,76,0,0,0.0,4.343805421853684,0.0,0.0,0.49999999999999994,-0.8660254037844387,-0.7818314824680299,0.6234898018587334,0.0
2015-06-07 11:00:00+00:00,105,0,0,0.0,4.663439094112067,0.0,0.0,0.258819045102521,-0.9659258262890682,-0.7818314824680299,0.6234898018587334,0.0
2015-06-07 12:00:00+00:00,181,5,0,0.0,5.204006687076795,1.791759469228055,0.0,1.2246467991473532e-16,-1.0,-0.7818314824680299,0.6234898018587334,0.0
2015-06-07 13:00:00+00:00,281,4,0,0.0,5.641907070938114,1.6094379124341003,0.0,-0.2588190451025208,-0.9659258262890683,-0.7818314824680299,0.6234898018587334,0.0
2015-06-07 14:00:00+00:00,434,11,2,2.0,6.075346031088684,2.4849066497880004,1.0986122886681098,-0.4999999999999998,-0.8660254037844388,-0.7818314824680299,0.6234898018587334,1.0986122886681098
2015-06-07 15:00:00+00:00,580,7,1,1.0,6.364750756851911,2.0794415416798357,0.6931471805599453,-0.7071067811865471,-0.7071067811865479,-0.7818314824680299,0.6234898018587334,0.6931471805599453
2015-06-07 16:00:00+00:00,873,24,3,3.0,6.773080375655535,3.2188758248682006,1.3862943611198906,-0.8660254037844384,-0.5000000000000004,-0.7818314824680299,0.6234898018587334,1.3862943611198906
2015-06-07 17:00:00+00:00,884,31,16,16.0,6.785587645007929,3.4657359027997265,2.833213344056216,-0.9659258262890683,-0.25881904510252063,-0.7818314824680299,0.6234898018587334,2.833213344056216
2015-06-07 18:00:00+00:00,909,17,6,6.0,6.813444599510896,2.8903717578961645,1.9459101490553132,-1.0,-1.8369701987210297e-16,-0.7818314824680299,0.6234898018587334,1.9459101490553132
2015-06-07 19:00:00+00:00,1024,16,8,8.0,6.932447891572509,2.833213344056216,2.1972245773362196,-0.9659258262890684,0.2588190451025203,-0.7818314824680299,0.6234898018587334,2.1972245773362196
2015-06-07 20:00:00+00:00,1201,24,12,12.0,7.091742115095153,3.2188758248682006,2.5649493574615367,-0.8660254037844386,0.5000000000000001,-0.7818314824680299,0.6234898018587334,2.5649493574615367
2015-06-07 21:00:00+00:00,1015,20,10,10.0,6.923628628138427,3.044522437723423,2.3978952727983707,-0.7071067811865477,0.7071067811865474,-0.7818314824680299,0.6234898018587334,2.3978952727983707
2015-06-07 22:00:00+00:00,855,19,7,7.0,6.752270376141742,2.995732273553991,2.0794415416798357,-0.5000000000000004,0.8660254037844384,-0.7818314824680299,0.6234898018587334,2.0794415416798357
2015-06-07 23:00:00+00:00,875,20,6,6.0,6.775366090936392,3.044522437723423,1.9459101490553132,-0.25881904510252157,0.9659258262890681,-0.7818314824680299,0.6234898018587334,1.9459101490553132
2015-06-08 00:00:00+00:00,920,16,1,1.0,6.825460036255307,2.833213344056216,0.6931471805599453,0.0,1.0,0.0,1.0,0.6931471805599453
2015-06-08 01:00:00+00:00,961,26,5,5.0,6.8690144506657065,3.295836866004329,1.791759469228055,0.25881904510252074,0.9659258262890683,0.0,1.0,1.791759469228055
2015-06-08 02:00:00+00:00,1050,23,5,5.0,6.957497370876951,3.1780538303479458,1.791759469228055,0.49999999999999994,0.8660254037844387,0.0,1.0,1.791759469228055
2015-06-08 03:00:00+00:00,1043,11,4,4.0,6.950814768442584,2.4849066497880004,1.6094379124341003,0.7071067811865475,0.7071067811865476,0.0,1.0,1.6094379124341003
2015-06-08 04:00:00+00:00,1008,25,8,8.0,6.9167150203536085,3.258096538021482,2.1972245773362196,0.8660254037844386,0.5000000000000001,0.0,1.0,2.1972245773362196
2015-06-08 05:00:00+00:00,701,18,7,7.0,6.553933404025811,2.9444389791664403,2.0794415416798357,0.9659258262890683,0.25881904510252074,0.0,1.0,2.0794415416798357
2015-06-08 06:00:00+00:00,543,8,7,7.0,6.298949246855942,2.1972245773362196,2.0794415416798357,1.0,6.123233995736766e-17,0.0,1.0,2.0794415416798357
2015-06-08 07:00:00+00:00,307,10,1,1.0,5.730099782973574,2.3978952727983707,0.6931471805599453,0.9659258262890683,-0.25881904510252063,0.0,1.0,0.6931471805599453
2015-06-08 08:00:00+00:00,143,3,0,0.0,4.969813299576001,1.3862943611198906,0.0,0.8660254037844387,-0.49999999999999983,0.0,1.0,0.0
2015-06-08 09:00:00+00:00,115,0,0,0.0,4.7535901911063645,0.0,0.0,0.7071067811865476,-0.7071067811865475,0.0,1.0,0.0
2015-06-08 10:00:00+00:00,123,1,0,0.0,4.820281565605037,0.6931471805599453,0.0,0.49999999999999994,-0.8660254037844387,0.0,1.0,0.0
2015-06-08 11:00:00+00:00,163,8,2,2.0,5.099866427824199,2.1972245773362196,1.0986122886681098,0.258819045102521,-0.9659258262890682,0.0,1.0,1.0986122886681098
2015-06-08 12:00:00+00:00,208,11,1,1.0,5.342334251964811,2.4849066497880004,0.6931471805599453,1.2246467991473532e-16,-1.0,0.0,1.0,0.6931471805599453
2015-06-08 13:00:00+00:00,354,7,1,1.0,5.872117789475416,2.0794415416798357,0.6931471805599453,-0.2588190451025208,-0.9659258262890683,0.0,1.0,0.6931471805599453
2015-06-08 14:00:00+00:00,602,17,2,2.0,6.401917196727186,2.8903717578961645,1.0986122886681098,-0.4999999999999998,-0.8660254037844388,0.0,1.0,1.0986122886681098
2015-06-08 15:00:00+00:00,815,52,6,6.0,6.704414354964107,3.970291913552122,1.9459101490553132,-0.7071067811865471,-0.7071067811865479,0.0,1.0,1.9459101490553132
2015-06-08 16:00:00+00:00,1118,29,10,10.0,7.020190708311925,3.4011973816621555,2.3978952727983707,-0.8660254037844384,-0.5000000000000004,0.0,1.0,2.3978952727983707
2015-06-08 17:00:00+00:00,1496,60,40,40.0,7.311218384419629,4.110873864173311,3.713572066704308,-0.9659258262890683,-0.25881904510252063,0.0,1.0,3.713572066704308
2015-06-08 18:00:00+00:00,1364,41,15,15.0,7.21890970761906,3.7376696182833684,2.772588722239781,-1.0,-1.8369701987210297e-16,0.0,1.0,2.772588722239781
2015-06-08 19:00:00+00:00,1449,35,19,19.0,7.27931883541462,3.58351893845611,2.995732273553991,-0.9659258262890684,0.2588190451025203,0.0,1.0,2.995732273553991
2015-06-08 20:00:00+00:00,1474,39,18,18.0,7.29641326877392,3.6888794541139363,2.9444389791664403,-0.8660254037844386,0.5000000000000001,0.0,1.0,2.9444389791664403
2015-06-08 21:00:00+00:00,1513,35,17,17.0,7.322510433997394,3.58351893845611,2.8903717578961645,-0.7071067811865477,0.7071067811865474,0.0,1.0,2.8903717578961645
2015-06-08 22:00:00+00:00,1456,29,12,12.0,7.284134806195205,3.4011973816621555,2.5649493574615367,-0.5000000000000004,0.8660254037844384,0.0,1.0,2.5649493574615367
2015-06-08 23:00:00+00:00,1281,33,11,11.0,7.156176637480615,3.5263605246161616,2.4849066497880004,-0.25881904510252157,0.9659258262890681,0.0,1.0,2.4849066497880004
2015-06-09 00:00:00+00:00,1189,14,3,3.0,7.081708586105575,2.70805020110221,1.3862943611198906,0.0,1.0,0.7818314824680298,0.6234898018587336,1.3862943611198906
2015-06-09 01:00:00+00:00,1088,20,9,9.0,6.9930151229329605,3.044522437723423,2.302585092994046,0.25881904510252074,0.9659258262890683,0.7818314824680298,0.6234898018587336,2.302585092994046
2015-06-09 02:00:00+00:00,1257,28,7,7.0,7.1372784372603855,3.367295829986474,2.0794415416798357,0.49999999999999994,0.8660254037844387,0.7818314824680298,0.6234898018587336,2.0794415416798357
2015-06-09 03:00:00+00:00,1217,16,5,5.0,7.1049654482698426,2.833213344056216,1.791759469228055,0.7071067811865475,0.7071067811865476,0.7818314824680298,0.6234898018587336,1.791759469228055
2015-06-09 04:00:00+00:00,1428,27,5,5.0,7.264730177929867,3.332204510175204,1.791759469228055,0.8660254037844386,0.5000000000000001,0.7818314824680298,0.6234898018587336,1.791759469228055
2015-06-09 05:00:00+00:00,1026,19,2,2.0,6.934397209928558,2.995732273553991,1.0986122886681098,0.9659258262890683,0.25881904510252074,0.7818314824680298,0.6234898018587336,1.0986122886681098
2015-06-09 06:00:00+00:00,609,13,2,2.0,6.413458957167357,2.6390573296152584,1.0986122886681098,1.0,6.123233995736766e-17,0.7818314824680298,0.6234898018587336,1.0986122886681098
2015-06-09 07:00:00+00:00,299,10,3,3.0,5.703782474656201,2.3978952727983707,1.3862943611198906,0.9659258262890683,-0.25881904510252063,0.7818314824680298,0.6234898018587336,1.3862943611198906
2015-06-09 08:00:00+00:00,190,2,0,0.0,5.25227342804663,1.0986122886681098,0.0,0.8660254037844387,-0.49999999999999983,0.7818314824680298,0.6234898018587336,0.0
2015-06-09 09:00:00+00:00,121,9,0,0.0,4.804021044733257,2.302585092994046,0.0,0.7071067811865476,-0.7071067811865475,0.7818314824680298,0.6234898018587336,0.0
2015-06-09 10:00:00+00:00,102,2,0,0.0,4.634728988229636,1.0986122886681098,0.0,0.49999999999999994,-0.8660254037844387,0.7818314824680298,0.6234898018587336,0.0
2015-06-09 11:00:00+00:00,166,9,2,2.0,5.117993812416755,2.302585092994046,1.0986122886681098,0.258819045102521,-0.9659258262890682,0.7818314824680298,0.6234898018587336,1.0986122886681098
2015-06-09 12:00:00+00:00,227,2,1,1.0,5.429345628954441,1.0986122886681098,0.6931471805599453,1.2246467991473532e-16,-1.0,0.7818314824680298,0.6234898018587336,0.6931471805599453
2015-06-09 13:00:00+00:00,387,6,4,4.0,5.961005339623274,1.9459101490553132,1.6094379124341003,-0.2588190451025208,-0.9659258262890683,0.7818314824680298,0.6234898018587336,1.6094379124341003
2015-06-09 14:00:00+00:00,659,16,2,2.0,6.492239835020471,2.833213344056216,1.0986122886681098,-0.4999999999999998,-0.8660254037844388,0.7818314824680298,0.6234898018587336,1.0986122886681098
2015-06-09 15:00:00+00:00,1099,23,8,8.0,7.003065458786462,3.1780538303479458,2.1972245773362196,-0.7071067811865471,-0.7071067811865479,0.7818314824680298,0.6234898018587336,2.1972245773362196
2015-06-09 16:00:00+00:00,1463,23,11,11.0,7.288927694521257,3.1780538303479458,2.4849066497880004,-0.8660254037844384,-0.5000000000000004,0.7818314824680298,0.6234898018587336,2.4849066497880004
2015-06-09 17:00:00+00:00,1421,33,9,9.0,7.259819610363186,3.5263605246161616,2.302585092994046,-0.9659258262890683,-0.25881904510252063,0.7818314824680298,0.6234898018587336,2.302585092994046
2015-06-09 18:00:00+00:00,1464,32,13,13.0,7.289610521451167,3.4965075614664802,2.6390573296152584,-1.0,-1.8369701987210297e-16,0.7818314824680298,0.6234898018587336,2.6390573296152584
2015-06-09 19:00:00+00:00,1777,33,12,12.0,7.48324441607385,3.5263605246161616,2.5649493574615367,-0.9659258262890684,0.2588190451025203,0.7818314824680298,0.6234898018587336,2.5649493574615367
2015-06-09 20:00:00+00:00,1631,32,14,14.0,7.397561535524052,3.4965075614664802,2.70805020110221,-0.8660254037844386,0.5000000000000001,0.7818314824680298,0.6234898018587336,2.70805020110221
2015-06-09 21:00:00+00:00,1470,39,8,8.0,7.293697720601438,3.6888794541139363,2.1972245773362196,-0.7071067811865477,0.7071067811865474,0.7818314824680298,0.6234898018587336,2.1972245773362196
2015-06-09 22:00:00+00:00,1465,28,5,5.0,7.290292882446597,3.367295829986474,1.791759469228055,-0.5000000000000004,0.8660254037844384,0.7818314824680298,0.6234898018587336,1.791759469228055
2015-06-09 23:00:00+00:00,1323,33,7,7.0,7.188412736496954,3.5263605246161616,2.0794415416798357,-0.25881904510252157,0.9659258262890681,0.7818314824680298,0.6234898018587336,2.0794415416798357
2015-06-10 00:00:00+00:00,1216,19,6,6.0,7.104144092987527,2.995732273553991,1.9459101490553132,0.0,1.0,0.9749279121818236,-0.22252093395631434,1.9459101490553132
2015-06-10 01:00:00+00:00,1296,44,13,13.0,7.167809184316444,3.8066624897703196,2.6390573296152584,0.25881904510252074,0.9659258262890683,0.9749279121818236,-0.22252093395631434,2.6390573296152584
2015-06-10 02:00:00+00:00,1251,26,12,12.0,7.132497551660044,3.295836866004329,2.5649493574615367,0.49999999999999994,0.8660254037844387,0.9749279121818236,-0.22252093395631434,2.5649493574615367
2015-06-10 03:00:00+00:00,1211,16,5,5.0,7.10002716662926,2.833213344056216,1.791759469228055,0.7071067811865475,0.7071067811865476,0.9749279121818236,-0.22252093395631434,1.791759469228055
2015-06-10 04:00:00+00:00,1087,32,2,2.0,6.992096427415888,3.4965075614664802,1.0986122886681098,0.8660254037844386,0.5000000000000001,0.9749279121818236,-0.22252093395631434,1.0986122886681098
2015-06-10 05:00:00+00:00,922,22,2,2.0,6.827629234502852,3.1354942159291497,1.0986122886681098,0.9659258262890683,0.25881904510252074,0.9749279121818236,-0.22252093395631434,1.0986122886681098
2015-06-10 06:00:00+00:00,584,26,11,11.0,6.371611847231857,3.295836866004329,2.4849066497880004,1.0,6.123233995736766e-17,0.9749279121818236,-0.22252093395631434,2.4849066497880004
2015-06-10 07:00:00+00:00,275,3,1,1.0,5.62040086571715,1.3862943611198906,0.6931471805599453,0.9659258262890683,-0.25881904510252063,0.9749279121818236,-0.22252093395631434,0.6931471805599453
2015-06-10 08:00:00+00:00,143,0,1,1.0,4.969813299576001,0.0,0.6931471805599453,0.8660254037844387,-0.49999999999999983,0.9749279121818236,-0.22252093395631434,0.6931471805599453
2015-06-10 09:00:00+00:00,122,4,0,0.0,4.812184355372417,1.6094379124341003,0.0,0.7071067811865476,-0.7071067811865475,0.9749279121818236,-0.22252093395631434,0.0
2015-06-10 10:00:00+00:00,132,0,1,1.0,4.890349128221754,0.0,0.6931471805599453,0.49999999999999994,-0.8660254037844387,0.9749279121818236,-0.22252093395631434,0.6931471805599453
2015-06-10 11:00:00+00:00,152,2,0,0.0,5.030437921392435,1.0986122886681098,0.0,0.258819045102521,-0.9659258262890682,0.9749279121818236,-0.22252093395631434,0.0
2015-06-10 12:00:00+00:00,219,8,2,2.0,5.393627546352362,2.1972245773362196,1.0986122886681098,1.2246467991473532e-16,-1.0,0.9749279121818236,-0.22252093395631434,1.0986122886681098
2015-06-10 13:00:00+00:00,443,14,1,1.0,6.095824562432225,2.70805020110221,0.6931471805599453,-0.2588190451025208,-0.9659258262890683,0.9749279121818236,-0.22252093395631434,0.6931471805599453
2015-06-10 14:00:00+00:00,644,14,3,3.0,6.4692503167957724,2.70805020110221,1.3862943611198906,-0.4999999999999998,-0.8660254037844388,0.9749279121818236,-0.22252093395631434,1.3862943611198906
2015-06-10 15:00:00+00:00,1101,27,8,8.0,7.004881989712859,3.332204510175204,2.1972245773362196,-0.7071067811865471,-0.7071067811865479,0.9749279121818236,-0.22252093395631434,2.1972245773362196
2015-06-10 16:00:00+00:00,1490,37,9,9.0,7.307202314764738,3.6375861597263857,2.302585092994046,-0.8660254037844384,-0.5000000000000004,0.9749279121818236,-0.22252093395631434,2.302585092994046
2015-06-10 17:00:00+00:00,1520,37,12,12.0,7.327123292259293,3.6375861597263857,2.5649493574615367,-0.9659258262890683,-0.25881904510252063,0.9749279121818236,-0.22252093395631434,2.5649493574615367
2015-06-10 18:00:00+00:00,1562,49,22,22.0,7.354362330421477,3.912023005428146,3.1354942159291497,-1.0,-1.8369701987210297e-16,0.9749279121818236,-0.22252093395631434,3.1354942159291497
2015-06-10 19:00:00+00:00,1591,49,27,27.0,7.3727463664043285,3.912023005428146,3.332204510175204,-0.9659258262890684,0.2588190451025203,0.9749279121818236,-0.22252093395631434,3.332204510175204
2015-06-10 20:00:00+00:00,1688,41,13,13.0,7.4318919168078,3.7376696182833684,2.6390573296152584,-0.8660254037844386,0.5000000000000001,0.9749279121818236,-0.22252093395631434,2.6390573296152584
2015-06-10 21:00:00+00:00,1809,58,25,25.0,7.501082124259871,4.07753744390572,3.258096538021482,-0.7071067811865477,0.7071067811865474,0.9749279121818236,-0.22252093395631434,3.258096538021482
2015-06-10 22:00:00+00:00,1364,41,18,18.0,7.21890970761906,3.7376696182833684,2.9444389791664403,-0.5000000000000004,0.8660254037844384,0.9749279121818236,-0.22252093395631434,2.9444389791664403
2015-06-10 23:00:00+00:00,1391,28,16,16.0,7.238496840894365,3.367295829986474,2.833213344056216,-0.25881904510252157,0.9659258262890681,0.9749279121818236,-0.22252093395631434,2.833213344056216
2015-06-11 00:00:00+00:00,1170,32,12,12.0,7.065613363597717,3.4965075614664802,2.5649493574615367,0.0,1.0,0.43388373911755823,-0.900968867902419,2.5649493574615367
2015-06-11 01:00:00+00:00,1043,22,11,11.0,6.950814768442584,3.1354942159291497,2.4849066497880004,0.25881904510252074,0.9659258262890683,0.43388373911755823,-0.900968867902419,2.4849066497880004
2015-06-11 02:00:00+00:00,1146,15,6,6.0,7.044905117129371,2.772588722239781,1.9459101490553132,0.49999999999999994,0.8660254037844387,0.43388373911755823,-0.900968867902419,1.9459101490553132
2015-06-11 03:00:00+00:00,1308,18,2,2.0,7.1770187659099,2.9444389791664403,1.0986122886681098,0.7071067811865475,0.7071067811865476,0.43388373911755823,-0.900968867902419,1.0986122886681098
2015-06-11 04:00:00+00:00,1210,28,5,5.0,7.099201743553092,3.367295829986474,1.791759469228055,0.8660254037844386,0.5000000000000001,0.43388373911755823,-0.900968867902419,1.791759469228055
2015-06-11 05:00:00+00:00,974,25,5,5.0,6.882437470997847,3.258096538021482,1.791759469228055,0.9659258262890683,0.25881904510252074,0.43388373911755823,-0.900968867902419,1.791759469228055
2015-06-11 06:00:00+00:00,546,11,3,3.0,6.304448802421981,2.4849066497880004,1.3862943611198906,1.0,6.123233995736766e-17,0.43388373911755823,-0.900968867902419,1.3862943611198906
2015-06-11 07:00:00+00:00,264,5,4,4.0,5.579729825986222,1.791759469228055,1.6094379124341003,0.9659258262890683,-0.25881904510252063,0.43388373911755823,-0.900968867902419,1.6094379124341003
2015-06-11 08:00:00+00:00,163,5,4,4.0,5.099866427824199,1.791759469228055,1.6094379124341003,0.8660254037844387,-0.49999999999999983,0.43388373911755823,-0.900968867902419,1.6094379124341003
2015-06-11 09:00:00+00:00,101,3,1,1.0,4.624972813284271,1.3862943611198906,0.6931471805599453,0.7071067811865476,-0.7071067811865475,0.43388373911755823,-0.900968867902419,0.6931471805599453
2015-06-11 10:00:00+00:00,103,1,0,0.0,4.6443908991413725,0.6931471805599453,0.0,0.49999999999999994,-0.8660254037844387,0.43388373911755823,-0.900968867902419,0.0
2015-06-11 11:00:00+00:00,173,3,2,2.0,5.159055299214529,1.3862943611198906,1.0986122886681098,0.258819045102521,-0.9659258262890682,0.43388373911755823,-0.900968867902419,1.0986122886681098
2015-06-11 12:00:00+00:00,229,3,1,1.0,5.438079308923196,1.3862943611198906,0.6931471805599453,1.2246467991473532e-16,-1.0,0.43388373911755823,-0.900968867902419,0.6931471805599453
2015-06-11 13:00:00+00:00,363,3,2,2.0,5.8971538676367405,1.3862943611198906,1.0986122886681098,-0.2588190451025208,-0.9659258262890683,0.43388373911755823,-0.900968867902419,1.0986122886681098
2015-06-11 14:00:00+00:00,602,14,3,3.0,6.401917196727186,2.70805020110221,1.3862943611198906,-0.4999999999999998,-0.8660254037844388,0.43388373911755823,-0.900968867902419,1.3862943611198906
2015-06-11 15:00:00+00:00,964,28,11,11.0,6.872128101338986,3.367295829986474,2.4849066497880004,-0.7071067811865471,-0.7071067811865479,0.43388373911755823,-0.900968867902419,2.4849066497880004
2015-06-11 16:00:00+00:00,1247,18,4,4.0,7.129297548929373,2.9444389791664403,1.6094379124341003,-0.8660254037844384,-0.5000000000000004,0.43388373911755823,-0.900968867902419,1.6094379124341003
2015-06-11 17:00:00+00:00,1251,28,8,8.0,7.132497551660044,3.367295829986474,2.1972245773362196,-0.9659258262890683,-0.25881904510252063,0.43388373911755823,-0.900968867902419,2.1972245773362196
2015-06-11 18:00:00+00:00,1311,53,16,16.0,7.179307969504034,3.9889840465642745,2.833213344056216,-1.0,-1.8369701987210297e-16,0.43388373911755823,-0.900968867902419,2.833213344056216
2015-06-11 19:00:00+00:00,1281,39,7,7.0,7.156176637480615,3.6888794541139363,2.0794415416798357,-0.9659258262890684,0.2588190451025203,0.43388373911755823,-0.900968867902419,2.0794415416798357
2015-06-11 20:00:00+00:00,1432,63,27,27.0,7.267525427828172,4.1588830833596715,3.332204510175204,-0.8660254037844386,0.5000000000000001,0.43388373911755823,-0.900968867902419,3.332204510175204
2015-06-11 21:00:00+00:00,1257,28,11,11.0,7.1372784372603855,3.367295829986474,2.4849066497880004,-0.7071067811865477,0.7071067811865474,0.43388373911755823,-0.900968867902419,2.4849066497880004
2015-06-11 22:00:00+00:00,1094,22,8,8.0,6.9985096422506015,3.1354942159291497,2.1972245773362196,-0.5000000000000004,0.8660254037844384,0.43388373911755823,-0.900968867902419,2.1972245773362196
2015-06-11 23:00:00+00:00,1021,30,4,4.0,6.92951677076365,3.4339872044851463,1.6094379124341003,-0.25881904510252157,0.9659258262890681,0.43388373911755823,-0.900968867902419,1.6094379124341003
2015-06-12 00:00:00+00:00,995,24,9,9.0,6.903747257584598,3.2188758248682006,2.302585092994046,0.0,1.0,-0.433883739117558,-0.9009688679024191,2.302585092994046
2015-06-12 01:00:00+00:00,869,25,6,6.0,6.76849321164863,3.258096538021482,1.9459101490553132,0.25881904510252074,0.9659258262890683,-0.433883739117558,-0.9009688679024191,1.9459101490553132
2015-06-12 02:00:00+00:00,920,16,8,8.0,6.825460036255307,2.833213344056216,2.1972245773362196,0.49999999999999994,0.8660254037844387,-0.433883739117558,-0.9009688679024191,2.1972245773362196
2015-06-12 03:00:00+00:00,1079,16,4,4.0,6.984716320118266,2.833213344056216,1.6094379124341003,0.7071067811865475,0.7071067811865476,-0.433883739117558,-0.9009688679024191,1.6094379124341003
2015-06-12 04:00:00+00:00,998,25,3,3.0,6.906754778648554,3.258096538021482,1.3862943611198906,0.8660254037844386,0.5000000000000001,-0.433883739117558,-0.9009688679024191,1.3862943611198906
2015-06-12 05:00:00+00:00,775,21,3,3.0,6.654152520183219,3.091042453358316,1.3862943611198906,0.9659258262890683,0.25881904510252074,-0.433883739117558,-0.9009688679024191,1.3862943611198906
2015-06-12 06:00:00+00:00,499,12,3,3.0,6.214608098422191,2.5649493574615367,1.3862943611198906,1.0,6.123233995736766e-17,-0.433883739117558,-0.9009688679024191,1.3862943611198906
2015-06-12 07:00:00+00:00,304,5,2,2.0,5.720311776607412,1.791759469228055,1.0986122886681098,0.9659258262890683,-0.25881904510252063,-0.433883739117558,-0.9009688679024191,1.0986122886681098
2015-06-12 08:00:00+00:00,166,6,1,1.0,5.117993812416755,1.9459101490553132,0.6931471805599453,0.8660254037844387,-0.49999999999999983,-0.433883739117558,-0.9009688679024191,0.6931471805599453
2015-06-12 09:00:00+00:00,96,2,0,0.0,4.574710978503383,1.0986122886681098,0.0,0.7071067811865476,-0.7071067811865475,-0.433883739117558,-0.9009688679024191,0.0
2015-06-12 10:00:00+00:00,106,2,1,1.0,4.672828834461906,1.0986122886681098,0.6931471805599453,0.49999999999999994,-0.8660254037844387,-0.433883739117558,-0.9009688679024191,0.6931471805599453
2015-06-12 11:00:00+00:00,153,5,0,0.0,5.0369526024136295,1.791759469228055,0.0,0.258819045102521,-0.9659258262890682,-0.433883739117558,-0.9009688679024191,0.0
2015-06-12 12:00:00+00:00,203,5,0,0.0,5.318119993844216,1.791759469228055,0.0,1.2246467991473532e-16,-1.0,-0.433883739117558,-0.9009688679024191,0.0
2015-06-12 13:00:00+00:00,291,9,1,1.0,5.676753802268282,2.302585092994046,0.6931471805599453,-0.2588190451025208,-0.9659258262890683,-0.433883739117558,-0.9009688679024191,0.6931471805599453
2015-06-12 14:00:00+00:00,439,7,1,1.0,6.0867747269123065,2.0794415416798357,0.6931471805599453,-0.4999999999999998,-0.8660254037844388,-0.433883739117558,-0.9009688679024191,0.6931471805599453
2015-06-12 15:00:00+00:00,650,19,5,5.0,6.478509642208569,2.995732273553991,1.791759469228055,-0.7071067811865471,-0.7071067811865479,-0.433883739117558,-0.9009688679024191,1.791759469228055
2015-06-12 16:00:00+00:00,754,15,3,3.0,6.626717749249025,2.772588722239781,1.3862943611198906,-0.8660254037844384,-0.5000000000000004,-0.433883739117558,-0.9009688679024191,1.3862943611198906
2015-06-12 17:00:00+00:00,912,9,4,4.0,6.816735880594968,2.302585092994046,1.6094379124341003,-0.9659258262890683,-0.25881904510252063,-0.433883739117558,-0.9009688679024191,1.6094379124341003
2015-06-12 18:00:00+00:00,946,16,12,12.0,6.853299093186078,2.833213344056216,2.5649493574615367,-1.0,-1.8369701987210297e-16,-0.433883739117558,-0.9009688679024191,2.5649493574615367
2015-06-12 19:00:00+00:00,863,15,8,8.0,6.761572768804055,2.772588722239781,2.1972245773362196,-0.9659258262890684,0.2588190451025203,-0.433883739117558,-0.9009688679024191,2.1972245773362196
2015-06-12 20:00:00+00:00,1002,9,7,7.0,6.910750787961936,2.302585092994046,2.0794415416798357,-0.8660254037844386,0.5000000000000001,-0.433883739117558,-0.9009688679024191,2.0794415416798357
2015-06-12 21:00:00+00:00,800,27,6,6.0,6.68586094706836,3.332204510175204,1.9459101490553132,-0.7071067811865477,0.7071067811865474,-0.433883739117558,-0.9009688679024191,1.9459101490553132
2015-06-12 22:00:00+00:00,828,21,13,13.0,6.720220155135295,3.091042453358316,2.6390573296152584,-0.5000000000000004,0.8660254037844384,-0.433883739117558,-0.9009688679024191,2.6390573296152584
2015-06-12 23:00:00+00:00,778,21,7,7.0,6.658011045870748,3.091042453358316,2.0794415416798357,-0.25881904510252157,0.9659258262890681,-0.433883739117558,-0.9009688679024191,2.0794415416798357
2015-06-13 00:00:00+00:00,843,31,10,10.0,6.738152494595957,3.4657359027997265,2.3978952727983707,0.0,1.0,-0.9749279121818236,-0.2225209339563146,2.3978952727983707
2015-06-13 01:00:00+00:00,756,21,5,5.0,6.6293632534374485,3.091042453358316,1.791759469228055,0.25881904510252074,0.9659258262890683,-0.9749279121818236,-0.2225209339563146,1.791759469228055
2015-06-13 02:00:00+00:00,793,17,4,4.0,6.677083461247136,2.8903717578961645,1.6094379124341003,0.49999999999999994,0.8660254037844387,-0.9749279121818236,-0.2225209339563146,1.6094379124341003
2015-06-13 03:00:00+00:00,728,11,1,1.0,6.591673732008658,2.4849066497880004,0.6931471805599453,0.7071067811865475,0.7071067811865476,-0.9749279121818236,-0.2225209339563146,0.6931471805599453
2015-06-13 04:00:00+00:00,878,19,4,4.0,6.778784897685177,2.995732273553991,1.6094379124341003,0.8660254037844386,0.5000000000000001,-0.9749279121818236,-0.2225209339563146,1.6094379124341003
2015-06-13 05:00:00+00:00,787,12,5,5.0,6.669498089857879,2.5649493574615367,1.791759469228055,0.9659258262890683,0.25881904510252074,-0.9749279121818236,-0.2225209339563146,1.791759469228055
2015-06-13 06:00:00+00:00,523,15,5,5.0,6.261491684321042,2.772588722239781,1.791759469228055,1.0,6.123233995736766e-17,-0.9749279121818236,-0.2225209339563146,1.791759469228055
2015-06-13 07:00:00+00:00,296,5,1,1.0,5.6937321388027,1.791759469228055,0.6931471805599453,0.9659258262890683,-0.25881904510252063,-0.9749279121818236,-0.2225209339563146,0.6931471805599453
2015-06-13 08:00:00+00:00,150,2,0,0.0,5.017279836814924,1.0986122886681098,0.0,0.8660254037844387,-0.49999999999999983,-0.9749279121818236,-0.2225209339563146,0.0
2015-06-13 09:00:00+00:00,98,0,0,0.0,4.59511985013459,0.0,0.0,0.7071067811865476,-0.7071067811865475,-0.9749279121818236,-0.2225209339563146,0.0
2015-06-13 10:00:00+00:00,96,1,0,0.0,4.574710978503383,0.6931471805599453,0.0,0.49999999999999994,-0.8660254037844387,-0.9749279121818236,-0.2225209339563146,0.0
2015-06-13 11:00:00+00:00,108,1,0,0.0,4.6913478822291435,0.6931471805599453,0.0,0.258819045102521,-0.9659258262890682,-0.9749279121818236,-0.2225209339563146,0.0
2015-06-13 12:00:00+00:00,175,4,0,0.0,5.170483995038151,1.6094379124341003,0.0,1.2246467991473532e-16,-1.0,-0.9749279121818236,-0.2225209339563146,0.0
2015-06-13 13:00:00+00:00,272,4,0,0.0,5.60947179518496,1.6094379124341003,0.0,-0.2588190451025208,-0.9659258262890683,-0.9749279121818236,-0.2225209339563146,0.0
2015-06-13 14:00:00+00:00,382,9,1,1.0,5.948034989180646,2.302585092994046,0.6931471805599453,-0.4999999999999998,-0.8660254037844388,-0.9749279121818236,-0.2225209339563146,0.6931471805599453
2015-06-13 15:00:00+00:00,590,32,1,1.0,6.3818160174060985,3.4965075614664802,0.6931471805599453,-0.7071067811865471,-0.7071067811865479,-0.9749279121818236,-0.2225209339563146,0.6931471805599453
2015-06-13 16:00:00+00:00,792,13,3,3.0,6.675823221634848,2.6390573296152584,1.3862943611198906,-0.8660254037844384,-0.5000000000000004,-0.9749279121818236,-0.2225209339563146,1.3862943611198906
2015-06-13 17:00:00+00:00,758,18,4,4.0,6.63200177739563,2.9444389791664403,1.6094379124341003,-0.9659258262890683,-0.25881904510252063,-0.9749279121818236,-0.2225209339563146,1.6094379124341003
2015-06-13 18:00:00+00:00,829,14,1,1.0,6.721425700790643,2.70805020110221,0.6931471805599453,-1.0,-1.8369701987210297e-16,-0.9749279121818236,-0.2225209339563146,0.6931471805599453
2015-06-13 19:00:00+00:00,565,8,2,2.0,6.338594078203183,2.1972245773362196,1.0986122886681098,-0.9659258262890684,0.2588190451025203,-0.9749279121818236,-0.2225209339563146,1.0986122886681098
2015-06-13 20:00:00+00:00,316,6,2,2.0,5.75890177387728,1.9459101490553132,1.0986122886681098,-0.8660254037844386,0.5000000000000001,-0.9749279121818236,-0.2225209339563146,1.0986122886681098
2015-06-13 21:00:00+00:00,340,9,6,6.0,5.831882477283517,2.302585092994046,1.9459101490553132,-0.7071067811865477,0.7071067811865474,-0.9749279121818236,-0.2225209339563146,1.9459101490553132
2015-06-13 22:00:00+00:00,361,20,2,2.0,5.8916442118257715,3.044522437723423,1.0986122886681098,-0.5000000000000004,0.8660254037844384,-0.9749279121818236,-0.2225209339563146,1.0986122886681098
2015-06-13 23:00:00+00:00,496,5,3,3.0,6.208590026096629,1.791759469228055,1.3862943611198906,-0.25881904510252157,0.9659258262890681,-0.9749279121818236,-0.2225209339563146,1.3862943611198906
2015-06-14 00:00:00+00:00,456,12,4,4.0,6.124683390894205,2.5649493574615367,1.6094379124341003,0.0,1.0,-0.7818314824680299,0.6234898018587334,1.6094379124341003
2015-06-14 01:00:00+00:00,448,10,3,3.0,6.1070228877422545,2.3978952727983707,1.3862943611198906,0.25881904510252074,0.9659258262890683,-0.7818314824680299,0.6234898018587334,1.3862943611198906
2015-06-14 02:00:00+00:00,425,9,3,3.0,6.054439346269371,2.302585092994046,1.3862943611198906,0.49999999999999994,0.8660254037844387,-0.7818314824680299,0.6234898018587334,1.3862943611198906
2015-06-14 03:00:00+00:00,440,14,0,0.0,6.089044875446846,2.70805020110221,0.0,0.7071067811865475,0.7071067811865476,-0.7818314824680299,0.6234898018587334,0.0
2015-06-14 04:00:00+00:00,758,30,2,2.0,6.63200177739563,3.4339872044851463,1.0986122886681098,0.8660254037844386,0.5000000000000001,-0.7818314824680299,0.6234898018587334,1.0986122886681098
2015-06-14 05:00:00+00:00,822,36,8,8.0,6.71295620067707,3.6109179126442243,2.1972245773362196,0.9659258262890683,0.25881904510252074,-0.7818314824680299,0.6234898018587334,2.1972245773362196
2015-06-14 06:00:00+00:00,534,10,4,4.0,6.282266746896006,2.3978952727983707,1.6094379124341003,1.0,6.123233995736766e-17,-0.7818314824680299,0.6234898018587334,1.6094379124341003
2015-06-14 07:00:00+00:00,285,13,14,14.0,5.655991810819852,2.6390573296152584,2.70805020110221,0.9659258262890683,-0.25881904510252063,-0.7818314824680299,0.6234898018587334,2.70805020110221
2015-06-14 08:00:00+00:00,213,0,0,0.0,5.365976015021851,0.0,0.0,0.8660254037844387,-0.49999999999999983,-0.7818314824680299,0.6234898018587334,0.0
2015-06-14 09:00:00+00:00,139,1,0,0.0,4.941642422609304,0.6931471805599453,0.0,0.7071067811865476,-0.7071067811865475,-0.7818314824680299,0.6234898018587334,0.0
2015-06-14 10:00:00+00:00,87,3,0,0.0,4.477336814478207,1.3862943611198906,0.0,0.49999999999999994,-0.8660254037844387,-0.7818314824680299,0.6234898018587334,0.0
2015-06-14 11:00:00+00:00,102,3,0,0.0,4.634728988229636,1.3862943611198906,0.0,0.258819045102521,-0.9659258262890682,-0.7818314824680299,0.6234898018587334,0.0
2015-06-14 12:00:00+00:00,176,5,4,4.0,5.176149732573829,1.791759469228055,1.6094379124341003,1.2246467991473532e-16,-1.0,-0.7818314824680299,0.6234898018587334,1.6094379124341003
2015-06-14 13:00:00+00:00,276,8,1,1.0,5.6240175061873385,2.1972245773362196,0.6931471805599453,-0.2588190451025208,-0.9659258262890683,-0.7818314824680299,0.6234898018587334,0.6931471805599453
2015-06-14 14:00:00+00:00,408,9,0,0.0,6.013715156042802,2.302585092994046,0.0,-0.4999999999999998,-0.8660254037844388,-0.7818314824680299,0.6234898018587334,0.0
2015-06-14 15:00:00+00:00,663,15,8,8.0,6.498282149476434,2.772588722239781,2.1972245773362196,-0.7071067811865471,-0.7071067811865479,-0.7818314824680299,0.6234898018587334,2.1972245773362196
2015-06-14 16:00:00+00:00,764,19,6,6.0,6.639875833826536,2.995732273553991,1.9459101490553132,-0.8660254037844384,-0.5000000000000004,-0.7818314824680299,0.6234898018587334,1.9459101490553132
2015-06-14 17:00:00+00:00,854,10,4,4.0,6.75110146893676,2.3978952727983707,1.6094379124341003,-0.9659258262890683,-0.25881904510252063,-0.7818314824680299,0.6234898018587334,1.6094379124341003
2015-06-14 18:00:00+00:00,988,25,4,4.0,6.8966943316227125,3.258096538021482,1.6094379124341003,-1.0,-1.8369701987210297e-16,-0.7818314824680299,0.6234898018587334,1.6094379124341003
2015-06-14 19:00:00+00:00,1099,38,9,9.0,7.003065458786462,3.6635616461296463,2.302585092994046,-0.9659258262890684,0.2588190451025203,-0.7818314824680299,0.6234898018587334,2.302585092994046
2015-06-14 20:00:00+00:00,929,20,16,16.0,6.835184586147301,3.044522437723423,2.833213344056216,-0.8660254037844386,0.5000000000000001,-0.7818314824680299,0.6234898018587334,2.833213344056216
2015-06-14 21:00:00+00:00,987,18,8,8.0,6.895682697747868,2.9444389791664403,2.1972245773362196,-0.7071067811865477,0.7071067811865474,-0.7818314824680299,0.6234898018587334,2.1972245773362196
2015-06-14 22:00:00+00:00,934,34,6,6.0,6.840546529288687,3.5553480614894135,1.9459101490553132,-0.5000000000000004,0.8660254037844384,-0.7818314824680299,0.6234898018587334,1.9459101490553132
2015-06-14 23:00:00+00:00,903,11,4,4.0,6.806829360392176,2.4849066497880004,1.6094379124341003,-0.25881904510252157,0.9659258262890681,-0.7818314824680299,0.6234898018587334,1.6094379124341003
2015-06-15 00:00:00+00:00,921,17,6,6.0,6.826545223556594,2.8903717578961645,1.9459101490553132,0.0,1.0,0.0,1.0,1.9459101490553132
2015-06-15 01:00:00+00:00,958,33,7,7.0,6.8658910748834385,3.5263605246161616,2.0794415416798357,0.25881904510252074,0.9659258262890683,0.0,1.0,2.0794415416798357
2015-06-15 02:00:00+00:00,1014,26,12,12.0,6.922643891475888,3.295836866004329,2.5649493574615367,0.49999999999999994,0.8660254037844387,0.0,1.0,2.5649493574615367
2015-06-15 03:00:00+00:00,999,22,8,8.0,6.907755278982137,3.1354942159291497,2.1972245773362196,0.7071067811865475,0.7071067811865476,0.0,1.0,2.1972245773362196
2015-06-15 04:00:00+00:00,1147,22,3,3.0,7.045776576879511,3.1354942159291497,1.3862943611198906,0.8660254037844386,0.5000000000000001,0.0,1.0,1.3862943611198906
2015-06-15 05:00:00+00:00,731,22,3,3.0,6.595780513961311,3.1354942159291497,1.3862943611198906,0.9659258262890683,0.25881904510252074,0.0,1.0,1.3862943611198906
2015-06-15 06:00:00+00:00,597,18,7,7.0,6.393590753950631,2.9444389791664403,2.0794415416798357,1.0,6.123233995736766e-17,0.0,1.0,2.0794415416798357
2015-06-15 07:00:00+00:00,247,6,1,1.0,5.5134287461649825,1.9459101490553132,0.6931471805599453,0.9659258262890683,-0.25881904510252063,0.0,1.0,0.6931471805599453
2015-06-15 08:00:00+00:00,217,6,0,0.0,5.384495062789089,1.9459101490553132,0.0,0.8660254037844387,-0.49999999999999983,0.0,1.0,0.0
2015-06-15 09:00:00+00:00,90,1,0,0.0,4.51085950651685,0.6931471805599453,0.0,0.7071067811865476,-0.7071067811865475,0.0,1.0,0.0
2015-06-15 10:00:00+00:00,130,1,0,0.0,4.875197323201151,0.6931471805599453,0.0,0.49999999999999994,-0.8660254037844387,0.0,1.0,0.0
2015-06-15 11:00:00+00:00,129,1,0,0.0,4.867534450455582,0.6931471805599453,0.0,0.258819045102521,-0.9659258262890682,0.0,1.0,0.0
2015-06-15 12:00:00+00:00,210,2,1,1.0,5.351858133476067,1.0986122886681098,0.6931471805599453,1.2246467991473532e-16,-1.0,0.0,1.0,0.6931471805599453
2015-06-15 13:00:00+00:00,350,11,0,0.0,5.860786223465865,2.4849066497880004,0.0,-0.2588190451025208,-0.9659258262890683,0.0,1.0,0.0
2015-06-15 14:00:00+00:00,660,17,2,2.0,6.493753839851686,2.8903717578961645,1.0986122886681098,-0.4999999999999998,-0.8660254037844388,0.0,1.0,1.0986122886681098
2015-06-15 15:00:00+00:00,1019,53,18,18.0,6.927557906278317,3.9889840465642745,2.9444389791664403,-0.7071067811865471,-0.7071067811865479,0.0,1.0,2.9444389791664403
2015-06-15 16:00:00+00:00,1200,39,14,14.0,7.0909098220799835,3.6888794541139363,2.70805020110221,-0.8660254037844384,-0.5000000000000004,0.0,1.0,2.70805020110221
2015-06-15 17:00:00+00:00,1428,52,28,28.0,7.264730177929867,3.970291913552122,3.367295829986474,-0.9659258262890683,-0.25881904510252063,0.0,1.0,3.367295829986474
2015-06-15 18:00:00+00:00,1535,63,12,12.0,7.336936913707618,4.1588830833596715,2.5649493574615367,-1.0,-1.8369701987210297e-16,0.0,1.0,2.5649493574615367
2015-06-15 19:00:00+00:00,1542,39,9,9.0,7.341483852363161,3.6888794541139363,2.302585092994046,-0.9659258262890684,0.2588190451025203,0.0,1.0,2.302585092994046
2015-06-15 20:00:00+00:00,1646,43,14,14.0,7.4067107301776405,3.784189633918261,2.70805020110221,-0.8660254037844386,0.5000000000000001,0.0,1.0,2.70805020110221
2015-06-15 21:00:00+00:00,1618,63,18,18.0,7.389563953677635,4.1588830833596715,2.9444389791664403,-0.7071067811865477,0.7071067811865474,0.0,1.0,2.9444389791664403
2015-06-15 22:00:00+00:00,1657,37,20,20.0,7.4133673356952405,3.6375861597263857,3.044522437723423,-0.5000000000000004,0.8660254037844384,0.0,1.0,3.044522437723423
2015-06-15 23:00:00+00:00,1406,30,8,8.0,7.249215057114389,3.4339872044851463,2.1972245773362196,-0.25881904510252157,0.9659258262890681,0.0,1.0,2.1972245773362196
2015-06-16 00:00:00+00:00,1178,35,13,13.0,7.072421900537371,3.58351893845611,2.6390573296152584,0.0,1.0,0.7818314824680298,0.6234898018587336,2.6390573296152584
2015-06-16 01:00:00+00:00,1210,41,21,21.0,7.099201743553092,3.7376696182833684,3.091042453358316,0.25881904510252074,0.9659258262890683,0.7818314824680298,0.6234898018587336,3.091042453358316
2015-06-16 02:00:00+00:00,1254,30,10,10.0,7.134890851565884,3.4339872044851463,2.3978952727983707,0.49999999999999994,0.8660254037844387,0.7818314824680298,0.6234898018587336,2.3978952727983707
2015-06-16 03:00:00+00:00,1132,26,9,9.0,7.0326242610280065,3.295836866004329,2.302585092994046,0.7071067811865475,0.7071067811865476,0.7818314824680298,0.6234898018587336,2.302585092994046
2015-06-16 04:00:00+00:00,1223,38,16,16.0,7.1098794630722715,3.6635616461296463,2.833213344056216,0.8660254037844386,0.5000000000000001,0.7818314824680298,0.6234898018587336,2.833213344056216
2015-06-16 05:00:00+00:00,1018,28,11,11.0,6.926577033222725,3.367295829986474,2.4849066497880004,0.9659258262890683,0.25881904510252074,0.7818314824680298,0.6234898018587336,2.4849066497880004
2015-06-16 06:00:00+00:00,574,20,1,1.0,6.354370040797351,3.044522437723423,0.6931471805599453,1.0,6.123233995736766e-17,0.7818314824680298,0.6234898018587336,0.6931471805599453
2015-06-16 07:00:00+00:00,341,5,1,1.0,5.834810737062605,1.791759469228055,0.6931471805599453,0.9659258262890683,-0.25881904510252063,0.7818314824680298,0.6234898018587336,0.6931471805599453
2015-06-16 08:00:00+00:00,150,12,1,1.0,5.017279836814924,2.5649493574615367,0.6931471805599453,0.8660254037844387,-0.49999999999999983,0.7818314824680298,0.6234898018587336,0.6931471805599453
2015-06-16 09:00:00+00:00,105,1,0,0.0,4.663439094112067,0.6931471805599453,0.0,0.7071067811865476,-0.7071067811865475,0.7818314824680298,0.6234898018587336,0.0
2015-06-16 10:00:00+00:00,130,1,1,1.0,4.875197323201151,0.6931471805599453,0.6931471805599453,0.49999999999999994,-0.8660254037844387,0.7818314824680298,0.6234898018587336,0.6931471805599453
2015-06-16 11:00:00+00:00,139,2,4,4.0,4.941642422609304,1.0986122886681098,1.6094379124341003,0.258819045102521,-0.9659258262890682,0.7818314824680298,0.6234898018587336,1.6094379124341003
2015-06-16 12:00:00+00:00,212,14,0,0.0,5.3612921657094255,2.70805020110221,0.0,1.2246467991473532e-16,-1.0,0.7818314824680298,0.6234898018587336,0.0
2015-06-16 13:00:00+00:00,364,10,0,0.0,5.8998973535824915,2.3978952727983707,0.0,-0.2588190451025208,-0.9659258262890683,0.7818314824680298,0.6234898018587336,0.0
2015-06-16 14:00:00+00:00,661,39,9,9.0,6.495265555937008,3.6888794541139363,2.302585092994046,-0.4999999999999998,-0.8660254037844388,0.7818314824680298,0.6234898018587336,2.302585092994046
2015-06-16 15:00:00+00:00,1114,34,14,14.0,7.016609683894219,3.5553480614894135,2.70805020110221,-0.7071067811865471,-0.7071067811865479,0.7818314824680298,0.6234898018587336,2.70805020110221
2015-06-16 16:00:00+00:00,1266,52,10,10.0,7.144407180321139,3.970291913552122,2.3978952727983707,-0.8660254037844384,-0.5000000000000004,0.7818314824680298,0.6234898018587336,2.3978952727983707
2015-06-16 17:00:00+00:00,1547,58,8,8.0,7.344719054149673,4.07753744390572,2.1972245773362196,-0.9659258262890683,-0.25881904510252063,0.7818314824680298,0.6234898018587336,2.1972245773362196
2015-06-16 18:00:00+00:00,1632,67,31,31.0,7.398174092970465,4.219507705176107,3.4657359027997265,-1.0,-1.8369701987210297e-16,0.7818314824680298,0.6234898018587336,3.4657359027997265
2015-06-16 19:00:00+00:00,1719,79,37,37.0,7.450079569807499,4.382026634673881,3.6375861597263857,-0.9659258262890684,0.2588190451025203,0.7818314824680298,0.6234898018587336,3.6375861597263857
2015-06-16 20:00:00+00:00,1722,54,19,19.0,7.45182223652793,4.007333185232471,2.995732273553991,-0.8660254037844386,0.5000000000000001,0.7818314824680298,0.6234898018587336,2.995732273553991
2015-06-16 21:00:00+00:00,1766,56,23,23.0,7.4770384723196965,4.04305126783455,3.1780538303479458,-0.7071067811865477,0.7071067811865474,0.7818314824680298,0.6234898018587336,3.1780538303479458
2015-06-16 22:00:00+00:00,1578,47,18,18.0,7.364547014255642,3.871201010907891,2.9444389791664403,-0.5000000000000004,0.8660254037844384,0.7818314824680298,0.6234898018587336,2.9444389791664403
2015-06-16 23:00:00+00:00,1554,50,19,19.0,7.349230824613334,3.9318256327243257,2.995732273553991,-0.25881904510252157,0.9659258262890681,0.7818314824680298,0.6234898018587336,2.995732273553991
2015-06-17 00:00:00+00:00,1183,49,13,13.0,7.076653815443951,3.912023005428146,2.6390573296152584,0.0,1.0,0.9749279121818236,-0.22252093395631434,2.6390573296152584
2015-06-17 01:00:00+00:00,1045,33,8,8.0,6.952728644624869,3.5263605246161616,2.1972245773362196,0.25881904510252074,0.9659258262890683,0.9749279121818236,-0.22252093395631434,2.1972245773362196
2015-06-17 02:00:00+00:00,1236,32,14,14.0,7.1204443723924875,3.4965075614664802,2.70805020110221,0.49999999999999994,0.8660254037844387,0.9749279121818236,-0.22252093395631434,2.70805020110221
2015-06-17 03:00:00+00:00,1336,31,12,12.0,7.198183577101943,3.4657359027997265,2.5649493574615367,0.7071067811865475,0.7071067811865476,0.9749279121818236,-0.22252093395631434,2.5649493574615367
2015-06-17 04:00:00+00:00,1469,30,5,5.0,7.293017679772782,3.4339872044851463,1.791759469228055,0.8660254037844386,0.5000000000000001,0.9749279121818236,-0.22252093395631434,1.791759469228055
2015-06-17 05:00:00+00:00,1076,43,27,27.0,6.981934677156389,3.784189633918261,3.332204510175204,0.9659258262890683,0.25881904510252074,0.9749279121818236,-0.22252093395631434,3.332204510175204
2015-06-17 06:00:00+00:00,642,21,8,8.0,6.466144724237619,3.091042453358316,2.1972245773362196,1.0,6.123233995736766e-17,0.9749279121818236,-0.22252093395631434,2.1972245773362196
2015-06-17 07:00:00+00:00,361,9,3,3.0,5.8916442118257715,2.302585092994046,1.3862943611198906,0.9659258262890683,-0.25881904510252063,0.9749279121818236,-0.22252093395631434,1.3862943611198906
2015-06-17 08:00:00+00:00,166,7,0,0.0,5.117993812416755,2.0794415416798357,0.0,0.8660254037844387,-0.49999999999999983,0.9749279121818236,-0.22252093395631434,0.0
2015-06-17 09:00:00+00:00,128,8,0,0.0,4.859812404361672,2.1972245773362196,0.0,0.7071067811865476,-0.7071067811865475,0.9749279121818236,-0.22252093395631434,0.0
2015-06-17 10:00:00+00:00,89,1,1,1.0,4.499809670330265,0.6931471805599453,0.6931471805599453,0.49999999999999994,-0.8660254037844387,0.9749279121818236,-0.22252093395631434,0.6931471805599453
2015-06-17 11:00:00+00:00,174,4,0,0.0,5.1647859739235145,1.6094379124341003,0.0,0.258819045102521,-0.9659258262890682,0.9749279121818236,-0.22252093395631434,0.0
2015-06-17 12:00:00+00:00,224,3,0,0.0,5.41610040220442,1.3862943611198906,0.0,1.2246467991473532e-16,-1.0,0.9749279121818236,-0.22252093395631434,0.0
2015-06-17 13:00:00+00:00,366,6,0,0.0,5.905361848054571,1.9459101490553132,0.0,-0.2588190451025208,-0.9659258262890683,0.9749279121818236,-0.22252093395631434,0.0
2015-06-17 14:00:00+00:00,653,15,1,1.0,6.483107351457199,2.772588722239781,0.6931471805599453,-0.4999999999999998,-0.8660254037844388,0.9749279121818236,-0.22252093395631434,0.6931471805599453
2015-06-17 15:00:00+00:00,1103,34,8,8.0,7.00669522683704,3.5553480614894135,2.1972245773362196,-0.7071067811865471,-0.7071067811865479,0.9749279121818236,-0.22252093395631434,2.1972245773362196
2015-06-17 16:00:00+00:00,1437,53,38,38.0,7.271008538280992,3.9889840465642745,3.6635616461296463,-0.8660254037844384,-0.5000000000000004,0.9749279121818236,-0.22252093395631434,3.6635616461296463
2015-06-17 17:00:00+00:00,1605,49,19,19.0,7.381501894506707,3.912023005428146,2.995732273553991,-0.9659258262890683,-0.25881904510252063,0.9749279121818236,-0.22252093395631434,2.995732273553991
2015-06-17 18:00:00+00:00,1516,46,20,20.0,7.324489979348532,3.8501476017100584,3.044522437723423,-1.0,-1.8369701987210297e-16,0.9749279121818236,-0.22252093395631434,3.044522437723423
2015-06-17 19:00:00+00:00,1541,49,30,30.0,7.340835554123275,3.912023005428146,3.4339872044851463,-0.9659258262890684,0.2588190451025203,0.9749279121818236,-0.22252093395631434,3.4339872044851463
2015-06-17 20:00:00+00:00,1464,27,16,16.0,7.289610521451167,3.332204510175204,2.833213344056216,-0.8660254037844386,0.5000000000000001,0.9749279121818236,-0.22252093395631434,2.833213344056216
2015-06-17 21:00:00+00:00,1487,54,19,19.0,7.305188215393037,4.007333185232471,2.995732273553991,-0.7071067811865477,0.7071067811865474,0.9749279121818236,-0.22252093395631434,2.995732273553991
2015-06-17 22:00:00+00:00,1442,33,14,14.0,7.274479558773871,3.5263605246161616,2.70805020110221,-0.5000000000000004,0.8660254037844384,0.9749279121818236,-0.22252093395631434,2.70805020110221
2015-06-17 23:00:00+00:00,1205,37,13,13.0,7.095064377287131,3.6375861597263857,2.6390573296152584,-0.25881904510252157,0.9659258262890681,0.9749279121818236,-0.22252093395631434,2.6390573296152584
2015-06-18 00:00:00+00:00,1204,39,15,15.0,7.094234845924755,3.6888794541139363,2.772588722239781,0.0,1.0,0.43388373911755823,-0.900968867902419,2.772588722239781
2015-06-18 01:00:00+00:00,1220,23,8,8.0,7.107425474110705,3.1780538303479458,2.1972245773362196,0.25881904510252074,0.9659258262890683,0.43388373911755823,-0.900968867902419,2.1972245773362196
2015-06-18 02:00:00+00:00,1184,31,6,6.0,7.077498053569231,3.4657359027997265,1.9459101490553132,0.49999999999999994,0.8660254037844387,0.43388373911755823,-0.900968867902419,1.9459101490553132
2015-06-18 03:00:00+00:00,1260,27,11,11.0,7.13966033596492,3.332204510175204,2.4849066497880004,0.7071067811865475,0.7071067811865476,0.43388373911755823,-0.900968867902419,2.4849066497880004
2015-06-18 04:00:00+00:00,1283,36,7,7.0,7.157735484249907,3.6109179126442243,2.0794415416798357,0.8660254037844386,0.5000000000000001,0.43388373911755823,-0.900968867902419,2.0794415416798357
2015-06-18 05:00:00+00:00,1053,40,15,15.0,6.960347729101308,3.713572066704308,2.772588722239781,0.9659258262890683,0.25881904510252074,0.43388373911755823,-0.900968867902419,2.772588722239781
2015-06-18 06:00:00+00:00,609,12,2,2.0,6.413458957167357,2.5649493574615367,1.0986122886681098,1.0,6.123233995736766e-17,0.43388373911755823,-0.900968867902419,1.0986122886681098
2015-06-18 07:00:00+00:00,361,11,0,0.0,5.8916442118257715,2.4849066497880004,0.0,0.9659258262890683,-0.25881904510252063,0.43388373911755823,-0.900968867902419,0.0
2015-06-18 08:00:00+00:00,142,2,0,0.0,4.962844630259907,1.0986122886681098,0.0,0.8660254037844387,-0.49999999999999983,0.43388373911755823,-0.900968867902419,0.0
2015-06-18 09:00:00+00:00,129,1,1,1.0,4.867534450455582,0.6931471805599453,0.6931471805599453,0.7071067811865476,-0.7071067811865475,0.43388373911755823,-0.900968867902419,0.6931471805599453
2015-06-18 10:00:00+00:00,99,4,1,1.0,4.605170185988092,1.6094379124341003,0.6931471805599453,0.49999999999999994,-0.8660254037844387,0.43388373911755823,-0.900968867902419,0.6931471805599453
2015-06-18 11:00:00+00:00,131,3,0,0.0,4.882801922586371,1.3862943611198906,0.0,0.258819045102521,-0.9659258262890682,0.43388373911755823,-0.900968867902419,0.0
2015-06-18 12:00:00+00:00,232,20,1,1.0,5.4510384535657,3.044522437723423,0.6931471805599453,1.2246467991473532e-16,-1.0,0.43388373911755823,-0.900968867902419,0.6931471805599453
2015-06-18 13:00:00+00:00,393,17,6,6.0,5.976350909297934,2.8903717578961645,1.9459101490553132,-0.2588190451025208,-0.9659258262890683,0.43388373911755823,-0.900968867902419,1.9459101490553132
2015-06-18 14:00:00+00:00,611,4,0,0.0,6.416732282512326,1.6094379124341003,0.0,-0.4999999999999998,-0.8660254037844388,0.43388373911755823,-0.900968867902419,0.0
2015-06-18 15:00:00+00:00,1031,23,4,4.0,6.939253946041508,3.1780538303479458,1.6094379124341003,-0.7071067811865471,-0.7071067811865479,0.43388373911755823,-0.900968867902419,1.6094379124341003
2015-06-18 16:00:00+00:00,1386,54,27,27.0,7.234898420314831,4.007333185232471,3.332204510175204,-0.8660254037844384,-0.5000000000000004,0.43388373911755823,-0.900968867902419,3.332204510175204
2015-06-18 17:00:00+00:00,1417,46,37,37.0,7.257002707092073,3.8501476017100584,3.6375861597263857,-0.9659258262890683,-0.25881904510252063,0.43388373911755823,-0.900968867902419,3.6375861597263857
2015-06-18 18:00:00+00:00,1620,49,21,21.0,7.390798521735676,3.912023005428146,3.091042453358316,-1.0,-1.8369701987210297e-16,0.43388373911755823,-0.900968867902419,3.091042453358316
2015-06-18 19:00:00+00:00,1481,31,6,6.0,7.301147805856032,3.4657359027997265,1.9459101490553132,-0.9659258262890684,0.2588190451025203,0.43388373911755823,-0.900968867902419,1.9459101490553132
2015-06-18 20:00:00+00:00,1426,41,17,17.0,7.2633296174768365,3.7376696182833684,2.8903717578961645,-0.8660254037844386,0.5000000000000001,0.43388373911755823,-0.900968867902419,2.8903717578961645
2015-06-18 21:00:00+00:00,1436,60,15,15.0,7.270312886079025,4.110873864173311,2.772588722239781,-0.7071067811865477,0.7071067811865474,0.43388373911755823,-0.900968867902419,2.772588722239781
2015-06-18 22:00:00+00:00,1422,89,10,10.0,7.260522598089852,4.499809670330265,2.3978952727983707,-0.5000000000000004,0.8660254037844384,0.43388373911755823,-0.900968867902419,2.3978952727983707
2015-06-18 23:00:00+00:00,1272,37,10,10.0,7.149131598557407,3.6375861597263857,2.3978952727983707,-0.25881904510252157,0.9659258262890681,0.43388373911755823,-0.900968867902419,2.3978952727983707
2015-06-19 00:00:00+00:00,1087,27,6,6.0,6.992096427415888,3.332204510175204,1.9459101490553132,0.0,1.0,-0.433883739117558,-0.9009688679024191,1.9459101490553132
2015-06-19 01:00:00+00:00,1003,14,3,3.0,6.911747300251674,2.70805020110221,1.3862943611198906,0.25881904510252074,0.9659258262890683,-0.433883739117558,-0.9009688679024191,1.3862943611198906
2015-06-19 02:00:00+00:00,988,27,6,6.0,6.8966943316227125,3.332204510175204,1.9459101490553132,0.49999999999999994,0.8660254037844387,-0.433883739117558,-0.9009688679024191,1.9459101490553132
2015-06-19 03:00:00+00:00,1223,33,12,12.0,7.1098794630722715,3.5263605246161616,2.5649493574615367,0.7071067811865475,0.7071067811865476,-0.433883739117558,-0.9009688679024191,2.5649493574615367
2015-06-19 04:00:00+00:00,1156,29,4,4.0,7.053585727193677,3.4011973816621555,1.6094379124341003,0.8660254037844386,0.5000000000000001,-0.433883739117558,-0.9009688679024191,1.6094379124341003
2015-06-19 05:00:00+00:00,941,20,2,2.0,6.848005274576363,3.044522437723423,1.0986122886681098,0.9659258262890683,0.25881904510252074,-0.433883739117558,-0.9009688679024191,1.0986122886681098
2015-06-19 06:00:00+00:00,590,17,1,1.0,6.3818160174060985,2.8903717578961645,0.6931471805599453,1.0,6.123233995736766e-17,-0.433883739117558,-0.9009688679024191,0.6931471805599453
2015-06-19 07:00:00+00:00,310,14,1,1.0,5.739792912179234,2.70805020110221,0.6931471805599453,0.9659258262890683,-0.25881904510252063,-0.433883739117558,-0.9009688679024191,0.6931471805599453
2015-06-19 08:00:00+00:00,160,3,0,0.0,5.081404364984463,1.3862943611198906,0.0,0.8660254037844387,-0.49999999999999983,-0.433883739117558,-0.9009688679024191,0.0
2015-06-19 09:00:00+00:00,141,1,0,0.0,4.955827057601261,0.6931471805599453,0.0,0.7071067811865476,-0.7071067811865475,-0.433883739117558,-0.9009688679024191,0.0
2015-06-19 10:00:00+00:00,124,3,0,0.0,4.8283137373023015,1.3862943611198906,0.0,0.49999999999999994,-0.8660254037844387,-0.433883739117558,-0.9009688679024191,0.0
2015-06-19 11:00:00+00:00,141,1,1,1.0,4.955827057601261,0.6931471805599453,0.6931471805599453,0.258819045102521,-0.9659258262890682,-0.433883739117558,-0.9009688679024191,0.6931471805599453
2015-06-19 12:00:00+00:00,197,4,1,1.0,5.288267030694535,1.6094379124341003,0.6931471805599453,1.2246467991473532e-16,-1.0,-0.433883739117558,-0.9009688679024191,0.6931471805599453
2015-06-19 13:00:00+00:00,449,12,3,3.0,6.1092475827643655,2.5649493574615367,1.3862943611198906,-0.2588190451025208,-0.9659258262890683,-0.433883739117558,-0.9009688679024191,1.3862943611198906
2015-06-19 14:00:00+00:00,658,7,3,3.0,6.490723534502507,2.0794415416798357,1.3862943611198906,-0.4999999999999998,-0.8660254037844388,-0.433883739117558,-0.9009688679024191,1.3862943611198906
2015-06-19 15:00:00+00:00,924,17,9,9.0,6.829793737512425,2.8903717578961645,2.302585092994046,-0.7071067811865471,-0.7071067811865479,-0.433883739117558,-0.9009688679024191,2.302585092994046
2015-06-19 16:00:00+00:00,1166,32,7,7.0,7.062191632286556,3.4965075614664802,2.0794415416798357,-0.8660254037844384,-0.5000000000000004,-0.433883739117558,-0.9009688679024191,2.0794415416798357
2015-06-19 17:00:00+00:00,1236,36,22,22.0,7.1204443723924875,3.6109179126442243,3.1354942159291497,-0.9659258262890683,-0.25881904510252063,-0.433883739117558,-0.9009688679024191,3.1354942159291497
2015-06-19 18:00:00+00:00,1344,29,11,11.0,7.20414929203594,3.4011973816621555,2.4849066497880004,-1.0,-1.8369701987210297e-16,-0.433883739117558,-0.9009688679024191,2.4849066497880004
2015-06-19 19:00:00+00:00,1376,29,16,16.0,7.227662498728654,3.4011973816621555,2.833213344056216,-0.9659258262890684,0.2588190451025203,-0.433883739117558,-0.9009688679024191,2.833213344056216
2015-06-19 20:00:00+00:00,1255,28,16,16.0,7.135687347028144,3.367295829986474,2.833213344056216,-0.8660254037844386,0.5000000000000001,-0.433883739117558,-0.9009688679024191,2.833213344056216
2015-06-19 21:00:00+00:00,1383,46,21,21.0,7.232733136177615,3.8501476017100584,3.091042453358316,-0.7071067811865477,0.7071067811865474,-0.433883739117558,-0.9009688679024191,3.091042453358316
2015-06-19 22:00:00+00:00,1169,42,9,9.0,7.064759027791802,3.7612001156935624,2.302585092994046,-0.5000000000000004,0.8660254037844384,-0.433883739117558,-0.9009688679024191,2.302585092994046
2015-06-19 23:00:00+00:00,940,21,12,12.0,6.846943139585379,3.091042453358316,2.5649493574615367,-0.25881904510252157,0.9659258262890681,-0.433883739117558,-0.9009688679024191,2.5649493574615367
2015-06-20 00:00:00+00:00,882,10,1,1.0,6.78332520060396,2.3978952727983707,0.6931471805599453,0.0,1.0,-0.9749279121818236,-0.2225209339563146,0.6931471805599453
2015-06-20 01:00:00+00:00,887,43,13,13.0,6.78897174299217,3.784189633918261,2.6390573296152584,0.25881904510252074,0.9659258262890683,-0.9749279121818236,-0.2225209339563146,2.6390573296152584
2015-06-20 02:00:00+00:00,895,14,3,3.0,6.79794041297493,2.70805020110221,1.3862943611198906,0.49999999999999994,0.8660254037844387,-0.9749279121818236,-0.2225209339563146,1.3862943611198906
2015-06-20 03:00:00+00:00,900,12,6,6.0,6.803505257608338,2.5649493574615367,1.9459101490553132,0.7071067811865475,0.7071067811865476,-0.9749279121818236,-0.2225209339563146,1.9459101490553132
2015-06-20 04:00:00+00:00,932,10,4,4.0,6.838405200847344,2.3978952727983707,1.6094379124341003,0.8660254037844386,0.5000000000000001,-0.9749279121818236,-0.2225209339563146,1.6094379124341003
2015-06-20 05:00:00+00:00,772,12,1,1.0,6.650279048587422,2.5649493574615367,0.6931471805599453,0.9659258262890683,0.25881904510252074,-0.9749279121818236,-0.2225209339563146,0.6931471805599453
2015-06-20 06:00:00+00:00,586,15,5,5.0,6.375024819828097,2.772588722239781,1.791759469228055,1.0,6.123233995736766e-17,-0.9749279121818236,-0.2225209339563146,1.791759469228055
2015-06-20 07:00:00+00:00,294,3,0,0.0,5.68697535633982,1.3862943611198906,0.0,0.9659258262890683,-0.25881904510252063,-0.9749279121818236,-0.2225209339563146,0.0
2015-06-20 08:00:00+00:00,184,1,0,0.0,5.220355825078324,0.6931471805599453,0.0,0.8660254037844387,-0.49999999999999983,-0.9749279121818236,-0.2225209339563146,0.0
2015-06-20 09:00:00+00:00,102,6,0,0.0,4.634728988229636,1.9459101490553132,0.0,0.7071067811865476,-0.7071067811865475,-0.9749279121818236,-0.2225209339563146,0.0
2015-06-20 10:00:00+00:00,96,3,0,0.0,4.574710978503383,1.3862943611198906,0.0,0.49999999999999994,-0.8660254037844387,-0.9749279121818236,-0.2225209339563146,0.0
2015-06-20 11:00:00+00:00,95,0,0,0.0,4.564348191467836,0.0,0.0,0.258819045102521,-0.9659258262890682,-0.9749279121818236,-0.2225209339563146,0.0
2015-06-20 12:00:00+00:00,140,9,0,0.0,4.948759890378168,2.302585092994046,0.0,1.2246467991473532e-16,-1.0,-0.9749279121818236,-0.2225209339563146,0.0
2015-06-20 13:00:00+00:00,232,10,0,0.0,5.4510384535657,2.3978952727983707,0.0,-0.2588190451025208,-0.9659258262890683,-0.9749279121818236,-0.2225209339563146,0.0
2015-06-20 14:00:00+00:00,367,6,14,14.0,5.908082938168931,1.9459101490553132,2.70805020110221,-0.4999999999999998,-0.8660254037844388,-0.9749279121818236,-0.2225209339563146,2.70805020110221
2015-06-20 15:00:00+00:00,633,17,2,2.0,6.452048954437226,2.8903717578961645,1.0986122886681098,-0.7071067811865471,-0.7071067811865479,-0.9749279121818236,-0.2225209339563146,1.0986122886681098
2015-06-20 16:00:00+00:00,847,19,8,8.0,6.742880635791903,2.995732273553991,2.1972245773362196,-0.8660254037844384,-0.5000000000000004,-0.9749279121818236,-0.2225209339563146,2.1972245773362196
2015-06-20 17:00:00+00:00,852,14,5,5.0,6.748759547491679,2.70805020110221,1.791759469228055,-0.9659258262890683,-0.25881904510252063,-0.9749279121818236,-0.2225209339563146,1.791759469228055
2015-06-20 18:00:00+00:00,900,17,6,6.0,6.803505257608338,2.8903717578961645,1.9459101490553132,-1.0,-1.8369701987210297e-16,-0.9749279121818236,-0.2225209339563146,1.9459101490553132
2015-06-20 19:00:00+00:00,981,56,5,5.0,6.889591308354466,4.04305126783455,1.791759469228055,-0.9659258262890684,0.2588190451025203,-0.9749279121818236,-0.2225209339563146,1.791759469228055
2015-06-20 20:00:00+00:00,955,71,11,11.0,6.862757913051401,4.276666119016055,2.4849066497880004,-0.8660254037844386,0.5000000000000001,-0.9749279121818236,-0.2225209339563146,2.4849066497880004
2015-06-20 21:00:00+00:00,863,21,19,19.0,6.761572768804055,3.091042453358316,2.995732273553991,-0.7071067811865477,0.7071067811865474,-0.9749279121818236,-0.2225209339563146,2.995732273553991
2015-06-20 22:00:00+00:00,773,14,2,2.0,6.651571873589727,2.70805020110221,1.0986122886681098,-0.5000000000000004,0.8660254037844384,-0.9749279121818236,-0.2225209339563146,1.0986122886681098
2015-06-20 23:00:00+00:00,885,18,6,6.0,6.786716950605081,2.9444389791664403,1.9459101490553132,-0.25881904510252157,0.9659258262890681,-0.9749279121818236,-0.2225209339563146,1.9459101490553132
2015-06-21 00:00:00+00:00,853,20,4,4.0,6.74993119378857,3.044522437723423,1.6094379124341003,0.0,1.0,-0.7818314824680299,0.6234898018587334,1.6094379124341003
2015-06-21 01:00:00+00:00,843,17,10,10.0,6.738152494595957,2.8903717578961645,2.3978952727983707,0.25881904510252074,0.9659258262890683,-0.7818314824680299,0.6234898018587334,2.3978952727983707
2015-06-21 02:00:00+00:00,845,9,3,3.0,6.740519359606223,2.302585092994046,1.3862943611198906,0.49999999999999994,0.8660254037844387,-0.7818314824680299,0.6234898018587334,1.3862943611198906
2015-06-21 03:00:00+00:00,848,18,4,4.0,6.744059186311348,2.9444389791664403,1.6094379124341003,0.7071067811865475,0.7071067811865476,-0.7818314824680299,0.6234898018587334,1.6094379124341003
2015-06-21 04:00:00+00:00,829,20,1,1.0,6.721425700790643,3.044522437723423,0.6931471805599453,0.8660254037844386,0.5000000000000001,-0.7818314824680299,0.6234898018587334,0.6931471805599453
2015-06-21 05:00:00+00:00,698,16,2,2.0,6.54965074223381,2.833213344056216,1.0986122886681098,0.9659258262890683,0.25881904510252074,-0.7818314824680299,0.6234898018587334,1.0986122886681098
2015-06-21 06:00:00+00:00,585,19,4,4.0,6.373319789577012,2.995732273553991,1.6094379124341003,1.0,6.123233995736766e-17,-0.7818314824680299,0.6234898018587334,1.6094379124341003
2015-06-21 07:00:00+00:00,283,15,0,0.0,5.648974238161206,2.772588722239781,0.0,0.9659258262890683,-0.25881904510252063,-0.7818314824680299,0.6234898018587334,0.0
2015-06-21 08:00:00+00:00,173,6,0,0.0,5.159055299214529,1.9459101490553132,0.0,0.8660254037844387,-0.49999999999999983,-0.7818314824680299,0.6234898018587334,0.0
2015-06-21 09:00:00+00:00,94,0,0,0.0,4.553876891600541,0.0,0.0,0.7071067811865476,-0.7071067811865475,-0.7818314824680299,0.6234898018587334,0.0
2015-06-21 10:00:00+00:00,68,1,0,0.0,4.23410650459726,0.6931471805599453,0.0,0.49999999999999994,-0.8660254037844387,-0.7818314824680299,0.6234898018587334,0.0
2015-06-21 11:00:00+00:00,138,3,2,2.0,4.9344739331306915,1.3862943611198906,1.0986122886681098,0.258819045102521,-0.9659258262890682,-0.7818314824680299,0.6234898018587334,1.0986122886681098
2015-06-21 12:00:00+00:00,161,2,2,2.0,5.087596335232384,1.0986122886681098,1.0986122886681098,1.2246467991473532e-16,-1.0,-0.7818314824680299,0.6234898018587334,1.0986122886681098
2015-06-21 13:00:00+00:00,218,3,0,0.0,5.389071729816501,1.3862943611198906,0.0,-0.2588190451025208,-0.9659258262890683,-0.7818314824680299,0.6234898018587334,0.0
2015-06-21 14:00:00+00:00,426,9,1,1.0,6.056784013228625,2.302585092994046,0.6931471805599453,-0.4999999999999998,-0.8660254037844388,-0.7818314824680299,0.6234898018587334,0.6931471805599453
2015-06-21 15:00:00+00:00,511,11,5,5.0,6.238324625039508,2.4849066497880004,1.791759469228055,-0.7071067811865471,-0.7071067811865479,-0.7818314824680299,0.6234898018587334,1.791759469228055
2015-06-21 16:00:00+00:00,750,13,4,4.0,6.621405651764134,2.6390573296152584,1.6094379124341003,-0.8660254037844384,-0.5000000000000004,-0.7818314824680299,0.6234898018587334,1.6094379124341003
2015-06-21 17:00:00+00:00,884,20,3,3.0,6.785587645007929,3.044522437723423,1.3862943611198906,-0.9659258262890683,-0.25881904510252063,-0.7818314824680299,0.6234898018587334,1.3862943611198906
2015-06-21 18:00:00+00:00,973,38,6,6.0,6.881411303642535,3.6635616461296463,1.9459101490553132,-1.0,-1.8369701987210297e-16,-0.7818314824680299,0.6234898018587334,1.9459101490553132
2015-06-21 19:00:00+00:00,1005,27,5,5.0,6.913737350659685,3.332204510175204,1.791759469228055,-0.9659258262890684,0.2588190451025203,-0.7818314824680299,0.6234898018587334,1.791759469228055
2015-06-21 20:00:00+00:00,1001,24,7,7.0,6.90975328164481,3.2188758248682006,2.0794415416798357,-0.8660254037844386,0.5000000000000001,-0.7818314824680299,0.6234898018587334,2.0794415416798357
2015-06-21 21:00:00+00:00,1042,10,10,10.0,6.949856455000773,2.3978952727983707,2.3978952727983707,-0.7071067811865477,0.7071067811865474,-0.7818314824680299,0.6234898018587334,2.3978952727983707
2015-06-21 22:00:00+00:00,969,13,3,3.0,6.877296071497429,2.6390573296152584,1.3862943611198906,-0.5000000000000004,0.8660254037844384,-0.7818314824680299,0.6234898018587334,1.3862943611198906
2015-06-21 23:00:00+00:00,1019,17,7,7.0,6.927557906278317,2.8903717578961645,2.0794415416798357,-0.25881904510252157,0.9659258262890681,-0.7818314824680299,0.6234898018587334,2.0794415416798357
2015-06-22 00:00:00+00:00,1013,22,10,10.0,6.921658184151129,3.1354942159291497,2.3978952727983707,0.0,1.0,0.0,1.0,2.3978952727983707
2015-06-22 01:00:00+00:00,1077,25,9,9.0,6.982862751468942,3.258096538021482,2.302585092994046,0.25881904510252074,0.9659258262890683,0.0,1.0,2.302585092994046
2015-06-22 02:00:00+00:00,1005,26,16,16.0,6.913737350659685,3.295836866004329,2.833213344056216,0.49999999999999994,0.8660254037844387,0.0,1.0,2.833213344056216
2015-06-22 03:00:00+00:00,1094,37,5,5.0,6.9985096422506015,3.6375861597263857,1.791759469228055,0.7071067811865475,0.7071067811865476,0.0,1.0,1.791759469228055
2015-06-22 04:00:00+00:00,1166,19,4,4.0,7.062191632286556,2.995732273553991,1.6094379124341003,0.8660254037844386,0.5000000000000001,0.0,1.0,1.6094379124341003
2015-06-22 05:00:00+00:00,848,12,4,4.0,6.744059186311348,2.5649493574615367,1.6094379124341003,0.9659258262890683,0.25881904510252074,0.0,1.0,1.6094379124341003
2015-06-22 06:00:00+00:00,662,9,8,8.0,6.4967749901858625,2.302585092994046,2.1972245773362196,1.0,6.123233995736766e-17,0.0,1.0,2.1972245773362196
2015-06-22 07:00:00+00:00,333,7,4,4.0,5.811140992976701,2.0794415416798357,1.6094379124341003,0.9659258262890683,-0.25881904510252063,0.0,1.0,1.6094379124341003
2015-06-22 08:00:00+00:00,165,2,0,0.0,5.111987788356544,1.0986122886681098,0.0,0.8660254037844387,-0.49999999999999983,0.0,1.0,0.0
2015-06-22 09:00:00+00:00,134,3,0,0.0,4.90527477843843,1.3862943611198906,0.0,0.7071067811865476,-0.7071067811865475,0.0,1.0,0.0
2015-06-22 10:00:00+00:00,132,2,1,1.0,4.890349128221754,1.0986122886681098,0.6931471805599453,0.49999999999999994,-0.8660254037844387,0.0,1.0,0.6931471805599453
2015-06-22 11:00:00+00:00,176,4,0,0.0,5.176149732573829,1.6094379124341003,0.0,0.258819045102521,-0.9659258262890682,0.0,1.0,0.0
2015-06-22 12:00:00+00:00,236,7,1,1.0,5.4680601411351315,2.0794415416798357,0.6931471805599453,1.2246467991473532e-16,-1.0,0.0,1.0,0.6931471805599453
2015-06-22 13:00:00+00:00,367,2,0,0.0,5.908082938168931,1.0986122886681098,0.0,-0.2588190451025208,-0.9659258262890683,0.0,1.0,0.0
2015-06-22 14:00:00+00:00,583,20,3,3.0,6.369900982828227,3.044522437723423,1.3862943611198906,-0.4999999999999998,-0.8660254037844388,0.0,1.0,1.3862943611198906
2015-06-22 15:00:00+00:00,1082,24,7,7.0,6.9874902470009905,3.2188758248682006,2.0794415416798357,-0.7071067811865471,-0.7071067811865479,0.0,1.0,2.0794415416798357
2015-06-22 16:00:00+00:00,1189,47,13,13.0,7.081708586105575,3.871201010907891,2.6390573296152584,-0.8660254037844384,-0.5000000000000004,0.0,1.0,2.6390573296152584
2015-06-22 17:00:00+00:00,1558,34,14,14.0,7.351799869057777,3.5553480614894135,2.70805020110221,-0.9659258262890683,-0.25881904510252063,0.0,1.0,2.70805020110221
2015-06-22 18:00:00+00:00,1633,57,33,33.0,7.3987862754199485,4.060443010546419,3.5263605246161616,-1.0,-1.8369701987210297e-16,0.0,1.0,3.5263605246161616
2015-06-22 19:00:00+00:00,1652,51,24,24.0,7.410347097821024,3.9512437185814275,3.2188758248682006,-0.9659258262890684,0.2588190451025203,0.0,1.0,3.2188758248682006
2015-06-22 20:00:00+00:00,1699,68,21,21.0,7.438383530044307,4.23410650459726,3.091042453358316,-0.8660254037844386,0.5000000000000001,0.0,1.0,3.091042453358316
2015-06-22 21:00:00+00:00,1618,43,25,25.0,7.389563953677635,3.784189633918261,3.258096538021482,-0.7071067811865477,0.7071067811865474,0.0,1.0,3.258096538021482
2015-06-22 22:00:00+00:00,1593,43,19,19.0,7.374001859350161,3.784189633918261,2.995732273553991,-0.5000000000000004,0.8660254037844384,0.0,1.0,2.995732273553991
2015-06-22 23:00:00+00:00,1447,33,13,13.0,7.277938572945661,3.5263605246161616,2.6390573296152584,-0.25881904510252157,0.9659258262890681,0.0,1.0,2.6390573296152584
2015-06-23 00:00:00+00:00,1115,43,26,26.0,7.017506142941256,3.784189633918261,3.295836866004329,0.0,1.0,0.7818314824680298,0.6234898018587336,3.295836866004329
2015-06-23 01:00:00+00:00,1011,28,11,11.0,6.919683849847411,3.367295829986474,2.4849066497880004,0.25881904510252074,0.9659258262890683,0.7818314824680298,0.6234898018587336,2.4849066497880004
2015-06-23 02:00:00+00:00,1144,39,10,10.0,7.0431599159883405,3.6888794541139363,2.3978952727983707,0.49999999999999994,0.8660254037844387,0.7818314824680298,0.6234898018587336,2.3978952727983707
2015-06-23 03:00:00+00:00,1117,21,11,11.0,7.0192966537150445,3.091042453358316,2.4849066497880004,0.7071067811865475,0.7071067811865476,0.7818314824680298,0.6234898018587336,2.4849066497880004
2015-06-23 04:00:00+00:00,1109,30,4,4.0,7.01211529430638,3.4339872044851463,1.6094379124341003,0.8660254037844386,0.5000000000000001,0.7818314824680298,0.6234898018587336,1.6094379124341003
2015-06-23 05:00:00+00:00,939,19,4,4.0,6.84587987526405,2.995732273553991,1.6094379124341003,0.9659258262890683,0.25881904510252074,0.7818314824680298,0.6234898018587336,1.6094379124341003
2015-06-23 06:00:00+00:00,637,14,7,7.0,6.45833828334479,2.70805020110221,2.0794415416798357,1.0,6.123233995736766e-17,0.7818314824680298,0.6234898018587336,2.0794415416798357
2015-06-23 07:00:00+00:00,333,7,5,5.0,5.811140992976701,2.0794415416798357,1.791759469228055,0.9659258262890683,-0.25881904510252063,0.7818314824680298,0.6234898018587336,1.791759469228055
2015-06-23 08:00:00+00:00,158,2,1,1.0,5.0689042022202315,1.0986122886681098,0.6931471805599453,0.8660254037844387,-0.49999999999999983,0.7818314824680298,0.6234898018587336,0.6931471805599453
2015-06-23 09:00:00+00:00,122,3,0,0.0,4.812184355372417,1.3862943611198906,0.0,0.7071067811865476,-0.7071067811865475,0.7818314824680298,0.6234898018587336,0.0
2015-06-23 10:00:00+00:00,99,4,1,1.0,4.605170185988092,1.6094379124341003,0.6931471805599453,0.49999999999999994,-0.8660254037844387,0.7818314824680298,0.6234898018587336,0.6931471805599453
2015-06-23 11:00:00+00:00,161,6,0,0.0,5.087596335232384,1.9459101490553132,0.0,0.258819045102521,-0.9659258262890682,0.7818314824680298,0.6234898018587336,0.0
2015-06-23 12:00:00+00:00,262,5,1,1.0,5.572154032177765,1.791759469228055,0.6931471805599453,1.2246467991473532e-16,-1.0,0.7818314824680298,0.6234898018587336,0.6931471805599453
2015-06-23 13:00:00+00:00,346,12,1,1.0,5.849324779946859,2.5649493574615367,0.6931471805599453,-0.2588190451025208,-0.9659258262890683,0.7818314824680298,0.6234898018587336,0.6931471805599453
2015-06-23 14:00:00+00:00,608,10,6,6.0,6.411818267709897,2.3978952727983707,1.9459101490553132,-0.4999999999999998,-0.8660254037844388,0.7818314824680298,0.6234898018587336,1.9459101490553132
2015-06-23 15:00:00+00:00,1061,24,13,13.0,6.967909201801884,3.2188758248682006,2.6390573296152584,-0.7071067811865471,-0.7071067811865479,0.7818314824680298,0.6234898018587336,2.6390573296152584
2015-06-23 16:00:00+00:00,1335,40,13,13.0,7.197435354096591,3.713572066704308,2.6390573296152584,-0.8660254037844384,-0.5000000000000004,0.7818314824680298,0.6234898018587336,2.6390573296152584
2015-06-23 17:00:00+00:00,1458,46,26,26.0,7.285506548522785,3.8501476017100584,3.295836866004329,-0.9659258262890683,-0.25881904510252063,0.7818314824680298,0.6234898018587336,3.295836866004329
2015-06-23 18:00:00+00:00,1710,63,22,22.0,7.444833273892193,4.1588830833596715,3.1354942159291497,-1.0,-1.8369701987210297e-16,0.7818314824680298,0.6234898018587336,3.1354942159291497
2015-06-23 19:00:00+00:00,1678,54,24,24.0,7.425953657077541,4.007333185232471,3.2188758248682006,-0.9659258262890684,0.2588190451025203,0.7818314824680298,0.6234898018587336,3.2188758248682006
2015-06-23 20:00:00+00:00,1650,35,16,16.0,7.409136443920128,3.58351893845611,2.833213344056216,-0.8660254037844386,0.5000000000000001,0.7818314824680298,0.6234898018587336,2.833213344056216
2015-06-23 21:00:00+00:00,1604,36,16,16.0,7.380879035564116,3.6109179126442243,2.833213344056216,-0.7071067811865477,0.7071067811865474,0.7818314824680298,0.6234898018587336,2.833213344056216
2015-06-23 22:00:00+00:00,1651,45,17,17.0,7.409741954080923,3.828641396489095,2.8903717578961645,-0.5000000000000004,0.8660254037844384,0.7818314824680298,0.6234898018587336,2.8903717578961645
2015-06-23 23:00:00+00:00,1425,46,15,15.0,7.262628600974241,3.8501476017100584,2.772588722239781,-0.25881904510252157,0.9659258262890681,0.7818314824680298,0.6234898018587336,2.772588722239781
2015-06-24 00:00:00+00:00,1174,39,12,12.0,7.069023426578259,3.6888794541139363,2.5649493574615367,0.0,1.0,0.9749279121818236,-0.22252093395631434,2.5649493574615367
2015-06-24 01:00:00+00:00,1042,41,10,10.0,6.949856455000773,3.7376696182833684,2.3978952727983707,0.25881904510252074,0.9659258262890683,0.9749279121818236,-0.22252093395631434,2.3978952727983707
2015-06-24 02:00:00+00:00,1170,37,6,6.0,7.065613363597717,3.6375861597263857,1.9459101490553132,0.49999999999999994,0.8660254037844387,0.9749279121818236,-0.22252093395631434,1.9459101490553132
2015-06-24 03:00:00+00:00,1115,13,1,1.0,7.017506142941256,2.6390573296152584,0.6931471805599453,0.7071067811865475,0.7071067811865476,0.9749279121818236,-0.22252093395631434,0.6931471805599453
2015-06-24 04:00:00+00:00,1196,24,5,5.0,7.087573705557973,3.2188758248682006,1.791759469228055,0.8660254037844386,0.5000000000000001,0.9749279121818236,-0.22252093395631434,1.791759469228055
2015-06-24 05:00:00+00:00,1036,23,3,3.0,6.9440872082295275,3.1780538303479458,1.3862943611198906,0.9659258262890683,0.25881904510252074,0.9749279121818236,-0.22252093395631434,1.3862943611198906
2015-06-24 06:00:00+00:00,642,16,6,6.0,6.466144724237619,2.833213344056216,1.9459101490553132,1.0,6.123233995736766e-17,0.9749279121818236,-0.22252093395631434,1.9459101490553132
2015-06-24 07:00:00+00:00,400,7,1,1.0,5.993961427306569,2.0794415416798357,0.6931471805599453,0.9659258262890683,-0.25881904510252063,0.9749279121818236,-0.22252093395631434,0.6931471805599453
2015-06-24 08:00:00+00:00,158,2,1,1.0,5.0689042022202315,1.0986122886681098,0.6931471805599453,0.8660254037844387,-0.49999999999999983,0.9749279121818236,-0.22252093395631434,0.6931471805599453
2015-06-24 09:00:00+00:00,94,0,0,0.0,4.553876891600541,0.0,0.0,0.7071067811865476,-0.7071067811865475,0.9749279121818236,-0.22252093395631434,0.0
2015-06-24 10:00:00+00:00,113,4,0,0.0,4.736198448394496,1.6094379124341003,0.0,0.49999999999999994,-0.8660254037844387,0.9749279121818236,-0.22252093395631434,0.0
2015-06-24 11:00:00+00:00,119,0,0,0.0,4.787491742782046,0.0,0.0,0.258819045102521,-0.9659258262890682,0.9749279121818236,-0.22252093395631434,0.0
2015-06-24 12:00:00+00:00,231,5,2,2.0,5.44673737166631,1.791759469228055,1.0986122886681098,1.2246467991473532e-16,-1.0,0.9749279121818236,-0.22252093395631434,1.0986122886681098
2015-06-24 13:00:00+00:00,392,8,0,0.0,5.973809611869261,2.1972245773362196,0.0,-0.2588190451025208,-0.9659258262890683,0.9749279121818236,-0.22252093395631434,0.0
2015-06-24 14:00:00+00:00,616,36,1,1.0,6.424869023905388,3.6109179126442243,0.6931471805599453,-0.4999999999999998,-0.8660254037844388,0.9749279121818236,-0.22252093395631434,0.6931471805599453
2015-06-24 15:00:00+00:00,1013,30,13,13.0,6.921658184151129,3.4339872044851463,2.6390573296152584,-0.7071067811865471,-0.7071067811865479,0.9749279121818236,-0.22252093395631434,2.6390573296152584
2015-06-24 16:00:00+00:00,1278,41,14,14.0,7.153833801578843,3.7376696182833684,2.70805020110221,-0.8660254037844384,-0.5000000000000004,0.9749279121818236,-0.22252093395631434,2.70805020110221
2015-06-24 17:00:00+00:00,1289,34,16,16.0,7.162397497355718,3.5553480614894135,2.833213344056216,-0.9659258262890683,-0.25881904510252063,0.9749279121818236,-0.22252093395631434,2.833213344056216
2015-06-24 18:00:00+00:00,1373,32,11,11.0,7.2254814727822945,3.4965075614664802,2.4849066497880004,-1.0,-1.8369701987210297e-16,0.9749279121818236,-0.22252093395631434,2.4849066497880004
2015-06-24 19:00:00+00:00,1502,48,15,15.0,7.315218389752975,3.8918202981106265,2.772588722239781,-0.9659258262890684,0.2588190451025203,0.9749279121818236,-0.22252093395631434,2.772588722239781
2015-06-24 20:00:00+00:00,1425,43,21,21.0,7.262628600974241,3.784189633918261,3.091042453358316,-0.8660254037844386,0.5000000000000001,0.9749279121818236,-0.22252093395631434,3.091042453358316
2015-06-24 21:00:00+00:00,1485,31,15,15.0,7.303843225277705,3.4657359027997265,2.772588722239781,-0.7071067811865477,0.7071067811865474,0.9749279121818236,-0.22252093395631434,2.772588722239781
2015-06-24 22:00:00+00:00,1202,42,14,14.0,7.0925737159746784,3.7612001156935624,2.70805020110221,-0.5000000000000004,0.8660254037844384,0.9749279121818236,-0.22252093395631434,2.70805020110221
2015-06-24 23:00:00+00:00,1134,27,10,10.0,7.034387929915503,3.332204510175204,2.3978952727983707,-0.25881904510252157,0.9659258262890681,0.9749279121818236,-0.22252093395631434,2.3978952727983707
2015-06-25 00:00:00+00:00,948,12,3,3.0,6.855408798609928,2.5649493574615367,1.3862943611198906,0.0,1.0,0.43388373911755823,-0.900968867902419,1.3862943611198906
2015-06-25 01:00:00+00:00,960,12,6,6.0,6.8679744089702925,2.5649493574615367,1.9459101490553132,0.25881904510252074,0.9659258262890683,0.43388373911755823,-0.900968867902419,1.9459101490553132
2015-06-25 02:00:00+00:00,935,20,8,8.0,6.841615476477592,3.044522437723423,2.1972245773362196,0.49999999999999994,0.8660254037844387,0.43388373911755823,-0.900968867902419,2.1972245773362196
2015-06-25 03:00:00+00:00,981,19,9,9.0,6.889591308354466,2.995732273553991,2.302585092994046,0.7071067811865475,0.7071067811865476,0.43388373911755823,-0.900968867902419,2.302585092994046
2015-06-25 04:00:00+00:00,1038,20,7,7.0,6.946013991099227,3.044522437723423,2.0794415416798357,0.8660254037844386,0.5000000000000001,0.43388373911755823,-0.900968867902419,2.0794415416798357
2015-06-25 05:00:00+00:00,920,20,9,9.0,6.825460036255307,3.044522437723423,2.302585092994046,0.9659258262890683,0.25881904510252074,0.43388373911755823,-0.900968867902419,2.302585092994046
2015-06-25 06:00:00+00:00,479,18,5,5.0,6.173786103901937,2.9444389791664403,1.791759469228055,1.0,6.123233995736766e-17,0.43388373911755823,-0.900968867902419,1.791759469228055
2015-06-25 07:00:00+00:00,266,8,1,1.0,5.58724865840025,2.1972245773362196,0.6931471805599453,0.9659258262890683,-0.25881904510252063,0.43388373911755823,-0.900968867902419,0.6931471805599453
2015-06-25 08:00:00+00:00,133,1,0,0.0,4.897839799950911,0.6931471805599453,0.0,0.8660254037844387,-0.49999999999999983,0.43388373911755823,-0.900968867902419,0.0
2015-06-25 09:00:00+00:00,122,1,0,0.0,4.812184355372417,0.6931471805599453,0.0,0.7071067811865476,-0.7071067811865475,0.43388373911755823,-0.900968867902419,0.0
2015-06-25 10:00:00+00:00,82,1,0,0.0,4.418840607796598,0.6931471805599453,0.0,0.49999999999999994,-0.8660254037844387,0.43388373911755823,-0.900968867902419,0.0
2015-06-25 11:00:00+00:00,144,4,0,0.0,4.976733742420574,1.6094379124341003,0.0,0.258819045102521,-0.9659258262890682,0.43388373911755823,-0.900968867902419,0.0
2015-06-25 12:00:00+00:00,228,4,0,0.0,5.43372200355424,1.6094379124341003,0.0,1.2246467991473532e-16,-1.0,0.43388373911755823,-0.900968867902419,0.0
2015-06-25 13:00:00+00:00,328,8,7,7.0,5.796057750765372,2.1972245773362196,2.0794415416798357,-0.2588190451025208,-0.9659258262890683,0.43388373911755823,-0.900968867902419,2.0794415416798357
2015-06-25 14:00:00+00:00,622,13,10,10.0,6.434546518787453,2.6390573296152584,2.3978952727983707,-0.4999999999999998,-0.8660254037844388,0.43388373911755823,-0.900968867902419,2.3978952727983707
2015-06-25 15:00:00+00:00,1070,34,14,14.0,6.976348070447749,3.5553480614894135,2.70805020110221,-0.7071067811865471,-0.7071067811865479,0.43388373911755823,-0.900968867902419,2.70805020110221
2015-06-25 16:00:00+00:00,1195,29,10,10.0,7.086737934510577,3.4011973816621555,2.3978952727983707,-0.8660254037844384,-0.5000000000000004,0.43388373911755823,-0.900968867902419,2.3978952727983707
2015-06-25 17:00:00+00:00,1382,45,24,24.0,7.232010331664759,3.828641396489095,3.2188758248682006,-0.9659258262890683,-0.25881904510252063,0.43388373911755823,-0.900968867902419,3.2188758248682006
2015-06-25 18:00:00+00:00,1281,45,16,16.0,7.156176637480615,3.828641396489095,2.833213344056216,-1.0,-1.8369701987210297e-16,0.43388373911755823,-0.900968867902419,2.833213344056216
2015-06-25 19:00:00+00:00,1299,39,20,20.0,7.170119543449628,3.6888794541139363,3.044522437723423,-0.9659258262890684,0.2588190451025203,0.43388373911755823,-0.900968867902419,3.044522437723423
2015-06-25 20:00:00+00:00,1404,39,9,9.0,7.247792581767846,3.6888794541139363,2.302585092994046,-0.8660254037844386,0.5000000000000001,0.43388373911755823,-0.900968867902419,2.302585092994046
2015-06-25 21:00:00+00:00,1336,31,17,17.0,7.198183577101943,3.4657359027997265,2.8903717578961645,-0.7071067811865477,0.7071067811865474,0.43388373911755823,-0.900968867902419,2.8903717578961645
2015-06-25 22:00:00+00:00,1247,32,17,17.0,7.129297548929373,3.4965075614664802,2.8903717578961645,-0.5000000000000004,0.8660254037844384,0.43388373911755823,-0.900968867902419,2.8903717578961645
2015-06-25 23:00:00+00:00,1157,54,12,12.0,7.05444965813294,4.007333185232471,2.5649493574615367,-0.25881904510252157,0.9659258262890681,0.43388373911755823,-0.900968867902419,2.5649493574615367
2015-06-26 00:00:00+00:00,1067,27,10,10.0,6.97354301952014,3.332204510175204,2.3978952727983707,0.0,1.0,-0.433883739117558,-0.9009688679024191,2.3978952727983707
2015-06-26 01:00:00+00:00,980,20,13,13.0,6.8885724595653635,3.044522437723423,2.6390573296152584,0.25881904510252074,0.9659258262890683,-0.433883739117558,-0.9009688679024191,2.6390573296152584
2015-06-26 02:00:00+00:00,1092,17,9,9.0,6.996681488176539,2.8903717578961645,2.302585092994046,0.49999999999999994,0.8660254037844387,-0.433883739117558,-0.9009688679024191,2.302585092994046
2015-06-26 03:00:00+00:00,1021,27,6,6.0,6.92951677076365,3.332204510175204,1.9459101490553132,0.7071067811865475,0.7071067811865476,-0.433883739117558,-0.9009688679024191,1.9459101490553132
2015-06-26 04:00:00+00:00,961,35,7,7.0,6.8690144506657065,3.58351893845611,2.0794415416798357,0.8660254037844386,0.5000000000000001,-0.433883739117558,-0.9009688679024191,2.0794415416798357
2015-06-26 05:00:00+00:00,834,21,4,4.0,6.727431724850855,3.091042453358316,1.6094379124341003,0.9659258262890683,0.25881904510252074,-0.433883739117558,-0.9009688679024191,1.6094379124341003
2015-06-26 06:00:00+00:00,554,15,6,6.0,6.318968113746434,2.772588722239781,1.9459101490553132,1.0,6.123233995736766e-17,-0.433883739117558,-0.9009688679024191,1.9459101490553132
2015-06-26 07:00:00+00:00,334,9,4,4.0,5.814130531825066,2.302585092994046,1.6094379124341003,0.9659258262890683,-0.25881904510252063,-0.433883739117558,-0.9009688679024191,1.6094379124341003
2015-06-26 08:00:00+00:00,176,8,1,1.0,5.176149732573829,2.1972245773362196,0.6931471805599453,0.8660254037844387,-0.49999999999999983,-0.433883739117558,-0.9009688679024191,0.6931471805599453
2015-06-26 09:00:00+00:00,119,5,0,0.0,4.787491742782046,1.791759469228055,0.0,0.7071067811865476,-0.7071067811865475,-0.433883739117558,-0.9009688679024191,0.0
2015-06-26 10:00:00+00:00,105,2,1,1.0,4.663439094112067,1.0986122886681098,0.6931471805599453,0.49999999999999994,-0.8660254037844387,-0.433883739117558,-0.9009688679024191,0.6931471805599453
2015-06-26 11:00:00+00:00,117,1,0,0.0,4.770684624465665,0.6931471805599453,0.0,0.258819045102521,-0.9659258262890682,-0.433883739117558,-0.9009688679024191,0.0
2015-06-26 12:00:00+00:00,208,2,0,0.0,5.342334251964811,1.0986122886681098,0.0,1.2246467991473532e-16,-1.0,-0.433883739117558,-0.9009688679024191,0.0
2015-06-26 13:00:00+00:00,350,4,1,1.0,5.860786223465865,1.6094379124341003,0.6931471805599453,-0.2588190451025208,-0.9659258262890683,-0.433883739117558,-0.9009688679024191,0.6931471805599453
2015-06-26 14:00:00+00:00,606,22,7,7.0,6.408528791059498,3.1354942159291497,2.0794415416798357,-0.4999999999999998,-0.8660254037844388,-0.433883739117558,-0.9009688679024191,2.0794415416798357
2015-06-26 15:00:00+00:00,917,28,11,11.0,6.822197390620491,3.367295829986474,2.4849066497880004,-0.7071067811865471,-0.7071067811865479,-0.433883739117558,-0.9009688679024191,2.4849066497880004
2015-06-26 16:00:00+00:00,1140,30,10,10.0,7.039660349862076,3.4339872044851463,2.3978952727983707,-0.8660254037844384,-0.5000000000000004,-0.433883739117558,-0.9009688679024191,2.3978952727983707
2015-06-26 17:00:00+00:00,1344,34,24,24.0,7.20414929203594,3.5553480614894135,3.2188758248682006,-0.9659258262890683,-0.25881904510252063,-0.433883739117558,-0.9009688679024191,3.2188758248682006
2015-06-26 18:00:00+00:00,1348,36,12,12.0,7.207118856207756,3.6109179126442243,2.5649493574615367,-1.0,-1.8369701987210297e-16,-0.433883739117558,-0.9009688679024191,2.5649493574615367
2015-06-26 19:00:00+00:00,1265,28,11,11.0,7.143617602704121,3.367295829986474,2.4849066497880004,-0.9659258262890684,0.2588190451025203,-0.433883739117558,-0.9009688679024191,2.4849066497880004
2015-06-26 20:00:00+00:00,1284,41,17,17.0,7.158513997329321,3.7376696182833684,2.8903717578961645,-0.8660254037844386,0.5000000000000001,-0.433883739117558,-0.9009688679024191,2.8903717578961645
2015-06-26 21:00:00+00:00,1226,21,10,10.0,7.112327444710911,3.091042453358316,2.3978952727983707,-0.7071067811865477,0.7071067811865474,-0.433883739117558,-0.9009688679024191,2.3978952727983707
2015-06-26 22:00:00+00:00,1113,23,8,8.0,7.01571242048723,3.1780538303479458,2.1972245773362196,-0.5000000000000004,0.8660254037844384,-0.433883739117558,-0.9009688679024191,2.1972245773362196
2015-06-26 23:00:00+00:00,1054,23,5,5.0,6.961296045910167,3.1780538303479458,1.791759469228055,-0.25881904510252157,0.9659258262890681,-0.433883739117558,-0.9009688679024191,1.791759469228055
2015-06-27 00:00:00+00:00,995,28,7,7.0,6.903747257584598,3.367295829986474,2.0794415416798357,0.0,1.0,-0.9749279121818236,-0.2225209339563146,2.0794415416798357
2015-06-27 01:00:00+00:00,912,29,2,2.0,6.816735880594968,3.4011973816621555,1.0986122886681098,0.25881904510252074,0.9659258262890683,-0.9749279121818236,-0.2225209339563146,1.0986122886681098
2015-06-27 02:00:00+00:00,785,17,9,9.0,6.666956792429207,2.8903717578961645,2.302585092994046,0.49999999999999994,0.8660254037844387,-0.9749279121818236,-0.2225209339563146,2.302585092994046
2015-06-27 03:00:00+00:00,863,16,4,4.0,6.761572768804055,2.833213344056216,1.6094379124341003,0.7071067811865475,0.7071067811865476,-0.9749279121818236,-0.2225209339563146,1.6094379124341003
2015-06-27 04:00:00+00:00,759,13,0,0.0,6.633318433280377,2.6390573296152584,0.0,0.8660254037844386,0.5000000000000001,-0.9749279121818236,-0.2225209339563146,0.0
2015-06-27 05:00:00+00:00,705,17,4,4.0,6.559615237493242,2.8903717578961645,1.6094379124341003,0.9659258262890683,0.25881904510252074,-0.9749279121818236,-0.2225209339563146,1.6094379124341003
2015-06-27 06:00:00+00:00,466,15,4,4.0,6.1463292576688975,2.772588722239781,1.6094379124341003,1.0,6.123233995736766e-17,-0.9749279121818236,-0.2225209339563146,1.6094379124341003
2015-06-27 07:00:00+00:00,242,4,0,0.0,5.493061443340548,1.6094379124341003,0.0,0.9659258262890683,-0.25881904510252063,-0.9749279121818236,-0.2225209339563146,0.0
2015-06-27 08:00:00+00:00,159,1,0,0.0,5.075173815233827,0.6931471805599453,0.0,0.8660254037844387,-0.49999999999999983,-0.9749279121818236,-0.2225209339563146,0.0
2015-06-27 09:00:00+00:00,111,0,0,0.0,4.718498871295094,0.0,0.0,0.7071067811865476,-0.7071067811865475,-0.9749279121818236,-0.2225209339563146,0.0
2015-06-27 10:00:00+00:00,99,7,0,0.0,4.605170185988092,2.0794415416798357,0.0,0.49999999999999994,-0.8660254037844387,-0.9749279121818236,-0.2225209339563146,0.0
2015-06-27 11:00:00+00:00,110,2,0,0.0,4.709530201312334,1.0986122886681098,0.0,0.258819045102521,-0.9659258262890682,-0.9749279121818236,-0.2225209339563146,0.0
2015-06-27 12:00:00+00:00,208,0,0,0.0,5.342334251964811,0.0,0.0,1.2246467991473532e-16,-1.0,-0.9749279121818236,-0.2225209339563146,0.0
2015-06-27 13:00:00+00:00,231,2,0,0.0,5.44673737166631,1.0986122886681098,0.0,-0.2588190451025208,-0.9659258262890683,-0.9749279121818236,-0.2225209339563146,0.0
2015-06-27 14:00:00+00:00,403,8,1,1.0,6.0014148779611505,2.1972245773362196,0.6931471805599453,-0.4999999999999998,-0.8660254037844388,-0.9749279121818236,-0.2225209339563146,0.6931471805599453
2015-06-27 15:00:00+00:00,695,23,4,4.0,6.54534966033442,3.1780538303479458,1.6094379124341003,-0.7071067811865471,-0.7071067811865479,-0.9749279121818236,-0.2225209339563146,1.6094379124341003
2015-06-27 16:00:00+00:00,766,12,6,6.0,6.642486801367256,2.5649493574615367,1.9459101490553132,-0.8660254037844384,-0.5000000000000004,-0.9749279121818236,-0.2225209339563146,1.9459101490553132
2015-06-27 17:00:00+00:00,892,17,4,4.0,6.794586580876499,2.8903717578961645,1.6094379124341003,-0.9659258262890683,-0.25881904510252063,-0.9749279121818236,-0.2225209339563146,1.6094379124341003
2015-06-27 18:00:00+00:00,933,27,5,5.0,6.839476438228843,3.332204510175204,1.791759469228055,-1.0,-1.8369701987210297e-16,-0.9749279121818236,-0.2225209339563146,1.791759469228055
2015-06-27 19:00:00+00:00,954,13,5,5.0,6.86171134048073,2.6390573296152584,1.791759469228055,-0.9659258262890684,0.2588190451025203,-0.9749279121818236,-0.2225209339563146,1.791759469228055
2015-06-27 20:00:00+00:00,961,38,1,1.0,6.8690144506657065,3.6635616461296463,0.6931471805599453,-0.8660254037844386,0.5000000000000001,-0.9749279121818236,-0.2225209339563146,0.6931471805599453
2015-06-27 21:00:00+00:00,930,26,14,14.0,6.836259277277067,3.295836866004329,2.70805020110221,-0.7071067811865477,0.7071067811865474,-0.9749279121818236,-0.2225209339563146,2.70805020110221
2015-06-27 22:00:00+00:00,976,34,16,16.0,6.884486652042782,3.5553480614894135,2.833213344056216,-0.5000000000000004,0.8660254037844384,-0.9749279121818236,-0.2225209339563146,2.833213344056216
2015-06-27 23:00:00+00:00,859,20,5,5.0,6.756932389247553,3.044522437723423,1.791759469228055,-0.25881904510252157,0.9659258262890681,-0.9749279121818236,-0.2225209339563146,1.791759469228055
2015-06-28 00:00:00+00:00,867,11,5,5.0,6.7661917146603505,2.4849066497880004,1.791759469228055,0.0,1.0,-0.7818314824680299,0.6234898018587334,1.791759469228055
2015-06-28 01:00:00+00:00,929,18,5,5.0,6.835184586147301,2.9444389791664403,1.791759469228055,0.25881904510252074,0.9659258262890683,-0.7818314824680299,0.6234898018587334,1.791759469228055
2015-06-28 02:00:00+00:00,934,14,5,5.0,6.840546529288687,2.70805020110221,1.791759469228055,0.49999999999999994,0.8660254037844387,-0.7818314824680299,0.6234898018587334,1.791759469228055
2015-06-28 03:00:00+00:00,1028,23,3,3.0,6.9363427358340495,3.1780538303479458,1.3862943611198906,0.7071067811865475,0.7071067811865476,-0.7818314824680299,0.6234898018587334,1.3862943611198906
2015-06-28 04:00:00+00:00,860,13,3,3.0,6.7580945044277305,2.6390573296152584,1.3862943611198906,0.8660254037844386,0.5000000000000001,-0.7818314824680299,0.6234898018587334,1.3862943611198906
2015-06-28 05:00:00+00:00,805,24,7,7.0,6.692083742506628,3.2188758248682006,2.0794415416798357,0.9659258262890683,0.25881904510252074,-0.7818314824680299,0.6234898018587334,2.0794415416798357
2015-06-28 06:00:00+00:00,564,7,2,2.0,6.336825731146441,2.0794415416798357,1.0986122886681098,1.0,6.123233995736766e-17,-0.7818314824680299,0.6234898018587334,1.0986122886681098
2015-06-28 07:00:00+00:00,377,7,1,1.0,5.934894195619588,2.0794415416798357,0.6931471805599453,0.9659258262890683,-0.25881904510252063,-0.7818314824680299,0.6234898018587334,0.6931471805599453
2015-06-28 08:00:00+00:00,242,11,0,0.0,5.493061443340548,2.4849066497880004,0.0,0.8660254037844387,-0.49999999999999983,-0.7818314824680299,0.6234898018587334,0.0
2015-06-28 09:00:00+00:00,140,5,0,0.0,4.948759890378168,1.791759469228055,0.0,0.7071067811865476,-0.7071067811865475,-0.7818314824680299,0.6234898018587334,0.0
2015-06-28 10:00:00+00:00,119,1,0,0.0,4.787491742782046,0.6931471805599453,0.0,0.49999999999999994,-0.8660254037844387,-0.7818314824680299,0.6234898018587334,0.0
2015-06-28 11:00:00+00:00,91,3,0,0.0,4.5217885770490405,1.3862943611198906,0.0,0.258819045102521,-0.9659258262890682,-0.7818314824680299,0.6234898018587334,0.0
2015-06-28 12:00:00+00:00,147,5,0,0.0,4.997212273764115,1.791759469228055,0.0,1.2246467991473532e-16,-1.0,-0.7818314824680299,0.6234898018587334,0.0
2015-06-28 13:00:00+00:00,235,2,0,0.0,5.4638318050256105,1.0986122886681098,0.0,-0.2588190451025208,-0.9659258262890683,-0.7818314824680299,0.6234898018587334,0.0
2015-06-28 14:00:00+00:00,368,16,0,0.0,5.910796644040527,2.833213344056216,0.0,-0.4999999999999998,-0.8660254037844388,-0.7818314824680299,0.6234898018587334,0.0
2015-06-28 15:00:00+00:00,583,6,4,4.0,6.369900982828227,1.9459101490553132,1.6094379124341003,-0.7071067811865471,-0.7071067811865479,-0.7818314824680299,0.6234898018587334,1.6094379124341003
2015-06-28 16:00:00+00:00,819,10,3,3.0,6.709304340258298,2.3978952727983707,1.3862943611198906,-0.8660254037844384,-0.5000000000000004,-0.7818314824680299,0.6234898018587334,1.3862943611198906
2015-06-28 17:00:00+00:00,1044,22,7,7.0,6.951772164398911,3.1354942159291497,2.0794415416798357,-0.9659258262890683,-0.25881904510252063,-0.7818314824680299,0.6234898018587334,2.0794415416798357
2015-06-28 18:00:00+00:00,1158,19,6,6.0,7.055312843339752,2.995732273553991,1.9459101490553132,-1.0,-1.8369701987210297e-16,-0.7818314824680299,0.6234898018587334,1.9459101490553132
2015-06-28 19:00:00+00:00,1079,30,7,7.0,6.984716320118266,3.4339872044851463,2.0794415416798357,-0.9659258262890684,0.2588190451025203,-0.7818314824680299,0.6234898018587334,2.0794415416798357
2015-06-28 20:00:00+00:00,1060,27,8,8.0,6.966967138613983,3.332204510175204,2.1972245773362196,-0.8660254037844386,0.5000000000000001,-0.7818314824680299,0.6234898018587334,2.1972245773362196
2015-06-28 21:00:00+00:00,1115,17,9,9.0,7.017506142941256,2.8903717578961645,2.302585092994046,-0.7071067811865477,0.7071067811865474,-0.7818314824680299,0.6234898018587334,2.302585092994046
2015-06-28 22:00:00+00:00,1132,14,6,6.0,7.0326242610280065,2.70805020110221,1.9459101490553132,-0.5000000000000004,0.8660254037844384,-0.7818314824680299,0.6234898018587334,1.9459101490553132
2015-06-28 23:00:00+00:00,1068,37,8,8.0,6.974478911025045,3.6375861597263857,2.1972245773362196,-0.25881904510252157,0.9659258262890681,-0.7818314824680299,0.6234898018587334,2.1972245773362196
2015-06-29 00:00:00+00:00,1057,32,8,8.0,6.964135612418245,3.4965075614664802,2.1972245773362196,0.0,1.0,0.0,1.0,2.1972245773362196
2015-06-29 01:00:00+00:00,1088,28,7,7.0,6.9930151229329605,3.367295829986474,2.0794415416798357,0.25881904510252074,0.9659258262890683,0.0,1.0,2.0794415416798357
2015-06-29 02:00:00+00:00,1107,21,14,14.0,7.010311867307229,3.091042453358316,2.70805020110221,0.49999999999999994,0.8660254037844387,0.0,1.0,2.70805020110221
2015-06-29 03:00:00+00:00,1141,24,10,10.0,7.040536390215956,3.2188758248682006,2.3978952727983707,0.7071067811865475,0.7071067811865476,0.0,1.0,2.3978952727983707
2015-06-29 04:00:00+00:00,1174,34,10,10.0,7.069023426578259,3.5553480614894135,2.3978952727983707,0.8660254037844386,0.5000000000000001,0.0,1.0,2.3978952727983707
2015-06-29 05:00:00+00:00,863,10,3,3.0,6.761572768804055,2.3978952727983707,1.3862943611198906,0.9659258262890683,0.25881904510252074,0.0,1.0,1.3862943611198906
2015-06-29 06:00:00+00:00,602,7,3,3.0,6.401917196727186,2.0794415416798357,1.3862943611198906,1.0,6.123233995736766e-17,0.0,1.0,1.3862943611198906
2015-06-29 07:00:00+00:00,259,3,0,0.0,5.560681631015528,1.3862943611198906,0.0,0.9659258262890683,-0.25881904510252063,0.0,1.0,0.0
2015-06-29 08:00:00+00:00,176,1,0,0.0,5.176149732573829,0.6931471805599453,0.0,0.8660254037844387,-0.49999999999999983,0.0,1.0,0.0
2015-06-29 09:00:00+00:00,155,2,1,1.0,5.049856007249537,1.0986122886681098,0.6931471805599453,0.7071067811865476,-0.7071067811865475,0.0,1.0,0.6931471805599453
2015-06-29 10:00:00+00:00,108,0,0,0.0,4.6913478822291435,0.0,0.0,0.49999999999999994,-0.8660254037844387,0.0,1.0,0.0
2015-06-29 11:00:00+00:00,151,4,0,0.0,5.0238805208462765,1.6094379124341003,0.0,0.258819045102521,-0.9659258262890682,0.0,1.0,0.0
2015-06-29 12:00:00+00:00,217,6,1,1.0,5.384495062789089,1.9459101490553132,0.6931471805599453,1.2246467991473532e-16,-1.0,0.0,1.0,0.6931471805599453
2015-06-29 13:00:00+00:00,385,2,1,1.0,5.955837369464831,1.0986122886681098,0.6931471805599453,-0.2588190451025208,-0.9659258262890683,0.0,1.0,0.6931471805599453
2015-06-29 14:00:00+00:00,587,4,2,2.0,6.376726947898627,1.6094379124341003,1.0986122886681098,-0.4999999999999998,-0.8660254037844388,0.0,1.0,1.0986122886681098
2015-06-29 15:00:00+00:00,1099,21,8,8.0,7.003065458786462,3.091042453358316,2.1972245773362196,-0.7071067811865471,-0.7071067811865479,0.0,1.0,2.1972245773362196
2015-06-29 16:00:00+00:00,1355,30,13,13.0,7.212294468500341,3.4339872044851463,2.6390573296152584,-0.8660254037844384,-0.5000000000000004,0.0,1.0,2.6390573296152584
2015-06-29 17:00:00+00:00,1546,44,17,17.0,7.344072850573066,3.8066624897703196,2.8903717578961645,-0.9659258262890683,-0.25881904510252063,0.0,1.0,2.8903717578961645
2015-06-29 18:00:00+00:00,1481,39,24,24.0,7.301147805856032,3.6888794541139363,3.2188758248682006,-1.0,-1.8369701987210297e-16,0.0,1.0,3.2188758248682006
2015-06-29 19:00:00+00:00,1437,66,14,14.0,7.271008538280992,4.204692619390966,2.70805020110221,-0.9659258262890684,0.2588190451025203,0.0,1.0,2.70805020110221
2015-06-29 20:00:00+00:00,1657,36,14,14.0,7.4133673356952405,3.6109179126442243,2.70805020110221,-0.8660254037844386,0.5000000000000001,0.0,1.0,2.70805020110221
2015-06-29 21:00:00+00:00,1653,36,16,16.0,7.4109518755836366,3.6109179126442243,2.833213344056216,-0.7071067811865477,0.7071067811865474,0.0,1.0,2.833213344056216
2015-06-29 22:00:00+00:00,1603,35,22,22.0,7.38025578842646,3.58351893845611,3.1354942159291497,-0.5000000000000004,0.8660254037844384,0.0,1.0,3.1354942159291497
2015-06-29 23:00:00+00:00,1356,36,15,15.0,7.213031659834869,3.6109179126442243,2.772588722239781,-0.25881904510252157,0.9659258262890681,0.0,1.0,2.772588722239781
2015-06-30 00:00:00+00:00,1172,25,13,13.0,7.067319848653476,3.258096538021482,2.6390573296152584,0.0,1.0,0.7818314824680298,0.6234898018587336,2.6390573296152584
2015-06-30 01:00:00+00:00,1162,22,9,9.0,7.0587581525186645,3.1354942159291497,2.302585092994046,0.25881904510252074,0.9659258262890683,0.7818314824680298,0.6234898018587336,2.302585092994046
2015-06-30 02:00:00+00:00,1175,21,12,12.0,7.069874128458572,3.091042453358316,2.5649493574615367,0.49999999999999994,0.8660254037844387,0.7818314824680298,0.6234898018587336,2.5649493574615367
2015-06-30 03:00:00+00:00,1227,29,4,4.0,7.113142108707088,3.4011973816621555,1.6094379124341003,0.7071067811865475,0.7071067811865476,0.7818314824680298,0.6234898018587336,1.6094379124341003
2015-06-30 04:00:00+00:00,1125,38,11,11.0,7.026426808699636,3.6635616461296463,2.4849066497880004,0.8660254037844386,0.5000000000000001,0.7818314824680298,0.6234898018587336,2.4849066497880004
2015-06-30 05:00:00+00:00,824,36,4,4.0,6.715383386334681,3.6109179126442243,1.6094379124341003,0.9659258262890683,0.25881904510252074,0.7818314824680298,0.6234898018587336,1.6094379124341003
2015-06-30 06:00:00+00:00,677,15,3,3.0,6.519147287940395,2.772588722239781,1.3862943611198906,1.0,6.123233995736766e-17,0.7818314824680298,0.6234898018587336,1.3862943611198906
2015-06-30 07:00:00+00:00,295,4,7,7.0,5.69035945432406,1.6094379124341003,2.0794415416798357,0.9659258262890683,-0.25881904510252063,0.7818314824680298,0.6234898018587336,2.0794415416798357
2015-06-30 08:00:00+00:00,204,4,1,1.0,5.3230099791384085,1.6094379124341003,0.6931471805599453,0.8660254037844387,-0.49999999999999983,0.7818314824680298,0.6234898018587336,0.6931471805599453
2015-06-30 09:00:00+00:00,154,4,5,5.0,5.043425116919247,1.6094379124341003,1.791759469228055,0.7071067811865476,-0.7071067811865475,0.7818314824680298,0.6234898018587336,1.791759469228055
2015-06-30 10:00:00+00:00,125,1,0,0.0,4.836281906951478,0.6931471805599453,0.0,0.49999999999999994,-0.8660254037844387,0.7818314824680298,0.6234898018587336,0.0
2015-06-30 11:00:00+00:00,147,2,1,1.0,4.997212273764115,1.0986122886681098,0.6931471805599453,0.258819045102521,-0.9659258262890682,0.7818314824680298,0.6234898018587336,0.6931471805599453
2015-06-30 12:00:00+00:00,213,3,0,0.0,5.365976015021851,1.3862943611198906,0.0,1.2246467991473532e-16,-1.0,0.7818314824680298,0.6234898018587336,0.0
2015-06-30 13:00:00+00:00,386,3,1,1.0,5.958424693029782,1.3862943611198906,0.6931471805599453,-0.2588190451025208,-0.9659258262890683,0.7818314824680298,0.6234898018587336,0.6931471805599453
2015-06-30 14:00:00+00:00,583,19,1,1.0,6.369900982828227,2.995732273553991,0.6931471805599453,-0.4999999999999998,-0.8660254037844388,0.7818314824680298,0.6234898018587336,0.6931471805599453
2015-06-30 15:00:00+00:00,1019,31,4,4.0,6.927557906278317,3.4657359027997265,1.6094379124341003,-0.7071067811865471,-0.7071067811865479,0.7818314824680298,0.6234898018587336,1.6094379124341003
2015-06-30 16:00:00+00:00,1299,44,13,13.0,7.170119543449628,3.8066624897703196,2.6390573296152584,-0.8660254037844384,-0.5000000000000004,0.7818314824680298,0.6234898018587336,2.6390573296152584
2015-06-30 17:00:00+00:00,1264,45,10,10.0,7.142827401161621,3.828641396489095,2.3978952727983707,-0.9659258262890683,-0.25881904510252063,0.7818314824680298,0.6234898018587336,2.3978952727983707
2015-06-30 18:00:00+00:00,1326,39,8,8.0,7.190676034332207,3.6888794541139363,2.1972245773362196,-1.0,-1.8369701987210297e-16,0.7818314824680298,0.6234898018587336,2.1972245773362196
2015-06-30 19:00:00+00:00,1324,25,15,15.0,7.1891677384203225,3.258096538021482,2.772588722239781,-0.9659258262890684,0.2588190451025203,0.7818314824680298,0.6234898018587336,2.772588722239781
2015-06-30 20:00:00+00:00,1321,31,7,7.0,7.186901020411631,3.4657359027997265,2.0794415416798357,-0.8660254037844386,0.5000000000000001,0.7818314824680298,0.6234898018587336,2.0794415416798357
2015-06-30 21:00:00+00:00,1224,23,11,11.0,7.110696122978827,3.1780538303479458,2.4849066497880004,-0.7071067811865477,0.7071067811865474,0.7818314824680298,0.6234898018587336,2.4849066497880004
2015-06-30 22:00:00+00:00,1286,35,11,11.0,7.160069207596127,3.58351893845611,2.4849066497880004,-0.5000000000000004,0.8660254037844384,0.7818314824680298,0.6234898018587336,2.4849066497880004
2015-06-30 23:00:00+00:00,1225,27,11,11.0,7.111512116496157,3.332204510175204,2.4849066497880004,-0.25881904510252157,0.9659258262890681,0.7818314824680298,0.6234898018587336,2.4849066497880004
2015-07-01 00:00:00+00:00,1110,19,6,6.0,7.01301578963963,2.995732273553991,1.9459101490553132,0.0,1.0,0.9749279121818236,-0.22252093395631434,1.9459101490553132
2015-07-01 01:00:00+00:00,1009,22,6,6.0,6.917705609835305,3.1354942159291497,1.9459101490553132,0.25881904510252074,0.9659258262890683,0.9749279121818236,-0.22252093395631434,1.9459101490553132
2015-07-01 02:00:00+00:00,1082,22,4,4.0,6.9874902470009905,3.1354942159291497,1.6094379124341003,0.49999999999999994,0.8660254037844387,0.9749279121818236,-0.22252093395631434,1.6094379124341003
2015-07-01 03:00:00+00:00,1101,24,6,6.0,7.004881989712859,3.2188758248682006,1.9459101490553132,0.7071067811865475,0.7071067811865476,0.9749279121818236,-0.22252093395631434,1.9459101490553132
2015-07-01 04:00:00+00:00,1048,19,1,1.0,6.955592608396297,2.995732273553991,0.6931471805599453,0.8660254037844386,0.5000000000000001,0.9749279121818236,-0.22252093395631434,0.6931471805599453
2015-07-01 05:00:00+00:00,1009,25,13,13.0,6.917705609835305,3.258096538021482,2.6390573296152584,0.9659258262890683,0.25881904510252074,0.9749279121818236,-0.22252093395631434,2.6390573296152584
2015-07-01 06:00:00+00:00,617,12,3,3.0,6.42648845745769,2.5649493574615367,1.3862943611198906,1.0,6.123233995736766e-17,0.9749279121818236,-0.22252093395631434,1.3862943611198906
2015-07-01 07:00:00+00:00,303,5,0,0.0,5.717027701406222,1.791759469228055,0.0,0.9659258262890683,-0.25881904510252063,0.9749279121818236,-0.22252093395631434,0.0
2015-07-01 08:00:00+00:00,200,2,2,2.0,5.303304908059076,1.0986122886681098,1.0986122886681098,0.8660254037844387,-0.49999999999999983,0.9749279121818236,-0.22252093395631434,1.0986122886681098
2015-07-01 09:00:00+00:00,96,3,0,0.0,4.574710978503383,1.3862943611198906,0.0,0.7071067811865476,-0.7071067811865475,0.9749279121818236,-0.22252093395631434,0.0
2015-07-01 10:00:00+00:00,84,0,0,0.0,4.442651256490317,0.0,0.0,0.49999999999999994,-0.8660254037844387,0.9749279121818236,-0.22252093395631434,0.0
2015-07-01 11:00:00+00:00,140,2,0,0.0,4.948759890378168,1.0986122886681098,0.0,0.258819045102521,-0.9659258262890682,0.9749279121818236,-0.22252093395631434,0.0
2015-07-01 12:00:00+00:00,222,2,0,0.0,5.407171771460119,1.0986122886681098,0.0,1.2246467991473532e-16,-1.0,0.9749279121818236,-0.22252093395631434,0.0
2015-07-01 13:00:00+00:00,330,8,2,2.0,5.802118375377063,2.1972245773362196,1.0986122886681098,-0.2588190451025208,-0.9659258262890683,0.9749279121818236,-0.22252093395631434,1.0986122886681098
2015-07-01 14:00:00+00:00,606,18,6,6.0,6.408528791059498,2.9444389791664403,1.9459101490553132,-0.4999999999999998,-0.8660254037844388,0.9749279121818236,-0.22252093395631434,1.9459101490553132
2015-07-01 15:00:00+00:00,878,20,12,12.0,6.778784897685177,3.044522437723423,2.5649493574615367,-0.7071067811865471,-0.7071067811865479,0.9749279121818236,-0.22252093395631434,2.5649493574615367
2015-07-01 16:00:00+00:00,1179,23,6,6.0,7.07326971745971,3.1780538303479458,1.9459101490553132,-0.8660254037844384,-0.5000000000000004,0.9749279121818236,-0.22252093395631434,1.9459101490553132
2015-07-01 17:00:00+00:00,1310,38,21,21.0,7.1785454837637,3.6635616461296463,3.091042453358316,-0.9659258262890683,-0.25881904510252063,0.9749279121818236,-0.22252093395631434,3.091042453358316
2015-07-01 18:00:00+00:00,1292,39,24,24.0,7.164720378771857,3.6888794541139363,3.2188758248682006,-1.0,-1.8369701987210297e-16,0.9749279121818236,-0.22252093395631434,3.2188758248682006
2015-07-01 19:00:00+00:00,1354,33,18,18.0,7.2115567333138015,3.5263605246161616,2.9444389791664403,-0.9659258262890684,0.2588190451025203,0.9749279121818236,-0.22252093395631434,2.9444389791664403
2015-07-01 20:00:00+00:00,1305,35,19,19.0,7.174724309836376,3.58351893845611,2.995732273553991,-0.8660254037844386,0.5000000000000001,0.9749279121818236,-0.22252093395631434,2.995732273553991
2015-07-01 21:00:00+00:00,1479,59,20,20.0,7.299797366758161,4.0943445622221,3.044522437723423,-0.7071067811865477,0.7071067811865474,0.9749279121818236,-0.22252093395631434,3.044522437723423
2015-07-01 22:00:00+00:00,1283,26,12,12.0,7.157735484249907,3.295836866004329,2.5649493574615367,-0.5000000000000004,0.8660254037844384,0.9749279121818236,-0.22252093395631434,2.5649493574615367
2015-07-01 23:00:00+00:00,1052,24,14,14.0,6.959398512133975,3.2188758248682006,2.70805020110221,-0.25881904510252157,0.9659258262890681,0.9749279121818236,-0.22252093395631434,2.70805020110221
2015-07-02 00:00:00+00:00,1005,16,5,5.0,6.913737350659685,2.833213344056216,1.791759469228055,0.0,1.0,0.43388373911755823,-0.900968867902419,1.791759469228055
2015-07-02 01:00:00+00:00,1092,16,5,5.0,6.996681488176539,2.833213344056216,1.791759469228055,0.25881904510252074,0.9659258262890683,0.43388373911755823,-0.900968867902419,1.791759469228055
2015-07-02 02:00:00+00:00,1046,12,3,3.0,6.953684210870537,2.5649493574615367,1.3862943611198906,0.49999999999999994,0.8660254037844387,0.43388373911755823,-0.900968867902419,1.3862943611198906
2015-07-02 03:00:00+00:00,1214,24,3,3.0,7.102499355774649,3.2188758248682006,1.3862943611198906,0.7071067811865475,0.7071067811865476,0.43388373911755823,-0.900968867902419,1.3862943611198906
2015-07-02 04:00:00+00:00,1161,21,9,9.0,7.057897937411856,3.091042453358316,2.302585092994046,0.8660254037844386,0.5000000000000001,0.43388373911755823,-0.900968867902419,2.302585092994046
2015-07-02 05:00:00+00:00,911,24,4,4.0,6.815639990074331,3.2188758248682006,1.6094379124341003,0.9659258262890683,0.25881904510252074,0.43388373911755823,-0.900968867902419,1.6094379124341003
2015-07-02 06:00:00+00:00,595,8,2,2.0,6.39024066706535,2.1972245773362196,1.0986122886681098,1.0,6.123233995736766e-17,0.43388373911755823,-0.900968867902419,1.0986122886681098
2015-07-02 07:00:00+00:00,331,10,1,1.0,5.805134968916488,2.3978952727983707,0.6931471805599453,0.9659258262890683,-0.25881904510252063,0.43388373911755823,-0.900968867902419,0.6931471805599453
2015-07-02 08:00:00+00:00,186,1,1,1.0,5.231108616854587,0.6931471805599453,0.6931471805599453,0.8660254037844387,-0.49999999999999983,0.43388373911755823,-0.900968867902419,0.6931471805599453
2015-07-02 09:00:00+00:00,113,1,1,1.0,4.736198448394496,0.6931471805599453,0.6931471805599453,0.7071067811865476,-0.7071067811865475,0.43388373911755823,-0.900968867902419,0.6931471805599453
2015-07-02 10:00:00+00:00,96,2,0,0.0,4.574710978503383,1.0986122886681098,0.0,0.49999999999999994,-0.8660254037844387,0.43388373911755823,-0.900968867902419,0.0
2015-07-02 11:00:00+00:00,168,3,1,1.0,5.1298987149230735,1.3862943611198906,0.6931471805599453,0.258819045102521,-0.9659258262890682,0.43388373911755823,-0.900968867902419,0.6931471805599453
2015-07-02 12:00:00+00:00,243,7,0,0.0,5.497168225293202,2.0794415416798357,0.0,1.2246467991473532e-16,-1.0,0.43388373911755823,-0.900968867902419,0.0
2015-07-02 13:00:00+00:00,363,5,2,2.0,5.8971538676367405,1.791759469228055,1.0986122886681098,-0.2588190451025208,-0.9659258262890683,0.43388373911755823,-0.900968867902419,1.0986122886681098
2015-07-02 14:00:00+00:00,565,10,5,5.0,6.338594078203183,2.3978952727983707,1.791759469228055,-0.4999999999999998,-0.8660254037844388,0.43388373911755823,-0.900968867902419,1.791759469228055
2015-07-02 15:00:00+00:00,1021,22,6,6.0,6.92951677076365,3.1354942159291497,1.9459101490553132,-0.7071067811865471,-0.7071067811865479,0.43388373911755823,-0.900968867902419,1.9459101490553132
2015-07-02 16:00:00+00:00,1365,32,18,18.0,7.2196420401307355,3.4965075614664802,2.9444389791664403,-0.8660254037844384,-0.5000000000000004,0.43388373911755823,-0.900968867902419,2.9444389791664403
2015-07-02 17:00:00+00:00,1373,32,16,16.0,7.2254814727822945,3.4965075614664802,2.833213344056216,-0.9659258262890683,-0.25881904510252063,0.43388373911755823,-0.900968867902419,2.833213344056216
2015-07-02 18:00:00+00:00,1397,24,14,14.0,7.242797922793756,3.2188758248682006,2.70805020110221,-1.0,-1.8369701987210297e-16,0.43388373911755823,-0.900968867902419,2.70805020110221
2015-07-02 19:00:00+00:00,1422,54,21,21.0,7.260522598089852,4.007333185232471,3.091042453358316,-0.9659258262890684,0.2588190451025203,0.43388373911755823,-0.900968867902419,3.091042453358316
2015-07-02 20:00:00+00:00,1239,23,8,8.0,7.122866658599083,3.1780538303479458,2.1972245773362196,-0.8660254037844386,0.5000000000000001,0.43388373911755823,-0.900968867902419,2.1972245773362196
2015-07-02 21:00:00+00:00,1352,32,13,13.0,7.210079628170788,3.4965075614664802,2.6390573296152584,-0.7071067811865477,0.7071067811865474,0.43388373911755823,-0.900968867902419,2.6390573296152584
2015-07-02 22:00:00+00:00,1312,31,8,8.0,7.180069874302796,3.4657359027997265,2.1972245773362196,-0.5000000000000004,0.8660254037844384,0.43388373911755823,-0.900968867902419,2.1972245773362196
2015-07-02 23:00:00+00:00,1221,51,9,9.0,7.108244139731541,3.9512437185814275,2.302585092994046,-0.25881904510252157,0.9659258262890681,0.43388373911755823,-0.900968867902419,2.302585092994046
2015-07-03 00:00:00+00:00,1083,46,9,9.0,6.988413181999592,3.8501476017100584,2.302585092994046,0.0,1.0,-0.433883739117558,-0.9009688679024191,2.302585092994046
2015-07-03 01:00:00+00:00,1075,34,8,8.0,6.98100574072173,3.5553480614894135,2.1972245773362196,0.25881904510252074,0.9659258262890683,-0.433883739117558,-0.9009688679024191,2.1972245773362196
2015-07-03 02:00:00+00:00,1147,27,8,8.0,7.045776576879511,3.332204510175204,2.1972245773362196,0.49999999999999994,0.8660254037844387,-0.433883739117558,-0.9009688679024191,2.1972245773362196
2015-07-03 03:00:00+00:00,1019,13,3,3.0,6.927557906278317,2.6390573296152584,1.3862943611198906,0.7071067811865475,0.7071067811865476,-0.433883739117558,-0.9009688679024191,1.3862943611198906
2015-07-03 04:00:00+00:00,1007,21,6,6.0,6.915723448631314,3.091042453358316,1.9459101490553132,0.8660254037844386,0.5000000000000001,-0.433883739117558,-0.9009688679024191,1.9459101490553132
2015-07-03 05:00:00+00:00,915,22,8,8.0,6.82001636467413,3.1354942159291497,2.1972245773362196,0.9659258262890683,0.25881904510252074,-0.433883739117558,-0.9009688679024191,2.1972245773362196
2015-07-03 06:00:00+00:00,554,6,3,3.0,6.318968113746434,1.9459101490553132,1.3862943611198906,1.0,6.123233995736766e-17,-0.433883739117558,-0.9009688679024191,1.3862943611198906
2015-07-03 07:00:00+00:00,337,3,2,2.0,5.823045895483019,1.3862943611198906,1.0986122886681098,0.9659258262890683,-0.25881904510252063,-0.433883739117558,-0.9009688679024191,1.0986122886681098
2015-07-03 08:00:00+00:00,121,3,1,1.0,4.804021044733257,1.3862943611198906,0.6931471805599453,0.8660254037844387,-0.49999999999999983,-0.433883739117558,-0.9009688679024191,0.6931471805599453
2015-07-03 09:00:00+00:00,108,4,2,2.0,4.6913478822291435,1.6094379124341003,1.0986122886681098,0.7071067811865476,-0.7071067811865475,-0.433883739117558,-0.9009688679024191,1.0986122886681098
2015-07-03 10:00:00+00:00,95,1,0,0.0,4.564348191467836,0.6931471805599453,0.0,0.49999999999999994,-0.8660254037844387,-0.433883739117558,-0.9009688679024191,0.0
2015-07-03 11:00:00+00:00,146,1,0,0.0,4.990432586778736,0.6931471805599453,0.0,0.258819045102521,-0.9659258262890682,-0.433883739117558,-0.9009688679024191,0.0
2015-07-03 12:00:00+00:00,211,1,0,0.0,5.356586274672012,0.6931471805599453,0.0,1.2246467991473532e-16,-1.0,-0.433883739117558,-0.9009688679024191,0.0
2015-07-03 13:00:00+00:00,350,5,1,1.0,5.860786223465865,1.791759469228055,0.6931471805599453,-0.2588190451025208,-0.9659258262890683,-0.433883739117558,-0.9009688679024191,0.6931471805599453
2015-07-03 14:00:00+00:00,592,11,4,4.0,6.385194398997726,2.4849066497880004,1.6094379124341003,-0.4999999999999998,-0.8660254037844388,-0.433883739117558,-0.9009688679024191,1.6094379124341003
2015-07-03 15:00:00+00:00,1017,29,7,7.0,6.925595197110468,3.4011973816621555,2.0794415416798357,-0.7071067811865471,-0.7071067811865479,-0.433883739117558,-0.9009688679024191,2.0794415416798357
2015-07-03 16:00:00+00:00,1256,28,16,16.0,7.136483208590247,3.367295829986474,2.833213344056216,-0.8660254037844384,-0.5000000000000004,-0.433883739117558,-0.9009688679024191,2.833213344056216
2015-07-03 17:00:00+00:00,1406,41,14,14.0,7.249215057114389,3.7376696182833684,2.70805020110221,-0.9659258262890683,-0.25881904510252063,-0.433883739117558,-0.9009688679024191,2.70805020110221
2015-07-03 18:00:00+00:00,1352,35,12,12.0,7.210079628170788,3.58351893845611,2.5649493574615367,-1.0,-1.8369701987210297e-16,-0.433883739117558,-0.9009688679024191,2.5649493574615367
2015-07-03 19:00:00+00:00,1382,30,8,8.0,7.232010331664759,3.4339872044851463,2.1972245773362196,-0.9659258262890684,0.2588190451025203,-0.433883739117558,-0.9009688679024191,2.1972245773362196
2015-07-03 20:00:00+00:00,1302,34,8,8.0,7.172424577124845,3.5553480614894135,2.1972245773362196,-0.8660254037844386,0.5000000000000001,-0.433883739117558,-0.9009688679024191,2.1972245773362196
2015-07-03 21:00:00+00:00,1319,33,10,10.0,7.1853870155804165,3.5263605246161616,2.3978952727983707,-0.7071067811865477,0.7071067811865474,-0.433883739117558,-0.9009688679024191,2.3978952727983707
2015-07-03 22:00:00+00:00,1299,41,11,11.0,7.170119543449628,3.7376696182833684,2.4849066497880004,-0.5000000000000004,0.8660254037844384,-0.433883739117558,-0.9009688679024191,2.4849066497880004
2015-07-03 23:00:00+00:00,1036,21,14,14.0,6.9440872082295275,3.091042453358316,2.70805020110221,-0.25881904510252157,0.9659258262890681,-0.433883739117558,-0.9009688679024191,2.70805020110221
2015-07-04 00:00:00+00:00,904,20,6,6.0,6.807934943699926,3.044522437723423,1.9459101490553132,0.0,1.0,-0.9749279121818236,-0.2225209339563146,1.9459101490553132
2015-07-04 01:00:00+00:00,885,36,12,12.0,6.786716950605081,3.6109179126442243,2.5649493574615367,0.25881904510252074,0.9659258262890683,-0.9749279121818236,-0.2225209339563146,2.5649493574615367
2015-07-04 02:00:00+00:00,886,22,4,4.0,6.787844982309579,3.1354942159291497,1.6094379124341003,0.49999999999999994,0.8660254037844387,-0.9749279121818236,-0.2225209339563146,1.6094379124341003
2015-07-04 03:00:00+00:00,954,10,4,4.0,6.86171134048073,2.3978952727983707,1.6094379124341003,0.7071067811865475,0.7071067811865476,-0.9749279121818236,-0.2225209339563146,1.6094379124341003
2015-07-04 04:00:00+00:00,923,16,4,4.0,6.828712071641684,2.833213344056216,1.6094379124341003,0.8660254037844386,0.5000000000000001,-0.9749279121818236,-0.2225209339563146,1.6094379124341003
2015-07-04 05:00:00+00:00,738,23,0,0.0,6.6052979209482015,3.1780538303479458,0.0,0.9659258262890683,0.25881904510252074,-0.9749279121818236,-0.2225209339563146,0.0
2015-07-04 06:00:00+00:00,496,22,11,11.0,6.208590026096629,3.1354942159291497,2.4849066497880004,1.0,6.123233995736766e-17,-0.9749279121818236,-0.2225209339563146,2.4849066497880004
2015-07-04 07:00:00+00:00,300,10,12,12.0,5.707110264748875,2.3978952727983707,2.5649493574615367,0.9659258262890683,-0.25881904510252063,-0.9749279121818236,-0.2225209339563146,2.5649493574615367
2015-07-04 08:00:00+00:00,188,11,5,5.0,5.241747015059643,2.4849066497880004,1.791759469228055,0.8660254037844387,-0.49999999999999983,-0.9749279121818236,-0.2225209339563146,1.791759469228055
2015-07-04 09:00:00+00:00,84,0,0,0.0,4.442651256490317,0.0,0.0,0.7071067811865476,-0.7071067811865475,-0.9749279121818236,-0.2225209339563146,0.0
2015-07-04 10:00:00+00:00,94,0,0,0.0,4.553876891600541,0.0,0.0,0.49999999999999994,-0.8660254037844387,-0.9749279121818236,-0.2225209339563146,0.0
2015-07-04 11:00:00+00:00,122,3,0,0.0,4.812184355372417,1.3862943611198906,0.0,0.258819045102521,-0.9659258262890682,-0.9749279121818236,-0.2225209339563146,0.0
2015-07-04 12:00:00+00:00,164,2,0,0.0,5.10594547390058,1.0986122886681098,0.0,1.2246467991473532e-16,-1.0,-0.9749279121818236,-0.2225209339563146,0.0
2015-07-04 13:00:00+00:00,278,2,1,1.0,5.631211781821365,1.0986122886681098,0.6931471805599453,-0.2588190451025208,-0.9659258262890683,-0.9749279121818236,-0.2225209339563146,0.6931471805599453
2015-07-04 14:00:00+00:00,480,2,0,0.0,6.175867270105761,1.0986122886681098,0.0,-0.4999999999999998,-0.8660254037844388,-0.9749279121818236,-0.2225209339563146,0.0
2015-07-04 15:00:00+00:00,660,8,1,1.0,6.493753839851686,2.1972245773362196,0.6931471805599453,-0.7071067811865471,-0.7071067811865479,-0.9749279121818236,-0.2225209339563146,0.6931471805599453
2015-07-04 16:00:00+00:00,963,29,6,6.0,6.871091294610546,3.4011973816621555,1.9459101490553132,-0.8660254037844384,-0.5000000000000004,-0.9749279121818236,-0.2225209339563146,1.9459101490553132
2015-07-04 17:00:00+00:00,939,19,8,8.0,6.84587987526405,2.995732273553991,2.1972245773362196,-0.9659258262890683,-0.25881904510252063,-0.9749279121818236,-0.2225209339563146,2.1972245773362196
2015-07-04 18:00:00+00:00,893,23,9,9.0,6.795705775173514,3.1780538303479458,2.302585092994046,-1.0,-1.8369701987210297e-16,-0.9749279121818236,-0.2225209339563146,2.302585092994046
2015-07-04 19:00:00+00:00,988,17,9,9.0,6.8966943316227125,2.8903717578961645,2.302585092994046,-0.9659258262890684,0.2588190451025203,-0.9749279121818236,-0.2225209339563146,2.302585092994046
2015-07-04 20:00:00+00:00,911,14,8,8.0,6.815639990074331,2.70805020110221,2.1972245773362196,-0.8660254037844386,0.5000000000000001,-0.9749279121818236,-0.2225209339563146,2.1972245773362196
2015-07-04 21:00:00+00:00,970,24,3,3.0,6.878326468291325,3.2188758248682006,1.3862943611198906,-0.7071067811865477,0.7071067811865474,-0.9749279121818236,-0.2225209339563146,1.3862943611198906
2015-07-04 22:00:00+00:00,943,29,7,7.0,6.8501261661455,3.4011973816621555,2.0794415416798357,-0.5000000000000004,0.8660254037844384,-0.9749279121818236,-0.2225209339563146,2.0794415416798357
2015-07-04 23:00:00+00:00,845,22,9,9.0,6.740519359606223,3.1354942159291497,2.302585092994046,-0.25881904510252157,0.9659258262890681,-0.9749279121818236,-0.2225209339563146,2.302585092994046
2015-07-05 00:00:00+00:00,911,33,3,3.0,6.815639990074331,3.5263605246161616,1.3862943611198906,0.0,1.0,-0.7818314824680299,0.6234898018587334,1.3862943611198906
2015-07-05 01:00:00+00:00,724,34,2,2.0,6.586171654854675,3.5553480614894135,1.0986122886681098,0.25881904510252074,0.9659258262890683,-0.7818314824680299,0.6234898018587334,1.0986122886681098
2015-07-05 02:00:00+00:00,812,10,3,3.0,6.70073110954781,2.3978952727983707,1.3862943611198906,0.49999999999999994,0.8660254037844387,-0.7818314824680299,0.6234898018587334,1.3862943611198906
2015-07-05 03:00:00+00:00,961,19,5,5.0,6.8690144506657065,2.995732273553991,1.791759469228055,0.7071067811865475,0.7071067811865476,-0.7818314824680299,0.6234898018587334,1.791759469228055
2015-07-05 04:00:00+00:00,884,9,0,0.0,6.785587645007929,2.302585092994046,0.0,0.8660254037844386,0.5000000000000001,-0.7818314824680299,0.6234898018587334,0.0
2015-07-05 05:00:00+00:00,630,25,5,5.0,6.447305862541213,3.258096538021482,1.791759469228055,0.9659258262890683,0.25881904510252074,-0.7818314824680299,0.6234898018587334,1.791759469228055
2015-07-05 06:00:00+00:00,521,14,5,5.0,6.257667587882639,2.70805020110221,1.791759469228055,1.0,6.123233995736766e-17,-0.7818314824680299,0.6234898018587334,1.791759469228055
2015-07-05 07:00:00+00:00,333,17,1,1.0,5.811140992976701,2.8903717578961645,0.6931471805599453,0.9659258262890683,-0.25881904510252063,-0.7818314824680299,0.6234898018587334,0.6931471805599453
2015-07-05 08:00:00+00:00,244,6,2,2.0,5.501258210544727,1.9459101490553132,1.0986122886681098,0.8660254037844387,-0.49999999999999983,-0.7818314824680299,0.6234898018587334,1.0986122886681098
2015-07-05 09:00:00+00:00,94,1,0,0.0,4.553876891600541,0.6931471805599453,0.0,0.7071067811865476,-0.7071067811865475,-0.7818314824680299,0.6234898018587334,0.0
2015-07-05 10:00:00+00:00,99,1,0,0.0,4.605170185988092,0.6931471805599453,0.0,0.49999999999999994,-0.8660254037844387,-0.7818314824680299,0.6234898018587334,0.0
2015-07-05 11:00:00+00:00,117,2,0,0.0,4.770684624465665,1.0986122886681098,0.0,0.258819045102521,-0.9659258262890682,-0.7818314824680299,0.6234898018587334,0.0
2015-07-05 12:00:00+00:00,149,2,1,1.0,5.0106352940962555,1.0986122886681098,0.6931471805599453,1.2246467991473532e-16,-1.0,-0.7818314824680299,0.6234898018587334,0.6931471805599453
2015-07-05 13:00:00+00:00,242,3,0,0.0,5.493061443340548,1.3862943611198906,0.0,-0.2588190451025208,-0.9659258262890683,-0.7818314824680299,0.6234898018587334,0.0
2015-07-05 14:00:00+00:00,430,29,0,0.0,6.066108090103747,3.4011973816621555,0.0,-0.4999999999999998,-0.8660254037844388,-0.7818314824680299,0.6234898018587334,0.0
2015-07-05 15:00:00+00:00,560,58,7,7.0,6.329720905522696,4.07753744390572,2.0794415416798357,-0.7071067811865471,-0.7071067811865479,-0.7818314824680299,0.6234898018587334,2.0794415416798357
2015-07-05 16:00:00+00:00,726,10,2,2.0,6.588926477533519,2.3978952727983707,1.0986122886681098,-0.8660254037844384,-0.5000000000000004,-0.7818314824680299,0.6234898018587334,1.0986122886681098
2015-07-05 17:00:00+00:00,890,29,8,8.0,6.792344427470809,3.4011973816621555,2.1972245773362196,-0.9659258262890683,-0.25881904510252063,-0.7818314824680299,0.6234898018587334,2.1972245773362196
2015-07-05 18:00:00+00:00,845,13,3,3.0,6.740519359606223,2.6390573296152584,1.3862943611198906,-1.0,-1.8369701987210297e-16,-0.7818314824680299,0.6234898018587334,1.3862943611198906
2015-07-05 19:00:00+00:00,981,16,7,7.0,6.889591308354466,2.833213344056216,2.0794415416798357,-0.9659258262890684,0.2588190451025203,-0.7818314824680299,0.6234898018587334,2.0794415416798357
2015-07-05 20:00:00+00:00,973,23,2,2.0,6.881411303642535,3.1780538303479458,1.0986122886681098,-0.8660254037844386,0.5000000000000001,-0.7818314824680299,0.6234898018587334,1.0986122886681098
2015-07-05 21:00:00+00:00,1055,55,17,17.0,6.962243464266207,4.02535169073515,2.8903717578961645,-0.7071067811865477,0.7071067811865474,-0.7818314824680299,0.6234898018587334,2.8903717578961645
2015-07-05 22:00:00+00:00,1047,35,11,11.0,6.954638864880987,3.58351893845611,2.4849066497880004,-0.5000000000000004,0.8660254037844384,-0.7818314824680299,0.6234898018587334,2.4849066497880004
2015-07-05 23:00:00+00:00,945,32,16,16.0,6.852242569051878,3.4965075614664802,2.833213344056216,-0.25881904510252157,0.9659258262890681,-0.7818314824680299,0.6234898018587334,2.833213344056216
2015-07-06 00:00:00+00:00,994,13,11,11.0,6.902742737158593,2.6390573296152584,2.4849066497880004,0.0,1.0,0.0,1.0,2.4849066497880004
2015-07-06 01:00:00+00:00,902,11,12,12.0,6.805722553416985,2.4849066497880004,2.5649493574615367,0.25881904510252074,0.9659258262890683,0.0,1.0,2.5649493574615367
2015-07-06 02:00:00+00:00,1061,34,4,4.0,6.967909201801884,3.5553480614894135,1.6094379124341003,0.49999999999999994,0.8660254037844387,0.0,1.0,1.6094379124341003
2015-07-06 03:00:00+00:00,1117,25,9,9.0,7.0192966537150445,3.258096538021482,2.302585092994046,0.7071067811865475,0.7071067811865476,0.0,1.0,2.302585092994046
2015-07-06 04:00:00+00:00,1072,18,7,7.0,6.9782137426306985,2.9444389791664403,2.0794415416798357,0.8660254037844386,0.5000000000000001,0.0,1.0,2.0794415416798357
2015-07-06 05:00:00+00:00,819,16,10,10.0,6.709304340258298,2.833213344056216,2.3978952727983707,0.9659258262890683,0.25881904510252074,0.0,1.0,2.3978952727983707
2015-07-06 06:00:00+00:00,527,16,3,3.0,6.269096283706261,2.833213344056216,1.3862943611198906,1.0,6.123233995736766e-17,0.0,1.0,1.3862943611198906
2015-07-06 07:00:00+00:00,290,9,1,1.0,5.673323267171493,2.302585092994046,0.6931471805599453,0.9659258262890683,-0.25881904510252063,0.0,1.0,0.6931471805599453
2015-07-06 08:00:00+00:00,141,1,0,0.0,4.955827057601261,0.6931471805599453,0.0,0.8660254037844387,-0.49999999999999983,0.0,1.0,0.0
2015-07-06 09:00:00+00:00,120,2,0,0.0,4.795790545596741,1.0986122886681098,0.0,0.7071067811865476,-0.7071067811865475,0.0,1.0,0.0
2015-07-06 10:00:00+00:00,76,1,1,1.0,4.343805421853684,0.6931471805599453,0.6931471805599453,0.49999999999999994,-0.8660254037844387,0.0,1.0,0.6931471805599453
2015-07-06 11:00:00+00:00,111,2,0,0.0,4.718498871295094,1.0986122886681098,0.0,0.258819045102521,-0.9659258262890682,0.0,1.0,0.0
2015-07-06 12:00:00+00:00,239,6,1,1.0,5.480638923341991,1.9459101490553132,0.6931471805599453,1.2246467991473532e-16,-1.0,0.0,1.0,0.6931471805599453
2015-07-06 13:00:00+00:00,328,12,0,0.0,5.796057750765372,2.5649493574615367,0.0,-0.2588190451025208,-0.9659258262890683,0.0,1.0,0.0
2015-07-06 14:00:00+00:00,586,10,4,4.0,6.375024819828097,2.3978952727983707,1.6094379124341003,-0.4999999999999998,-0.8660254037844388,0.0,1.0,1.6094379124341003
2015-07-06 15:00:00+00:00,996,33,15,15.0,6.904750769961838,3.5263605246161616,2.772588722239781,-0.7071067811865471,-0.7071067811865479,0.0,1.0,2.772588722239781
2015-07-06 16:00:00+00:00,1342,44,29,29.0,7.202661196523238,3.8066624897703196,3.4011973816621555,-0.8660254037844384,-0.5000000000000004,0.0,1.0,3.4011973816621555
2015-07-06 17:00:00+00:00,1490,34,19,19.0,7.307202314764738,3.5553480614894135,2.995732273553991,-0.9659258262890683,-0.25881904510252063,0.0,1.0,2.995732273553991
2015-07-06 18:00:00+00:00,1428,40,18,18.0,7.264730177929867,3.713572066704308,2.9444389791664403,-1.0,-1.8369701987210297e-16,0.0,1.0,2.9444389791664403
2015-07-06 19:00:00+00:00,1821,49,20,20.0,7.507690077819904,3.912023005428146,3.044522437723423,-0.9659258262890684,0.2588190451025203,0.0,1.0,3.044522437723423
2015-07-06 20:00:00+00:00,1606,40,12,12.0,7.382124365737512,3.713572066704308,2.5649493574615367,-0.8660254037844386,0.5000000000000001,0.0,1.0,2.5649493574615367
2015-07-06 21:00:00+00:00,1550,40,18,18.0,7.346655163176539,3.713572066704308,2.9444389791664403,-0.7071067811865477,0.7071067811865474,0.0,1.0,2.9444389791664403
2015-07-06 22:00:00+00:00,1604,49,14,14.0,7.380879035564116,3.912023005428146,2.70805020110221,-0.5000000000000004,0.8660254037844384,0.0,1.0,2.70805020110221
2015-07-06 23:00:00+00:00,1363,47,11,11.0,7.218176838403408,3.871201010907891,2.4849066497880004,-0.25881904510252157,0.9659258262890681,0.0,1.0,2.4849066497880004
2015-07-07 00:00:00+00:00,1226,44,17,17.0,7.112327444710911,3.8066624897703196,2.8903717578961645,0.0,1.0,0.7818314824680298,0.6234898018587336,2.8903717578961645
2015-07-07 01:00:00+00:00,1194,44,14,14.0,7.085901464365611,3.8066624897703196,2.70805020110221,0.25881904510252074,0.9659258262890683,0.7818314824680298,0.6234898018587336,2.70805020110221
2015-07-07 02:00:00+00:00,1328,25,2,2.0,7.192182058713246,3.258096538021482,1.0986122886681098,0.49999999999999994,0.8660254037844387,0.7818314824680298,0.6234898018587336,1.0986122886681098
2015-07-07 03:00:00+00:00,1385,35,10,10.0,7.234177179749849,3.58351893845611,2.3978952727983707,0.7071067811865475,0.7071067811865476,0.7818314824680298,0.6234898018587336,2.3978952727983707
2015-07-07 04:00:00+00:00,1302,40,5,5.0,7.172424577124845,3.713572066704308,1.791759469228055,0.8660254037844386,0.5000000000000001,0.7818314824680298,0.6234898018587336,1.791759469228055
2015-07-07 05:00:00+00:00,1058,21,8,8.0,6.9650803456014065,3.091042453358316,2.1972245773362196,0.9659258262890683,0.25881904510252074,0.7818314824680298,0.6234898018587336,2.1972245773362196
2015-07-07 06:00:00+00:00,679,9,3,3.0,6.522092798170152,2.302585092994046,1.3862943611198906,1.0,6.123233995736766e-17,0.7818314824680298,0.6234898018587336,1.3862943611198906
2015-07-07 07:00:00+00:00,403,6,0,0.0,6.0014148779611505,1.9459101490553132,0.0,0.9659258262890683,-0.25881904510252063,0.7818314824680298,0.6234898018587336,0.0
2015-07-07 08:00:00+00:00,196,3,3,3.0,5.2832037287379885,1.3862943611198906,1.3862943611198906,0.8660254037844387,-0.49999999999999983,0.7818314824680298,0.6234898018587336,1.3862943611198906
2015-07-07 09:00:00+00:00,116,7,1,1.0,4.762173934797756,2.0794415416798357,0.6931471805599453,0.7071067811865476,-0.7071067811865475,0.7818314824680298,0.6234898018587336,0.6931471805599453
2015-07-07 10:00:00+00:00,132,4,0,0.0,4.890349128221754,1.6094379124341003,0.0,0.49999999999999994,-0.8660254037844387,0.7818314824680298,0.6234898018587336,0.0
2015-07-07 11:00:00+00:00,163,4,0,0.0,5.099866427824199,1.6094379124341003,0.0,0.258819045102521,-0.9659258262890682,0.7818314824680298,0.6234898018587336,0.0
2015-07-07 12:00:00+00:00,216,9,1,1.0,5.37989735354046,2.302585092994046,0.6931471805599453,1.2246467991473532e-16,-1.0,0.7818314824680298,0.6234898018587336,0.6931471805599453
2015-07-07 13:00:00+00:00,427,13,0,0.0,6.059123195581797,2.6390573296152584,0.0,-0.2588190451025208,-0.9659258262890683,0.7818314824680298,0.6234898018587336,0.0
2015-07-07 14:00:00+00:00,631,13,5,5.0,6.448889394146858,2.6390573296152584,1.791759469228055,-0.4999999999999998,-0.8660254037844388,0.7818314824680298,0.6234898018587336,1.791759469228055
2015-07-07 15:00:00+00:00,1120,50,14,14.0,7.02197642307216,3.9318256327243257,2.70805020110221,-0.7071067811865471,-0.7071067811865479,0.7818314824680298,0.6234898018587336,2.70805020110221
2015-07-07 16:00:00+00:00,1247,47,44,44.0,7.129297548929373,3.871201010907891,3.8066624897703196,-0.8660254037844384,-0.5000000000000004,0.7818314824680298,0.6234898018587336,3.8066624897703196
2015-07-07 17:00:00+00:00,1401,33,15,15.0,7.2456550675945355,3.5263605246161616,2.772588722239781,-0.9659258262890683,-0.25881904510252063,0.7818314824680298,0.6234898018587336,2.772588722239781
2015-07-07 18:00:00+00:00,1443,34,8,8.0,7.275172319452771,3.5553480614894135,2.1972245773362196,-1.0,-1.8369701987210297e-16,0.7818314824680298,0.6234898018587336,2.1972245773362196
2015-07-07 19:00:00+00:00,1620,57,29,29.0,7.390798521735676,4.060443010546419,3.4011973816621555,-0.9659258262890684,0.2588190451025203,0.7818314824680298,0.6234898018587336,3.4011973816621555
2015-07-07 20:00:00+00:00,1930,49,27,27.0,7.565793282428515,3.912023005428146,3.332204510175204,-0.8660254037844386,0.5000000000000001,0.7818314824680298,0.6234898018587336,3.332204510175204
2015-07-07 21:00:00+00:00,1468,44,14,14.0,7.292337176173877,3.8066624897703196,2.70805020110221,-0.7071067811865477,0.7071067811865474,0.7818314824680298,0.6234898018587336,2.70805020110221
2015-07-07 22:00:00+00:00,1480,39,12,12.0,7.300472814267799,3.6888794541139363,2.5649493574615367,-0.5000000000000004,0.8660254037844384,0.7818314824680298,0.6234898018587336,2.5649493574615367
2015-07-07 23:00:00+00:00,1301,37,15,15.0,7.171656822768514,3.6375861597263857,2.772588722239781,-0.25881904510252157,0.9659258262890681,0.7818314824680298,0.6234898018587336,2.772588722239781
2015-07-08 00:00:00+00:00,1131,37,7,7.0,7.0317412587631285,3.6375861597263857,2.0794415416798357,0.0,1.0,0.9749279121818236,-0.22252093395631434,2.0794415416798357
2015-07-08 01:00:00+00:00,1097,22,4,4.0,7.001245622069476,3.1354942159291497,1.6094379124341003,0.25881904510252074,0.9659258262890683,0.9749279121818236,-0.22252093395631434,1.6094379124341003
2015-07-08 02:00:00+00:00,1186,29,13,13.0,7.079184394609668,3.4011973816621555,2.6390573296152584,0.49999999999999994,0.8660254037844387,0.9749279121818236,-0.22252093395631434,2.6390573296152584
2015-07-08 03:00:00+00:00,1231,41,6,6.0,7.116394144093465,3.7376696182833684,1.9459101490553132,0.7071067811865475,0.7071067811865476,0.9749279121818236,-0.22252093395631434,1.9459101490553132
2015-07-08 04:00:00+00:00,1316,31,12,12.0,7.183111701743281,3.4657359027997265,2.5649493574615367,0.8660254037844386,0.5000000000000001,0.9749279121818236,-0.22252093395631434,2.5649493574615367
2015-07-08 05:00:00+00:00,984,13,2,2.0,6.892641641172089,2.6390573296152584,1.0986122886681098,0.9659258262890683,0.25881904510252074,0.9749279121818236,-0.22252093395631434,1.0986122886681098
2015-07-08 06:00:00+00:00,668,16,12,12.0,6.505784060128229,2.833213344056216,2.5649493574615367,1.0,6.123233995736766e-17,0.9749279121818236,-0.22252093395631434,2.5649493574615367
2015-07-08 07:00:00+00:00,330,7,1,1.0,5.802118375377063,2.0794415416798357,0.6931471805599453,0.9659258262890683,-0.25881904510252063,0.9749279121818236,-0.22252093395631434,0.6931471805599453
2015-07-08 08:00:00+00:00,217,9,0,0.0,5.384495062789089,2.302585092994046,0.0,0.8660254037844387,-0.49999999999999983,0.9749279121818236,-0.22252093395631434,0.0
2015-07-08 09:00:00+00:00,174,1,0,0.0,5.1647859739235145,0.6931471805599453,0.0,0.7071067811865476,-0.7071067811865475,0.9749279121818236,-0.22252093395631434,0.0
2015-07-08 10:00:00+00:00,159,6,0,0.0,5.075173815233827,1.9459101490553132,0.0,0.49999999999999994,-0.8660254037844387,0.9749279121818236,-0.22252093395631434,0.0
2015-07-08 11:00:00+00:00,192,4,4,4.0,5.262690188904886,1.6094379124341003,1.6094379124341003,0.258819045102521,-0.9659258262890682,0.9749279121818236,-0.22252093395631434,1.6094379124341003
2015-07-08 12:00:00+00:00,227,7,1,1.0,5.429345628954441,2.0794415416798357,0.6931471805599453,1.2246467991473532e-16,-1.0,0.9749279121818236,-0.22252093395631434,0.6931471805599453
2015-07-08 13:00:00+00:00,371,12,3,3.0,5.918893854273146,2.5649493574615367,1.3862943611198906,-0.2588190451025208,-0.9659258262890683,0.9749279121818236,-0.22252093395631434,1.3862943611198906
2015-07-08 14:00:00+00:00,680,12,3,3.0,6.523562306149512,2.5649493574615367,1.3862943611198906,-0.4999999999999998,-0.8660254037844388,0.9749279121818236,-0.22252093395631434,1.3862943611198906
2015-07-08 15:00:00+00:00,1073,43,25,25.0,6.97914527506881,3.784189633918261,3.258096538021482,-0.7071067811865471,-0.7071067811865479,0.9749279121818236,-0.22252093395631434,3.258096538021482
2015-07-08 16:00:00+00:00,1426,54,12,12.0,7.2633296174768365,4.007333185232471,2.5649493574615367,-0.8660254037844384,-0.5000000000000004,0.9749279121818236,-0.22252093395631434,2.5649493574615367
2015-07-08 17:00:00+00:00,1664,55,21,21.0,7.417580402414544,4.02535169073515,3.091042453358316,-0.9659258262890683,-0.25881904510252063,0.9749279121818236,-0.22252093395631434,3.091042453358316
2015-07-08 18:00:00+00:00,1568,42,18,18.0,7.358193752733032,3.7612001156935624,2.9444389791664403,-1.0,-1.8369701987210297e-16,0.9749279121818236,-0.22252093395631434,2.9444389791664403
2015-07-08 19:00:00+00:00,1866,57,48,48.0,7.532088143541722,4.060443010546419,3.8918202981106265,-0.9659258262890684,0.2588190451025203,0.9749279121818236,-0.22252093395631434,3.8918202981106265
2015-07-08 20:00:00+00:00,1807,53,22,22.0,7.4999765409521215,3.9889840465642745,3.1354942159291497,-0.8660254037844386,0.5000000000000001,0.9749279121818236,-0.22252093395631434,3.1354942159291497
2015-07-08 21:00:00+00:00,1701,77,21,21.0,7.43955930913332,4.356708826689592,3.091042453358316,-0.7071067811865477,0.7071067811865474,0.9749279121818236,-0.22252093395631434,3.091042453358316
2015-07-08 22:00:00+00:00,1570,39,17,17.0,7.359467638255621,3.6888794541139363,2.8903717578961645,-0.5000000000000004,0.8660254037844384,0.9749279121818236,-0.22252093395631434,2.8903717578961645
2015-07-08 23:00:00+00:00,1446,22,7,7.0,7.277247726631484,3.1354942159291497,2.0794415416798357,-0.25881904510252157,0.9659258262890681,0.9749279121818236,-0.22252093395631434,2.0794415416798357
2015-07-09 00:00:00+00:00,1183,34,13,13.0,7.076653815443951,3.5553480614894135,2.6390573296152584,0.0,1.0,0.43388373911755823,-0.900968867902419,2.6390573296152584
2015-07-09 01:00:00+00:00,1183,44,13,13.0,7.076653815443951,3.8066624897703196,2.6390573296152584,0.25881904510252074,0.9659258262890683,0.43388373911755823,-0.900968867902419,2.6390573296152584
2015-07-09 02:00:00+00:00,1285,31,9,9.0,7.1592919047975645,3.4657359027997265,2.302585092994046,0.49999999999999994,0.8660254037844387,0.43388373911755823,-0.900968867902419,2.302585092994046
2015-07-09 03:00:00+00:00,1313,37,13,13.0,7.1808311990445555,3.6375861597263857,2.6390573296152584,0.7071067811865475,0.7071067811865476,0.43388373911755823,-0.900968867902419,2.6390573296152584
2015-07-09 04:00:00+00:00,1248,27,13,13.0,7.130098510125578,3.332204510175204,2.6390573296152584,0.8660254037844386,0.5000000000000001,0.43388373911755823,-0.900968867902419,2.6390573296152584
2015-07-09 05:00:00+00:00,1166,29,10,10.0,7.062191632286556,3.4011973816621555,2.3978952727983707,0.9659258262890683,0.25881904510252074,0.43388373911755823,-0.900968867902419,2.3978952727983707
2015-07-09 06:00:00+00:00,623,19,5,5.0,6.436150368369428,2.995732273553991,1.791759469228055,1.0,6.123233995736766e-17,0.43388373911755823,-0.900968867902419,1.791759469228055
2015-07-09 07:00:00+00:00,322,10,0,0.0,5.777652323222656,2.3978952727983707,0.0,0.9659258262890683,-0.25881904510252063,0.43388373911755823,-0.900968867902419,0.0
2015-07-09 08:00:00+00:00,204,2,2,2.0,5.3230099791384085,1.0986122886681098,1.0986122886681098,0.8660254037844387,-0.49999999999999983,0.43388373911755823,-0.900968867902419,1.0986122886681098
2015-07-09 09:00:00+00:00,107,1,0,0.0,4.68213122712422,0.6931471805599453,0.0,0.7071067811865476,-0.7071067811865475,0.43388373911755823,-0.900968867902419,0.0
2015-07-09 10:00:00+00:00,126,3,0,0.0,4.844187086458591,1.3862943611198906,0.0,0.49999999999999994,-0.8660254037844387,0.43388373911755823,-0.900968867902419,0.0
2015-07-09 11:00:00+00:00,163,9,2,2.0,5.099866427824199,2.302585092994046,1.0986122886681098,0.258819045102521,-0.9659258262890682,0.43388373911755823,-0.900968867902419,1.0986122886681098
2015-07-09 12:00:00+00:00,305,5,0,0.0,5.723585101952381,1.791759469228055,0.0,1.2246467991473532e-16,-1.0,0.43388373911755823,-0.900968867902419,0.0
2015-07-09 13:00:00+00:00,371,5,0,0.0,5.918893854273146,1.791759469228055,0.0,-0.2588190451025208,-0.9659258262890683,0.43388373911755823,-0.900968867902419,0.0
2015-07-09 14:00:00+00:00,772,8,2,2.0,6.650279048587422,2.1972245773362196,1.0986122886681098,-0.4999999999999998,-0.8660254037844388,0.43388373911755823,-0.900968867902419,1.0986122886681098
2015-07-09 15:00:00+00:00,1065,22,4,4.0,6.97166860472579,3.1354942159291497,1.6094379124341003,-0.7071067811865471,-0.7071067811865479,0.43388373911755823,-0.900968867902419,1.6094379124341003
2015-07-09 16:00:00+00:00,1356,44,14,14.0,7.213031659834869,3.8066624897703196,2.70805020110221,-0.8660254037844384,-0.5000000000000004,0.43388373911755823,-0.900968867902419,2.70805020110221
2015-07-09 17:00:00+00:00,1538,37,23,23.0,7.338888133838879,3.6375861597263857,3.1780538303479458,-0.9659258262890683,-0.25881904510252063,0.43388373911755823,-0.900968867902419,3.1780538303479458
2015-07-09 18:00:00+00:00,1521,68,15,15.0,7.3277805384216315,4.23410650459726,2.772588722239781,-1.0,-1.8369701987210297e-16,0.43388373911755823,-0.900968867902419,2.772588722239781
2015-07-09 19:00:00+00:00,1596,36,13,13.0,7.3758821482150125,3.6109179126442243,2.6390573296152584,-0.9659258262890684,0.2588190451025203,0.43388373911755823,-0.900968867902419,2.6390573296152584
2015-07-09 20:00:00+00:00,1806,55,9,9.0,7.499423290592229,4.02535169073515,2.302585092994046,-0.8660254037844386,0.5000000000000001,0.43388373911755823,-0.900968867902419,2.302585092994046
2015-07-09 21:00:00+00:00,1747,58,21,21.0,7.466227556215481,4.07753744390572,3.091042453358316,-0.7071067811865477,0.7071067811865474,0.43388373911755823,-0.900968867902419,3.091042453358316
2015-07-09 22:00:00+00:00,1680,42,18,18.0,7.427144133408616,3.7612001156935624,2.9444389791664403,-0.5000000000000004,0.8660254037844384,0.43388373911755823,-0.900968867902419,2.9444389791664403
2015-07-09 23:00:00+00:00,1431,52,8,8.0,7.266827347520591,3.970291913552122,2.1972245773362196,-0.25881904510252157,0.9659258262890681,0.43388373911755823,-0.900968867902419,2.1972245773362196
2015-07-10 00:00:00+00:00,1287,106,12,12.0,7.160845906664299,4.672828834461906,2.5649493574615367,0.0,1.0,-0.433883739117558,-0.9009688679024191,2.5649493574615367
2015-07-10 01:00:00+00:00,1262,62,25,25.0,7.141245122350491,4.143134726391533,3.258096538021482,0.25881904510252074,0.9659258262890683,-0.433883739117558,-0.9009688679024191,3.258096538021482
2015-07-10 02:00:00+00:00,1185,23,5,5.0,7.078341579557671,3.1780538303479458,1.791759469228055,0.49999999999999994,0.8660254037844387,-0.433883739117558,-0.9009688679024191,1.791759469228055
2015-07-10 03:00:00+00:00,1159,24,3,3.0,7.05617528410041,3.2188758248682006,1.3862943611198906,0.7071067811865475,0.7071067811865476,-0.433883739117558,-0.9009688679024191,1.3862943611198906
2015-07-10 04:00:00+00:00,1300,30,5,5.0,7.170888478512505,3.4339872044851463,1.791759469228055,0.8660254037844386,0.5000000000000001,-0.433883739117558,-0.9009688679024191,1.791759469228055
2015-07-10 05:00:00+00:00,1035,37,5,5.0,6.943122422819428,3.6375861597263857,1.791759469228055,0.9659258262890683,0.25881904510252074,-0.433883739117558,-0.9009688679024191,1.791759469228055
2015-07-10 06:00:00+00:00,681,14,4,4.0,6.525029657843462,2.70805020110221,1.6094379124341003,1.0,6.123233995736766e-17,-0.433883739117558,-0.9009688679024191,1.6094379124341003
2015-07-10 07:00:00+00:00,351,8,2,2.0,5.863631175598097,2.1972245773362196,1.0986122886681098,0.9659258262890683,-0.25881904510252063,-0.433883739117558,-0.9009688679024191,1.0986122886681098
2015-07-10 08:00:00+00:00,162,3,1,1.0,5.093750200806762,1.3862943611198906,0.6931471805599453,0.8660254037844387,-0.49999999999999983,-0.433883739117558,-0.9009688679024191,0.6931471805599453
2015-07-10 09:00:00+00:00,191,3,2,2.0,5.2574953720277815,1.3862943611198906,1.0986122886681098,0.7071067811865476,-0.7071067811865475,-0.433883739117558,-0.9009688679024191,1.0986122886681098
2015-07-10 10:00:00+00:00,202,2,0,0.0,5.313205979041787,1.0986122886681098,0.0,0.49999999999999994,-0.8660254037844387,-0.433883739117558,-0.9009688679024191,0.0
2015-07-10 11:00:00+00:00,181,1,1,1.0,5.204006687076795,0.6931471805599453,0.6931471805599453,0.258819045102521,-0.9659258262890682,-0.433883739117558,-0.9009688679024191,0.6931471805599453
2015-07-10 12:00:00+00:00,251,12,2,2.0,5.529429087511423,2.5649493574615367,1.0986122886681098,1.2246467991473532e-16,-1.0,-0.433883739117558,-0.9009688679024191,1.0986122886681098
2015-07-10 13:00:00+00:00,425,4,4,4.0,6.054439346269371,1.6094379124341003,1.6094379124341003,-0.2588190451025208,-0.9659258262890683,-0.433883739117558,-0.9009688679024191,1.6094379124341003
2015-07-10 14:00:00+00:00,657,10,2,2.0,6.489204931325317,2.3978952727983707,1.0986122886681098,-0.4999999999999998,-0.8660254037844388,-0.433883739117558,-0.9009688679024191,1.0986122886681098
2015-07-10 15:00:00+00:00,1120,24,8,8.0,7.02197642307216,3.2188758248682006,2.1972245773362196,-0.7071067811865471,-0.7071067811865479,-0.433883739117558,-0.9009688679024191,2.1972245773362196
2015-07-10 16:00:00+00:00,1367,44,20,20.0,7.221105098182496,3.8066624897703196,3.044522437723423,-0.8660254037844384,-0.5000000000000004,-0.433883739117558,-0.9009688679024191,3.044522437723423
2015-07-10 17:00:00+00:00,1399,58,21,21.0,7.24422751560335,4.07753744390572,3.091042453358316,-0.9659258262890683,-0.25881904510252063,-0.433883739117558,-0.9009688679024191,3.091042453358316
2015-07-10 18:00:00+00:00,1458,33,13,13.0,7.285506548522785,3.5263605246161616,2.6390573296152584,-1.0,-1.8369701987210297e-16,-0.433883739117558,-0.9009688679024191,2.6390573296152584
2015-07-10 19:00:00+00:00,1445,39,9,9.0,7.27655640271871,3.6888794541139363,2.302585092994046,-0.9659258262890684,0.2588190451025203,-0.433883739117558,-0.9009688679024191,2.302585092994046
2015-07-10 20:00:00+00:00,1433,29,14,14.0,7.2682230211595655,3.4011973816621555,2.70805020110221,-0.8660254037844386,0.5000000000000001,-0.433883739117558,-0.9009688679024191,2.70805020110221
2015-07-10 21:00:00+00:00,1375,22,13,13.0,7.226936018493289,3.1354942159291497,2.6390573296152584,-0.7071067811865477,0.7071067811865474,-0.433883739117558,-0.9009688679024191,2.6390573296152584
2015-07-10 22:00:00+00:00,1333,33,4,4.0,7.195937226475569,3.5263605246161616,1.6094379124341003,-0.5000000000000004,0.8660254037844384,-0.433883739117558,-0.9009688679024191,1.6094379124341003
2015-07-10 23:00:00+00:00,1066,19,6,6.0,6.9726062513017535,2.995732273553991,1.9459101490553132,-0.25881904510252157,0.9659258262890681,-0.433883739117558,-0.9009688679024191,1.9459101490553132
2015-07-11 00:00:00+00:00,916,22,2,2.0,6.821107472256465,3.1354942159291497,1.0986122886681098,0.0,1.0,-0.9749279121818236,-0.2225209339563146,1.0986122886681098
2015-07-11 01:00:00+00:00,980,11,4,4.0,6.8885724595653635,2.4849066497880004,1.6094379124341003,0.25881904510252074,0.9659258262890683,-0.9749279121818236,-0.2225209339563146,1.6094379124341003
2015-07-11 02:00:00+00:00,1009,20,4,4.0,6.917705609835305,3.044522437723423,1.6094379124341003,0.49999999999999994,0.8660254037844387,-0.9749279121818236,-0.2225209339563146,1.6094379124341003
2015-07-11 03:00:00+00:00,1105,14,4,4.0,7.00850518208228,2.70805020110221,1.6094379124341003,0.7071067811865475,0.7071067811865476,-0.9749279121818236,-0.2225209339563146,1.6094379124341003
2015-07-11 04:00:00+00:00,1002,16,1,1.0,6.910750787961936,2.833213344056216,0.6931471805599453,0.8660254037844386,0.5000000000000001,-0.9749279121818236,-0.2225209339563146,0.6931471805599453
2015-07-11 05:00:00+00:00,891,33,4,4.0,6.79346613258001,3.5263605246161616,1.6094379124341003,0.9659258262890683,0.25881904510252074,-0.9749279121818236,-0.2225209339563146,1.6094379124341003
2015-07-11 06:00:00+00:00,614,7,0,0.0,6.421622267806518,2.0794415416798357,0.0,1.0,6.123233995736766e-17,-0.9749279121818236,-0.2225209339563146,0.0
2015-07-11 07:00:00+00:00,454,6,4,4.0,6.12029741895095,1.9459101490553132,1.6094379124341003,0.9659258262890683,-0.25881904510252063,-0.9749279121818236,-0.2225209339563146,1.6094379124341003
2015-07-11 08:00:00+00:00,194,3,0,0.0,5.272999558563747,1.3862943611198906,0.0,0.8660254037844387,-0.49999999999999983,-0.9749279121818236,-0.2225209339563146,0.0
2015-07-11 09:00:00+00:00,396,1,0,0.0,5.983936280687191,0.6931471805599453,0.0,0.7071067811865476,-0.7071067811865475,-0.9749279121818236,-0.2225209339563146,0.0
2015-07-11 10:00:00+00:00,291,4,2,2.0,5.676753802268282,1.6094379124341003,1.0986122886681098,0.49999999999999994,-0.8660254037844387,-0.9749279121818236,-0.2225209339563146,1.0986122886681098
2015-07-11 11:00:00+00:00,262,3,1,1.0,5.572154032177765,1.3862943611198906,0.6931471805599453,0.258819045102521,-0.9659258262890682,-0.9749279121818236,-0.2225209339563146,0.6931471805599453
2015-07-11 12:00:00+00:00,462,4,0,0.0,6.137727054086234,1.6094379124341003,0.0,1.2246467991473532e-16,-1.0,-0.9749279121818236,-0.2225209339563146,0.0
2015-07-11 13:00:00+00:00,689,6,2,2.0,6.536691597591305,1.9459101490553132,1.0986122886681098,-0.2588190451025208,-0.9659258262890683,-0.9749279121818236,-0.2225209339563146,1.0986122886681098
2015-07-11 14:00:00+00:00,695,12,5,5.0,6.54534966033442,2.5649493574615367,1.791759469228055,-0.4999999999999998,-0.8660254037844388,-0.9749279121818236,-0.2225209339563146,1.791759469228055
2015-07-11 15:00:00+00:00,923,9,2,2.0,6.828712071641684,2.302585092994046,1.0986122886681098,-0.7071067811865471,-0.7071067811865479,-0.9749279121818236,-0.2225209339563146,1.0986122886681098
2015-07-11 16:00:00+00:00,981,17,3,3.0,6.889591308354466,2.8903717578961645,1.3862943611198906,-0.8660254037844384,-0.5000000000000004,-0.9749279121818236,-0.2225209339563146,1.3862943611198906
2015-07-11 17:00:00+00:00,1209,21,3,3.0,7.098375638590786,3.091042453358316,1.3862943611198906,-0.9659258262890683,-0.25881904510252063,-0.9749279121818236,-0.2225209339563146,1.3862943611198906
2015-07-11 18:00:00+00:00,1183,22,9,9.0,7.076653815443951,3.1354942159291497,2.302585092994046,-1.0,-1.8369701987210297e-16,-0.9749279121818236,-0.2225209339563146,2.302585092994046
2015-07-11 19:00:00+00:00,1055,16,5,5.0,6.962243464266207,2.833213344056216,1.791759469228055,-0.9659258262890684,0.2588190451025203,-0.9749279121818236,-0.2225209339563146,1.791759469228055
2015-07-11 20:00:00+00:00,1232,27,9,9.0,7.117205503164344,3.332204510175204,2.302585092994046,-0.8660254037844386,0.5000000000000001,-0.9749279121818236,-0.2225209339563146,2.302585092994046
2015-07-11 21:00:00+00:00,1277,32,13,13.0,7.15305163493748,3.4965075614664802,2.6390573296152584,-0.7071067811865477,0.7071067811865474,-0.9749279121818236,-0.2225209339563146,2.6390573296152584
2015-07-11 22:00:00+00:00,1145,54,15,15.0,7.044032897274685,4.007333185232471,2.772588722239781,-0.5000000000000004,0.8660254037844384,-0.9749279121818236,-0.2225209339563146,2.772588722239781
2015-07-11 23:00:00+00:00,1352,16,6,6.0,7.210079628170788,2.833213344056216,1.9459101490553132,-0.25881904510252157,0.9659258262890681,-0.9749279121818236,-0.2225209339563146,1.9459101490553132
2015-07-12 00:00:00+00:00,1204,14,6,6.0,7.094234845924755,2.70805020110221,1.9459101490553132,0.0,1.0,-0.7818314824680299,0.6234898018587334,1.9459101490553132
2015-07-12 01:00:00+00:00,1073,9,4,4.0,6.97914527506881,2.302585092994046,1.6094379124341003,0.25881904510252074,0.9659258262890683,-0.7818314824680299,0.6234898018587334,1.6094379124341003
2015-07-12 02:00:00+00:00,1217,13,4,4.0,7.1049654482698426,2.6390573296152584,1.6094379124341003,0.49999999999999994,0.8660254037844387,-0.7818314824680299,0.6234898018587334,1.6094379124341003
2015-07-12 03:00:00+00:00,1063,10,0,0.0,6.96979066990159,2.3978952727983707,0.0,0.7071067811865475,0.7071067811865476,-0.7818314824680299,0.6234898018587334,0.0
2015-07-12 04:00:00+00:00,1152,11,5,5.0,7.050122520269059,2.4849066497880004,1.791759469228055,0.8660254037844386,0.5000000000000001,-0.7818314824680299,0.6234898018587334,1.791759469228055
2015-07-12 05:00:00+00:00,1020,16,1,1.0,6.928537818164665,2.833213344056216,0.6931471805599453,0.9659258262890683,0.25881904510252074,-0.7818314824680299,0.6234898018587334,0.6931471805599453
2015-07-12 06:00:00+00:00,755,9,1,1.0,6.628041376179533,2.302585092994046,0.6931471805599453,1.0,6.123233995736766e-17,-0.7818314824680299,0.6234898018587334,0.6931471805599453
2015-07-12 07:00:00+00:00,574,9,1,1.0,6.354370040797351,2.302585092994046,0.6931471805599453,0.9659258262890683,-0.25881904510252063,-0.7818314824680299,0.6234898018587334,0.6931471805599453
2015-07-12 08:00:00+00:00,316,6,1,1.0,5.75890177387728,1.9459101490553132,0.6931471805599453,0.8660254037844387,-0.49999999999999983,-0.7818314824680299,0.6234898018587334,0.6931471805599453
2015-07-12 09:00:00+00:00,290,3,2,2.0,5.673323267171493,1.3862943611198906,1.0986122886681098,0.7071067811865476,-0.7071067811865475,-0.7818314824680299,0.6234898018587334,1.0986122886681098
2015-07-12 10:00:00+00:00,281,0,0,0.0,5.641907070938114,0.0,0.0,0.49999999999999994,-0.8660254037844387,-0.7818314824680299,0.6234898018587334,0.0
2015-07-12 11:00:00+00:00,202,0,0,0.0,5.313205979041787,0.0,0.0,0.258819045102521,-0.9659258262890682,-0.7818314824680299,0.6234898018587334,0.0
2015-07-12 12:00:00+00:00,457,0,0,0.0,6.126869184114185,0.0,0.0,1.2246467991473532e-16,-1.0,-0.7818314824680299,0.6234898018587334,0.0
2015-07-12 13:00:00+00:00,549,3,0,0.0,6.309918278226516,1.3862943611198906,0.0,-0.2588190451025208,-0.9659258262890683,-0.7818314824680299,0.6234898018587334,0.0
2015-07-12 14:00:00+00:00,681,14,0,0.0,6.525029657843462,2.70805020110221,0.0,-0.4999999999999998,-0.8660254037844388,-0.7818314824680299,0.6234898018587334,0.0
2015-07-12 15:00:00+00:00,893,15,3,3.0,6.795705775173514,2.772588722239781,1.3862943611198906,-0.7071067811865471,-0.7071067811865479,-0.7818314824680299,0.6234898018587334,1.3862943611198906
2015-07-12 16:00:00+00:00,908,14,3,3.0,6.812345094177479,2.70805020110221,1.3862943611198906,-0.8660254037844384,-0.5000000000000004,-0.7818314824680299,0.6234898018587334,1.3862943611198906
2015-07-12 17:00:00+00:00,1189,20,10,10.0,7.081708586105575,3.044522437723423,2.3978952727983707,-0.9659258262890683,-0.25881904510252063,-0.7818314824680299,0.6234898018587334,2.3978952727983707
2015-07-12 18:00:00+00:00,1228,26,6,6.0,7.113956109566034,3.295836866004329,1.9459101490553132,-1.0,-1.8369701987210297e-16,-0.7818314824680299,0.6234898018587334,1.9459101490553132
2015-07-12 19:00:00+00:00,1144,25,8,8.0,7.0431599159883405,3.258096538021482,2.1972245773362196,-0.9659258262890684,0.2588190451025203,-0.7818314824680299,0.6234898018587334,2.1972245773362196
2015-07-12 20:00:00+00:00,1141,19,6,6.0,7.040536390215956,2.995732273553991,1.9459101490553132,-0.8660254037844386,0.5000000000000001,-0.7818314824680299,0.6234898018587334,1.9459101490553132
2015-07-12 21:00:00+00:00,1146,41,14,14.0,7.044905117129371,3.7376696182833684,2.70805020110221,-0.7071067811865477,0.7071067811865474,-0.7818314824680299,0.6234898018587334,2.70805020110221
2015-07-12 22:00:00+00:00,1025,33,8,8.0,6.933423025730715,3.5263605246161616,2.1972245773362196,-0.5000000000000004,0.8660254037844384,-0.7818314824680299,0.6234898018587334,2.1972245773362196
2015-07-12 23:00:00+00:00,1193,24,8,8.0,7.085064293952548,3.2188758248682006,2.1972245773362196,-0.25881904510252157,0.9659258262890681,-0.7818314824680299,0.6234898018587334,2.1972245773362196
2015-07-13 00:00:00+00:00,1179,20,9,9.0,7.07326971745971,3.044522437723423,2.302585092994046,0.0,1.0,0.0,1.0,2.302585092994046
2015-07-13 01:00:00+00:00,1228,35,10,10.0,7.113956109566034,3.58351893845611,2.3978952727983707,0.25881904510252074,0.9659258262890683,0.0,1.0,2.3978952727983707
2015-07-13 02:00:00+00:00,1309,21,8,8.0,7.177782416195197,3.091042453358316,2.1972245773362196,0.49999999999999994,0.8660254037844387,0.0,1.0,2.1972245773362196
2015-07-13 03:00:00+00:00,1283,26,8,8.0,7.157735484249907,3.295836866004329,2.1972245773362196,0.7071067811865475,0.7071067811865476,0.0,1.0,2.1972245773362196
2015-07-13 04:00:00+00:00,1182,24,4,4.0,7.075808863978387,3.2188758248682006,1.6094379124341003,0.8660254037844386,0.5000000000000001,0.0,1.0,1.6094379124341003
2015-07-13 05:00:00+00:00,984,22,7,7.0,6.892641641172089,3.1354942159291497,2.0794415416798357,0.9659258262890683,0.25881904510252074,0.0,1.0,2.0794415416798357
2015-07-13 06:00:00+00:00,655,7,2,2.0,6.486160788944089,2.0794415416798357,1.0986122886681098,1.0,6.123233995736766e-17,0.0,1.0,1.0986122886681098
2015-07-13 07:00:00+00:00,374,4,0,0.0,5.926926025970411,1.6094379124341003,0.0,0.9659258262890683,-0.25881904510252063,0.0,1.0,0.0
2015-07-13 08:00:00+00:00,300,6,2,2.0,5.707110264748875,1.9459101490553132,1.0986122886681098,0.8660254037844387,-0.49999999999999983,0.0,1.0,1.0986122886681098
2015-07-13 09:00:00+00:00,250,5,0,0.0,5.5254529391317835,1.791759469228055,0.0,0.7071067811865476,-0.7071067811865475,0.0,1.0,0.0
2015-07-13 10:00:00+00:00,199,11,7,7.0,5.298317366548036,2.4849066497880004,2.0794415416798357,0.49999999999999994,-0.8660254037844387,0.0,1.0,2.0794415416798357
2015-07-13 11:00:00+00:00,280,1,0,0.0,5.638354669333745,0.6931471805599453,0.0,0.258819045102521,-0.9659258262890682,0.0,1.0,0.0
2015-07-13 12:00:00+00:00,226,3,0,0.0,5.424950017481403,1.3862943611198906,0.0,1.2246467991473532e-16,-1.0,0.0,1.0,0.0
2015-07-13 13:00:00+00:00,487,8,0,0.0,6.1903154058531475,2.1972245773362196,0.0,-0.2588190451025208,-0.9659258262890683,0.0,1.0,0.0
2015-07-13 14:00:00+00:00,852,12,6,6.0,6.748759547491679,2.5649493574615367,1.9459101490553132,-0.4999999999999998,-0.8660254037844388,0.0,1.0,1.9459101490553132
2015-07-13 15:00:00+00:00,1255,29,10,10.0,7.135687347028144,3.4011973816621555,2.3978952727983707,-0.7071067811865471,-0.7071067811865479,0.0,1.0,2.3978952727983707
2015-07-13 16:00:00+00:00,1564,64,10,10.0,7.355641102974253,4.174387269895637,2.3978952727983707,-0.8660254037844384,-0.5000000000000004,0.0,1.0,2.3978952727983707
2015-07-13 17:00:00+00:00,1675,53,11,11.0,7.424165281042028,3.9889840465642745,2.4849066497880004,-0.9659258262890683,-0.25881904510252063,0.0,1.0,2.4849066497880004
2015-07-13 18:00:00+00:00,1655,52,30,30.0,7.412160334945205,3.970291913552122,3.4339872044851463,-1.0,-1.8369701987210297e-16,0.0,1.0,3.4339872044851463
2015-07-13 19:00:00+00:00,1794,46,17,17.0,7.492760300922379,3.8501476017100584,2.8903717578961645,-0.9659258262890684,0.2588190451025203,0.0,1.0,2.8903717578961645
2015-07-13 20:00:00+00:00,1647,71,22,22.0,7.4073177104694174,4.276666119016055,3.1354942159291497,-0.8660254037844386,0.5000000000000001,0.0,1.0,3.1354942159291497
2015-07-13 21:00:00+00:00,1777,60,29,29.0,7.48324441607385,4.110873864173311,3.4011973816621555,-0.7071067811865477,0.7071067811865474,0.0,1.0,3.4011973816621555
2015-07-13 22:00:00+00:00,1580,45,13,13.0,7.365812837209472,3.828641396489095,2.6390573296152584,-0.5000000000000004,0.8660254037844384,0.0,1.0,2.6390573296152584
2015-07-13 23:00:00+00:00,1499,39,11,11.0,7.313220387090301,3.6888794541139363,2.4849066497880004,-0.25881904510252157,0.9659258262890681,0.0,1.0,2.4849066497880004
2015-07-14 00:00:00+00:00,1341,48,16,16.0,7.201916317531627,3.8918202981106265,2.833213344056216,0.0,1.0,0.7818314824680298,0.6234898018587336,2.833213344056216
2015-07-14 01:00:00+00:00,1276,34,11,11.0,7.152268856032539,3.5553480614894135,2.4849066497880004,0.25881904510252074,0.9659258262890683,0.7818314824680298,0.6234898018587336,2.4849066497880004
2015-07-14 02:00:00+00:00,1149,27,14,14.0,7.047517221357296,3.332204510175204,2.70805020110221,0.49999999999999994,0.8660254037844387,0.7818314824680298,0.6234898018587336,2.70805020110221
2015-07-14 03:00:00+00:00,1259,29,5,5.0,7.138866999945524,3.4011973816621555,1.791759469228055,0.7071067811865475,0.7071067811865476,0.7818314824680298,0.6234898018587336,1.791759469228055
2015-07-14 04:00:00+00:00,1318,31,23,23.0,7.1846291527173145,3.4657359027997265,3.1780538303479458,0.8660254037844386,0.5000000000000001,0.7818314824680298,0.6234898018587336,3.1780538303479458
2015-07-14 05:00:00+00:00,1122,14,4,4.0,7.023758954738443,2.70805020110221,1.6094379124341003,0.9659258262890683,0.25881904510252074,0.7818314824680298,0.6234898018587336,1.6094379124341003
2015-07-14 06:00:00+00:00,617,11,4,4.0,6.42648845745769,2.4849066497880004,1.6094379124341003,1.0,6.123233995736766e-17,0.7818314824680298,0.6234898018587336,1.6094379124341003
2015-07-14 07:00:00+00:00,324,5,1,1.0,5.783825182329737,1.791759469228055,0.6931471805599453,0.9659258262890683,-0.25881904510252063,0.7818314824680298,0.6234898018587336,0.6931471805599453
2015-07-14 08:00:00+00:00,272,13,0,0.0,5.60947179518496,2.6390573296152584,0.0,0.8660254037844387,-0.49999999999999983,0.7818314824680298,0.6234898018587336,0.0
2015-07-14 09:00:00+00:00,176,3,1,1.0,5.176149732573829,1.3862943611198906,0.6931471805599453,0.7071067811865476,-0.7071067811865475,0.7818314824680298,0.6234898018587336,0.6931471805599453
2015-07-14 10:00:00+00:00,91,2,0,0.0,4.5217885770490405,1.0986122886681098,0.0,0.49999999999999994,-0.8660254037844387,0.7818314824680298,0.6234898018587336,0.0
2015-07-14 11:00:00+00:00,209,5,0,0.0,5.3471075307174685,1.791759469228055,0.0,0.258819045102521,-0.9659258262890682,0.7818314824680298,0.6234898018587336,0.0
2015-07-14 12:00:00+00:00,288,2,0,0.0,5.666426688112432,1.0986122886681098,0.0,1.2246467991473532e-16,-1.0,0.7818314824680298,0.6234898018587336,0.0
2015-07-14 13:00:00+00:00,500,2,6,6.0,6.2166061010848646,1.0986122886681098,1.9459101490553132,-0.2588190451025208,-0.9659258262890683,0.7818314824680298,0.6234898018587336,1.9459101490553132
2015-07-14 14:00:00+00:00,683,12,2,2.0,6.52795791762255,2.5649493574615367,1.0986122886681098,-0.4999999999999998,-0.8660254037844388,0.7818314824680298,0.6234898018587336,1.0986122886681098
2015-07-14 15:00:00+00:00,1280,39,7,7.0,7.155396301896734,3.6888794541139363,2.0794415416798357,-0.7071067811865471,-0.7071067811865479,0.7818314824680298,0.6234898018587336,2.0794415416798357
2015-07-14 16:00:00+00:00,1466,33,14,14.0,7.2909747781429814,3.5263605246161616,2.70805020110221,-0.8660254037844384,-0.5000000000000004,0.7818314824680298,0.6234898018587336,2.70805020110221
2015-07-14 17:00:00+00:00,1597,43,20,20.0,7.37650812632622,3.784189633918261,3.044522437723423,-0.9659258262890683,-0.25881904510252063,0.7818314824680298,0.6234898018587336,3.044522437723423
2015-07-14 18:00:00+00:00,1938,51,28,28.0,7.569927655242652,3.9512437185814275,3.367295829986474,-1.0,-1.8369701987210297e-16,0.7818314824680298,0.6234898018587336,3.367295829986474
2015-07-14 19:00:00+00:00,2018,61,27,27.0,7.610357618312838,4.127134385045092,3.332204510175204,-0.9659258262890684,0.2588190451025203,0.7818314824680298,0.6234898018587336,3.332204510175204
2015-07-14 20:00:00+00:00,1822,47,16,16.0,7.508238774678663,3.871201010907891,2.833213344056216,-0.8660254037844386,0.5000000000000001,0.7818314824680298,0.6234898018587336,2.833213344056216
2015-07-14 21:00:00+00:00,1797,40,10,10.0,7.494430215031565,3.713572066704308,2.3978952727983707,-0.7071067811865477,0.7071067811865474,0.7818314824680298,0.6234898018587336,2.3978952727983707
2015-07-14 22:00:00+00:00,1748,36,10,10.0,7.466799475018602,3.6109179126442243,2.3978952727983707,-0.5000000000000004,0.8660254037844384,0.7818314824680298,0.6234898018587336,2.3978952727983707
2015-07-14 23:00:00+00:00,1716,42,12,12.0,7.448333860897476,3.7612001156935624,2.5649493574615367,-0.25881904510252157,0.9659258262890681,0.7818314824680298,0.6234898018587336,2.5649493574615367
2015-07-15 00:00:00+00:00,1338,27,7,7.0,7.199678345691172,3.332204510175204,2.0794415416798357,0.0,1.0,0.9749279121818236,-0.22252093395631434,2.0794415416798357
2015-07-15 01:00:00+00:00,1245,33,13,13.0,7.1276936993473985,3.5263605246161616,2.6390573296152584,0.25881904510252074,0.9659258262890683,0.9749279121818236,-0.22252093395631434,2.6390573296152584
2015-07-15 02:00:00+00:00,1384,23,7,7.0,7.233455418621439,3.1780538303479458,2.0794415416798357,0.49999999999999994,0.8660254037844387,0.9749279121818236,-0.22252093395631434,2.0794415416798357
2015-07-15 03:00:00+00:00,1307,28,9,9.0,7.176254532017144,3.367295829986474,2.302585092994046,0.7071067811865475,0.7071067811865476,0.9749279121818236,-0.22252093395631434,2.302585092994046
2015-07-15 04:00:00+00:00,1260,22,11,11.0,7.13966033596492,3.1354942159291497,2.4849066497880004,0.8660254037844386,0.5000000000000001,0.9749279121818236,-0.22252093395631434,2.4849066497880004
2015-07-15 05:00:00+00:00,978,11,6,6.0,6.88653164253051,2.4849066497880004,1.9459101490553132,0.9659258262890683,0.25881904510252074,0.9749279121818236,-0.22252093395631434,1.9459101490553132
2015-07-15 06:00:00+00:00,670,16,6,6.0,6.508769136971682,2.833213344056216,1.9459101490553132,1.0,6.123233995736766e-17,0.9749279121818236,-0.22252093395631434,1.9459101490553132
2015-07-15 07:00:00+00:00,376,4,2,2.0,5.932245187448011,1.6094379124341003,1.0986122886681098,0.9659258262890683,-0.25881904510252063,0.9749279121818236,-0.22252093395631434,1.0986122886681098
2015-07-15 08:00:00+00:00,356,4,1,1.0,5.877735781779639,1.6094379124341003,0.6931471805599453,0.8660254037844387,-0.49999999999999983,0.9749279121818236,-0.22252093395631434,0.6931471805599453
2015-07-15 09:00:00+00:00,204,3,0,0.0,5.3230099791384085,1.3862943611198906,0.0,0.7071067811865476,-0.7071067811865475,0.9749279121818236,-0.22252093395631434,0.0
2015-07-15 10:00:00+00:00,262,0,0,0.0,5.572154032177765,0.0,0.0,0.49999999999999994,-0.8660254037844387,0.9749279121818236,-0.22252093395631434,0.0
2015-07-15 11:00:00+00:00,248,0,1,1.0,5.517452896464707,0.0,0.6931471805599453,0.258819045102521,-0.9659258262890682,0.9749279121818236,-0.22252093395631434,0.6931471805599453
2015-07-15 12:00:00+00:00,284,3,0,0.0,5.652489180268651,1.3862943611198906,0.0,1.2246467991473532e-16,-1.0,0.9749279121818236,-0.22252093395631434,0.0
2015-07-15 13:00:00+00:00,416,11,3,3.0,6.0330862217988015,2.4849066497880004,1.3862943611198906,-0.2588190451025208,-0.9659258262890683,0.9749279121818236,-0.22252093395631434,1.3862943611198906
2015-07-15 14:00:00+00:00,629,11,5,5.0,6.4457198193855785,2.4849066497880004,1.791759469228055,-0.4999999999999998,-0.8660254037844388,0.9749279121818236,-0.22252093395631434,1.791759469228055
2015-07-15 15:00:00+00:00,1171,23,17,17.0,7.066466970136958,3.1780538303479458,2.8903717578961645,-0.7071067811865471,-0.7071067811865479,0.9749279121818236,-0.22252093395631434,2.8903717578961645
2015-07-15 16:00:00+00:00,1443,73,17,17.0,7.275172319452771,4.30406509320417,2.8903717578961645,-0.8660254037844384,-0.5000000000000004,0.9749279121818236,-0.22252093395631434,2.8903717578961645
2015-07-15 17:00:00+00:00,1500,38,35,35.0,7.313886831633462,3.6635616461296463,3.58351893845611,-0.9659258262890683,-0.25881904510252063,0.9749279121818236,-0.22252093395631434,3.58351893845611
2015-07-15 18:00:00+00:00,1377,50,14,14.0,7.228388451573604,3.9318256327243257,2.70805020110221,-1.0,-1.8369701987210297e-16,0.9749279121818236,-0.22252093395631434,2.70805020110221
2015-07-15 19:00:00+00:00,1316,46,24,24.0,7.183111701743281,3.8501476017100584,3.2188758248682006,-0.9659258262890684,0.2588190451025203,0.9749279121818236,-0.22252093395631434,3.2188758248682006
2015-07-15 20:00:00+00:00,1456,53,7,7.0,7.284134806195205,3.9889840465642745,2.0794415416798357,-0.8660254037844386,0.5000000000000001,0.9749279121818236,-0.22252093395631434,2.0794415416798357
2015-07-15 21:00:00+00:00,1483,38,12,12.0,7.302496423727326,3.6635616461296463,2.5649493574615367,-0.7071067811865477,0.7071067811865474,0.9749279121818236,-0.22252093395631434,2.5649493574615367
2015-07-15 22:00:00+00:00,1387,22,11,11.0,7.23561914106675,3.1354942159291497,2.4849066497880004,-0.5000000000000004,0.8660254037844384,0.9749279121818236,-0.22252093395631434,2.4849066497880004
2015-07-15 23:00:00+00:00,1271,21,8,8.0,7.148345743900068,3.091042453358316,2.1972245773362196,-0.25881904510252157,0.9659258262890681,0.9749279121818236,-0.22252093395631434,2.1972245773362196
2015-07-16 00:00:00+00:00,1086,13,6,6.0,6.99117688712121,2.6390573296152584,1.9459101490553132,0.0,1.0,0.43388373911755823,-0.900968867902419,1.9459101490553132
2015-07-16 01:00:00+00:00,1020,28,7,7.0,6.928537818164665,3.367295829986474,2.0794415416798357,0.25881904510252074,0.9659258262890683,0.43388373911755823,-0.900968867902419,2.0794415416798357
2015-07-16 02:00:00+00:00,1108,31,6,6.0,7.011213987350367,3.4657359027997265,1.9459101490553132,0.49999999999999994,0.8660254037844387,0.43388373911755823,-0.900968867902419,1.9459101490553132
2015-07-16 03:00:00+00:00,1115,18,17,17.0,7.017506142941256,2.9444389791664403,2.8903717578961645,0.7071067811865475,0.7071067811865476,0.43388373911755823,-0.900968867902419,2.8903717578961645
2015-07-16 04:00:00+00:00,1190,26,10,10.0,7.0825485693553,3.295836866004329,2.3978952727983707,0.8660254037844386,0.5000000000000001,0.43388373911755823,-0.900968867902419,2.3978952727983707
2015-07-16 05:00:00+00:00,926,22,15,15.0,6.831953565565855,3.1354942159291497,2.772588722239781,0.9659258262890683,0.25881904510252074,0.43388373911755823,-0.900968867902419,2.772588722239781
2015-07-16 06:00:00+00:00,648,12,4,4.0,6.47543271670409,2.5649493574615367,1.6094379124341003,1.0,6.123233995736766e-17,0.43388373911755823,-0.900968867902419,1.6094379124341003
2015-07-16 07:00:00+00:00,452,5,0,0.0,6.115892125483034,1.791759469228055,0.0,0.9659258262890683,-0.25881904510252063,0.43388373911755823,-0.900968867902419,0.0
2015-07-16 08:00:00+00:00,226,1,0,0.0,5.424950017481403,0.6931471805599453,0.0,0.8660254037844387,-0.49999999999999983,0.43388373911755823,-0.900968867902419,0.0
2015-07-16 09:00:00+00:00,101,1,1,1.0,4.624972813284271,0.6931471805599453,0.6931471805599453,0.7071067811865476,-0.7071067811865475,0.43388373911755823,-0.900968867902419,0.6931471805599453
2015-07-16 10:00:00+00:00,81,2,0,0.0,4.406719247264253,1.0986122886681098,0.0,0.49999999999999994,-0.8660254037844387,0.43388373911755823,-0.900968867902419,0.0
2015-07-16 11:00:00+00:00,97,0,0,0.0,4.584967478670572,0.0,0.0,0.258819045102521,-0.9659258262890682,0.43388373911755823,-0.900968867902419,0.0
2015-07-16 12:00:00+00:00,242,6,0,0.0,5.493061443340548,1.9459101490553132,0.0,1.2246467991473532e-16,-1.0,0.43388373911755823,-0.900968867902419,0.0
2015-07-16 13:00:00+00:00,335,6,2,2.0,5.817111159963204,1.9459101490553132,1.0986122886681098,-0.2588190451025208,-0.9659258262890683,0.43388373911755823,-0.900968867902419,1.0986122886681098
2015-07-16 14:00:00+00:00,686,11,2,2.0,6.532334292222349,2.4849066497880004,1.0986122886681098,-0.4999999999999998,-0.8660254037844388,0.43388373911755823,-0.900968867902419,1.0986122886681098
2015-07-16 15:00:00+00:00,924,31,9,9.0,6.829793737512425,3.4657359027997265,2.302585092994046,-0.7071067811865471,-0.7071067811865479,0.43388373911755823,-0.900968867902419,2.302585092994046
2015-07-16 16:00:00+00:00,1205,40,17,17.0,7.095064377287131,3.713572066704308,2.8903717578961645,-0.8660254037844384,-0.5000000000000004,0.43388373911755823,-0.900968867902419,2.8903717578961645
2015-07-16 17:00:00+00:00,1330,102,40,40.0,7.193685818395112,4.634728988229636,3.713572066704308,-0.9659258262890683,-0.25881904510252063,0.43388373911755823,-0.900968867902419,3.713572066704308
2015-07-16 18:00:00+00:00,1329,34,12,12.0,7.1929342212158,3.5553480614894135,2.5649493574615367,-1.0,-1.8369701987210297e-16,0.43388373911755823,-0.900968867902419,2.5649493574615367
2015-07-16 19:00:00+00:00,1376,40,18,18.0,7.227662498728654,3.713572066704308,2.9444389791664403,-0.9659258262890684,0.2588190451025203,0.43388373911755823,-0.900968867902419,2.9444389791664403
2015-07-16 20:00:00+00:00,1474,39,18,18.0,7.29641326877392,3.6888794541139363,2.9444389791664403,-0.8660254037844386,0.5000000000000001,0.43388373911755823,-0.900968867902419,2.9444389791664403
2015-07-16 21:00:00+00:00,1379,44,17,17.0,7.22983877815125,3.8066624897703196,2.8903717578961645,-0.7071067811865477,0.7071067811865474,0.43388373911755823,-0.900968867902419,2.8903717578961645
2015-07-16 22:00:00+00:00,1303,49,30,30.0,7.1731917424865985,3.912023005428146,3.4339872044851463,-0.5000000000000004,0.8660254037844384,0.43388373911755823,-0.900968867902419,3.4339872044851463
2015-07-16 23:00:00+00:00,1143,44,8,8.0,7.042286171939743,3.8066624897703196,2.1972245773362196,-0.25881904510252157,0.9659258262890681,0.43388373911755823,-0.900968867902419,2.1972245773362196
2015-07-17 00:00:00+00:00,939,15,6,6.0,6.84587987526405,2.772588722239781,1.9459101490553132,0.0,1.0,-0.433883739117558,-0.9009688679024191,1.9459101490553132
2015-07-17 01:00:00+00:00,803,14,7,7.0,6.6895992691789665,2.70805020110221,2.0794415416798357,0.25881904510252074,0.9659258262890683,-0.433883739117558,-0.9009688679024191,2.0794415416798357
2015-07-17 02:00:00+00:00,906,17,8,8.0,6.810142450115136,2.8903717578961645,2.1972245773362196,0.49999999999999994,0.8660254037844387,-0.433883739117558,-0.9009688679024191,2.1972245773362196
2015-07-17 03:00:00+00:00,1094,22,4,4.0,6.9985096422506015,3.1354942159291497,1.6094379124341003,0.7071067811865475,0.7071067811865476,-0.433883739117558,-0.9009688679024191,1.6094379124341003
2015-07-17 04:00:00+00:00,982,9,2,2.0,6.890609120147166,2.302585092994046,1.0986122886681098,0.8660254037844386,0.5000000000000001,-0.433883739117558,-0.9009688679024191,1.0986122886681098
2015-07-17 05:00:00+00:00,781,23,5,5.0,6.661854740545311,3.1780538303479458,1.791759469228055,0.9659258262890683,0.25881904510252074,-0.433883739117558,-0.9009688679024191,1.791759469228055
2015-07-17 06:00:00+00:00,617,22,9,9.0,6.42648845745769,3.1354942159291497,2.302585092994046,1.0,6.123233995736766e-17,-0.433883739117558,-0.9009688679024191,2.302585092994046
2015-07-17 07:00:00+00:00,369,10,0,0.0,5.91350300563827,2.3978952727983707,0.0,0.9659258262890683,-0.25881904510252063,-0.433883739117558,-0.9009688679024191,0.0
2015-07-17 08:00:00+00:00,229,1,0,0.0,5.438079308923196,0.6931471805599453,0.0,0.8660254037844387,-0.49999999999999983,-0.433883739117558,-0.9009688679024191,0.0
2015-07-17 09:00:00+00:00,162,0,0,0.0,5.093750200806762,0.0,0.0,0.7071067811865476,-0.7071067811865475,-0.433883739117558,-0.9009688679024191,0.0
2015-07-17 10:00:00+00:00,235,1,0,0.0,5.4638318050256105,0.6931471805599453,0.0,0.49999999999999994,-0.8660254037844387,-0.433883739117558,-0.9009688679024191,0.0
2015-07-17 11:00:00+00:00,191,5,0,0.0,5.2574953720277815,1.791759469228055,0.0,0.258819045102521,-0.9659258262890682,-0.433883739117558,-0.9009688679024191,0.0
2015-07-17 12:00:00+00:00,322,4,2,2.0,5.777652323222656,1.6094379124341003,1.0986122886681098,1.2246467991473532e-16,-1.0,-0.433883739117558,-0.9009688679024191,1.0986122886681098
2015-07-17 13:00:00+00:00,352,5,1,1.0,5.8664680569332965,1.791759469228055,0.6931471805599453,-0.2588190451025208,-0.9659258262890683,-0.433883739117558,-0.9009688679024191,0.6931471805599453
2015-07-17 14:00:00+00:00,679,21,10,10.0,6.522092798170152,3.091042453358316,2.3978952727983707,-0.4999999999999998,-0.8660254037844388,-0.433883739117558,-0.9009688679024191,2.3978952727983707
2015-07-17 15:00:00+00:00,1007,16,8,8.0,6.915723448631314,2.833213344056216,2.1972245773362196,-0.7071067811865471,-0.7071067811865479,-0.433883739117558,-0.9009688679024191,2.1972245773362196
2015-07-17 16:00:00+00:00,1183,25,4,4.0,7.076653815443951,3.258096538021482,1.6094379124341003,-0.8660254037844384,-0.5000000000000004,-0.433883739117558,-0.9009688679024191,1.6094379124341003
2015-07-17 17:00:00+00:00,1358,22,13,13.0,7.214504414151143,3.1354942159291497,2.6390573296152584,-0.9659258262890683,-0.25881904510252063,-0.433883739117558,-0.9009688679024191,2.6390573296152584
2015-07-17 18:00:00+00:00,1223,22,7,7.0,7.1098794630722715,3.1354942159291497,2.0794415416798357,-1.0,-1.8369701987210297e-16,-0.433883739117558,-0.9009688679024191,2.0794415416798357
2015-07-17 19:00:00+00:00,1250,34,9,9.0,7.1316985104669115,3.5553480614894135,2.302585092994046,-0.9659258262890684,0.2588190451025203,-0.433883739117558,-0.9009688679024191,2.302585092994046
2015-07-17 20:00:00+00:00,1357,44,2,2.0,7.213768308118642,3.8066624897703196,1.0986122886681098,-0.8660254037844386,0.5000000000000001,-0.433883739117558,-0.9009688679024191,1.0986122886681098
2015-07-17 21:00:00+00:00,1444,60,14,14.0,7.275864600546533,4.110873864173311,2.70805020110221,-0.7071067811865477,0.7071067811865474,-0.433883739117558,-0.9009688679024191,2.70805020110221
2015-07-17 22:00:00+00:00,1167,37,24,24.0,7.0630481633881725,3.6375861597263857,3.2188758248682006,-0.5000000000000004,0.8660254037844384,-0.433883739117558,-0.9009688679024191,3.2188758248682006
2015-07-17 23:00:00+00:00,947,18,4,4.0,6.854354502255021,2.9444389791664403,1.6094379124341003,-0.25881904510252157,0.9659258262890681,-0.433883739117558,-0.9009688679024191,1.6094379124341003
2015-07-18 00:00:00+00:00,913,30,11,11.0,6.81783057145415,3.4339872044851463,2.4849066497880004,0.0,1.0,-0.9749279121818236,-0.2225209339563146,2.4849066497880004
2015-07-18 01:00:00+00:00,961,22,3,3.0,6.8690144506657065,3.1354942159291497,1.3862943611198906,0.25881904510252074,0.9659258262890683,-0.9749279121818236,-0.2225209339563146,1.3862943611198906
2015-07-18 02:00:00+00:00,840,19,3,3.0,6.734591659972948,2.995732273553991,1.3862943611198906,0.49999999999999994,0.8660254037844387,-0.9749279121818236,-0.2225209339563146,1.3862943611198906
2015-07-18 03:00:00+00:00,904,15,3,3.0,6.807934943699926,2.772588722239781,1.3862943611198906,0.7071067811865475,0.7071067811865476,-0.9749279121818236,-0.2225209339563146,1.3862943611198906
2015-07-18 04:00:00+00:00,935,22,2,2.0,6.841615476477592,3.1354942159291497,1.0986122886681098,0.8660254037844386,0.5000000000000001,-0.9749279121818236,-0.2225209339563146,1.0986122886681098
2015-07-18 05:00:00+00:00,846,40,7,7.0,6.741700694652055,3.713572066704308,2.0794415416798357,0.9659258262890683,0.25881904510252074,-0.9749279121818236,-0.2225209339563146,2.0794415416798357
2015-07-18 06:00:00+00:00,462,4,2,2.0,6.137727054086234,1.6094379124341003,1.0986122886681098,1.0,6.123233995736766e-17,-0.9749279121818236,-0.2225209339563146,1.0986122886681098
2015-07-18 07:00:00+00:00,285,11,5,5.0,5.655991810819852,2.4849066497880004,1.791759469228055,0.9659258262890683,-0.25881904510252063,-0.9749279121818236,-0.2225209339563146,1.791759469228055
2015-07-18 08:00:00+00:00,179,1,0,0.0,5.19295685089021,0.6931471805599453,0.0,0.8660254037844387,-0.49999999999999983,-0.9749279121818236,-0.2225209339563146,0.0
2015-07-18 09:00:00+00:00,98,1,0,0.0,4.59511985013459,0.6931471805599453,0.0,0.7071067811865476,-0.7071067811865475,-0.9749279121818236,-0.2225209339563146,0.0
2015-07-18 10:00:00+00:00,79,0,0,0.0,4.382026634673881,0.0,0.0,0.49999999999999994,-0.8660254037844387,-0.9749279121818236,-0.2225209339563146,0.0
2015-07-18 11:00:00+00:00,125,1,0,0.0,4.836281906951478,0.6931471805599453,0.0,0.258819045102521,-0.9659258262890682,-0.9749279121818236,-0.2225209339563146,0.0
2015-07-18 12:00:00+00:00,202,0,0,0.0,5.313205979041787,0.0,0.0,1.2246467991473532e-16,-1.0,-0.9749279121818236,-0.2225209339563146,0.0
2015-07-18 13:00:00+00:00,326,14,0,0.0,5.7899601708972535,2.70805020110221,0.0,-0.2588190451025208,-0.9659258262890683,-0.9749279121818236,-0.2225209339563146,0.0
2015-07-18 14:00:00+00:00,460,9,0,0.0,6.133398042996649,2.302585092994046,0.0,-0.4999999999999998,-0.8660254037844388,-0.9749279121818236,-0.2225209339563146,0.0
2015-07-18 15:00:00+00:00,576,7,0,0.0,6.3578422665081,2.0794415416798357,0.0,-0.7071067811865471,-0.7071067811865479,-0.9749279121818236,-0.2225209339563146,0.0
2015-07-18 16:00:00+00:00,806,20,3,3.0,6.693323668269949,3.044522437723423,1.3862943611198906,-0.8660254037844384,-0.5000000000000004,-0.9749279121818236,-0.2225209339563146,1.3862943611198906
2015-07-18 17:00:00+00:00,931,26,12,12.0,6.837332814685591,3.295836866004329,2.5649493574615367,-0.9659258262890683,-0.25881904510252063,-0.9749279121818236,-0.2225209339563146,2.5649493574615367
2015-07-18 18:00:00+00:00,960,29,8,8.0,6.8679744089702925,3.4011973816621555,2.1972245773362196,-1.0,-1.8369701987210297e-16,-0.9749279121818236,-0.2225209339563146,2.1972245773362196
2015-07-18 19:00:00+00:00,1068,48,14,14.0,6.974478911025045,3.8918202981106265,2.70805020110221,-0.9659258262890684,0.2588190451025203,-0.9749279121818236,-0.2225209339563146,2.70805020110221
2015-07-18 20:00:00+00:00,1222,21,5,5.0,7.109062135687172,3.091042453358316,1.791759469228055,-0.8660254037844386,0.5000000000000001,-0.9749279121818236,-0.2225209339563146,1.791759469228055
2015-07-18 21:00:00+00:00,978,24,8,8.0,6.88653164253051,3.2188758248682006,2.1972245773362196,-0.7071067811865477,0.7071067811865474,-0.9749279121818236,-0.2225209339563146,2.1972245773362196
2015-07-18 22:00:00+00:00,976,15,10,10.0,6.884486652042782,2.772588722239781,2.3978952727983707,-0.5000000000000004,0.8660254037844384,-0.9749279121818236,-0.2225209339563146,2.3978952727983707
2015-07-18 23:00:00+00:00,856,20,6,6.0,6.75343791859778,3.044522437723423,1.9459101490553132,-0.25881904510252157,0.9659258262890681,-0.9749279121818236,-0.2225209339563146,1.9459101490553132
2015-07-19 00:00:00+00:00,880,12,5,5.0,6.78105762593618,2.5649493574615367,1.791759469228055,0.0,1.0,-0.7818314824680299,0.6234898018587334,1.791759469228055
2015-07-19 01:00:00+00:00,838,17,4,4.0,6.732210706467206,2.8903717578961645,1.6094379124341003,0.25881904510252074,0.9659258262890683,-0.7818314824680299,0.6234898018587334,1.6094379124341003
2015-07-19 02:00:00+00:00,760,13,2,2.0,6.634633357861686,2.6390573296152584,1.0986122886681098,0.49999999999999994,0.8660254037844387,-0.7818314824680299,0.6234898018587334,1.0986122886681098
2015-07-19 03:00:00+00:00,826,9,0,0.0,6.717804695023691,2.302585092994046,0.0,0.7071067811865475,0.7071067811865476,-0.7818314824680299,0.6234898018587334,0.0
2015-07-19 04:00:00+00:00,854,19,3,3.0,6.75110146893676,2.995732273553991,1.3862943611198906,0.8660254037844386,0.5000000000000001,-0.7818314824680299,0.6234898018587334,1.3862943611198906
2015-07-19 05:00:00+00:00,538,21,6,6.0,6.289715570908998,3.091042453358316,1.9459101490553132,0.9659258262890683,0.25881904510252074,-0.7818314824680299,0.6234898018587334,1.9459101490553132
2015-07-19 06:00:00+00:00,304,13,0,0.0,5.720311776607412,2.6390573296152584,0.0,1.0,6.123233995736766e-17,-0.7818314824680299,0.6234898018587334,0.0
2015-07-19 07:00:00+00:00,170,6,1,1.0,5.14166355650266,1.9459101490553132,0.6931471805599453,0.9659258262890683,-0.25881904510252063,-0.7818314824680299,0.6234898018587334,0.6931471805599453
2015-07-19 08:00:00+00:00,214,2,1,1.0,5.3706380281276624,1.0986122886681098,0.6931471805599453,0.8660254037844387,-0.49999999999999983,-0.7818314824680299,0.6234898018587334,0.6931471805599453
2015-07-19 09:00:00+00:00,133,1,0,0.0,4.897839799950911,0.6931471805599453,0.0,0.7071067811865476,-0.7071067811865475,-0.7818314824680299,0.6234898018587334,0.0
2015-07-19 10:00:00+00:00,89,1,0,0.0,4.499809670330265,0.6931471805599453,0.0,0.49999999999999994,-0.8660254037844387,-0.7818314824680299,0.6234898018587334,0.0
2015-07-19 11:00:00+00:00,130,4,0,0.0,4.875197323201151,1.6094379124341003,0.0,0.258819045102521,-0.9659258262890682,-0.7818314824680299,0.6234898018587334,0.0
2015-07-19 12:00:00+00:00,167,10,1,1.0,5.123963979403259,2.3978952727983707,0.6931471805599453,1.2246467991473532e-16,-1.0,-0.7818314824680299,0.6234898018587334,0.6931471805599453
2015-07-19 13:00:00+00:00,250,5,1,1.0,5.5254529391317835,1.791759469228055,0.6931471805599453,-0.2588190451025208,-0.9659258262890683,-0.7818314824680299,0.6234898018587334,0.6931471805599453
2015-07-19 14:00:00+00:00,388,9,3,3.0,5.963579343618446,2.302585092994046,1.3862943611198906,-0.4999999999999998,-0.8660254037844388,-0.7818314824680299,0.6234898018587334,1.3862943611198906
2015-07-19 15:00:00+00:00,968,27,17,17.0,6.876264611890766,3.332204510175204,2.8903717578961645,-0.7071067811865471,-0.7071067811865479,-0.7818314824680299,0.6234898018587334,2.8903717578961645
2015-07-19 16:00:00+00:00,996,18,5,5.0,6.904750769961838,2.9444389791664403,1.791759469228055,-0.8660254037844384,-0.5000000000000004,-0.7818314824680299,0.6234898018587334,1.791759469228055
2015-07-19 17:00:00+00:00,1165,16,5,5.0,7.061334366910438,2.833213344056216,1.791759469228055,-0.9659258262890683,-0.25881904510252063,-0.7818314824680299,0.6234898018587334,1.791759469228055
2015-07-19 18:00:00+00:00,1241,41,13,13.0,7.124478262493424,3.7376696182833684,2.6390573296152584,-1.0,-1.8369701987210297e-16,-0.7818314824680299,0.6234898018587334,2.6390573296152584
2015-07-19 19:00:00+00:00,1068,28,8,8.0,6.974478911025045,3.367295829986474,2.1972245773362196,-0.9659258262890684,0.2588190451025203,-0.7818314824680299,0.6234898018587334,2.1972245773362196
2015-07-19 20:00:00+00:00,1331,26,12,12.0,7.194436851100335,3.295836866004329,2.5649493574615367,-0.8660254037844386,0.5000000000000001,-0.7818314824680299,0.6234898018587334,2.5649493574615367
2015-07-19 21:00:00+00:00,1012,31,18,18.0,6.920671504248683,3.4657359027997265,2.9444389791664403,-0.7071067811865477,0.7071067811865474,-0.7818314824680299,0.6234898018587334,2.9444389791664403
2015-07-19 22:00:00+00:00,1056,24,3,3.0,6.963189985870238,3.2188758248682006,1.3862943611198906,-0.5000000000000004,0.8660254037844384,-0.7818314824680299,0.6234898018587334,1.3862943611198906
2015-07-19 23:00:00+00:00,937,19,8,8.0,6.843749949006225,2.995732273553991,2.1972245773362196,-0.25881904510252157,0.9659258262890681,-0.7818314824680299,0.6234898018587334,2.1972245773362196
2015-07-20 00:00:00+00:00,1033,22,2,2.0,6.9411900550683745,3.1354942159291497,1.0986122886681098,0.0,1.0,0.0,1.0,1.0986122886681098
2015-07-20 01:00:00+00:00,1044,25,3,3.0,6.951772164398911,3.258096538021482,1.3862943611198906,0.25881904510252074,0.9659258262890683,0.0,1.0,1.3862943611198906
2015-07-20 02:00:00+00:00,1176,25,3,3.0,7.0707241072602764,3.258096538021482,1.3862943611198906,0.49999999999999994,0.8660254037844387,0.0,1.0,1.3862943611198906
2015-07-20 03:00:00+00:00,1183,50,2,2.0,7.076653815443951,3.9318256327243257,1.0986122886681098,0.7071067811865475,0.7071067811865476,0.0,1.0,1.0986122886681098
2015-07-20 04:00:00+00:00,1202,35,17,17.0,7.0925737159746784,3.58351893845611,2.8903717578961645,0.8660254037844386,0.5000000000000001,0.0,1.0,2.8903717578961645
2015-07-20 05:00:00+00:00,1115,44,8,8.0,7.017506142941256,3.8066624897703196,2.1972245773362196,0.9659258262890683,0.25881904510252074,0.0,1.0,2.1972245773362196
2015-07-20 06:00:00+00:00,717,17,4,4.0,6.576469569048224,2.8903717578961645,1.6094379124341003,1.0,6.123233995736766e-17,0.0,1.0,1.6094379124341003
2015-07-20 07:00:00+00:00,484,12,5,5.0,6.184148890937483,2.5649493574615367,1.791759469228055,0.9659258262890683,-0.25881904510252063,0.0,1.0,1.791759469228055
2015-07-20 08:00:00+00:00,264,2,1,1.0,5.579729825986222,1.0986122886681098,0.6931471805599453,0.8660254037844387,-0.49999999999999983,0.0,1.0,0.6931471805599453
2015-07-20 09:00:00+00:00,256,1,0,0.0,5.54907608489522,0.6931471805599453,0.0,0.7071067811865476,-0.7071067811865475,0.0,1.0,0.0
2015-07-20 10:00:00+00:00,148,2,0,0.0,5.003946305945459,1.0986122886681098,0.0,0.49999999999999994,-0.8660254037844387,0.0,1.0,0.0
2015-07-20 11:00:00+00:00,246,7,3,3.0,5.5093883366279774,2.0794415416798357,1.3862943611198906,0.258819045102521,-0.9659258262890682,0.0,1.0,1.3862943611198906
2015-07-20 12:00:00+00:00,228,5,2,2.0,5.43372200355424,1.791759469228055,1.0986122886681098,1.2246467991473532e-16,-1.0,0.0,1.0,1.0986122886681098
2015-07-20 13:00:00+00:00,475,9,0,0.0,6.16541785423142,2.302585092994046,0.0,-0.2588190451025208,-0.9659258262890683,0.0,1.0,0.0
2015-07-20 14:00:00+00:00,718,30,9,9.0,6.577861357721047,3.4339872044851463,2.302585092994046,-0.4999999999999998,-0.8660254037844388,0.0,1.0,2.302585092994046
2015-07-20 15:00:00+00:00,1076,31,10,10.0,6.981934677156389,3.4657359027997265,2.3978952727983707,-0.7071067811865471,-0.7071067811865479,0.0,1.0,2.3978952727983707
2015-07-20 16:00:00+00:00,1455,40,14,14.0,7.283448228756631,3.713572066704308,2.70805020110221,-0.8660254037844384,-0.5000000000000004,0.0,1.0,2.70805020110221
2015-07-20 17:00:00+00:00,1682,58,21,21.0,7.428333194190806,4.07753744390572,3.091042453358316,-0.9659258262890683,-0.25881904510252063,0.0,1.0,3.091042453358316
2015-07-20 18:00:00+00:00,1724,55,29,29.0,7.45298232946546,4.02535169073515,3.4011973816621555,-1.0,-1.8369701987210297e-16,0.0,1.0,3.4011973816621555
2015-07-20 19:00:00+00:00,1834,77,25,25.0,7.51479976048867,4.356708826689592,3.258096538021482,-0.9659258262890684,0.2588190451025203,0.0,1.0,3.258096538021482
2015-07-20 20:00:00+00:00,1779,65,18,18.0,7.484368643286131,4.189654742026425,2.9444389791664403,-0.8660254037844386,0.5000000000000001,0.0,1.0,2.9444389791664403
2015-07-20 21:00:00+00:00,1613,49,21,21.0,7.3864708488298945,3.912023005428146,3.091042453358316,-0.7071067811865477,0.7071067811865474,0.0,1.0,3.091042453358316
2015-07-20 22:00:00+00:00,1567,30,14,14.0,7.357556200910353,3.4339872044851463,2.70805020110221,-0.5000000000000004,0.8660254037844384,0.0,1.0,2.70805020110221
2015-07-20 23:00:00+00:00,1354,33,21,21.0,7.2115567333138015,3.5263605246161616,3.091042453358316,-0.25881904510252157,0.9659258262890681,0.0,1.0,3.091042453358316
2015-07-21 00:00:00+00:00,1157,38,15,15.0,7.05444965813294,3.6635616461296463,2.772588722239781,0.0,1.0,0.7818314824680298,0.6234898018587336,2.772588722239781
2015-07-21 01:00:00+00:00,1053,30,5,5.0,6.960347729101308,3.4339872044851463,1.791759469228055,0.25881904510252074,0.9659258262890683,0.7818314824680298,0.6234898018587336,1.791759469228055
2015-07-21 02:00:00+00:00,1141,27,4,4.0,7.040536390215956,3.332204510175204,1.6094379124341003,0.49999999999999994,0.8660254037844387,0.7818314824680298,0.6234898018587336,1.6094379124341003
2015-07-21 03:00:00+00:00,1159,28,7,7.0,7.05617528410041,3.367295829986474,2.0794415416798357,0.7071067811865475,0.7071067811865476,0.7818314824680298,0.6234898018587336,2.0794415416798357
2015-07-21 04:00:00+00:00,1236,33,4,4.0,7.1204443723924875,3.5263605246161616,1.6094379124341003,0.8660254037844386,0.5000000000000001,0.7818314824680298,0.6234898018587336,1.6094379124341003
2015-07-21 05:00:00+00:00,1032,23,13,13.0,6.940222469119639,3.1780538303479458,2.6390573296152584,0.9659258262890683,0.25881904510252074,0.7818314824680298,0.6234898018587336,2.6390573296152584
2015-07-21 06:00:00+00:00,591,8,0,0.0,6.3835066348840055,2.1972245773362196,0.0,1.0,6.123233995736766e-17,0.7818314824680298,0.6234898018587336,0.0
2015-07-21 07:00:00+00:00,322,5,1,1.0,5.777652323222656,1.791759469228055,0.6931471805599453,0.9659258262890683,-0.25881904510252063,0.7818314824680298,0.6234898018587336,0.6931471805599453
2015-07-21 08:00:00+00:00,198,4,1,1.0,5.293304824724492,1.6094379124341003,0.6931471805599453,0.8660254037844387,-0.49999999999999983,0.7818314824680298,0.6234898018587336,0.6931471805599453
2015-07-21 09:00:00+00:00,129,1,0,0.0,4.867534450455582,0.6931471805599453,0.0,0.7071067811865476,-0.7071067811865475,0.7818314824680298,0.6234898018587336,0.0
2015-07-21 10:00:00+00:00,121,4,1,1.0,4.804021044733257,1.6094379124341003,0.6931471805599453,0.49999999999999994,-0.8660254037844387,0.7818314824680298,0.6234898018587336,0.6931471805599453
2015-07-21 11:00:00+00:00,180,4,1,1.0,5.198497031265826,1.6094379124341003,0.6931471805599453,0.258819045102521,-0.9659258262890682,0.7818314824680298,0.6234898018587336,0.6931471805599453
2015-07-21 12:00:00+00:00,236,2,0,0.0,5.4680601411351315,1.0986122886681098,0.0,1.2246467991473532e-16,-1.0,0.7818314824680298,0.6234898018587336,0.0
2015-07-21 13:00:00+00:00,434,12,2,2.0,6.075346031088684,2.5649493574615367,1.0986122886681098,-0.2588190451025208,-0.9659258262890683,0.7818314824680298,0.6234898018587336,1.0986122886681098
2015-07-21 14:00:00+00:00,662,18,5,5.0,6.4967749901858625,2.9444389791664403,1.791759469228055,-0.4999999999999998,-0.8660254037844388,0.7818314824680298,0.6234898018587336,1.791759469228055
2015-07-21 15:00:00+00:00,1135,29,14,14.0,7.035268599281097,3.4011973816621555,2.70805020110221,-0.7071067811865471,-0.7071067811865479,0.7818314824680298,0.6234898018587336,2.70805020110221
2015-07-21 16:00:00+00:00,1409,40,13,13.0,7.251344983372214,3.713572066704308,2.6390573296152584,-0.8660254037844384,-0.5000000000000004,0.7818314824680298,0.6234898018587336,2.6390573296152584
2015-07-21 17:00:00+00:00,1570,54,16,16.0,7.359467638255621,4.007333185232471,2.833213344056216,-0.9659258262890683,-0.25881904510252063,0.7818314824680298,0.6234898018587336,2.833213344056216
2015-07-21 18:00:00+00:00,1515,60,33,33.0,7.323830566202317,4.110873864173311,3.5263605246161616,-1.0,-1.8369701987210297e-16,0.7818314824680298,0.6234898018587336,3.5263605246161616
2015-07-21 19:00:00+00:00,1589,66,28,28.0,7.371489295214277,4.204692619390966,3.367295829986474,-0.9659258262890684,0.2588190451025203,0.7818314824680298,0.6234898018587336,3.367295829986474
2015-07-21 20:00:00+00:00,1493,59,12,12.0,7.309212365692763,4.0943445622221,2.5649493574615367,-0.8660254037844386,0.5000000000000001,0.7818314824680298,0.6234898018587336,2.5649493574615367
2015-07-21 21:00:00+00:00,1591,40,21,21.0,7.3727463664043285,3.713572066704308,3.091042453358316,-0.7071067811865477,0.7071067811865474,0.7818314824680298,0.6234898018587336,3.091042453358316
2015-07-21 22:00:00+00:00,1477,38,15,15.0,7.298445101508147,3.6635616461296463,2.772588722239781,-0.5000000000000004,0.8660254037844384,0.7818314824680298,0.6234898018587336,2.772588722239781
2015-07-21 23:00:00+00:00,1283,44,16,16.0,7.157735484249907,3.8066624897703196,2.833213344056216,-0.25881904510252157,0.9659258262890681,0.7818314824680298,0.6234898018587336,2.833213344056216
2015-07-22 00:00:00+00:00,1167,36,13,13.0,7.0630481633881725,3.6109179126442243,2.6390573296152584,0.0,1.0,0.9749279121818236,-0.22252093395631434,2.6390573296152584
2015-07-22 01:00:00+00:00,1160,64,25,25.0,7.057036981697891,4.174387269895637,3.258096538021482,0.25881904510252074,0.9659258262890683,0.9749279121818236,-0.22252093395631434,3.258096538021482
2015-07-22 02:00:00+00:00,1204,40,16,16.0,7.094234845924755,3.713572066704308,2.833213344056216,0.49999999999999994,0.8660254037844387,0.9749279121818236,-0.22252093395631434,2.833213344056216
2015-07-22 03:00:00+00:00,1198,25,14,14.0,7.089243155027514,3.258096538021482,2.70805020110221,0.7071067811865475,0.7071067811865476,0.9749279121818236,-0.22252093395631434,2.70805020110221
2015-07-22 04:00:00+00:00,1216,24,8,8.0,7.104144092987527,3.2188758248682006,2.1972245773362196,0.8660254037844386,0.5000000000000001,0.9749279121818236,-0.22252093395631434,2.1972245773362196
2015-07-22 05:00:00+00:00,1022,30,3,3.0,6.930494765951626,3.4339872044851463,1.3862943611198906,0.9659258262890683,0.25881904510252074,0.9749279121818236,-0.22252093395631434,1.3862943611198906
2015-07-22 06:00:00+00:00,441,12,3,3.0,6.091309882077698,2.5649493574615367,1.3862943611198906,1.0,6.123233995736766e-17,0.9749279121818236,-0.22252093395631434,1.3862943611198906
2015-07-22 07:00:00+00:00,264,6,3,3.0,5.579729825986222,1.9459101490553132,1.3862943611198906,0.9659258262890683,-0.25881904510252063,0.9749279121818236,-0.22252093395631434,1.3862943611198906
2015-07-22 08:00:00+00:00,203,7,0,0.0,5.318119993844216,2.0794415416798357,0.0,0.8660254037844387,-0.49999999999999983,0.9749279121818236,-0.22252093395631434,0.0
2015-07-22 09:00:00+00:00,127,2,2,2.0,4.852030263919617,1.0986122886681098,1.0986122886681098,0.7071067811865476,-0.7071067811865475,0.9749279121818236,-0.22252093395631434,1.0986122886681098
2015-07-22 10:00:00+00:00,119,1,0,0.0,4.787491742782046,0.6931471805599453,0.0,0.49999999999999994,-0.8660254037844387,0.9749279121818236,-0.22252093395631434,0.0
2015-07-22 11:00:00+00:00,174,2,3,3.0,5.1647859739235145,1.0986122886681098,1.3862943611198906,0.258819045102521,-0.9659258262890682,0.9749279121818236,-0.22252093395631434,1.3862943611198906
2015-07-22 12:00:00+00:00,257,5,3,3.0,5.552959584921617,1.791759469228055,1.3862943611198906,1.2246467991473532e-16,-1.0,0.9749279121818236,-0.22252093395631434,1.3862943611198906
2015-07-22 13:00:00+00:00,348,14,0,0.0,5.855071922202427,2.70805020110221,0.0,-0.2588190451025208,-0.9659258262890683,0.9749279121818236,-0.22252093395631434,0.0
2015-07-22 14:00:00+00:00,647,17,2,2.0,6.473890696352274,2.8903717578961645,1.0986122886681098,-0.4999999999999998,-0.8660254037844388,0.9749279121818236,-0.22252093395631434,1.0986122886681098
2015-07-22 15:00:00+00:00,1035,37,18,18.0,6.943122422819428,3.6375861597263857,2.9444389791664403,-0.7071067811865471,-0.7071067811865479,0.9749279121818236,-0.22252093395631434,2.9444389791664403
2015-07-22 16:00:00+00:00,1187,26,15,15.0,7.080026499922591,3.295836866004329,2.772588722239781,-0.8660254037844384,-0.5000000000000004,0.9749279121818236,-0.22252093395631434,2.772588722239781
2015-07-22 17:00:00+00:00,1405,48,17,17.0,7.2485040723706105,3.8918202981106265,2.8903717578961645,-0.9659258262890683,-0.25881904510252063,0.9749279121818236,-0.22252093395631434,2.8903717578961645
2015-07-22 18:00:00+00:00,1424,58,21,21.0,7.261927092702751,4.07753744390572,3.091042453358316,-1.0,-1.8369701987210297e-16,0.9749279121818236,-0.22252093395631434,3.091042453358316
2015-07-22 19:00:00+00:00,1284,53,21,21.0,7.158513997329321,3.9889840465642745,3.091042453358316,-0.9659258262890684,0.2588190451025203,0.9749279121818236,-0.22252093395631434,3.091042453358316
2015-07-22 20:00:00+00:00,1479,91,22,22.0,7.299797366758161,4.5217885770490405,3.1354942159291497,-0.8660254037844386,0.5000000000000001,0.9749279121818236,-0.22252093395631434,3.1354942159291497
2015-07-22 21:00:00+00:00,1416,67,26,26.0,7.256297239690681,4.219507705176107,3.295836866004329,-0.7071067811865477,0.7071067811865474,0.9749279121818236,-0.22252093395631434,3.295836866004329
2015-07-22 22:00:00+00:00,1299,70,17,17.0,7.170119543449628,4.2626798770413155,2.8903717578961645,-0.5000000000000004,0.8660254037844384,0.9749279121818236,-0.22252093395631434,2.8903717578961645
2015-07-22 23:00:00+00:00,1212,35,15,15.0,7.10085190894405,3.58351893845611,2.772588722239781,-0.25881904510252157,0.9659258262890681,0.9749279121818236,-0.22252093395631434,2.772588722239781
2015-07-23 00:00:00+00:00,977,34,10,10.0,6.885509670034818,3.5553480614894135,2.3978952727983707,0.0,1.0,0.43388373911755823,-0.900968867902419,2.3978952727983707
2015-07-23 01:00:00+00:00,1034,52,30,30.0,6.942156705699469,3.970291913552122,3.4339872044851463,0.25881904510252074,0.9659258262890683,0.43388373911755823,-0.900968867902419,3.4339872044851463
2015-07-23 02:00:00+00:00,1118,45,12,12.0,7.020190708311925,3.828641396489095,2.5649493574615367,0.49999999999999994,0.8660254037844387,0.43388373911755823,-0.900968867902419,2.5649493574615367
2015-07-23 03:00:00+00:00,1051,25,4,4.0,6.9584483932976555,3.258096538021482,1.6094379124341003,0.7071067811865475,0.7071067811865476,0.43388373911755823,-0.900968867902419,1.6094379124341003
2015-07-23 04:00:00+00:00,1158,27,5,5.0,7.055312843339752,3.332204510175204,1.791759469228055,0.8660254037844386,0.5000000000000001,0.43388373911755823,-0.900968867902419,1.791759469228055
2015-07-23 05:00:00+00:00,852,18,7,7.0,6.748759547491679,2.9444389791664403,2.0794415416798357,0.9659258262890683,0.25881904510252074,0.43388373911755823,-0.900968867902419,2.0794415416798357
2015-07-23 06:00:00+00:00,502,16,5,5.0,6.220590170099739,2.833213344056216,1.791759469228055,1.0,6.123233995736766e-17,0.43388373911755823,-0.900968867902419,1.791759469228055
2015-07-23 07:00:00+00:00,322,10,3,3.0,5.777652323222656,2.3978952727983707,1.3862943611198906,0.9659258262890683,-0.25881904510252063,0.43388373911755823,-0.900968867902419,1.3862943611198906
2015-07-23 08:00:00+00:00,230,1,0,0.0,5.442417710521793,0.6931471805599453,0.0,0.8660254037844387,-0.49999999999999983,0.43388373911755823,-0.900968867902419,0.0
2015-07-23 09:00:00+00:00,144,1,0,0.0,4.976733742420574,0.6931471805599453,0.0,0.7071067811865476,-0.7071067811865475,0.43388373911755823,-0.900968867902419,0.0
2015-07-23 10:00:00+00:00,104,0,0,0.0,4.653960350157523,0.0,0.0,0.49999999999999994,-0.8660254037844387,0.43388373911755823,-0.900968867902419,0.0
2015-07-23 11:00:00+00:00,127,4,1,1.0,4.852030263919617,1.6094379124341003,0.6931471805599453,0.258819045102521,-0.9659258262890682,0.43388373911755823,-0.900968867902419,0.6931471805599453
2015-07-23 12:00:00+00:00,222,5,1,1.0,5.407171771460119,1.791759469228055,0.6931471805599453,1.2246467991473532e-16,-1.0,0.43388373911755823,-0.900968867902419,0.6931471805599453
2015-07-23 13:00:00+00:00,391,15,3,3.0,5.971261839790462,2.772588722239781,1.3862943611198906,-0.2588190451025208,-0.9659258262890683,0.43388373911755823,-0.900968867902419,1.3862943611198906
2015-07-23 14:00:00+00:00,508,4,0,0.0,6.2324480165505225,1.6094379124341003,0.0,-0.4999999999999998,-0.8660254037844388,0.43388373911755823,-0.900968867902419,0.0
2015-07-23 15:00:00+00:00,834,26,6,6.0,6.727431724850855,3.295836866004329,1.9459101490553132,-0.7071067811865471,-0.7071067811865479,0.43388373911755823,-0.900968867902419,1.9459101490553132
2015-07-23 16:00:00+00:00,1390,47,12,12.0,7.237778191923443,3.871201010907891,2.5649493574615367,-0.8660254037844384,-0.5000000000000004,0.43388373911755823,-0.900968867902419,2.5649493574615367
2015-07-23 17:00:00+00:00,1541,60,22,22.0,7.340835554123275,4.110873864173311,3.1354942159291497,-0.9659258262890683,-0.25881904510252063,0.43388373911755823,-0.900968867902419,3.1354942159291497
2015-07-23 18:00:00+00:00,1351,49,19,19.0,7.20934025660291,3.912023005428146,2.995732273553991,-1.0,-1.8369701987210297e-16,0.43388373911755823,-0.900968867902419,2.995732273553991
2015-07-23 19:00:00+00:00,1375,39,34,34.0,7.226936018493289,3.6888794541139363,3.5553480614894135,-0.9659258262890684,0.2588190451025203,0.43388373911755823,-0.900968867902419,3.5553480614894135
2015-07-23 20:00:00+00:00,1307,43,17,17.0,7.176254532017144,3.784189633918261,2.8903717578961645,-0.8660254037844386,0.5000000000000001,0.43388373911755823,-0.900968867902419,2.8903717578961645
2015-07-23 21:00:00+00:00,1460,31,11,11.0,7.2868764117507,3.4657359027997265,2.4849066497880004,-0.7071067811865477,0.7071067811865474,0.43388373911755823,-0.900968867902419,2.4849066497880004
2015-07-23 22:00:00+00:00,1420,52,16,16.0,7.259116128097101,3.970291913552122,2.833213344056216,-0.5000000000000004,0.8660254037844384,0.43388373911755823,-0.900968867902419,2.833213344056216
2015-07-23 23:00:00+00:00,1291,42,16,16.0,7.163946684342547,3.7612001156935624,2.833213344056216,-0.25881904510252157,0.9659258262890681,0.43388373911755823,-0.900968867902419,2.833213344056216
2015-07-24 00:00:00+00:00,1198,18,4,4.0,7.089243155027514,2.9444389791664403,1.6094379124341003,0.0,1.0,-0.433883739117558,-0.9009688679024191,1.6094379124341003
2015-07-24 01:00:00+00:00,1126,25,6,6.0,7.027314514039777,3.258096538021482,1.9459101490553132,0.25881904510252074,0.9659258262890683,-0.433883739117558,-0.9009688679024191,1.9459101490553132
2015-07-24 02:00:00+00:00,1053,31,7,7.0,6.960347729101308,3.4657359027997265,2.0794415416798357,0.49999999999999994,0.8660254037844387,-0.433883739117558,-0.9009688679024191,2.0794415416798357
2015-07-24 03:00:00+00:00,1254,27,1,1.0,7.134890851565884,3.332204510175204,0.6931471805599453,0.7071067811865475,0.7071067811865476,-0.433883739117558,-0.9009688679024191,0.6931471805599453
2015-07-24 04:00:00+00:00,1210,33,5,5.0,7.099201743553092,3.5263605246161616,1.791759469228055,0.8660254037844386,0.5000000000000001,-0.433883739117558,-0.9009688679024191,1.791759469228055
2015-07-24 05:00:00+00:00,836,48,3,3.0,6.729824070489475,3.8918202981106265,1.3862943611198906,0.9659258262890683,0.25881904510252074,-0.433883739117558,-0.9009688679024191,1.3862943611198906
2015-07-24 06:00:00+00:00,727,13,0,0.0,6.590301048196686,2.6390573296152584,0.0,1.0,6.123233995736766e-17,-0.433883739117558,-0.9009688679024191,0.0
2015-07-24 07:00:00+00:00,372,15,1,1.0,5.921578419643816,2.772588722239781,0.6931471805599453,0.9659258262890683,-0.25881904510252063,-0.433883739117558,-0.9009688679024191,0.6931471805599453
2015-07-24 08:00:00+00:00,318,2,4,4.0,5.765191102784844,1.0986122886681098,1.6094379124341003,0.8660254037844387,-0.49999999999999983,-0.433883739117558,-0.9009688679024191,1.6094379124341003
2015-07-24 09:00:00+00:00,327,1,0,0.0,5.793013608384144,0.6931471805599453,0.0,0.7071067811865476,-0.7071067811865475,-0.433883739117558,-0.9009688679024191,0.0
2015-07-24 10:00:00+00:00,207,7,0,0.0,5.337538079701318,2.0794415416798357,0.0,0.49999999999999994,-0.8660254037844387,-0.433883739117558,-0.9009688679024191,0.0
2015-07-24 11:00:00+00:00,243,4,3,3.0,5.497168225293202,1.6094379124341003,1.3862943611198906,0.258819045102521,-0.9659258262890682,-0.433883739117558,-0.9009688679024191,1.3862943611198906
2015-07-24 12:00:00+00:00,242,2,1,1.0,5.493061443340548,1.0986122886681098,0.6931471805599453,1.2246467991473532e-16,-1.0,-0.433883739117558,-0.9009688679024191,0.6931471805599453
2015-07-24 13:00:00+00:00,434,8,1,1.0,6.075346031088684,2.1972245773362196,0.6931471805599453,-0.2588190451025208,-0.9659258262890683,-0.433883739117558,-0.9009688679024191,0.6931471805599453
2015-07-24 14:00:00+00:00,568,15,3,3.0,6.343880434126331,2.772588722239781,1.3862943611198906,-0.4999999999999998,-0.8660254037844388,-0.433883739117558,-0.9009688679024191,1.3862943611198906
2015-07-24 15:00:00+00:00,1003,22,11,11.0,6.911747300251674,3.1354942159291497,2.4849066497880004,-0.7071067811865471,-0.7071067811865479,-0.433883739117558,-0.9009688679024191,2.4849066497880004
2015-07-24 16:00:00+00:00,1342,31,16,16.0,7.202661196523238,3.4657359027997265,2.833213344056216,-0.8660254037844384,-0.5000000000000004,-0.433883739117558,-0.9009688679024191,2.833213344056216
2015-07-24 17:00:00+00:00,1554,46,17,17.0,7.349230824613334,3.8501476017100584,2.8903717578961645,-0.9659258262890683,-0.25881904510252063,-0.433883739117558,-0.9009688679024191,2.8903717578961645
2015-07-24 18:00:00+00:00,1572,24,17,17.0,7.360739903058278,3.2188758248682006,2.8903717578961645,-1.0,-1.8369701987210297e-16,-0.433883739117558,-0.9009688679024191,2.8903717578961645
2015-07-24 19:00:00+00:00,1369,41,16,16.0,7.222566018822171,3.7376696182833684,2.833213344056216,-0.9659258262890684,0.2588190451025203,-0.433883739117558,-0.9009688679024191,2.833213344056216
2015-07-24 20:00:00+00:00,1444,27,7,7.0,7.275864600546533,3.332204510175204,2.0794415416798357,-0.8660254037844386,0.5000000000000001,-0.433883739117558,-0.9009688679024191,2.0794415416798357
2015-07-24 21:00:00+00:00,1281,56,7,7.0,7.156176637480615,4.04305126783455,2.0794415416798357,-0.7071067811865477,0.7071067811865474,-0.433883739117558,-0.9009688679024191,2.0794415416798357
2015-07-24 22:00:00+00:00,1295,21,3,3.0,7.16703787691222,3.091042453358316,1.3862943611198906,-0.5000000000000004,0.8660254037844384,-0.433883739117558,-0.9009688679024191,1.3862943611198906
2015-07-24 23:00:00+00:00,1096,21,4,4.0,7.00033446027523,3.091042453358316,1.6094379124341003,-0.25881904510252157,0.9659258262890681,-0.433883739117558,-0.9009688679024191,1.6094379124341003
2015-07-25 00:00:00+00:00,877,26,9,9.0,6.777646593635117,3.295836866004329,2.302585092994046,0.0,1.0,-0.9749279121818236,-0.2225209339563146,2.302585092994046
2015-07-25 01:00:00+00:00,786,14,3,3.0,6.668228248417403,2.70805020110221,1.3862943611198906,0.25881904510252074,0.9659258262890683,-0.9749279121818236,-0.2225209339563146,1.3862943611198906
2015-07-25 02:00:00+00:00,1019,32,5,5.0,6.927557906278317,3.4965075614664802,1.791759469228055,0.49999999999999994,0.8660254037844387,-0.9749279121818236,-0.2225209339563146,1.791759469228055
2015-07-25 03:00:00+00:00,1026,30,3,3.0,6.934397209928558,3.4339872044851463,1.3862943611198906,0.7071067811865475,0.7071067811865476,-0.9749279121818236,-0.2225209339563146,1.3862943611198906
2015-07-25 04:00:00+00:00,1265,24,8,8.0,7.143617602704121,3.2188758248682006,2.1972245773362196,0.8660254037844386,0.5000000000000001,-0.9749279121818236,-0.2225209339563146,2.1972245773362196
2015-07-25 05:00:00+00:00,1160,25,10,10.0,7.057036981697891,3.258096538021482,2.3978952727983707,0.9659258262890683,0.25881904510252074,-0.9749279121818236,-0.2225209339563146,2.3978952727983707
2015-07-25 06:00:00+00:00,770,11,2,2.0,6.647688373563329,2.4849066497880004,1.0986122886681098,1.0,6.123233995736766e-17,-0.9749279121818236,-0.2225209339563146,1.0986122886681098
2015-07-25 07:00:00+00:00,595,11,4,4.0,6.39024066706535,2.4849066497880004,1.6094379124341003,0.9659258262890683,-0.25881904510252063,-0.9749279121818236,-0.2225209339563146,1.6094379124341003
2015-07-25 08:00:00+00:00,398,6,0,0.0,5.988961416889864,1.9459101490553132,0.0,0.8660254037844387,-0.49999999999999983,-0.9749279121818236,-0.2225209339563146,0.0
2015-07-25 09:00:00+00:00,263,3,0,0.0,5.575949103146316,1.3862943611198906,0.0,0.7071067811865476,-0.7071067811865475,-0.9749279121818236,-0.2225209339563146,0.0
2015-07-25 10:00:00+00:00,222,16,1,1.0,5.407171771460119,2.833213344056216,0.6931471805599453,0.49999999999999994,-0.8660254037844387,-0.9749279121818236,-0.2225209339563146,0.6931471805599453
2015-07-25 11:00:00+00:00,384,2,1,1.0,5.953243334287785,1.0986122886681098,0.6931471805599453,0.258819045102521,-0.9659258262890682,-0.9749279121818236,-0.2225209339563146,0.6931471805599453
2015-07-25 12:00:00+00:00,594,7,0,0.0,6.38856140554563,2.0794415416798357,0.0,1.2246467991473532e-16,-1.0,-0.9749279121818236,-0.2225209339563146,0.0
2015-07-25 13:00:00+00:00,791,8,0,0.0,6.674561391814426,2.1972245773362196,0.0,-0.2588190451025208,-0.9659258262890683,-0.9749279121818236,-0.2225209339563146,0.0
2015-07-25 14:00:00+00:00,976,12,1,1.0,6.884486652042782,2.5649493574615367,0.6931471805599453,-0.4999999999999998,-0.8660254037844388,-0.9749279121818236,-0.2225209339563146,0.6931471805599453
2015-07-25 15:00:00+00:00,1209,27,3,3.0,7.098375638590786,3.332204510175204,1.3862943611198906,-0.7071067811865471,-0.7071067811865479,-0.9749279121818236,-0.2225209339563146,1.3862943611198906
2015-07-25 16:00:00+00:00,1580,26,3,3.0,7.365812837209472,3.295836866004329,1.3862943611198906,-0.8660254037844384,-0.5000000000000004,-0.9749279121818236,-0.2225209339563146,1.3862943611198906
2015-07-25 17:00:00+00:00,1863,17,10,10.0,7.530479995245536,2.8903717578961645,2.3978952727983707,-0.9659258262890683,-0.25881904510252063,-0.9749279121818236,-0.2225209339563146,2.3978952727983707
2015-07-25 18:00:00+00:00,1922,18,19,19.0,7.56164174558878,2.9444389791664403,2.995732273553991,-1.0,-1.8369701987210297e-16,-0.9749279121818236,-0.2225209339563146,2.995732273553991
2015-07-25 19:00:00+00:00,1819,11,6,6.0,7.506591780070841,2.4849066497880004,1.9459101490553132,-0.9659258262890684,0.2588190451025203,-0.9749279121818236,-0.2225209339563146,1.9459101490553132
2015-07-25 20:00:00+00:00,1888,37,8,8.0,7.543802867501509,3.6375861597263857,2.1972245773362196,-0.8660254037844386,0.5000000000000001,-0.9749279121818236,-0.2225209339563146,2.1972245773362196
2015-07-25 21:00:00+00:00,1749,15,3,3.0,7.4673710669175595,2.772588722239781,1.3862943611198906,-0.7071067811865477,0.7071067811865474,-0.9749279121818236,-0.2225209339563146,1.3862943611198906
2015-07-25 22:00:00+00:00,1698,36,13,13.0,7.4377951216719325,3.6109179126442243,2.6390573296152584,-0.5000000000000004,0.8660254037844384,-0.9749279121818236,-0.2225209339563146,2.6390573296152584
2015-07-25 23:00:00+00:00,1697,23,4,4.0,7.437206366871292,3.1780538303479458,1.6094379124341003,-0.25881904510252157,0.9659258262890681,-0.9749279121818236,-0.2225209339563146,1.6094379124341003
2015-07-26 00:00:00+00:00,1638,36,4,4.0,7.40184157874383,3.6109179126442243,1.6094379124341003,0.0,1.0,-0.7818314824680299,0.6234898018587334,1.6094379124341003
2015-07-26 01:00:00+00:00,1569,30,2,2.0,7.358830898342354,3.4339872044851463,1.0986122886681098,0.25881904510252074,0.9659258262890683,-0.7818314824680299,0.6234898018587334,1.0986122886681098
2015-07-26 02:00:00+00:00,1657,29,13,13.0,7.4133673356952405,3.4011973816621555,2.6390573296152584,0.49999999999999994,0.8660254037844387,-0.7818314824680299,0.6234898018587334,2.6390573296152584
2015-07-26 03:00:00+00:00,1686,12,8,8.0,7.430707082545968,2.5649493574615367,2.1972245773362196,0.7071067811865475,0.7071067811865476,-0.7818314824680299,0.6234898018587334,2.1972245773362196
2015-07-26 04:00:00+00:00,1884,21,9,9.0,7.541683099882111,3.091042453358316,2.302585092994046,0.8660254037844386,0.5000000000000001,-0.7818314824680299,0.6234898018587334,2.302585092994046
2015-07-26 05:00:00+00:00,1874,24,9,9.0,7.536363938404511,3.2188758248682006,2.302585092994046,0.9659258262890683,0.25881904510252074,-0.7818314824680299,0.6234898018587334,2.302585092994046
2015-07-26 06:00:00+00:00,1304,19,0,0.0,7.173958319756794,2.995732273553991,0.0,1.0,6.123233995736766e-17,-0.7818314824680299,0.6234898018587334,0.0
2015-07-26 07:00:00+00:00,749,13,9,9.0,6.620073206530356,2.6390573296152584,2.302585092994046,0.9659258262890683,-0.25881904510252063,-0.7818314824680299,0.6234898018587334,2.302585092994046
2015-07-26 08:00:00+00:00,434,2,1,1.0,6.075346031088684,1.0986122886681098,0.6931471805599453,0.8660254037844387,-0.49999999999999983,-0.7818314824680299,0.6234898018587334,0.6931471805599453
2015-07-26 09:00:00+00:00,250,1,0,0.0,5.5254529391317835,0.6931471805599453,0.0,0.7071067811865476,-0.7071067811865475,-0.7818314824680299,0.6234898018587334,0.0
2015-07-26 10:00:00+00:00,164,7,0,0.0,5.10594547390058,2.0794415416798357,0.0,0.49999999999999994,-0.8660254037844387,-0.7818314824680299,0.6234898018587334,0.0
2015-07-26 11:00:00+00:00,294,3,0,0.0,5.68697535633982,1.3862943611198906,0.0,0.258819045102521,-0.9659258262890682,-0.7818314824680299,0.6234898018587334,0.0
2015-07-26 12:00:00+00:00,451,5,0,0.0,6.113682179832232,1.791759469228055,0.0,1.2246467991473532e-16,-1.0,-0.7818314824680299,0.6234898018587334,0.0
2015-07-26 13:00:00+00:00,500,10,0,0.0,6.2166061010848646,2.3978952727983707,0.0,-0.2588190451025208,-0.9659258262890683,-0.7818314824680299,0.6234898018587334,0.0
2015-07-26 14:00:00+00:00,897,17,4,4.0,6.8001700683022,2.8903717578961645,1.6094379124341003,-0.4999999999999998,-0.8660254037844388,-0.7818314824680299,0.6234898018587334,1.6094379124341003
2015-07-26 15:00:00+00:00,1278,8,0,0.0,7.153833801578843,2.1972245773362196,0.0,-0.7071067811865471,-0.7071067811865479,-0.7818314824680299,0.6234898018587334,0.0
2015-07-26 16:00:00+00:00,1612,34,20,20.0,7.385851078125209,3.5553480614894135,3.044522437723423,-0.8660254037844384,-0.5000000000000004,-0.7818314824680299,0.6234898018587334,3.044522437723423
2015-07-26 17:00:00+00:00,1894,26,13,13.0,7.546974117516527,3.295836866004329,2.6390573296152584,-0.9659258262890683,-0.25881904510252063,-0.7818314824680299,0.6234898018587334,2.6390573296152584
2015-07-26 18:00:00+00:00,1925,34,10,10.0,7.563200592358071,3.5553480614894135,2.3978952727983707,-1.0,-1.8369701987210297e-16,-0.7818314824680299,0.6234898018587334,2.3978952727983707
2015-07-26 19:00:00+00:00,2048,23,6,6.0,7.6251071482389,3.1780538303479458,1.9459101490553132,-0.9659258262890684,0.2588190451025203,-0.7818314824680299,0.6234898018587334,1.9459101490553132
2015-07-26 20:00:00+00:00,2014,25,10,10.0,7.608374474380783,3.258096538021482,2.3978952727983707,-0.8660254037844386,0.5000000000000001,-0.7818314824680299,0.6234898018587334,2.3978952727983707
2015-07-26 21:00:00+00:00,2054,21,9,9.0,7.628031126930335,3.091042453358316,2.302585092994046,-0.7071067811865477,0.7071067811865474,-0.7818314824680299,0.6234898018587334,2.302585092994046
2015-07-26 22:00:00+00:00,2005,51,15,15.0,7.603897968521881,3.9512437185814275,2.772588722239781,-0.5000000000000004,0.8660254037844384,-0.7818314824680299,0.6234898018587334,2.772588722239781
2015-07-26 23:00:00+00:00,1896,20,2,2.0,7.5480289699350145,3.044522437723423,1.0986122886681098,-0.25881904510252157,0.9659258262890681,-0.7818314824680299,0.6234898018587334,1.0986122886681098
2015-07-27 00:00:00+00:00,2171,24,12,12.0,7.683403681053826,3.2188758248682006,2.5649493574615367,0.0,1.0,0.0,1.0,2.5649493574615367
2015-07-27 01:00:00+00:00,2058,14,8,8.0,7.629975707027789,2.70805020110221,2.1972245773362196,0.25881904510252074,0.9659258262890683,0.0,1.0,2.1972245773362196
2015-07-27 02:00:00+00:00,1903,19,4,4.0,7.55171221535131,2.995732273553991,1.6094379124341003,0.49999999999999994,0.8660254037844387,0.0,1.0,1.6094379124341003
2015-07-27 03:00:00+00:00,1960,33,4,4.0,7.581209826196346,3.5263605246161616,1.6094379124341003,0.7071067811865475,0.7071067811865476,0.0,1.0,1.6094379124341003
2015-07-27 04:00:00+00:00,2089,25,18,18.0,7.644919344958857,3.258096538021482,2.9444389791664403,0.8660254037844386,0.5000000000000001,0.0,1.0,2.9444389791664403
2015-07-27 05:00:00+00:00,1770,14,6,6.0,7.479299637782834,2.70805020110221,1.9459101490553132,0.9659258262890683,0.25881904510252074,0.0,1.0,1.9459101490553132
2015-07-27 06:00:00+00:00,894,15,7,7.0,6.796823718274855,2.772588722239781,2.0794415416798357,1.0,6.123233995736766e-17,0.0,1.0,2.0794415416798357
2015-07-27 07:00:00+00:00,499,6,1,1.0,6.214608098422191,1.9459101490553132,0.6931471805599453,0.9659258262890683,-0.25881904510252063,0.0,1.0,0.6931471805599453
2015-07-27 08:00:00+00:00,179,6,5,5.0,5.19295685089021,1.9459101490553132,1.791759469228055,0.8660254037844387,-0.49999999999999983,0.0,1.0,1.791759469228055
2015-07-27 09:00:00+00:00,116,3,2,2.0,4.762173934797756,1.3862943611198906,1.0986122886681098,0.7071067811865476,-0.7071067811865475,0.0,1.0,1.0986122886681098
2015-07-27 10:00:00+00:00,111,2,5,5.0,4.718498871295094,1.0986122886681098,1.791759469228055,0.49999999999999994,-0.8660254037844387,0.0,1.0,1.791759469228055
2015-07-27 11:00:00+00:00,185,5,3,3.0,5.225746673713202,1.791759469228055,1.3862943611198906,0.258819045102521,-0.9659258262890682,0.0,1.0,1.3862943611198906
2015-07-27 12:00:00+00:00,183,4,1,1.0,5.214935757608986,1.6094379124341003,0.6931471805599453,1.2246467991473532e-16,-1.0,0.0,1.0,0.6931471805599453
2015-07-27 13:00:00+00:00,367,2,0,0.0,5.908082938168931,1.0986122886681098,0.0,-0.2588190451025208,-0.9659258262890683,0.0,1.0,0.0
2015-07-27 14:00:00+00:00,571,21,4,4.0,6.349138991379798,3.091042453358316,1.6094379124341003,-0.4999999999999998,-0.8660254037844388,0.0,1.0,1.6094379124341003
2015-07-27 15:00:00+00:00,1056,47,17,17.0,6.963189985870238,3.871201010907891,2.8903717578961645,-0.7071067811865471,-0.7071067811865479,0.0,1.0,2.8903717578961645
2015-07-27 16:00:00+00:00,1351,60,15,15.0,7.20934025660291,4.110873864173311,2.772588722239781,-0.8660254037844384,-0.5000000000000004,0.0,1.0,2.772588722239781
2015-07-27 17:00:00+00:00,1410,55,29,29.0,7.252053951852814,4.02535169073515,3.4011973816621555,-0.9659258262890683,-0.25881904510252063,0.0,1.0,3.4011973816621555
2015-07-27 18:00:00+00:00,1582,58,17,17.0,7.367077059881012,4.07753744390572,2.8903717578961645,-1.0,-1.8369701987210297e-16,0.0,1.0,2.8903717578961645
2015-07-27 19:00:00+00:00,1493,55,15,15.0,7.309212365692763,4.02535169073515,2.772588722239781,-0.9659258262890684,0.2588190451025203,0.0,1.0,2.772588722239781
2015-07-27 20:00:00+00:00,1431,42,32,32.0,7.266827347520591,3.7612001156935624,3.4965075614664802,-0.8660254037844386,0.5000000000000001,0.0,1.0,3.4965075614664802
2015-07-27 21:00:00+00:00,1642,55,17,17.0,7.404279118037268,4.02535169073515,2.8903717578961645,-0.7071067811865477,0.7071067811865474,0.0,1.0,2.8903717578961645
2015-07-27 22:00:00+00:00,1402,54,23,23.0,7.246368080102461,4.007333185232471,3.1780538303479458,-0.5000000000000004,0.8660254037844384,0.0,1.0,3.1780538303479458
2015-07-27 23:00:00+00:00,1199,47,22,22.0,7.090076835776092,3.871201010907891,3.1354942159291497,-0.25881904510252157,0.9659258262890681,0.0,1.0,3.1354942159291497
2015-07-28 00:00:00+00:00,1035,36,14,14.0,6.943122422819428,3.6109179126442243,2.70805020110221,0.0,1.0,0.7818314824680298,0.6234898018587336,2.70805020110221
2015-07-28 01:00:00+00:00,970,60,7,7.0,6.878326468291325,4.110873864173311,2.0794415416798357,0.25881904510252074,0.9659258262890683,0.7818314824680298,0.6234898018587336,2.0794415416798357
2015-07-28 02:00:00+00:00,1212,37,14,14.0,7.10085190894405,3.6375861597263857,2.70805020110221,0.49999999999999994,0.8660254037844387,0.7818314824680298,0.6234898018587336,2.70805020110221
2015-07-28 03:00:00+00:00,1234,40,16,16.0,7.118826249062078,3.713572066704308,2.833213344056216,0.7071067811865475,0.7071067811865476,0.7818314824680298,0.6234898018587336,2.833213344056216
2015-07-28 04:00:00+00:00,1135,33,4,4.0,7.035268599281097,3.5263605246161616,1.6094379124341003,0.8660254037844386,0.5000000000000001,0.7818314824680298,0.6234898018587336,1.6094379124341003
2015-07-28 05:00:00+00:00,913,30,14,14.0,6.81783057145415,3.4339872044851463,2.70805020110221,0.9659258262890683,0.25881904510252074,0.7818314824680298,0.6234898018587336,2.70805020110221
2015-07-28 06:00:00+00:00,542,11,5,5.0,6.297109319933935,2.4849066497880004,1.791759469228055,1.0,6.123233995736766e-17,0.7818314824680298,0.6234898018587336,1.791759469228055
2015-07-28 07:00:00+00:00,318,3,0,0.0,5.765191102784844,1.3862943611198906,0.0,0.9659258262890683,-0.25881904510252063,0.7818314824680298,0.6234898018587336,0.0
2015-07-28 08:00:00+00:00,200,3,1,1.0,5.303304908059076,1.3862943611198906,0.6931471805599453,0.8660254037844387,-0.49999999999999983,0.7818314824680298,0.6234898018587336,0.6931471805599453
2015-07-28 09:00:00+00:00,140,0,0,0.0,4.948759890378168,0.0,0.0,0.7071067811865476,-0.7071067811865475,0.7818314824680298,0.6234898018587336,0.0
2015-07-28 10:00:00+00:00,141,0,0,0.0,4.955827057601261,0.0,0.0,0.49999999999999994,-0.8660254037844387,0.7818314824680298,0.6234898018587336,0.0
2015-07-28 11:00:00+00:00,131,2,0,0.0,4.882801922586371,1.0986122886681098,0.0,0.258819045102521,-0.9659258262890682,0.7818314824680298,0.6234898018587336,0.0
2015-07-28 12:00:00+00:00,258,6,2,2.0,5.556828061699537,1.9459101490553132,1.0986122886681098,1.2246467991473532e-16,-1.0,0.7818314824680298,0.6234898018587336,1.0986122886681098
2015-07-28 13:00:00+00:00,402,12,1,1.0,5.998936561946683,2.5649493574615367,0.6931471805599453,-0.2588190451025208,-0.9659258262890683,0.7818314824680298,0.6234898018587336,0.6931471805599453
2015-07-28 14:00:00+00:00,617,25,12,12.0,6.42648845745769,3.258096538021482,2.5649493574615367,-0.4999999999999998,-0.8660254037844388,0.7818314824680298,0.6234898018587336,2.5649493574615367
2015-07-28 15:00:00+00:00,1119,41,18,18.0,7.02108396428914,3.7376696182833684,2.9444389791664403,-0.7071067811865471,-0.7071067811865479,0.7818314824680298,0.6234898018587336,2.9444389791664403
2015-07-28 16:00:00+00:00,1353,44,25,25.0,7.21081845347222,3.8066624897703196,3.258096538021482,-0.8660254037844384,-0.5000000000000004,0.7818314824680298,0.6234898018587336,3.258096538021482
2015-07-28 17:00:00+00:00,1322,69,20,20.0,7.187657164114956,4.248495242049359,3.044522437723423,-0.9659258262890683,-0.25881904510252063,0.7818314824680298,0.6234898018587336,3.044522437723423
2015-07-28 18:00:00+00:00,1370,40,26,26.0,7.223295679562314,3.713572066704308,3.295836866004329,-1.0,-1.8369701987210297e-16,0.7818314824680298,0.6234898018587336,3.295836866004329
2015-07-28 19:00:00+00:00,1392,42,15,15.0,7.239214973779806,3.7612001156935624,2.772588722239781,-0.9659258262890684,0.2588190451025203,0.7818314824680298,0.6234898018587336,2.772588722239781
2015-07-28 20:00:00+00:00,1297,48,18,18.0,7.168579897264035,3.8918202981106265,2.9444389791664403,-0.8660254037844386,0.5000000000000001,0.7818314824680298,0.6234898018587336,2.9444389791664403
2015-07-28 21:00:00+00:00,1321,36,21,21.0,7.186901020411631,3.6109179126442243,3.091042453358316,-0.7071067811865477,0.7071067811865474,0.7818314824680298,0.6234898018587336,3.091042453358316
2015-07-28 22:00:00+00:00,1378,60,24,24.0,7.229113877793302,4.110873864173311,3.2188758248682006,-0.5000000000000004,0.8660254037844384,0.7818314824680298,0.6234898018587336,3.2188758248682006
2015-07-28 23:00:00+00:00,1186,38,16,16.0,7.079184394609668,3.6635616461296463,2.833213344056216,-0.25881904510252157,0.9659258262890681,0.7818314824680298,0.6234898018587336,2.833213344056216
2015-07-29 00:00:00+00:00,1140,33,8,8.0,7.039660349862076,3.5263605246161616,2.1972245773362196,0.0,1.0,0.9749279121818236,-0.22252093395631434,2.1972245773362196
2015-07-29 01:00:00+00:00,1129,27,10,10.0,7.029972911706386,3.332204510175204,2.3978952727983707,0.25881904510252074,0.9659258262890683,0.9749279121818236,-0.22252093395631434,2.3978952727983707
2015-07-29 02:00:00+00:00,1121,24,11,11.0,7.022868086082641,3.2188758248682006,2.4849066497880004,0.49999999999999994,0.8660254037844387,0.9749279121818236,-0.22252093395631434,2.4849066497880004
2015-07-29 03:00:00+00:00,1111,22,6,6.0,7.013915474810528,3.1354942159291497,1.9459101490553132,0.7071067811865475,0.7071067811865476,0.9749279121818236,-0.22252093395631434,1.9459101490553132
2015-07-29 04:00:00+00:00,1201,23,17,17.0,7.091742115095153,3.1780538303479458,2.8903717578961645,0.8660254037844386,0.5000000000000001,0.9749279121818236,-0.22252093395631434,2.8903717578961645
2015-07-29 05:00:00+00:00,956,32,11,11.0,6.863803391452954,3.4965075614664802,2.4849066497880004,0.9659258262890683,0.25881904510252074,0.9749279121818236,-0.22252093395631434,2.4849066497880004
2015-07-29 06:00:00+00:00,554,24,9,9.0,6.318968113746434,3.2188758248682006,2.302585092994046,1.0,6.123233995736766e-17,0.9749279121818236,-0.22252093395631434,2.302585092994046
2015-07-29 07:00:00+00:00,304,10,1,1.0,5.720311776607412,2.3978952727983707,0.6931471805599453,0.9659258262890683,-0.25881904510252063,0.9749279121818236,-0.22252093395631434,0.6931471805599453
2015-07-29 08:00:00+00:00,199,1,0,0.0,5.298317366548036,0.6931471805599453,0.0,0.8660254037844387,-0.49999999999999983,0.9749279121818236,-0.22252093395631434,0.0
2015-07-29 09:00:00+00:00,207,0,0,0.0,5.337538079701318,0.0,0.0,0.7071067811865476,-0.7071067811865475,0.9749279121818236,-0.22252093395631434,0.0
2015-07-29 10:00:00+00:00,153,2,0,0.0,5.0369526024136295,1.0986122886681098,0.0,0.49999999999999994,-0.8660254037844387,0.9749279121818236,-0.22252093395631434,0.0
2015-07-29 11:00:00+00:00,182,2,0,0.0,5.209486152841421,1.0986122886681098,0.0,0.258819045102521,-0.9659258262890682,0.9749279121818236,-0.22252093395631434,0.0
2015-07-29 12:00:00+00:00,297,8,4,4.0,5.697093486505405,2.1972245773362196,1.6094379124341003,1.2246467991473532e-16,-1.0,0.9749279121818236,-0.22252093395631434,1.6094379124341003
2015-07-29 13:00:00+00:00,501,3,4,4.0,6.218600119691729,1.3862943611198906,1.6094379124341003,-0.2588190451025208,-0.9659258262890683,0.9749279121818236,-0.22252093395631434,1.6094379124341003
2015-07-29 14:00:00+00:00,691,14,0,0.0,6.539585955617669,2.70805020110221,0.0,-0.4999999999999998,-0.8660254037844388,0.9749279121818236,-0.22252093395631434,0.0
2015-07-29 15:00:00+00:00,1040,39,9,9.0,6.947937068614969,3.6888794541139363,2.302585092994046,-0.7071067811865471,-0.7071067811865479,0.9749279121818236,-0.22252093395631434,2.302585092994046
2015-07-29 16:00:00+00:00,1354,46,28,28.0,7.2115567333138015,3.8501476017100584,3.367295829986474,-0.8660254037844384,-0.5000000000000004,0.9749279121818236,-0.22252093395631434,3.367295829986474
2015-07-29 17:00:00+00:00,1384,38,15,15.0,7.233455418621439,3.6635616461296463,2.772588722239781,-0.9659258262890683,-0.25881904510252063,0.9749279121818236,-0.22252093395631434,2.772588722239781
2015-07-29 18:00:00+00:00,1492,56,21,21.0,7.30854279753919,4.04305126783455,3.091042453358316,-1.0,-1.8369701987210297e-16,0.9749279121818236,-0.22252093395631434,3.091042453358316
2015-07-29 19:00:00+00:00,1397,45,17,17.0,7.242797922793756,3.828641396489095,2.8903717578961645,-0.9659258262890684,0.2588190451025203,0.9749279121818236,-0.22252093395631434,2.8903717578961645
2015-07-29 20:00:00+00:00,1429,46,25,25.0,7.265429723253953,3.8501476017100584,3.258096538021482,-0.8660254037844386,0.5000000000000001,0.9749279121818236,-0.22252093395631434,3.258096538021482
2015-07-29 21:00:00+00:00,1618,50,19,19.0,7.389563953677635,3.9318256327243257,2.995732273553991,-0.7071067811865477,0.7071067811865474,0.9749279121818236,-0.22252093395631434,2.995732273553991
2015-07-29 22:00:00+00:00,1461,41,13,13.0,7.2875606403097235,3.7376696182833684,2.6390573296152584,-0.5000000000000004,0.8660254037844384,0.9749279121818236,-0.22252093395631434,2.6390573296152584
2015-07-29 23:00:00+00:00,1408,42,12,12.0,7.25063551189868,3.7612001156935624,2.5649493574615367,-0.25881904510252157,0.9659258262890681,0.9749279121818236,-0.22252093395631434,2.5649493574615367
2015-07-30 00:00:00+00:00,1343,46,23,23.0,7.203405521083095,3.8501476017100584,3.1780538303479458,0.0,1.0,0.43388373911755823,-0.900968867902419,3.1780538303479458
2015-07-30 01:00:00+00:00,1066,26,7,7.0,6.9726062513017535,3.295836866004329,2.0794415416798357,0.25881904510252074,0.9659258262890683,0.43388373911755823,-0.900968867902419,2.0794415416798357
2015-07-30 02:00:00+00:00,1035,32,18,18.0,6.943122422819428,3.4965075614664802,2.9444389791664403,0.49999999999999994,0.8660254037844387,0.43388373911755823,-0.900968867902419,2.9444389791664403
2015-07-30 03:00:00+00:00,1048,40,7,7.0,6.955592608396297,3.713572066704308,2.0794415416798357,0.7071067811865475,0.7071067811865476,0.43388373911755823,-0.900968867902419,2.0794415416798357
2015-07-30 04:00:00+00:00,1096,24,14,14.0,7.00033446027523,3.2188758248682006,2.70805020110221,0.8660254037844386,0.5000000000000001,0.43388373911755823,-0.900968867902419,2.70805020110221
2015-07-30 05:00:00+00:00,920,30,7,7.0,6.825460036255307,3.4339872044851463,2.0794415416798357,0.9659258262890683,0.25881904510252074,0.43388373911755823,-0.900968867902419,2.0794415416798357
2015-07-30 06:00:00+00:00,616,20,6,6.0,6.424869023905388,3.044522437723423,1.9459101490553132,1.0,6.123233995736766e-17,0.43388373911755823,-0.900968867902419,1.9459101490553132
2015-07-30 07:00:00+00:00,354,3,4,4.0,5.872117789475416,1.3862943611198906,1.6094379124341003,0.9659258262890683,-0.25881904510252063,0.43388373911755823,-0.900968867902419,1.6094379124341003
2015-07-30 08:00:00+00:00,192,7,0,0.0,5.262690188904886,2.0794415416798357,0.0,0.8660254037844387,-0.49999999999999983,0.43388373911755823,-0.900968867902419,0.0
2015-07-30 09:00:00+00:00,111,1,0,0.0,4.718498871295094,0.6931471805599453,0.0,0.7071067811865476,-0.7071067811865475,0.43388373911755823,-0.900968867902419,0.0
2015-07-30 10:00:00+00:00,138,2,2,2.0,4.9344739331306915,1.0986122886681098,1.0986122886681098,0.49999999999999994,-0.8660254037844387,0.43388373911755823,-0.900968867902419,1.0986122886681098
2015-07-30 11:00:00+00:00,160,3,0,0.0,5.081404364984463,1.3862943611198906,0.0,0.258819045102521,-0.9659258262890682,0.43388373911755823,-0.900968867902419,0.0
2015-07-30 12:00:00+00:00,203,5,1,1.0,5.318119993844216,1.791759469228055,0.6931471805599453,1.2246467991473532e-16,-1.0,0.43388373911755823,-0.900968867902419,0.6931471805599453
2015-07-30 13:00:00+00:00,355,4,0,0.0,5.87493073085203,1.6094379124341003,0.0,-0.2588190451025208,-0.9659258262890683,0.43388373911755823,-0.900968867902419,0.0
2015-07-30 14:00:00+00:00,560,10,1,1.0,6.329720905522696,2.3978952727983707,0.6931471805599453,-0.4999999999999998,-0.8660254037844388,0.43388373911755823,-0.900968867902419,0.6931471805599453
2015-07-30 15:00:00+00:00,969,42,21,21.0,6.877296071497429,3.7612001156935624,3.091042453358316,-0.7071067811865471,-0.7071067811865479,0.43388373911755823,-0.900968867902419,3.091042453358316
2015-07-30 16:00:00+00:00,1188,35,15,15.0,7.080867896690782,3.58351893845611,2.772588722239781,-0.8660254037844384,-0.5000000000000004,0.43388373911755823,-0.900968867902419,2.772588722239781
2015-07-30 17:00:00+00:00,1406,46,20,20.0,7.249215057114389,3.8501476017100584,3.044522437723423,-0.9659258262890683,-0.25881904510252063,0.43388373911755823,-0.900968867902419,3.044522437723423
2015-07-30 18:00:00+00:00,1240,27,11,11.0,7.123672785204607,3.332204510175204,2.4849066497880004,-1.0,-1.8369701987210297e-16,0.43388373911755823,-0.900968867902419,2.4849066497880004
2015-07-30 19:00:00+00:00,1338,35,9,9.0,7.199678345691172,3.58351893845611,2.302585092994046,-0.9659258262890684,0.2588190451025203,0.43388373911755823,-0.900968867902419,2.302585092994046
2015-07-30 20:00:00+00:00,1320,25,18,18.0,7.186144304522325,3.258096538021482,2.9444389791664403,-0.8660254037844386,0.5000000000000001,0.43388373911755823,-0.900968867902419,2.9444389791664403
2015-07-30 21:00:00+00:00,1258,33,4,4.0,7.138073034044347,3.5263605246161616,1.6094379124341003,-0.7071067811865477,0.7071067811865474,0.43388373911755823,-0.900968867902419,1.6094379124341003
2015-07-30 22:00:00+00:00,1262,40,13,13.0,7.141245122350491,3.713572066704308,2.6390573296152584,-0.5000000000000004,0.8660254037844384,0.43388373911755823,-0.900968867902419,2.6390573296152584
2015-07-30 23:00:00+00:00,1014,29,13,13.0,6.922643891475888,3.4011973816621555,2.6390573296152584,-0.25881904510252157,0.9659258262890681,0.43388373911755823,-0.900968867902419,2.6390573296152584
2015-07-31 00:00:00+00:00,1059,28,17,17.0,6.966024187106113,3.367295829986474,2.8903717578961645,0.0,1.0,-0.433883739117558,-0.9009688679024191,2.8903717578961645
2015-07-31 01:00:00+00:00,833,24,7,7.0,6.726233402358747,3.2188758248682006,2.0794415416798357,0.25881904510252074,0.9659258262890683,-0.433883739117558,-0.9009688679024191,2.0794415416798357
2015-07-31 02:00:00+00:00,872,26,5,5.0,6.771935555839602,3.295836866004329,1.791759469228055,0.49999999999999994,0.8660254037844387,-0.433883739117558,-0.9009688679024191,1.791759469228055
2015-07-31 03:00:00+00:00,843,28,9,9.0,6.738152494595957,3.367295829986474,2.302585092994046,0.7071067811865475,0.7071067811865476,-0.433883739117558,-0.9009688679024191,2.302585092994046
2015-07-31 04:00:00+00:00,803,16,8,8.0,6.6895992691789665,2.833213344056216,2.1972245773362196,0.8660254037844386,0.5000000000000001,-0.433883739117558,-0.9009688679024191,2.1972245773362196
2015-07-31 05:00:00+00:00,722,24,2,2.0,6.583409222158765,3.2188758248682006,1.0986122886681098,0.9659258262890683,0.25881904510252074,-0.433883739117558,-0.9009688679024191,1.0986122886681098
2015-07-31 06:00:00+00:00,554,12,2,2.0,6.318968113746434,2.5649493574615367,1.0986122886681098,1.0,6.123233995736766e-17,-0.433883739117558,-0.9009688679024191,1.0986122886681098
2015-07-31 07:00:00+00:00,363,6,2,2.0,5.8971538676367405,1.9459101490553132,1.0986122886681098,0.9659258262890683,-0.25881904510252063,-0.433883739117558,-0.9009688679024191,1.0986122886681098
2015-07-31 08:00:00+00:00,148,7,2,2.0,5.003946305945459,2.0794415416798357,1.0986122886681098,0.8660254037844387,-0.49999999999999983,-0.433883739117558,-0.9009688679024191,1.0986122886681098
2015-07-31 09:00:00+00:00,147,5,0,0.0,4.997212273764115,1.791759469228055,0.0,0.7071067811865476,-0.7071067811865475,-0.433883739117558,-0.9009688679024191,0.0
2015-07-31 10:00:00+00:00,120,3,0,0.0,4.795790545596741,1.3862943611198906,0.0,0.49999999999999994,-0.8660254037844387,-0.433883739117558,-0.9009688679024191,0.0
2015-07-31 11:00:00+00:00,171,5,0,0.0,5.147494476813453,1.791759469228055,0.0,0.258819045102521,-0.9659258262890682,-0.433883739117558,-0.9009688679024191,0.0
2015-07-31 12:00:00+00:00,239,4,0,0.0,5.480638923341991,1.6094379124341003,0.0,1.2246467991473532e-16,-1.0,-0.433883739117558,-0.9009688679024191,0.0
2015-07-31 13:00:00+00:00,360,11,0,0.0,5.8888779583328805,2.4849066497880004,0.0,-0.2588190451025208,-0.9659258262890683,-0.433883739117558,-0.9009688679024191,0.0
2015-07-31 14:00:00+00:00,600,11,0,0.0,6.398594934535208,2.4849066497880004,0.0,-0.4999999999999998,-0.8660254037844388,-0.433883739117558,-0.9009688679024191,0.0
2015-07-31 15:00:00+00:00,937,36,10,10.0,6.843749949006225,3.6109179126442243,2.3978952727983707,-0.7071067811865471,-0.7071067811865479,-0.433883739117558,-0.9009688679024191,2.3978952727983707
2015-07-31 16:00:00+00:00,1254,36,12,12.0,7.134890851565884,3.6109179126442243,2.5649493574615367,-0.8660254037844384,-0.5000000000000004,-0.433883739117558,-0.9009688679024191,2.5649493574615367
2015-07-31 17:00:00+00:00,1221,42,10,10.0,7.108244139731541,3.7612001156935624,2.3978952727983707,-0.9659258262890683,-0.25881904510252063,-0.433883739117558,-0.9009688679024191,2.3978952727983707
2015-07-31 18:00:00+00:00,1310,48,18,18.0,7.1785454837637,3.8918202981106265,2.9444389791664403,-1.0,-1.8369701987210297e-16,-0.433883739117558,-0.9009688679024191,2.9444389791664403
2015-07-31 19:00:00+00:00,882,32,13,13.0,6.78332520060396,3.4965075614664802,2.6390573296152584,-0.9659258262890684,0.2588190451025203,-0.433883739117558,-0.9009688679024191,2.6390573296152584
2015-07-31 20:00:00+00:00,1336,39,16,16.0,7.198183577101943,3.6888794541139363,2.833213344056216,-0.8660254037844386,0.5000000000000001,-0.433883739117558,-0.9009688679024191,2.833213344056216
2015-07-31 21:00:00+00:00,1301,45,16,16.0,7.171656822768514,3.828641396489095,2.833213344056216,-0.7071067811865477,0.7071067811865474,-0.433883739117558,-0.9009688679024191,2.833213344056216
2015-07-31 22:00:00+00:00,1167,28,10,10.0,7.0630481633881725,3.367295829986474,2.3978952727983707,-0.5000000000000004,0.8660254037844384,-0.433883739117558,-0.9009688679024191,2.3978952727983707
2015-07-31 23:00:00+00:00,989,22,7,7.0,6.897704943128636,3.1354942159291497,2.0794415416798357,-0.25881904510252157,0.9659258262890681,-0.433883739117558,-0.9009688679024191,2.0794415416798357
2015-08-01 00:00:00+00:00,822,17,5,5.0,6.71295620067707,2.8903717578961645,1.791759469228055,0.0,1.0,-0.9749279121818236,-0.2225209339563146,1.791759469228055
2015-08-01 01:00:00+00:00,809,27,7,7.0,6.697034247666484,3.332204510175204,2.0794415416798357,0.25881904510252074,0.9659258262890683,-0.9749279121818236,-0.2225209339563146,2.0794415416798357
2015-08-01 02:00:00+00:00,795,17,3,3.0,6.679599185844383,2.8903717578961645,1.3862943611198906,0.49999999999999994,0.8660254037844387,-0.9749279121818236,-0.2225209339563146,1.3862943611198906
2015-08-01 03:00:00+00:00,891,20,3,3.0,6.79346613258001,3.044522437723423,1.3862943611198906,0.7071067811865475,0.7071067811865476,-0.9749279121818236,-0.2225209339563146,1.3862943611198906
2015-08-01 04:00:00+00:00,930,24,0,0.0,6.836259277277067,3.2188758248682006,0.0,0.8660254037844386,0.5000000000000001,-0.9749279121818236,-0.2225209339563146,0.0
2015-08-01 05:00:00+00:00,789,12,2,2.0,6.672032945461067,2.5649493574615367,1.0986122886681098,0.9659258262890683,0.25881904510252074,-0.9749279121818236,-0.2225209339563146,1.0986122886681098
2015-08-01 06:00:00+00:00,482,15,2,2.0,6.180016653652572,2.772588722239781,1.0986122886681098,1.0,6.123233995736766e-17,-0.9749279121818236,-0.2225209339563146,1.0986122886681098
2015-08-01 07:00:00+00:00,294,8,0,0.0,5.68697535633982,2.1972245773362196,0.0,0.9659258262890683,-0.25881904510252063,-0.9749279121818236,-0.2225209339563146,0.0
2015-08-01 08:00:00+00:00,195,5,1,1.0,5.278114659230517,1.791759469228055,0.6931471805599453,0.8660254037844387,-0.49999999999999983,-0.9749279121818236,-0.2225209339563146,0.6931471805599453
2015-08-01 09:00:00+00:00,119,9,0,0.0,4.787491742782046,2.302585092994046,0.0,0.7071067811865476,-0.7071067811865475,-0.9749279121818236,-0.2225209339563146,0.0
2015-08-01 10:00:00+00:00,142,0,0,0.0,4.962844630259907,0.0,0.0,0.49999999999999994,-0.8660254037844387,-0.9749279121818236,-0.2225209339563146,0.0
2015-08-01 11:00:00+00:00,141,9,1,1.0,4.955827057601261,2.302585092994046,0.6931471805599453,0.258819045102521,-0.9659258262890682,-0.9749279121818236,-0.2225209339563146,0.6931471805599453
2015-08-01 12:00:00+00:00,218,4,0,0.0,5.389071729816501,1.6094379124341003,0.0,1.2246467991473532e-16,-1.0,-0.9749279121818236,-0.2225209339563146,0.0
2015-08-01 13:00:00+00:00,267,5,0,0.0,5.5909869805108565,1.791759469228055,0.0,-0.2588190451025208,-0.9659258262890683,-0.9749279121818236,-0.2225209339563146,0.0
2015-08-01 14:00:00+00:00,432,12,0,0.0,6.07073772800249,2.5649493574615367,0.0,-0.4999999999999998,-0.8660254037844388,-0.9749279121818236,-0.2225209339563146,0.0
2015-08-01 15:00:00+00:00,596,7,3,3.0,6.391917113392602,2.0794415416798357,1.3862943611198906,-0.7071067811865471,-0.7071067811865479,-0.9749279121818236,-0.2225209339563146,1.3862943611198906
2015-08-01 16:00:00+00:00,740,19,4,4.0,6.608000625296087,2.995732273553991,1.6094379124341003,-0.8660254037844384,-0.5000000000000004,-0.9749279121818236,-0.2225209339563146,1.6094379124341003
2015-08-01 17:00:00+00:00,854,22,7,7.0,6.75110146893676,3.1354942159291497,2.0794415416798357,-0.9659258262890683,-0.25881904510252063,-0.9749279121818236,-0.2225209339563146,2.0794415416798357
2015-08-01 18:00:00+00:00,951,21,8,8.0,6.858565034791365,3.091042453358316,2.1972245773362196,-1.0,-1.8369701987210297e-16,-0.9749279121818236,-0.2225209339563146,2.1972245773362196
2015-08-01 19:00:00+00:00,961,30,12,12.0,6.8690144506657065,3.4339872044851463,2.5649493574615367,-0.9659258262890684,0.2588190451025203,-0.9749279121818236,-0.2225209339563146,2.5649493574615367
2015-08-01 20:00:00+00:00,858,21,5,5.0,6.755768921984255,3.091042453358316,1.791759469228055,-0.8660254037844386,0.5000000000000001,-0.9749279121818236,-0.2225209339563146,1.791759469228055
2015-08-01 21:00:00+00:00,897,12,2,2.0,6.8001700683022,2.5649493574615367,1.0986122886681098,-0.7071067811865477,0.7071067811865474,-0.9749279121818236,-0.2225209339563146,1.0986122886681098
2015-08-01 22:00:00+00:00,983,33,10,10.0,6.891625897052253,3.5263605246161616,2.3978952727983707,-0.5000000000000004,0.8660254037844384,-0.9749279121818236,-0.2225209339563146,2.3978952727983707
2015-08-01 23:00:00+00:00,830,30,4,4.0,6.7226297948554485,3.4339872044851463,1.6094379124341003,-0.25881904510252157,0.9659258262890681,-0.9749279121818236,-0.2225209339563146,1.6094379124341003
2015-08-02 00:00:00+00:00,955,27,10,10.0,6.862757913051401,3.332204510175204,2.3978952727983707,0.0,1.0,-0.7818314824680299,0.6234898018587334,2.3978952727983707
2015-08-02 01:00:00+00:00,887,23,4,4.0,6.78897174299217,3.1780538303479458,1.6094379124341003,0.25881904510252074,0.9659258262890683,-0.7818314824680299,0.6234898018587334,1.6094379124341003
2015-08-02 02:00:00+00:00,860,21,6,6.0,6.7580945044277305,3.091042453358316,1.9459101490553132,0.49999999999999994,0.8660254037844387,-0.7818314824680299,0.6234898018587334,1.9459101490553132
2015-08-02 03:00:00+00:00,840,22,3,3.0,6.734591659972948,3.1354942159291497,1.3862943611198906,0.7071067811865475,0.7071067811865476,-0.7818314824680299,0.6234898018587334,1.3862943611198906
2015-08-02 04:00:00+00:00,831,8,2,2.0,6.723832440821209,2.1972245773362196,1.0986122886681098,0.8660254037844386,0.5000000000000001,-0.7818314824680299,0.6234898018587334,1.0986122886681098
2015-08-02 05:00:00+00:00,696,14,6,6.0,6.546785410760524,2.70805020110221,1.9459101490553132,0.9659258262890683,0.25881904510252074,-0.7818314824680299,0.6234898018587334,1.9459101490553132
2015-08-02 06:00:00+00:00,521,10,5,5.0,6.257667587882639,2.3978952727983707,1.791759469228055,1.0,6.123233995736766e-17,-0.7818314824680299,0.6234898018587334,1.791759469228055
2015-08-02 07:00:00+00:00,355,4,1,1.0,5.87493073085203,1.6094379124341003,0.6931471805599453,0.9659258262890683,-0.25881904510252063,-0.7818314824680299,0.6234898018587334,0.6931471805599453
2015-08-02 08:00:00+00:00,205,6,0,0.0,5.327876168789581,1.9459101490553132,0.0,0.8660254037844387,-0.49999999999999983,-0.7818314824680299,0.6234898018587334,0.0
2015-08-02 09:00:00+00:00,94,0,0,0.0,4.553876891600541,0.0,0.0,0.7071067811865476,-0.7071067811865475,-0.7818314824680299,0.6234898018587334,0.0
2015-08-02 10:00:00+00:00,102,1,0,0.0,4.634728988229636,0.6931471805599453,0.0,0.49999999999999994,-0.8660254037844387,-0.7818314824680299,0.6234898018587334,0.0
2015-08-02 11:00:00+00:00,134,0,5,5.0,4.90527477843843,0.0,1.791759469228055,0.258819045102521,-0.9659258262890682,-0.7818314824680299,0.6234898018587334,1.791759469228055
2015-08-02 12:00:00+00:00,226,4,0,0.0,5.424950017481403,1.6094379124341003,0.0,1.2246467991473532e-16,-1.0,-0.7818314824680299,0.6234898018587334,0.0
2015-08-02 13:00:00+00:00,287,5,0,0.0,5.662960480135946,1.791759469228055,0.0,-0.2588190451025208,-0.9659258262890683,-0.7818314824680299,0.6234898018587334,0.0
2015-08-02 14:00:00+00:00,433,16,2,2.0,6.073044534100405,2.833213344056216,1.0986122886681098,-0.4999999999999998,-0.8660254037844388,-0.7818314824680299,0.6234898018587334,1.0986122886681098
2015-08-02 15:00:00+00:00,531,12,8,8.0,6.2766434893416445,2.5649493574615367,2.1972245773362196,-0.7071067811865471,-0.7071067811865479,-0.7818314824680299,0.6234898018587334,2.1972245773362196
2015-08-02 16:00:00+00:00,769,18,2,2.0,6.646390514847729,2.9444389791664403,1.0986122886681098,-0.8660254037844384,-0.5000000000000004,-0.7818314824680299,0.6234898018587334,1.0986122886681098
2015-08-02 17:00:00+00:00,794,23,8,8.0,6.678342114654332,3.1780538303479458,2.1972245773362196,-0.9659258262890683,-0.25881904510252063,-0.7818314824680299,0.6234898018587334,2.1972245773362196
2015-08-02 18:00:00+00:00,843,22,4,4.0,6.738152494595957,3.1354942159291497,1.6094379124341003,-1.0,-1.8369701987210297e-16,-0.7818314824680299,0.6234898018587334,1.6094379124341003
2015-08-02 19:00:00+00:00,831,25,7,7.0,6.723832440821209,3.258096538021482,2.0794415416798357,-0.9659258262890684,0.2588190451025203,-0.7818314824680299,0.6234898018587334,2.0794415416798357
2015-08-02 20:00:00+00:00,868,30,7,7.0,6.767343125265392,3.4339872044851463,2.0794415416798357,-0.8660254037844386,0.5000000000000001,-0.7818314824680299,0.6234898018587334,2.0794415416798357
2015-08-02 21:00:00+00:00,855,13,6,6.0,6.752270376141742,2.6390573296152584,1.9459101490553132,-0.7071067811865477,0.7071067811865474,-0.7818314824680299,0.6234898018587334,1.9459101490553132
2015-08-02 22:00:00+00:00,930,27,9,9.0,6.836259277277067,3.332204510175204,2.302585092994046,-0.5000000000000004,0.8660254037844384,-0.7818314824680299,0.6234898018587334,2.302585092994046
2015-08-02 23:00:00+00:00,905,29,10,10.0,6.80903930604298,3.4011973816621555,2.3978952727983707,-0.25881904510252157,0.9659258262890681,-0.7818314824680299,0.6234898018587334,2.3978952727983707
2015-08-03 00:00:00+00:00,935,28,14,14.0,6.841615476477592,3.367295829986474,2.70805020110221,0.0,1.0,0.0,1.0,2.70805020110221
2015-08-03 01:00:00+00:00,949,19,5,5.0,6.856461984594587,2.995732273553991,1.791759469228055,0.25881904510252074,0.9659258262890683,0.0,1.0,1.791759469228055
2015-08-03 02:00:00+00:00,914,22,7,7.0,6.818924065275521,3.1354942159291497,2.0794415416798357,0.49999999999999994,0.8660254037844387,0.0,1.0,2.0794415416798357
2015-08-03 03:00:00+00:00,993,13,5,5.0,6.901737206656574,2.6390573296152584,1.791759469228055,0.7071067811865475,0.7071067811865476,0.0,1.0,1.791759469228055
2015-08-03 04:00:00+00:00,964,26,6,6.0,6.872128101338986,3.295836866004329,1.9459101490553132,0.8660254037844386,0.5000000000000001,0.0,1.0,1.9459101490553132
2015-08-03 05:00:00+00:00,749,17,6,6.0,6.620073206530356,2.8903717578961645,1.9459101490553132,0.9659258262890683,0.25881904510252074,0.0,1.0,1.9459101490553132
2015-08-03 06:00:00+00:00,472,6,4,4.0,6.159095388491933,1.9459101490553132,1.6094379124341003,1.0,6.123233995736766e-17,0.0,1.0,1.6094379124341003
2015-08-03 07:00:00+00:00,281,2,0,0.0,5.641907070938114,1.0986122886681098,0.0,0.9659258262890683,-0.25881904510252063,0.0,1.0,0.0
2015-08-03 08:00:00+00:00,155,3,1,1.0,5.049856007249537,1.3862943611198906,0.6931471805599453,0.8660254037844387,-0.49999999999999983,0.0,1.0,0.6931471805599453
2015-08-03 09:00:00+00:00,111,6,0,0.0,4.718498871295094,1.9459101490553132,0.0,0.7071067811865476,-0.7071067811865475,0.0,1.0,0.0
2015-08-03 10:00:00+00:00,109,1,0,0.0,4.700480365792417,0.6931471805599453,0.0,0.49999999999999994,-0.8660254037844387,0.0,1.0,0.0
2015-08-03 11:00:00+00:00,165,2,1,1.0,5.111987788356544,1.0986122886681098,0.6931471805599453,0.258819045102521,-0.9659258262890682,0.0,1.0,0.6931471805599453
2015-08-03 12:00:00+00:00,192,3,1,1.0,5.262690188904886,1.3862943611198906,0.6931471805599453,1.2246467991473532e-16,-1.0,0.0,1.0,0.6931471805599453
2015-08-03 13:00:00+00:00,290,4,0,0.0,5.673323267171493,1.6094379124341003,0.0,-0.2588190451025208,-0.9659258262890683,0.0,1.0,0.0
2015-08-03 14:00:00+00:00,502,9,3,3.0,6.220590170099739,2.302585092994046,1.3862943611198906,-0.4999999999999998,-0.8660254037844388,0.0,1.0,1.3862943611198906
2015-08-03 15:00:00+00:00,977,19,3,3.0,6.885509670034818,2.995732273553991,1.3862943611198906,-0.7071067811865471,-0.7071067811865479,0.0,1.0,1.3862943611198906
2015-08-03 16:00:00+00:00,1077,47,12,12.0,6.982862751468942,3.871201010907891,2.5649493574615367,-0.8660254037844384,-0.5000000000000004,0.0,1.0,2.5649493574615367
2015-08-03 17:00:00+00:00,1327,48,23,23.0,7.191429330036379,3.8918202981106265,3.1780538303479458,-0.9659258262890683,-0.25881904510252063,0.0,1.0,3.1780538303479458
2015-08-03 18:00:00+00:00,1604,64,20,20.0,7.380879035564116,4.174387269895637,3.044522437723423,-1.0,-1.8369701987210297e-16,0.0,1.0,3.044522437723423
2015-08-03 19:00:00+00:00,1666,60,33,33.0,7.418780882750794,4.110873864173311,3.5263605246161616,-0.9659258262890684,0.2588190451025203,0.0,1.0,3.5263605246161616
2015-08-03 20:00:00+00:00,1616,48,19,19.0,7.388327859577107,3.8918202981106265,2.995732273553991,-0.8660254037844386,0.5000000000000001,0.0,1.0,2.995732273553991
2015-08-03 21:00:00+00:00,1511,39,14,14.0,7.321188556739478,3.6888794541139363,2.70805020110221,-0.7071067811865477,0.7071067811865474,0.0,1.0,2.70805020110221
2015-08-03 22:00:00+00:00,1498,44,12,12.0,7.312553498102598,3.8066624897703196,2.5649493574615367,-0.5000000000000004,0.8660254037844384,0.0,1.0,2.5649493574615367
2015-08-03 23:00:00+00:00,1444,35,9,9.0,7.275864600546533,3.58351893845611,2.302585092994046,-0.25881904510252157,0.9659258262890681,0.0,1.0,2.302585092994046
2015-08-04 00:00:00+00:00,1142,29,9,9.0,7.04141166379481,3.4011973816621555,2.302585092994046,0.0,1.0,0.7818314824680298,0.6234898018587336,2.302585092994046
2015-08-04 01:00:00+00:00,1154,54,13,13.0,7.051855622955894,4.007333185232471,2.6390573296152584,0.25881904510252074,0.9659258262890683,0.7818314824680298,0.6234898018587336,2.6390573296152584
2015-08-04 02:00:00+00:00,1095,22,12,12.0,6.999422467507961,3.1354942159291497,2.5649493574615367,0.49999999999999994,0.8660254037844387,0.7818314824680298,0.6234898018587336,2.5649493574615367
2015-08-04 03:00:00+00:00,1186,35,11,11.0,7.079184394609668,3.58351893845611,2.4849066497880004,0.7071067811865475,0.7071067811865476,0.7818314824680298,0.6234898018587336,2.4849066497880004
2015-08-04 04:00:00+00:00,1086,29,8,8.0,6.99117688712121,3.4011973816621555,2.1972245773362196,0.8660254037844386,0.5000000000000001,0.7818314824680298,0.6234898018587336,2.1972245773362196
2015-08-04 05:00:00+00:00,853,21,3,3.0,6.74993119378857,3.091042453358316,1.3862943611198906,0.9659258262890683,0.25881904510252074,0.7818314824680298,0.6234898018587336,1.3862943611198906
2015-08-04 06:00:00+00:00,578,13,5,5.0,6.361302477572996,2.6390573296152584,1.791759469228055,1.0,6.123233995736766e-17,0.7818314824680298,0.6234898018587336,1.791759469228055
2015-08-04 07:00:00+00:00,309,7,1,1.0,5.736572297479192,2.0794415416798357,0.6931471805599453,0.9659258262890683,-0.25881904510252063,0.7818314824680298,0.6234898018587336,0.6931471805599453
2015-08-04 08:00:00+00:00,199,7,1,1.0,5.298317366548036,2.0794415416798357,0.6931471805599453,0.8660254037844387,-0.49999999999999983,0.7818314824680298,0.6234898018587336,0.6931471805599453
2015-08-04 09:00:00+00:00,110,0,0,0.0,4.709530201312334,0.0,0.0,0.7071067811865476,-0.7071067811865475,0.7818314824680298,0.6234898018587336,0.0
2015-08-04 10:00:00+00:00,116,3,0,0.0,4.762173934797756,1.3862943611198906,0.0,0.49999999999999994,-0.8660254037844387,0.7818314824680298,0.6234898018587336,0.0
2015-08-04 11:00:00+00:00,168,3,2,2.0,5.1298987149230735,1.3862943611198906,1.0986122886681098,0.258819045102521,-0.9659258262890682,0.7818314824680298,0.6234898018587336,1.0986122886681098
2015-08-04 12:00:00+00:00,216,1,1,1.0,5.37989735354046,0.6931471805599453,0.6931471805599453,1.2246467991473532e-16,-1.0,0.7818314824680298,0.6234898018587336,0.6931471805599453
2015-08-04 13:00:00+00:00,397,8,3,3.0,5.986452005284438,2.1972245773362196,1.3862943611198906,-0.2588190451025208,-0.9659258262890683,0.7818314824680298,0.6234898018587336,1.3862943611198906
2015-08-04 14:00:00+00:00,680,26,3,3.0,6.523562306149512,3.295836866004329,1.3862943611198906,-0.4999999999999998,-0.8660254037844388,0.7818314824680298,0.6234898018587336,1.3862943611198906
2015-08-04 15:00:00+00:00,982,16,7,7.0,6.890609120147166,2.833213344056216,2.0794415416798357,-0.7071067811865471,-0.7071067811865479,0.7818314824680298,0.6234898018587336,2.0794415416798357
2015-08-04 16:00:00+00:00,1230,39,17,17.0,7.115582126184454,3.6888794541139363,2.8903717578961645,-0.8660254037844384,-0.5000000000000004,0.7818314824680298,0.6234898018587336,2.8903717578961645
2015-08-04 17:00:00+00:00,1244,52,21,21.0,7.126890808898808,3.970291913552122,3.091042453358316,-0.9659258262890683,-0.25881904510252063,0.7818314824680298,0.6234898018587336,3.091042453358316
2015-08-04 18:00:00+00:00,1363,40,17,17.0,7.218176838403408,3.713572066704308,2.8903717578961645,-1.0,-1.8369701987210297e-16,0.7818314824680298,0.6234898018587336,2.8903717578961645
2015-08-04 19:00:00+00:00,1335,35,13,13.0,7.197435354096591,3.58351893845611,2.6390573296152584,-0.9659258262890684,0.2588190451025203,0.7818314824680298,0.6234898018587336,2.6390573296152584
2015-08-04 20:00:00+00:00,1354,41,16,16.0,7.2115567333138015,3.7376696182833684,2.833213344056216,-0.8660254037844386,0.5000000000000001,0.7818314824680298,0.6234898018587336,2.833213344056216
2015-08-04 21:00:00+00:00,1244,43,12,12.0,7.126890808898808,3.784189633918261,2.5649493574615367,-0.7071067811865477,0.7071067811865474,0.7818314824680298,0.6234898018587336,2.5649493574615367
2015-08-04 22:00:00+00:00,1196,24,17,17.0,7.087573705557973,3.2188758248682006,2.8903717578961645,-0.5000000000000004,0.8660254037844384,0.7818314824680298,0.6234898018587336,2.8903717578961645
2015-08-04 23:00:00+00:00,1199,36,17,17.0,7.090076835776092,3.6109179126442243,2.8903717578961645,-0.25881904510252157,0.9659258262890681,0.7818314824680298,0.6234898018587336,2.8903717578961645
2015-08-05 00:00:00+00:00,974,26,5,5.0,6.882437470997847,3.295836866004329,1.791759469228055,0.0,1.0,0.9749279121818236,-0.22252093395631434,1.791759469228055
2015-08-05 01:00:00+00:00,886,20,9,9.0,6.787844982309579,3.044522437723423,2.302585092994046,0.25881904510252074,0.9659258262890683,0.9749279121818236,-0.22252093395631434,2.302585092994046
2015-08-05 02:00:00+00:00,858,14,7,7.0,6.755768921984255,2.70805020110221,2.0794415416798357,0.49999999999999994,0.8660254037844387,0.9749279121818236,-0.22252093395631434,2.0794415416798357
2015-08-05 03:00:00+00:00,1002,32,13,13.0,6.910750787961936,3.4965075614664802,2.6390573296152584,0.7071067811865475,0.7071067811865476,0.9749279121818236,-0.22252093395631434,2.6390573296152584
2015-08-05 04:00:00+00:00,963,33,6,6.0,6.871091294610546,3.5263605246161616,1.9459101490553132,0.8660254037844386,0.5000000000000001,0.9749279121818236,-0.22252093395631434,1.9459101490553132
2015-08-05 05:00:00+00:00,825,27,11,11.0,6.716594773520978,3.332204510175204,2.4849066497880004,0.9659258262890683,0.25881904510252074,0.9749279121818236,-0.22252093395631434,2.4849066497880004
2015-08-05 06:00:00+00:00,385,9,2,2.0,5.955837369464831,2.302585092994046,1.0986122886681098,1.0,6.123233995736766e-17,0.9749279121818236,-0.22252093395631434,1.0986122886681098
2015-08-05 07:00:00+00:00,299,11,1,1.0,5.703782474656201,2.4849066497880004,0.6931471805599453,0.9659258262890683,-0.25881904510252063,0.9749279121818236,-0.22252093395631434,0.6931471805599453
2015-08-05 08:00:00+00:00,173,4,4,4.0,5.159055299214529,1.6094379124341003,1.6094379124341003,0.8660254037844387,-0.49999999999999983,0.9749279121818236,-0.22252093395631434,1.6094379124341003
2015-08-05 09:00:00+00:00,113,8,1,1.0,4.736198448394496,2.1972245773362196,0.6931471805599453,0.7071067811865476,-0.7071067811865475,0.9749279121818236,-0.22252093395631434,0.6931471805599453
2015-08-05 10:00:00+00:00,133,0,0,0.0,4.897839799950911,0.0,0.0,0.49999999999999994,-0.8660254037844387,0.9749279121818236,-0.22252093395631434,0.0
2015-08-05 11:00:00+00:00,126,5,1,1.0,4.844187086458591,1.791759469228055,0.6931471805599453,0.258819045102521,-0.9659258262890682,0.9749279121818236,-0.22252093395631434,0.6931471805599453
2015-08-05 12:00:00+00:00,273,14,1,1.0,5.6131281063880705,2.70805020110221,0.6931471805599453,1.2246467991473532e-16,-1.0,0.9749279121818236,-0.22252093395631434,0.6931471805599453
2015-08-05 13:00:00+00:00,330,9,0,0.0,5.802118375377063,2.302585092994046,0.0,-0.2588190451025208,-0.9659258262890683,0.9749279121818236,-0.22252093395631434,0.0
2015-08-05 14:00:00+00:00,625,17,3,3.0,6.439350371100098,2.8903717578961645,1.3862943611198906,-0.4999999999999998,-0.8660254037844388,0.9749279121818236,-0.22252093395631434,1.3862943611198906
2015-08-05 15:00:00+00:00,1015,27,14,14.0,6.923628628138427,3.332204510175204,2.70805020110221,-0.7071067811865471,-0.7071067811865479,0.9749279121818236,-0.22252093395631434,2.70805020110221
2015-08-05 16:00:00+00:00,1224,37,14,14.0,7.110696122978827,3.6375861597263857,2.70805020110221,-0.8660254037844384,-0.5000000000000004,0.9749279121818236,-0.22252093395631434,2.70805020110221
2015-08-05 17:00:00+00:00,1383,61,22,22.0,7.232733136177615,4.127134385045092,3.1354942159291497,-0.9659258262890683,-0.25881904510252063,0.9749279121818236,-0.22252093395631434,3.1354942159291497
2015-08-05 18:00:00+00:00,1290,45,19,19.0,7.1631723908466425,3.828641396489095,2.995732273553991,-1.0,-1.8369701987210297e-16,0.9749279121818236,-0.22252093395631434,2.995732273553991
2015-08-05 19:00:00+00:00,1378,29,13,13.0,7.229113877793302,3.4011973816621555,2.6390573296152584,-0.9659258262890684,0.2588190451025203,0.9749279121818236,-0.22252093395631434,2.6390573296152584
2015-08-05 20:00:00+00:00,1345,46,22,22.0,7.204892510204673,3.8501476017100584,3.1354942159291497,-0.8660254037844386,0.5000000000000001,0.9749279121818236,-0.22252093395631434,3.1354942159291497
2015-08-05 21:00:00+00:00,1384,55,25,25.0,7.233455418621439,4.02535169073515,3.258096538021482,-0.7071067811865477,0.7071067811865474,0.9749279121818236,-0.22252093395631434,3.258096538021482
2015-08-05 22:00:00+00:00,1359,42,26,26.0,7.215239978730097,3.7612001156935624,3.295836866004329,-0.5000000000000004,0.8660254037844384,0.9749279121818236,-0.22252093395631434,3.295836866004329
2015-08-05 23:00:00+00:00,1199,53,18,18.0,7.090076835776092,3.9889840465642745,2.9444389791664403,-0.25881904510252157,0.9659258262890681,0.9749279121818236,-0.22252093395631434,2.9444389791664403
2015-08-06 00:00:00+00:00,975,31,4,4.0,6.883462586413092,3.4657359027997265,1.6094379124341003,0.0,1.0,0.43388373911755823,-0.900968867902419,1.6094379124341003
2015-08-06 01:00:00+00:00,923,11,5,5.0,6.828712071641684,2.4849066497880004,1.791759469228055,0.25881904510252074,0.9659258262890683,0.43388373911755823,-0.900968867902419,1.791759469228055
2015-08-06 02:00:00+00:00,1064,31,6,6.0,6.970730078143525,3.4657359027997265,1.9459101490553132,0.49999999999999994,0.8660254037844387,0.43388373911755823,-0.900968867902419,1.9459101490553132
2015-08-06 03:00:00+00:00,1051,28,5,5.0,6.9584483932976555,3.367295829986474,1.791759469228055,0.7071067811865475,0.7071067811865476,0.43388373911755823,-0.900968867902419,1.791759469228055
2015-08-06 04:00:00+00:00,1091,22,3,3.0,6.9957661563048505,3.1354942159291497,1.3862943611198906,0.8660254037844386,0.5000000000000001,0.43388373911755823,-0.900968867902419,1.3862943611198906
2015-08-06 05:00:00+00:00,784,15,5,5.0,6.665683717782408,2.772588722239781,1.791759469228055,0.9659258262890683,0.25881904510252074,0.43388373911755823,-0.900968867902419,1.791759469228055
2015-08-06 06:00:00+00:00,611,27,6,6.0,6.416732282512326,3.332204510175204,1.9459101490553132,1.0,6.123233995736766e-17,0.43388373911755823,-0.900968867902419,1.9459101490553132
2015-08-06 07:00:00+00:00,302,16,0,0.0,5.713732805509369,2.833213344056216,0.0,0.9659258262890683,-0.25881904510252063,0.43388373911755823,-0.900968867902419,0.0
2015-08-06 08:00:00+00:00,200,3,1,1.0,5.303304908059076,1.3862943611198906,0.6931471805599453,0.8660254037844387,-0.49999999999999983,0.43388373911755823,-0.900968867902419,0.6931471805599453
2015-08-06 09:00:00+00:00,98,2,0,0.0,4.59511985013459,1.0986122886681098,0.0,0.7071067811865476,-0.7071067811865475,0.43388373911755823,-0.900968867902419,0.0
2015-08-06 10:00:00+00:00,192,4,0,0.0,5.262690188904886,1.6094379124341003,0.0,0.49999999999999994,-0.8660254037844387,0.43388373911755823,-0.900968867902419,0.0
2015-08-06 11:00:00+00:00,157,2,0,0.0,5.062595033026967,1.0986122886681098,0.0,0.258819045102521,-0.9659258262890682,0.43388373911755823,-0.900968867902419,0.0
2015-08-06 12:00:00+00:00,244,6,0,0.0,5.501258210544727,1.9459101490553132,0.0,1.2246467991473532e-16,-1.0,0.43388373911755823,-0.900968867902419,0.0
2015-08-06 13:00:00+00:00,438,8,1,1.0,6.0844994130751715,2.1972245773362196,0.6931471805599453,-0.2588190451025208,-0.9659258262890683,0.43388373911755823,-0.900968867902419,0.6931471805599453
2015-08-06 14:00:00+00:00,648,17,4,4.0,6.47543271670409,2.8903717578961645,1.6094379124341003,-0.4999999999999998,-0.8660254037844388,0.43388373911755823,-0.900968867902419,1.6094379124341003
2015-08-06 15:00:00+00:00,976,19,10,10.0,6.884486652042782,2.995732273553991,2.3978952727983707,-0.7071067811865471,-0.7071067811865479,0.43388373911755823,-0.900968867902419,2.3978952727983707
2015-08-06 16:00:00+00:00,1181,36,18,18.0,7.074963197966044,3.6109179126442243,2.9444389791664403,-0.8660254037844384,-0.5000000000000004,0.43388373911755823,-0.900968867902419,2.9444389791664403
2015-08-06 17:00:00+00:00,1293,30,10,10.0,7.165493475060845,3.4339872044851463,2.3978952727983707,-0.9659258262890683,-0.25881904510252063,0.43388373911755823,-0.900968867902419,2.3978952727983707
2015-08-06 18:00:00+00:00,1308,34,10,10.0,7.1770187659099,3.5553480614894135,2.3978952727983707,-1.0,-1.8369701987210297e-16,0.43388373911755823,-0.900968867902419,2.3978952727983707
2015-08-06 19:00:00+00:00,1175,43,9,9.0,7.069874128458572,3.784189633918261,2.302585092994046,-0.9659258262890684,0.2588190451025203,0.43388373911755823,-0.900968867902419,2.302585092994046
2015-08-06 20:00:00+00:00,1267,45,11,11.0,7.145196134997171,3.828641396489095,2.4849066497880004,-0.8660254037844386,0.5000000000000001,0.43388373911755823,-0.900968867902419,2.4849066497880004
2015-08-06 21:00:00+00:00,1225,24,6,6.0,7.111512116496157,3.2188758248682006,1.9459101490553132,-0.7071067811865477,0.7071067811865474,0.43388373911755823,-0.900968867902419,1.9459101490553132
2015-08-06 22:00:00+00:00,1320,40,6,6.0,7.186144304522325,3.713572066704308,1.9459101490553132,-0.5000000000000004,0.8660254037844384,0.43388373911755823,-0.900968867902419,1.9459101490553132
2015-08-06 23:00:00+00:00,1145,33,7,7.0,7.044032897274685,3.5263605246161616,2.0794415416798357,-0.25881904510252157,0.9659258262890681,0.43388373911755823,-0.900968867902419,2.0794415416798357
2015-08-07 00:00:00+00:00,994,35,13,13.0,6.902742737158593,3.58351893845611,2.6390573296152584,0.0,1.0,-0.433883739117558,-0.9009688679024191,2.6390573296152584
2015-08-07 01:00:00+00:00,978,25,8,8.0,6.88653164253051,3.258096538021482,2.1972245773362196,0.25881904510252074,0.9659258262890683,-0.433883739117558,-0.9009688679024191,2.1972245773362196
2015-08-07 02:00:00+00:00,991,45,7,7.0,6.899723107284872,3.828641396489095,2.0794415416798357,0.49999999999999994,0.8660254037844387,-0.433883739117558,-0.9009688679024191,2.0794415416798357
2015-08-07 03:00:00+00:00,860,8,4,4.0,6.7580945044277305,2.1972245773362196,1.6094379124341003,0.7071067811865475,0.7071067811865476,-0.433883739117558,-0.9009688679024191,1.6094379124341003
2015-08-07 04:00:00+00:00,903,23,2,2.0,6.806829360392176,3.1780538303479458,1.0986122886681098,0.8660254037844386,0.5000000000000001,-0.433883739117558,-0.9009688679024191,1.0986122886681098
2015-08-07 05:00:00+00:00,774,21,4,4.0,6.652863029353347,3.091042453358316,1.6094379124341003,0.9659258262890683,0.25881904510252074,-0.433883739117558,-0.9009688679024191,1.6094379124341003
2015-08-07 06:00:00+00:00,442,21,6,6.0,6.093569770045136,3.091042453358316,1.9459101490553132,1.0,6.123233995736766e-17,-0.433883739117558,-0.9009688679024191,1.9459101490553132
2015-08-07 07:00:00+00:00,287,9,8,8.0,5.662960480135946,2.302585092994046,2.1972245773362196,0.9659258262890683,-0.25881904510252063,-0.433883739117558,-0.9009688679024191,2.1972245773362196
2015-08-07 08:00:00+00:00,146,0,0,0.0,4.990432586778736,0.0,0.0,0.8660254037844387,-0.49999999999999983,-0.433883739117558,-0.9009688679024191,0.0
2015-08-07 09:00:00+00:00,124,0,1,1.0,4.8283137373023015,0.0,0.6931471805599453,0.7071067811865476,-0.7071067811865475,-0.433883739117558,-0.9009688679024191,0.6931471805599453
2015-08-07 10:00:00+00:00,117,1,0,0.0,4.770684624465665,0.6931471805599453,0.0,0.49999999999999994,-0.8660254037844387,-0.433883739117558,-0.9009688679024191,0.0
2015-08-07 11:00:00+00:00,139,2,0,0.0,4.941642422609304,1.0986122886681098,0.0,0.258819045102521,-0.9659258262890682,-0.433883739117558,-0.9009688679024191,0.0
2015-08-07 12:00:00+00:00,234,8,2,2.0,5.459585514144159,2.1972245773362196,1.0986122886681098,1.2246467991473532e-16,-1.0,-0.433883739117558,-0.9009688679024191,1.0986122886681098
2015-08-07 13:00:00+00:00,362,4,2,2.0,5.8944028342648505,1.6094379124341003,1.0986122886681098,-0.2588190451025208,-0.9659258262890683,-0.433883739117558,-0.9009688679024191,1.0986122886681098
2015-08-07 14:00:00+00:00,591,18,1,1.0,6.3835066348840055,2.9444389791664403,0.6931471805599453,-0.4999999999999998,-0.8660254037844388,-0.433883739117558,-0.9009688679024191,0.6931471805599453
2015-08-07 15:00:00+00:00,893,25,6,6.0,6.795705775173514,3.258096538021482,1.9459101490553132,-0.7071067811865471,-0.7071067811865479,-0.433883739117558,-0.9009688679024191,1.9459101490553132
2015-08-07 16:00:00+00:00,1252,40,17,17.0,7.133295954896068,3.713572066704308,2.8903717578961645,-0.8660254037844384,-0.5000000000000004,-0.433883739117558,-0.9009688679024191,2.8903717578961645
2015-08-07 17:00:00+00:00,1454,48,12,12.0,7.282761179605593,3.8918202981106265,2.5649493574615367,-0.9659258262890683,-0.25881904510252063,-0.433883739117558,-0.9009688679024191,2.5649493574615367
2015-08-07 18:00:00+00:00,1229,70,17,17.0,7.114769448366463,4.2626798770413155,2.8903717578961645,-1.0,-1.8369701987210297e-16,-0.433883739117558,-0.9009688679024191,2.8903717578961645
2015-08-07 19:00:00+00:00,1262,48,21,21.0,7.141245122350491,3.8918202981106265,3.091042453358316,-0.9659258262890684,0.2588190451025203,-0.433883739117558,-0.9009688679024191,3.091042453358316
2015-08-07 20:00:00+00:00,1186,39,14,14.0,7.079184394609668,3.6888794541139363,2.70805020110221,-0.8660254037844386,0.5000000000000001,-0.433883739117558,-0.9009688679024191,2.70805020110221
2015-08-07 21:00:00+00:00,1208,31,11,11.0,7.097548850614793,3.4657359027997265,2.4849066497880004,-0.7071067811865477,0.7071067811865474,-0.433883739117558,-0.9009688679024191,2.4849066497880004
2015-08-07 22:00:00+00:00,1162,36,12,12.0,7.0587581525186645,3.6109179126442243,2.5649493574615367,-0.5000000000000004,0.8660254037844384,-0.433883739117558,-0.9009688679024191,2.5649493574615367
2015-08-07 23:00:00+00:00,982,43,7,7.0,6.890609120147166,3.784189633918261,2.0794415416798357,-0.25881904510252157,0.9659258262890681,-0.433883739117558,-0.9009688679024191,2.0794415416798357
2015-08-08 00:00:00+00:00,699,15,3,3.0,6.551080335043404,2.772588722239781,1.3862943611198906,0.0,1.0,-0.9749279121818236,-0.2225209339563146,1.3862943611198906
2015-08-08 01:00:00+00:00,739,18,6,6.0,6.606650186198215,2.9444389791664403,1.9459101490553132,0.25881904510252074,0.9659258262890683,-0.9749279121818236,-0.2225209339563146,1.9459101490553132
2015-08-08 02:00:00+00:00,714,25,6,6.0,6.5722825426940075,3.258096538021482,1.9459101490553132,0.49999999999999994,0.8660254037844387,-0.9749279121818236,-0.2225209339563146,1.9459101490553132
2015-08-08 03:00:00+00:00,741,18,2,2.0,6.60934924316738,2.9444389791664403,1.0986122886681098,0.7071067811865475,0.7071067811865476,-0.9749279121818236,-0.2225209339563146,1.0986122886681098
2015-08-08 04:00:00+00:00,824,11,4,4.0,6.715383386334681,2.4849066497880004,1.6094379124341003,0.8660254037844386,0.5000000000000001,-0.9749279121818236,-0.2225209339563146,1.6094379124341003
2015-08-08 05:00:00+00:00,662,31,2,2.0,6.4967749901858625,3.4657359027997265,1.0986122886681098,0.9659258262890683,0.25881904510252074,-0.9749279121818236,-0.2225209339563146,1.0986122886681098
2015-08-08 06:00:00+00:00,451,8,3,3.0,6.113682179832232,2.1972245773362196,1.3862943611198906,1.0,6.123233995736766e-17,-0.9749279121818236,-0.2225209339563146,1.3862943611198906
2015-08-08 07:00:00+00:00,251,5,1,1.0,5.529429087511423,1.791759469228055,0.6931471805599453,0.9659258262890683,-0.25881904510252063,-0.9749279121818236,-0.2225209339563146,0.6931471805599453
2015-08-08 08:00:00+00:00,129,2,0,0.0,4.867534450455582,1.0986122886681098,0.0,0.8660254037844387,-0.49999999999999983,-0.9749279121818236,-0.2225209339563146,0.0
2015-08-08 09:00:00+00:00,113,0,0,0.0,4.736198448394496,0.0,0.0,0.7071067811865476,-0.7071067811865475,-0.9749279121818236,-0.2225209339563146,0.0
2015-08-08 10:00:00+00:00,99,1,0,0.0,4.605170185988092,0.6931471805599453,0.0,0.49999999999999994,-0.8660254037844387,-0.9749279121818236,-0.2225209339563146,0.0
2015-08-08 11:00:00+00:00,111,0,0,0.0,4.718498871295094,0.0,0.0,0.258819045102521,-0.9659258262890682,-0.9749279121818236,-0.2225209339563146,0.0
2015-08-08 12:00:00+00:00,183,4,0,0.0,5.214935757608986,1.6094379124341003,0.0,1.2246467991473532e-16,-1.0,-0.9749279121818236,-0.2225209339563146,0.0
2015-08-08 13:00:00+00:00,283,4,1,1.0,5.648974238161206,1.6094379124341003,0.6931471805599453,-0.2588190451025208,-0.9659258262890683,-0.9749279121818236,-0.2225209339563146,0.6931471805599453
2015-08-08 14:00:00+00:00,379,10,0,0.0,5.940171252720432,2.3978952727983707,0.0,-0.4999999999999998,-0.8660254037844388,-0.9749279121818236,-0.2225209339563146,0.0
2015-08-08 15:00:00+00:00,496,11,4,4.0,6.208590026096629,2.4849066497880004,1.6094379124341003,-0.7071067811865471,-0.7071067811865479,-0.9749279121818236,-0.2225209339563146,1.6094379124341003
2015-08-08 16:00:00+00:00,622,19,4,4.0,6.434546518787453,2.995732273553991,1.6094379124341003,-0.8660254037844384,-0.5000000000000004,-0.9749279121818236,-0.2225209339563146,1.6094379124341003
2015-08-08 17:00:00+00:00,702,16,3,3.0,6.555356891810665,2.833213344056216,1.3862943611198906,-0.9659258262890683,-0.25881904510252063,-0.9749279121818236,-0.2225209339563146,1.3862943611198906
2015-08-08 18:00:00+00:00,717,23,2,2.0,6.576469569048224,3.1780538303479458,1.0986122886681098,-1.0,-1.8369701987210297e-16,-0.9749279121818236,-0.2225209339563146,1.0986122886681098
2015-08-08 19:00:00+00:00,719,27,4,4.0,6.579251212010101,3.332204510175204,1.6094379124341003,-0.9659258262890684,0.2588190451025203,-0.9749279121818236,-0.2225209339563146,1.6094379124341003
2015-08-08 20:00:00+00:00,766,32,18,18.0,6.642486801367256,3.4965075614664802,2.9444389791664403,-0.8660254037844386,0.5000000000000001,-0.9749279121818236,-0.2225209339563146,2.9444389791664403
2015-08-08 21:00:00+00:00,709,16,1,1.0,6.565264970035361,2.833213344056216,0.6931471805599453,-0.7071067811865477,0.7071067811865474,-0.9749279121818236,-0.2225209339563146,0.6931471805599453
2015-08-08 22:00:00+00:00,677,20,1,1.0,6.519147287940395,3.044522437723423,0.6931471805599453,-0.5000000000000004,0.8660254037844384,-0.9749279121818236,-0.2225209339563146,0.6931471805599453
2015-08-08 23:00:00+00:00,673,10,2,2.0,6.513230110912307,2.3978952727983707,1.0986122886681098,-0.25881904510252157,0.9659258262890681,-0.9749279121818236,-0.2225209339563146,1.0986122886681098
2015-08-09 00:00:00+00:00,645,18,3,3.0,6.470799503782602,2.9444389791664403,1.3862943611198906,0.0,1.0,-0.7818314824680299,0.6234898018587334,1.3862943611198906
2015-08-09 01:00:00+00:00,762,22,5,5.0,6.637258031284457,3.1354942159291497,1.791759469228055,0.25881904510252074,0.9659258262890683,-0.7818314824680299,0.6234898018587334,1.791759469228055
2015-08-09 02:00:00+00:00,662,12,2,2.0,6.4967749901858625,2.5649493574615367,1.0986122886681098,0.49999999999999994,0.8660254037844387,-0.7818314824680299,0.6234898018587334,1.0986122886681098
2015-08-09 03:00:00+00:00,808,20,6,6.0,6.695798917058491,3.044522437723423,1.9459101490553132,0.7071067811865475,0.7071067811865476,-0.7818314824680299,0.6234898018587334,1.9459101490553132
2015-08-09 04:00:00+00:00,687,27,3,3.0,6.5337888379333435,3.332204510175204,1.3862943611198906,0.8660254037844386,0.5000000000000001,-0.7818314824680299,0.6234898018587334,1.3862943611198906
2015-08-09 05:00:00+00:00,618,9,1,1.0,6.428105272684596,2.302585092994046,0.6931471805599453,0.9659258262890683,0.25881904510252074,-0.7818314824680299,0.6234898018587334,0.6931471805599453
2015-08-09 06:00:00+00:00,410,4,2,2.0,6.018593214496234,1.6094379124341003,1.0986122886681098,1.0,6.123233995736766e-17,-0.7818314824680299,0.6234898018587334,1.0986122886681098
2015-08-09 07:00:00+00:00,279,4,1,1.0,5.634789603169249,1.6094379124341003,0.6931471805599453,0.9659258262890683,-0.25881904510252063,-0.7818314824680299,0.6234898018587334,0.6931471805599453
2015-08-09 08:00:00+00:00,191,1,0,0.0,5.2574953720277815,0.6931471805599453,0.0,0.8660254037844387,-0.49999999999999983,-0.7818314824680299,0.6234898018587334,0.0
2015-08-09 09:00:00+00:00,118,3,0,0.0,4.77912349311153,1.3862943611198906,0.0,0.7071067811865476,-0.7071067811865475,-0.7818314824680299,0.6234898018587334,0.0
2015-08-09 10:00:00+00:00,191,3,0,0.0,5.2574953720277815,1.3862943611198906,0.0,0.49999999999999994,-0.8660254037844387,-0.7818314824680299,0.6234898018587334,0.0
2015-08-09 11:00:00+00:00,131,1,2,2.0,4.882801922586371,0.6931471805599453,1.0986122886681098,0.258819045102521,-0.9659258262890682,-0.7818314824680299,0.6234898018587334,1.0986122886681098
2015-08-09 12:00:00+00:00,152,4,0,0.0,5.030437921392435,1.6094379124341003,0.0,1.2246467991473532e-16,-1.0,-0.7818314824680299,0.6234898018587334,0.0
2015-08-09 13:00:00+00:00,283,7,0,0.0,5.648974238161206,2.0794415416798357,0.0,-0.2588190451025208,-0.9659258262890683,-0.7818314824680299,0.6234898018587334,0.0
2015-08-09 14:00:00+00:00,402,15,1,1.0,5.998936561946683,2.772588722239781,0.6931471805599453,-0.4999999999999998,-0.8660254037844388,-0.7818314824680299,0.6234898018587334,0.6931471805599453
2015-08-09 15:00:00+00:00,508,2,2,2.0,6.2324480165505225,1.0986122886681098,1.0986122886681098,-0.7071067811865471,-0.7071067811865479,-0.7818314824680299,0.6234898018587334,1.0986122886681098
2015-08-09 16:00:00+00:00,704,7,4,4.0,6.558197802812269,2.0794415416798357,1.6094379124341003,-0.8660254037844384,-0.5000000000000004,-0.7818314824680299,0.6234898018587334,1.6094379124341003
2015-08-09 17:00:00+00:00,713,17,3,3.0,6.570882962339584,2.8903717578961645,1.3862943611198906,-0.9659258262890683,-0.25881904510252063,-0.7818314824680299,0.6234898018587334,1.3862943611198906
2015-08-09 18:00:00+00:00,758,9,6,6.0,6.63200177739563,2.302585092994046,1.9459101490553132,-1.0,-1.8369701987210297e-16,-0.7818314824680299,0.6234898018587334,1.9459101490553132
2015-08-09 19:00:00+00:00,723,22,2,2.0,6.584791392385716,3.1354942159291497,1.0986122886681098,-0.9659258262890684,0.2588190451025203,-0.7818314824680299,0.6234898018587334,1.0986122886681098
2015-08-09 20:00:00+00:00,734,22,7,7.0,6.5998704992128365,3.1354942159291497,2.0794415416798357,-0.8660254037844386,0.5000000000000001,-0.7818314824680299,0.6234898018587334,2.0794415416798357
2015-08-09 21:00:00+00:00,762,23,1,1.0,6.637258031284457,3.1780538303479458,0.6931471805599453,-0.7071067811865477,0.7071067811865474,-0.7818314824680299,0.6234898018587334,0.6931471805599453
2015-08-09 22:00:00+00:00,761,20,2,2.0,6.635946555686647,3.044522437723423,1.0986122886681098,-0.5000000000000004,0.8660254037844384,-0.7818314824680299,0.6234898018587334,1.0986122886681098
2015-08-09 23:00:00+00:00,752,28,7,7.0,6.6240652277998935,3.367295829986474,2.0794415416798357,-0.25881904510252157,0.9659258262890681,-0.7818314824680299,0.6234898018587334,2.0794415416798357
2015-08-10 00:00:00+00:00,779,14,2,2.0,6.659293919683638,2.70805020110221,1.0986122886681098,0.0,1.0,0.0,1.0,1.0986122886681098
2015-08-10 01:00:00+00:00,735,18,4,4.0,6.601230118728877,2.9444389791664403,1.6094379124341003,0.25881904510252074,0.9659258262890683,0.0,1.0,1.6094379124341003
2015-08-10 02:00:00+00:00,880,17,5,5.0,6.78105762593618,2.8903717578961645,1.791759469228055,0.49999999999999994,0.8660254037844387,0.0,1.0,1.791759469228055
2015-08-10 03:00:00+00:00,892,40,3,3.0,6.794586580876499,3.713572066704308,1.3862943611198906,0.7071067811865475,0.7071067811865476,0.0,1.0,1.3862943611198906
2015-08-10 04:00:00+00:00,744,17,3,3.0,6.61338421837956,2.8903717578961645,1.3862943611198906,0.8660254037844386,0.5000000000000001,0.0,1.0,1.3862943611198906
2015-08-10 05:00:00+00:00,633,15,0,0.0,6.452048954437226,2.772588722239781,0.0,0.9659258262890683,0.25881904510252074,0.0,1.0,0.0
2015-08-10 06:00:00+00:00,408,13,0,0.0,6.013715156042802,2.6390573296152584,0.0,1.0,6.123233995736766e-17,0.0,1.0,0.0
2015-08-10 07:00:00+00:00,244,2,1,1.0,5.501258210544727,1.0986122886681098,0.6931471805599453,0.9659258262890683,-0.25881904510252063,0.0,1.0,0.6931471805599453
2015-08-10 08:00:00+00:00,150,6,0,0.0,5.017279836814924,1.9459101490553132,0.0,0.8660254037844387,-0.49999999999999983,0.0,1.0,0.0
2015-08-10 09:00:00+00:00,149,4,0,0.0,5.0106352940962555,1.6094379124341003,0.0,0.7071067811865476,-0.7071067811865475,0.0,1.0,0.0
2015-08-10 10:00:00+00:00,142,8,1,1.0,4.962844630259907,2.1972245773362196,0.6931471805599453,0.49999999999999994,-0.8660254037844387,0.0,1.0,0.6931471805599453
2015-08-10 11:00:00+00:00,109,3,0,0.0,4.700480365792417,1.3862943611198906,0.0,0.258819045102521,-0.9659258262890682,0.0,1.0,0.0
2015-08-10 12:00:00+00:00,181,3,0,0.0,5.204006687076795,1.3862943611198906,0.0,1.2246467991473532e-16,-1.0,0.0,1.0,0.0
2015-08-10 13:00:00+00:00,318,3,0,0.0,5.765191102784844,1.3862943611198906,0.0,-0.2588190451025208,-0.9659258262890683,0.0,1.0,0.0
2015-08-10 14:00:00+00:00,566,8,1,1.0,6.340359303727752,2.1972245773362196,0.6931471805599453,-0.4999999999999998,-0.8660254037844388,0.0,1.0,0.6931471805599453
2015-08-10 15:00:00+00:00,864,8,4,4.0,6.762729506931879,2.1972245773362196,1.6094379124341003,-0.7071067811865471,-0.7071067811865479,0.0,1.0,1.6094379124341003
2015-08-10 16:00:00+00:00,1061,25,9,9.0,6.967909201801884,3.258096538021482,2.302585092994046,-0.8660254037844384,-0.5000000000000004,0.0,1.0,2.302585092994046
2015-08-10 17:00:00+00:00,1248,42,2,2.0,7.130098510125578,3.7612001156935624,1.0986122886681098,-0.9659258262890683,-0.25881904510252063,0.0,1.0,1.0986122886681098
2015-08-10 18:00:00+00:00,1274,59,29,29.0,7.150701457592526,4.0943445622221,3.4011973816621555,-1.0,-1.8369701987210297e-16,0.0,1.0,3.4011973816621555
2015-08-10 19:00:00+00:00,1236,40,13,13.0,7.1204443723924875,3.713572066704308,2.6390573296152584,-0.9659258262890684,0.2588190451025203,0.0,1.0,2.6390573296152584
2015-08-10 20:00:00+00:00,1293,35,10,10.0,7.165493475060845,3.58351893845611,2.3978952727983707,-0.8660254037844386,0.5000000000000001,0.0,1.0,2.3978952727983707
2015-08-10 21:00:00+00:00,1356,40,15,15.0,7.213031659834869,3.713572066704308,2.772588722239781,-0.7071067811865477,0.7071067811865474,0.0,1.0,2.772588722239781
2015-08-10 22:00:00+00:00,1387,73,12,12.0,7.23561914106675,4.30406509320417,2.5649493574615367,-0.5000000000000004,0.8660254037844384,0.0,1.0,2.5649493574615367
2015-08-10 23:00:00+00:00,1121,26,15,15.0,7.022868086082641,3.295836866004329,2.772588722239781,-0.25881904510252157,0.9659258262890681,0.0,1.0,2.772588722239781
2015-08-11 00:00:00+00:00,855,20,6,6.0,6.752270376141742,3.044522437723423,1.9459101490553132,0.0,1.0,0.7818314824680298,0.6234898018587336,1.9459101490553132
2015-08-11 01:00:00+00:00,880,18,3,3.0,6.78105762593618,2.9444389791664403,1.3862943611198906,0.25881904510252074,0.9659258262890683,0.7818314824680298,0.6234898018587336,1.3862943611198906
2015-08-11 02:00:00+00:00,877,25,7,7.0,6.777646593635117,3.258096538021482,2.0794415416798357,0.49999999999999994,0.8660254037844387,0.7818314824680298,0.6234898018587336,2.0794415416798357
2015-08-11 03:00:00+00:00,876,29,2,2.0,6.776506992372183,3.4011973816621555,1.0986122886681098,0.7071067811865475,0.7071067811865476,0.7818314824680298,0.6234898018587336,1.0986122886681098
2015-08-11 04:00:00+00:00,798,14,5,5.0,6.683360945766275,2.70805020110221,1.791759469228055,0.8660254037844386,0.5000000000000001,0.7818314824680298,0.6234898018587336,1.791759469228055
2015-08-11 05:00:00+00:00,683,12,5,5.0,6.52795791762255,2.5649493574615367,1.791759469228055,0.9659258262890683,0.25881904510252074,0.7818314824680298,0.6234898018587336,1.791759469228055
2015-08-11 06:00:00+00:00,526,15,1,1.0,6.267200548541362,2.772588722239781,0.6931471805599453,1.0,6.123233995736766e-17,0.7818314824680298,0.6234898018587336,0.6931471805599453
2015-08-11 07:00:00+00:00,272,7,3,3.0,5.60947179518496,2.0794415416798357,1.3862943611198906,0.9659258262890683,-0.25881904510252063,0.7818314824680298,0.6234898018587336,1.3862943611198906
2015-08-11 08:00:00+00:00,171,2,1,1.0,5.147494476813453,1.0986122886681098,0.6931471805599453,0.8660254037844387,-0.49999999999999983,0.7818314824680298,0.6234898018587336,0.6931471805599453
2015-08-11 09:00:00+00:00,115,3,0,0.0,4.7535901911063645,1.3862943611198906,0.0,0.7071067811865476,-0.7071067811865475,0.7818314824680298,0.6234898018587336,0.0
2015-08-11 10:00:00+00:00,92,0,0,0.0,4.532599493153256,0.0,0.0,0.49999999999999994,-0.8660254037844387,0.7818314824680298,0.6234898018587336,0.0
2015-08-11 11:00:00+00:00,181,2,0,0.0,5.204006687076795,1.0986122886681098,0.0,0.258819045102521,-0.9659258262890682,0.7818314824680298,0.6234898018587336,0.0
2015-08-11 12:00:00+00:00,203,1,0,0.0,5.318119993844216,0.6931471805599453,0.0,1.2246467991473532e-16,-1.0,0.7818314824680298,0.6234898018587336,0.0
2015-08-11 13:00:00+00:00,413,13,4,4.0,6.025865973825314,2.6390573296152584,1.6094379124341003,-0.2588190451025208,-0.9659258262890683,0.7818314824680298,0.6234898018587336,1.6094379124341003
2015-08-11 14:00:00+00:00,694,13,6,6.0,6.543911845564792,2.6390573296152584,1.9459101490553132,-0.4999999999999998,-0.8660254037844388,0.7818314824680298,0.6234898018587336,1.9459101490553132
2015-08-11 15:00:00+00:00,928,20,10,10.0,6.834108738813838,3.044522437723423,2.3978952727983707,-0.7071067811865471,-0.7071067811865479,0.7818314824680298,0.6234898018587336,2.3978952727983707
2015-08-11 16:00:00+00:00,1103,31,13,13.0,7.00669522683704,3.4657359027997265,2.6390573296152584,-0.8660254037844384,-0.5000000000000004,0.7818314824680298,0.6234898018587336,2.6390573296152584
2015-08-11 17:00:00+00:00,994,22,13,13.0,6.902742737158593,3.1354942159291497,2.6390573296152584,-0.9659258262890683,-0.25881904510252063,0.7818314824680298,0.6234898018587336,2.6390573296152584
2015-08-11 18:00:00+00:00,1144,17,11,11.0,7.0431599159883405,2.8903717578961645,2.4849066497880004,-1.0,-1.8369701987210297e-16,0.7818314824680298,0.6234898018587336,2.4849066497880004
2015-08-11 19:00:00+00:00,1119,20,6,6.0,7.02108396428914,3.044522437723423,1.9459101490553132,-0.9659258262890684,0.2588190451025203,0.7818314824680298,0.6234898018587336,1.9459101490553132
2015-08-11 20:00:00+00:00,1247,21,6,6.0,7.129297548929373,3.091042453358316,1.9459101490553132,-0.8660254037844386,0.5000000000000001,0.7818314824680298,0.6234898018587336,1.9459101490553132
2015-08-11 21:00:00+00:00,1189,26,8,8.0,7.081708586105575,3.295836866004329,2.1972245773362196,-0.7071067811865477,0.7071067811865474,0.7818314824680298,0.6234898018587336,2.1972245773362196
2015-08-11 22:00:00+00:00,1137,35,12,12.0,7.037027614686276,3.58351893845611,2.5649493574615367,-0.5000000000000004,0.8660254037844384,0.7818314824680298,0.6234898018587336,2.5649493574615367
2015-08-11 23:00:00+00:00,1192,16,7,7.0,7.084226422097916,2.833213344056216,2.0794415416798357,-0.25881904510252157,0.9659258262890681,0.7818314824680298,0.6234898018587336,2.0794415416798357
2015-08-12 00:00:00+00:00,876,21,3,3.0,6.776506992372183,3.091042453358316,1.3862943611198906,0.0,1.0,0.9749279121818236,-0.22252093395631434,1.3862943611198906
2015-08-12 01:00:00+00:00,873,23,4,4.0,6.773080375655535,3.1780538303479458,1.6094379124341003,0.25881904510252074,0.9659258262890683,0.9749279121818236,-0.22252093395631434,1.6094379124341003
2015-08-12 02:00:00+00:00,881,27,7,7.0,6.782192056006791,3.332204510175204,2.0794415416798357,0.49999999999999994,0.8660254037844387,0.9749279121818236,-0.22252093395631434,2.0794415416798357
2015-08-12 03:00:00+00:00,888,17,1,1.0,6.790097235513905,2.8903717578961645,0.6931471805599453,0.7071067811865475,0.7071067811865476,0.9749279121818236,-0.22252093395631434,0.6931471805599453
2015-08-12 04:00:00+00:00,897,17,4,4.0,6.8001700683022,2.8903717578961645,1.6094379124341003,0.8660254037844386,0.5000000000000001,0.9749279121818236,-0.22252093395631434,1.6094379124341003
2015-08-12 05:00:00+00:00,710,7,3,3.0,6.566672429803241,2.0794415416798357,1.3862943611198906,0.9659258262890683,0.25881904510252074,0.9749279121818236,-0.22252093395631434,1.3862943611198906
2015-08-12 06:00:00+00:00,445,19,1,1.0,6.100318952020064,2.995732273553991,0.6931471805599453,1.0,6.123233995736766e-17,0.9749279121818236,-0.22252093395631434,0.6931471805599453
2015-08-12 07:00:00+00:00,300,5,1,1.0,5.707110264748875,1.791759469228055,0.6931471805599453,0.9659258262890683,-0.25881904510252063,0.9749279121818236,-0.22252093395631434,0.6931471805599453
2015-08-12 08:00:00+00:00,236,1,0,0.0,5.4680601411351315,0.6931471805599453,0.0,0.8660254037844387,-0.49999999999999983,0.9749279121818236,-0.22252093395631434,0.0
2015-08-12 09:00:00+00:00,176,1,0,0.0,5.176149732573829,0.6931471805599453,0.0,0.7071067811865476,-0.7071067811865475,0.9749279121818236,-0.22252093395631434,0.0
2015-08-12 10:00:00+00:00,239,3,0,0.0,5.480638923341991,1.3862943611198906,0.0,0.49999999999999994,-0.8660254037844387,0.9749279121818236,-0.22252093395631434,0.0
2015-08-12 11:00:00+00:00,224,3,0,0.0,5.41610040220442,1.3862943611198906,0.0,0.258819045102521,-0.9659258262890682,0.9749279121818236,-0.22252093395631434,0.0
2015-08-12 12:00:00+00:00,290,5,2,2.0,5.673323267171493,1.791759469228055,1.0986122886681098,1.2246467991473532e-16,-1.0,0.9749279121818236,-0.22252093395631434,1.0986122886681098
2015-08-12 13:00:00+00:00,509,9,2,2.0,6.234410725718371,2.302585092994046,1.0986122886681098,-0.2588190451025208,-0.9659258262890683,0.9749279121818236,-0.22252093395631434,1.0986122886681098
2015-08-12 14:00:00+00:00,662,19,9,9.0,6.4967749901858625,2.995732273553991,2.302585092994046,-0.4999999999999998,-0.8660254037844388,0.9749279121818236,-0.22252093395631434,2.302585092994046
2015-08-12 15:00:00+00:00,978,29,10,10.0,6.88653164253051,3.4011973816621555,2.3978952727983707,-0.7071067811865471,-0.7071067811865479,0.9749279121818236,-0.22252093395631434,2.3978952727983707
2015-08-12 16:00:00+00:00,1161,46,11,11.0,7.057897937411856,3.8501476017100584,2.4849066497880004,-0.8660254037844384,-0.5000000000000004,0.9749279121818236,-0.22252093395631434,2.4849066497880004
2015-08-12 17:00:00+00:00,1257,50,33,33.0,7.1372784372603855,3.9318256327243257,3.5263605246161616,-0.9659258262890683,-0.25881904510252063,0.9749279121818236,-0.22252093395631434,3.5263605246161616
2015-08-12 18:00:00+00:00,1326,38,8,8.0,7.190676034332207,3.6635616461296463,2.1972245773362196,-1.0,-1.8369701987210297e-16,0.9749279121818236,-0.22252093395631434,2.1972245773362196
2015-08-12 19:00:00+00:00,1286,39,14,14.0,7.160069207596127,3.6888794541139363,2.70805020110221,-0.9659258262890684,0.2588190451025203,0.9749279121818236,-0.22252093395631434,2.70805020110221
2015-08-12 20:00:00+00:00,1158,40,10,10.0,7.055312843339752,3.713572066704308,2.3978952727983707,-0.8660254037844386,0.5000000000000001,0.9749279121818236,-0.22252093395631434,2.3978952727983707
2015-08-12 21:00:00+00:00,1372,51,23,23.0,7.224753405767971,3.9512437185814275,3.1780538303479458,-0.7071067811865477,0.7071067811865474,0.9749279121818236,-0.22252093395631434,3.1780538303479458
2015-08-12 22:00:00+00:00,1480,53,30,30.0,7.300472814267799,3.9889840465642745,3.4339872044851463,-0.5000000000000004,0.8660254037844384,0.9749279121818236,-0.22252093395631434,3.4339872044851463
2015-08-12 23:00:00+00:00,1107,33,19,19.0,7.010311867307229,3.5263605246161616,2.995732273553991,-0.25881904510252157,0.9659258262890681,0.9749279121818236,-0.22252093395631434,2.995732273553991
2015-08-13 00:00:00+00:00,938,27,8,8.0,6.844815479208263,3.332204510175204,2.1972245773362196,0.0,1.0,0.43388373911755823,-0.900968867902419,2.1972245773362196
2015-08-13 01:00:00+00:00,898,17,3,3.0,6.80128303447162,2.8903717578961645,1.3862943611198906,0.25881904510252074,0.9659258262890683,0.43388373911755823,-0.900968867902419,1.3862943611198906
2015-08-13 02:00:00+00:00,940,31,8,8.0,6.846943139585379,3.4657359027997265,2.1972245773362196,0.49999999999999994,0.8660254037844387,0.43388373911755823,-0.900968867902419,2.1972245773362196
2015-08-13 03:00:00+00:00,975,25,3,3.0,6.883462586413092,3.258096538021482,1.3862943611198906,0.7071067811865475,0.7071067811865476,0.43388373911755823,-0.900968867902419,1.3862943611198906
2015-08-13 04:00:00+00:00,959,14,1,1.0,6.866933284461882,2.70805020110221,0.6931471805599453,0.8660254037844386,0.5000000000000001,0.43388373911755823,-0.900968867902419,0.6931471805599453
2015-08-13 05:00:00+00:00,840,24,12,12.0,6.734591659972948,3.2188758248682006,2.5649493574615367,0.9659258262890683,0.25881904510252074,0.43388373911755823,-0.900968867902419,2.5649493574615367
2015-08-13 06:00:00+00:00,459,30,1,1.0,6.131226489483141,3.4339872044851463,0.6931471805599453,1.0,6.123233995736766e-17,0.43388373911755823,-0.900968867902419,0.6931471805599453
2015-08-13 07:00:00+00:00,344,6,5,5.0,5.84354441703136,1.9459101490553132,1.791759469228055,0.9659258262890683,-0.25881904510252063,0.43388373911755823,-0.900968867902419,1.791759469228055
2015-08-13 08:00:00+00:00,197,21,0,0.0,5.288267030694535,3.091042453358316,0.0,0.8660254037844387,-0.49999999999999983,0.43388373911755823,-0.900968867902419,0.0
2015-08-13 09:00:00+00:00,152,1,1,1.0,5.030437921392435,0.6931471805599453,0.6931471805599453,0.7071067811865476,-0.7071067811865475,0.43388373911755823,-0.900968867902419,0.6931471805599453
2015-08-13 10:00:00+00:00,123,1,0,0.0,4.820281565605037,0.6931471805599453,0.0,0.49999999999999994,-0.8660254037844387,0.43388373911755823,-0.900968867902419,0.0
2015-08-13 11:00:00+00:00,218,2,0,0.0,5.389071729816501,1.0986122886681098,0.0,0.258819045102521,-0.9659258262890682,0.43388373911755823,-0.900968867902419,0.0
2015-08-13 12:00:00+00:00,260,5,0,0.0,5.564520407322694,1.791759469228055,0.0,1.2246467991473532e-16,-1.0,0.43388373911755823,-0.900968867902419,0.0
2015-08-13 13:00:00+00:00,418,5,1,1.0,6.037870919922137,1.791759469228055,0.6931471805599453,-0.2588190451025208,-0.9659258262890683,0.43388373911755823,-0.900968867902419,0.6931471805599453
2015-08-13 14:00:00+00:00,615,10,1,1.0,6.423246963533519,2.3978952727983707,0.6931471805599453,-0.4999999999999998,-0.8660254037844388,0.43388373911755823,-0.900968867902419,0.6931471805599453
2015-08-13 15:00:00+00:00,860,17,10,10.0,6.7580945044277305,2.8903717578961645,2.3978952727983707,-0.7071067811865471,-0.7071067811865479,0.43388373911755823,-0.900968867902419,2.3978952727983707
2015-08-13 16:00:00+00:00,1134,39,15,15.0,7.034387929915503,3.6888794541139363,2.772588722239781,-0.8660254037844384,-0.5000000000000004,0.43388373911755823,-0.900968867902419,2.772588722239781
2015-08-13 17:00:00+00:00,1203,39,21,21.0,7.093404625868766,3.6888794541139363,3.091042453358316,-0.9659258262890683,-0.25881904510252063,0.43388373911755823,-0.900968867902419,3.091042453358316
2015-08-13 18:00:00+00:00,1093,37,10,10.0,6.9975959829819265,3.6375861597263857,2.3978952727983707,-1.0,-1.8369701987210297e-16,0.43388373911755823,-0.900968867902419,2.3978952727983707
2015-08-13 19:00:00+00:00,1249,30,28,28.0,7.1308988302963465,3.4339872044851463,3.367295829986474,-0.9659258262890684,0.2588190451025203,0.43388373911755823,-0.900968867902419,3.367295829986474
2015-08-13 20:00:00+00:00,1166,33,19,19.0,7.062191632286556,3.5263605246161616,2.995732273553991,-0.8660254037844386,0.5000000000000001,0.43388373911755823,-0.900968867902419,2.995732273553991
2015-08-13 21:00:00+00:00,1271,18,8,8.0,7.148345743900068,2.9444389791664403,2.1972245773362196,-0.7071067811865477,0.7071067811865474,0.43388373911755823,-0.900968867902419,2.1972245773362196
2015-08-13 22:00:00+00:00,1132,30,15,15.0,7.0326242610280065,3.4339872044851463,2.772588722239781,-0.5000000000000004,0.8660254037844384,0.43388373911755823,-0.900968867902419,2.772588722239781
2015-08-13 23:00:00+00:00,1020,49,7,7.0,6.928537818164665,3.912023005428146,2.0794415416798357,-0.25881904510252157,0.9659258262890681,0.43388373911755823,-0.900968867902419,2.0794415416798357
2015-08-14 00:00:00+00:00,863,30,5,5.0,6.761572768804055,3.4339872044851463,1.791759469228055,0.0,1.0,-0.433883739117558,-0.9009688679024191,1.791759469228055
2015-08-14 01:00:00+00:00,743,24,2,2.0,6.612041034833092,3.2188758248682006,1.0986122886681098,0.25881904510252074,0.9659258262890683,-0.433883739117558,-0.9009688679024191,1.0986122886681098
2015-08-14 02:00:00+00:00,791,33,11,11.0,6.674561391814426,3.5263605246161616,2.4849066497880004,0.49999999999999994,0.8660254037844387,-0.433883739117558,-0.9009688679024191,2.4849066497880004
2015-08-14 03:00:00+00:00,894,21,5,5.0,6.796823718274855,3.091042453358316,1.791759469228055,0.7071067811865475,0.7071067811865476,-0.433883739117558,-0.9009688679024191,1.791759469228055
2015-08-14 04:00:00+00:00,865,30,4,4.0,6.763884908562435,3.4339872044851463,1.6094379124341003,0.8660254037844386,0.5000000000000001,-0.433883739117558,-0.9009688679024191,1.6094379124341003
2015-08-14 05:00:00+00:00,627,12,4,4.0,6.4425401664681985,2.5649493574615367,1.6094379124341003,0.9659258262890683,0.25881904510252074,-0.433883739117558,-0.9009688679024191,1.6094379124341003
2015-08-14 06:00:00+00:00,385,3,3,3.0,5.955837369464831,1.3862943611198906,1.3862943611198906,1.0,6.123233995736766e-17,-0.433883739117558,-0.9009688679024191,1.3862943611198906
2015-08-14 07:00:00+00:00,276,5,1,1.0,5.6240175061873385,1.791759469228055,0.6931471805599453,0.9659258262890683,-0.25881904510252063,-0.433883739117558,-0.9009688679024191,0.6931471805599453
2015-08-14 08:00:00+00:00,124,2,1,1.0,4.8283137373023015,1.0986122886681098,0.6931471805599453,0.8660254037844387,-0.49999999999999983,-0.433883739117558,-0.9009688679024191,0.6931471805599453
2015-08-14 09:00:00+00:00,130,2,0,0.0,4.875197323201151,1.0986122886681098,0.0,0.7071067811865476,-0.7071067811865475,-0.433883739117558,-0.9009688679024191,0.0
2015-08-14 10:00:00+00:00,69,0,0,0.0,4.248495242049359,0.0,0.0,0.49999999999999994,-0.8660254037844387,-0.433883739117558,-0.9009688679024191,0.0
2015-08-14 11:00:00+00:00,114,0,0,0.0,4.74493212836325,0.0,0.0,0.258819045102521,-0.9659258262890682,-0.433883739117558,-0.9009688679024191,0.0
2015-08-14 12:00:00+00:00,210,5,1,1.0,5.351858133476067,1.791759469228055,0.6931471805599453,1.2246467991473532e-16,-1.0,-0.433883739117558,-0.9009688679024191,0.6931471805599453
2015-08-14 13:00:00+00:00,303,13,2,2.0,5.717027701406222,2.6390573296152584,1.0986122886681098,-0.2588190451025208,-0.9659258262890683,-0.433883739117558,-0.9009688679024191,1.0986122886681098
2015-08-14 14:00:00+00:00,541,6,2,2.0,6.295266001439646,1.9459101490553132,1.0986122886681098,-0.4999999999999998,-0.8660254037844388,-0.433883739117558,-0.9009688679024191,1.0986122886681098
2015-08-14 15:00:00+00:00,890,15,6,6.0,6.792344427470809,2.772588722239781,1.9459101490553132,-0.7071067811865471,-0.7071067811865479,-0.433883739117558,-0.9009688679024191,1.9459101490553132
2015-08-14 16:00:00+00:00,998,24,13,13.0,6.906754778648554,3.2188758248682006,2.6390573296152584,-0.8660254037844384,-0.5000000000000004,-0.433883739117558,-0.9009688679024191,2.6390573296152584
2015-08-14 17:00:00+00:00,1185,28,8,8.0,7.078341579557671,3.367295829986474,2.1972245773362196,-0.9659258262890683,-0.25881904510252063,-0.433883739117558,-0.9009688679024191,2.1972245773362196
2015-08-14 18:00:00+00:00,1047,26,11,11.0,6.954638864880987,3.295836866004329,2.4849066497880004,-1.0,-1.8369701987210297e-16,-0.433883739117558,-0.9009688679024191,2.4849066497880004
2015-08-14 19:00:00+00:00,1105,23,5,5.0,7.00850518208228,3.1780538303479458,1.791759469228055,-0.9659258262890684,0.2588190451025203,-0.433883739117558,-0.9009688679024191,1.791759469228055
2015-08-14 20:00:00+00:00,1203,37,7,7.0,7.093404625868766,3.6375861597263857,2.0794415416798357,-0.8660254037844386,0.5000000000000001,-0.433883739117558,-0.9009688679024191,2.0794415416798357
2015-08-14 21:00:00+00:00,1231,40,6,6.0,7.116394144093465,3.713572066704308,1.9459101490553132,-0.7071067811865477,0.7071067811865474,-0.433883739117558,-0.9009688679024191,1.9459101490553132
2015-08-14 22:00:00+00:00,1009,26,8,8.0,6.917705609835305,3.295836866004329,2.1972245773362196,-0.5000000000000004,0.8660254037844384,-0.433883739117558,-0.9009688679024191,2.1972245773362196
2015-08-14 23:00:00+00:00,839,12,7,7.0,6.733401891837359,2.5649493574615367,2.0794415416798357,-0.25881904510252157,0.9659258262890681,-0.433883739117558,-0.9009688679024191,2.0794415416798357
2015-08-15 00:00:00+00:00,836,26,3,3.0,6.729824070489475,3.295836866004329,1.3862943611198906,0.0,1.0,-0.9749279121818236,-0.2225209339563146,1.3862943611198906
2015-08-15 01:00:00+00:00,754,22,5,5.0,6.626717749249025,3.1354942159291497,1.791759469228055,0.25881904510252074,0.9659258262890683,-0.9749279121818236,-0.2225209339563146,1.791759469228055
2015-08-15 02:00:00+00:00,820,29,5,5.0,6.710523109452428,3.4011973816621555,1.791759469228055,0.49999999999999994,0.8660254037844387,-0.9749279121818236,-0.2225209339563146,1.791759469228055
2015-08-15 03:00:00+00:00,752,18,7,7.0,6.6240652277998935,2.9444389791664403,2.0794415416798357,0.7071067811865475,0.7071067811865476,-0.9749279121818236,-0.2225209339563146,2.0794415416798357
2015-08-15 04:00:00+00:00,714,9,5,5.0,6.5722825426940075,2.302585092994046,1.791759469228055,0.8660254037844386,0.5000000000000001,-0.9749279121818236,-0.2225209339563146,1.791759469228055
2015-08-15 05:00:00+00:00,628,5,0,0.0,6.444131256700441,1.791759469228055,0.0,0.9659258262890683,0.25881904510252074,-0.9749279121818236,-0.2225209339563146,0.0
2015-08-15 06:00:00+00:00,448,26,1,1.0,6.1070228877422545,3.295836866004329,0.6931471805599453,1.0,6.123233995736766e-17,-0.9749279121818236,-0.2225209339563146,0.6931471805599453
2015-08-15 07:00:00+00:00,244,7,3,3.0,5.501258210544727,2.0794415416798357,1.3862943611198906,0.9659258262890683,-0.25881904510252063,-0.9749279121818236,-0.2225209339563146,1.3862943611198906
2015-08-15 08:00:00+00:00,126,2,1,1.0,4.844187086458591,1.0986122886681098,0.6931471805599453,0.8660254037844387,-0.49999999999999983,-0.9749279121818236,-0.2225209339563146,0.6931471805599453
2015-08-15 09:00:00+00:00,96,0,0,0.0,4.574710978503383,0.0,0.0,0.7071067811865476,-0.7071067811865475,-0.9749279121818236,-0.2225209339563146,0.0
2015-08-15 10:00:00+00:00,94,0,0,0.0,4.553876891600541,0.0,0.0,0.49999999999999994,-0.8660254037844387,-0.9749279121818236,-0.2225209339563146,0.0
2015-08-15 11:00:00+00:00,131,2,1,1.0,4.882801922586371,1.0986122886681098,0.6931471805599453,0.258819045102521,-0.9659258262890682,-0.9749279121818236,-0.2225209339563146,0.6931471805599453
2015-08-15 12:00:00+00:00,131,1,0,0.0,4.882801922586371,0.6931471805599453,0.0,1.2246467991473532e-16,-1.0,-0.9749279121818236,-0.2225209339563146,0.0
2015-08-15 13:00:00+00:00,238,6,3,3.0,5.476463551931511,1.9459101490553132,1.3862943611198906,-0.2588190451025208,-0.9659258262890683,-0.9749279121818236,-0.2225209339563146,1.3862943611198906
2015-08-15 14:00:00+00:00,349,12,3,3.0,5.857933154483459,2.5649493574615367,1.3862943611198906,-0.4999999999999998,-0.8660254037844388,-0.9749279121818236,-0.2225209339563146,1.3862943611198906
2015-08-15 15:00:00+00:00,622,9,1,1.0,6.434546518787453,2.302585092994046,0.6931471805599453,-0.7071067811865471,-0.7071067811865479,-0.9749279121818236,-0.2225209339563146,0.6931471805599453
2015-08-15 16:00:00+00:00,692,21,7,7.0,6.541029999189903,3.091042453358316,2.0794415416798357,-0.8660254037844384,-0.5000000000000004,-0.9749279121818236,-0.2225209339563146,2.0794415416798357
2015-08-15 17:00:00+00:00,766,15,4,4.0,6.642486801367256,2.772588722239781,1.6094379124341003,-0.9659258262890683,-0.25881904510252063,-0.9749279121818236,-0.2225209339563146,1.6094379124341003
2015-08-15 18:00:00+00:00,786,25,13,13.0,6.668228248417403,3.258096538021482,2.6390573296152584,-1.0,-1.8369701987210297e-16,-0.9749279121818236,-0.2225209339563146,2.6390573296152584
2015-08-15 19:00:00+00:00,721,16,7,7.0,6.582025138892826,2.833213344056216,2.0794415416798357,-0.9659258262890684,0.2588190451025203,-0.9749279121818236,-0.2225209339563146,2.0794415416798357
2015-08-15 20:00:00+00:00,743,32,5,5.0,6.612041034833092,3.4965075614664802,1.791759469228055,-0.8660254037844386,0.5000000000000001,-0.9749279121818236,-0.2225209339563146,1.791759469228055
2015-08-15 21:00:00+00:00,847,25,5,5.0,6.742880635791903,3.258096538021482,1.791759469228055,-0.7071067811865477,0.7071067811865474,-0.9749279121818236,-0.2225209339563146,1.791759469228055
2015-08-15 22:00:00+00:00,712,16,7,7.0,6.569481420414296,2.833213344056216,2.0794415416798357,-0.5000000000000004,0.8660254037844384,-0.9749279121818236,-0.2225209339563146,2.0794415416798357
2015-08-15 23:00:00+00:00,737,17,6,6.0,6.6039438246004725,2.8903717578961645,1.9459101490553132,-0.25881904510252157,0.9659258262890681,-0.9749279121818236,-0.2225209339563146,1.9459101490553132
2015-08-16 00:00:00+00:00,645,14,4,4.0,6.470799503782602,2.70805020110221,1.6094379124341003,0.0,1.0,-0.7818314824680299,0.6234898018587334,1.6094379124341003
2015-08-16 01:00:00+00:00,717,16,5,5.0,6.576469569048224,2.833213344056216,1.791759469228055,0.25881904510252074,0.9659258262890683,-0.7818314824680299,0.6234898018587334,1.791759469228055
2015-08-16 02:00:00+00:00,667,9,2,2.0,6.504288173536645,2.302585092994046,1.0986122886681098,0.49999999999999994,0.8660254037844387,-0.7818314824680299,0.6234898018587334,1.0986122886681098
2015-08-16 03:00:00+00:00,793,24,1,1.0,6.677083461247136,3.2188758248682006,0.6931471805599453,0.7071067811865475,0.7071067811865476,-0.7818314824680299,0.6234898018587334,0.6931471805599453
2015-08-16 04:00:00+00:00,752,20,7,7.0,6.6240652277998935,3.044522437723423,2.0794415416798357,0.8660254037844386,0.5000000000000001,-0.7818314824680299,0.6234898018587334,2.0794415416798357
2015-08-16 05:00:00+00:00,646,21,3,3.0,6.472346294500901,3.091042453358316,1.3862943611198906,0.9659258262890683,0.25881904510252074,-0.7818314824680299,0.6234898018587334,1.3862943611198906
2015-08-16 06:00:00+00:00,426,4,0,0.0,6.056784013228625,1.6094379124341003,0.0,1.0,6.123233995736766e-17,-0.7818314824680299,0.6234898018587334,0.0
2015-08-16 07:00:00+00:00,242,7,1,1.0,5.493061443340548,2.0794415416798357,0.6931471805599453,0.9659258262890683,-0.25881904510252063,-0.7818314824680299,0.6234898018587334,0.6931471805599453
2015-08-16 08:00:00+00:00,151,8,0,0.0,5.0238805208462765,2.1972245773362196,0.0,0.8660254037844387,-0.49999999999999983,-0.7818314824680299,0.6234898018587334,0.0
2015-08-16 09:00:00+00:00,108,6,2,2.0,4.6913478822291435,1.9459101490553132,1.0986122886681098,0.7071067811865476,-0.7071067811865475,-0.7818314824680299,0.6234898018587334,1.0986122886681098
2015-08-16 10:00:00+00:00,93,1,0,0.0,4.543294782270004,0.6931471805599453,0.0,0.49999999999999994,-0.8660254037844387,-0.7818314824680299,0.6234898018587334,0.0
2015-08-16 11:00:00+00:00,105,6,0,0.0,4.663439094112067,1.9459101490553132,0.0,0.258819045102521,-0.9659258262890682,-0.7818314824680299,0.6234898018587334,0.0
2015-08-16 12:00:00+00:00,189,2,0,0.0,5.247024072160486,1.0986122886681098,0.0,1.2246467991473532e-16,-1.0,-0.7818314824680299,0.6234898018587334,0.0
2015-08-16 13:00:00+00:00,315,13,3,3.0,5.755742213586912,2.6390573296152584,1.3862943611198906,-0.2588190451025208,-0.9659258262890683,-0.7818314824680299,0.6234898018587334,1.3862943611198906
2015-08-16 14:00:00+00:00,425,15,4,4.0,6.054439346269371,2.772588722239781,1.6094379124341003,-0.4999999999999998,-0.8660254037844388,-0.7818314824680299,0.6234898018587334,1.6094379124341003
2015-08-16 15:00:00+00:00,629,16,5,5.0,6.4457198193855785,2.833213344056216,1.791759469228055,-0.7071067811865471,-0.7071067811865479,-0.7818314824680299,0.6234898018587334,1.791759469228055
2015-08-16 16:00:00+00:00,811,19,8,8.0,6.699500340161678,2.995732273553991,2.1972245773362196,-0.8660254037844384,-0.5000000000000004,-0.7818314824680299,0.6234898018587334,2.1972245773362196
2015-08-16 17:00:00+00:00,815,12,2,2.0,6.704414354964107,2.5649493574615367,1.0986122886681098,-0.9659258262890683,-0.25881904510252063,-0.7818314824680299,0.6234898018587334,1.0986122886681098
2015-08-16 18:00:00+00:00,980,37,7,7.0,6.8885724595653635,3.6375861597263857,2.0794415416798357,-1.0,-1.8369701987210297e-16,-0.7818314824680299,0.6234898018587334,2.0794415416798357
2015-08-16 19:00:00+00:00,794,36,7,7.0,6.678342114654332,3.6109179126442243,2.0794415416798357,-0.9659258262890684,0.2588190451025203,-0.7818314824680299,0.6234898018587334,2.0794415416798357
2015-08-16 20:00:00+00:00,898,23,5,5.0,6.80128303447162,3.1780538303479458,1.791759469228055,-0.8660254037844386,0.5000000000000001,-0.7818314824680299,0.6234898018587334,1.791759469228055
2015-08-16 21:00:00+00:00,885,13,3,3.0,6.786716950605081,2.6390573296152584,1.3862943611198906,-0.7071067811865477,0.7071067811865474,-0.7818314824680299,0.6234898018587334,1.3862943611198906
2015-08-16 22:00:00+00:00,925,20,4,4.0,6.8308742346461795,3.044522437723423,1.6094379124341003,-0.5000000000000004,0.8660254037844384,-0.7818314824680299,0.6234898018587334,1.6094379124341003
2015-08-16 23:00:00+00:00,1022,34,5,5.0,6.930494765951626,3.5553480614894135,1.791759469228055,-0.25881904510252157,0.9659258262890681,-0.7818314824680299,0.6234898018587334,1.791759469228055
2015-08-17 00:00:00+00:00,929,24,8,8.0,6.835184586147301,3.2188758248682006,2.1972245773362196,0.0,1.0,0.0,1.0,2.1972245773362196
2015-08-17 01:00:00+00:00,989,43,17,17.0,6.897704943128636,3.784189633918261,2.8903717578961645,0.25881904510252074,0.9659258262890683,0.0,1.0,2.8903717578961645
2015-08-17 02:00:00+00:00,1010,29,11,11.0,6.918695219020472,3.4011973816621555,2.4849066497880004,0.49999999999999994,0.8660254037844387,0.0,1.0,2.4849066497880004
2015-08-17 03:00:00+00:00,1085,28,4,4.0,6.990256500493881,3.367295829986474,1.6094379124341003,0.7071067811865475,0.7071067811865476,0.0,1.0,1.6094379124341003
2015-08-17 04:00:00+00:00,1009,25,4,4.0,6.917705609835305,3.258096538021482,1.6094379124341003,0.8660254037844386,0.5000000000000001,0.0,1.0,1.6094379124341003
2015-08-17 05:00:00+00:00,716,11,3,3.0,6.57507584059962,2.4849066497880004,1.3862943611198906,0.9659258262890683,0.25881904510252074,0.0,1.0,1.3862943611198906
2015-08-17 06:00:00+00:00,541,26,3,3.0,6.295266001439646,3.295836866004329,1.3862943611198906,1.0,6.123233995736766e-17,0.0,1.0,1.3862943611198906
2015-08-17 07:00:00+00:00,305,10,3,3.0,5.723585101952381,2.3978952727983707,1.3862943611198906,0.9659258262890683,-0.25881904510252063,0.0,1.0,1.3862943611198906
2015-08-17 08:00:00+00:00,128,3,0,0.0,4.859812404361672,1.3862943611198906,0.0,0.8660254037844387,-0.49999999999999983,0.0,1.0,0.0
2015-08-17 09:00:00+00:00,69,2,0,0.0,4.248495242049359,1.0986122886681098,0.0,0.7071067811865476,-0.7071067811865475,0.0,1.0,0.0
2015-08-17 10:00:00+00:00,82,4,1,1.0,4.418840607796598,1.6094379124341003,0.6931471805599453,0.49999999999999994,-0.8660254037844387,0.0,1.0,0.6931471805599453
2015-08-17 11:00:00+00:00,129,0,0,0.0,4.867534450455582,0.0,0.0,0.258819045102521,-0.9659258262890682,0.0,1.0,0.0
2015-08-17 12:00:00+00:00,188,3,0,0.0,5.241747015059643,1.3862943611198906,0.0,1.2246467991473532e-16,-1.0,0.0,1.0,0.0
2015-08-17 13:00:00+00:00,333,7,1,1.0,5.811140992976701,2.0794415416798357,0.6931471805599453,-0.2588190451025208,-0.9659258262890683,0.0,1.0,0.6931471805599453
2015-08-17 14:00:00+00:00,575,14,5,5.0,6.3561076606958915,2.70805020110221,1.791759469228055,-0.4999999999999998,-0.8660254037844388,0.0,1.0,1.791759469228055
2015-08-17 15:00:00+00:00,887,24,11,11.0,6.78897174299217,3.2188758248682006,2.4849066497880004,-0.7071067811865471,-0.7071067811865479,0.0,1.0,2.4849066497880004
2015-08-17 16:00:00+00:00,1181,50,16,16.0,7.074963197966044,3.9318256327243257,2.833213344056216,-0.8660254037844384,-0.5000000000000004,0.0,1.0,2.833213344056216
2015-08-17 17:00:00+00:00,1240,48,15,15.0,7.123672785204607,3.8918202981106265,2.772588722239781,-0.9659258262890683,-0.25881904510252063,0.0,1.0,2.772588722239781
2015-08-17 18:00:00+00:00,1432,38,16,16.0,7.267525427828172,3.6635616461296463,2.833213344056216,-1.0,-1.8369701987210297e-16,0.0,1.0,2.833213344056216
2015-08-17 19:00:00+00:00,1408,43,17,17.0,7.25063551189868,3.784189633918261,2.8903717578961645,-0.9659258262890684,0.2588190451025203,0.0,1.0,2.8903717578961645
2015-08-17 20:00:00+00:00,1580,49,21,21.0,7.365812837209472,3.912023005428146,3.091042453358316,-0.8660254037844386,0.5000000000000001,0.0,1.0,3.091042453358316
2015-08-17 21:00:00+00:00,1408,48,17,17.0,7.25063551189868,3.8918202981106265,2.8903717578961645,-0.7071067811865477,0.7071067811865474,0.0,1.0,2.8903717578961645
2015-08-17 22:00:00+00:00,1510,55,22,22.0,7.32052696227274,4.02535169073515,3.1354942159291497,-0.5000000000000004,0.8660254037844384,0.0,1.0,3.1354942159291497
2015-08-17 23:00:00+00:00,1290,31,14,14.0,7.1631723908466425,3.4657359027997265,2.70805020110221,-0.25881904510252157,0.9659258262890681,0.0,1.0,2.70805020110221
2015-08-18 00:00:00+00:00,1146,21,9,9.0,7.044905117129371,3.091042453358316,2.302585092994046,0.0,1.0,0.7818314824680298,0.6234898018587336,2.302585092994046
2015-08-18 01:00:00+00:00,1059,24,5,5.0,6.966024187106113,3.2188758248682006,1.791759469228055,0.25881904510252074,0.9659258262890683,0.7818314824680298,0.6234898018587336,1.791759469228055
2015-08-18 02:00:00+00:00,1131,35,10,10.0,7.0317412587631285,3.58351893845611,2.3978952727983707,0.49999999999999994,0.8660254037844387,0.7818314824680298,0.6234898018587336,2.3978952727983707
2015-08-18 03:00:00+00:00,1142,24,6,6.0,7.04141166379481,3.2188758248682006,1.9459101490553132,0.7071067811865475,0.7071067811865476,0.7818314824680298,0.6234898018587336,1.9459101490553132
2015-08-18 04:00:00+00:00,1015,30,5,5.0,6.923628628138427,3.4339872044851463,1.791759469228055,0.8660254037844386,0.5000000000000001,0.7818314824680298,0.6234898018587336,1.791759469228055
2015-08-18 05:00:00+00:00,811,16,7,7.0,6.699500340161678,2.833213344056216,2.0794415416798357,0.9659258262890683,0.25881904510252074,0.7818314824680298,0.6234898018587336,2.0794415416798357
2015-08-18 06:00:00+00:00,507,14,7,7.0,6.230481447578482,2.70805020110221,2.0794415416798357,1.0,6.123233995736766e-17,0.7818314824680298,0.6234898018587336,2.0794415416798357
2015-08-18 07:00:00+00:00,283,7,0,0.0,5.648974238161206,2.0794415416798357,0.0,0.9659258262890683,-0.25881904510252063,0.7818314824680298,0.6234898018587336,0.0
2015-08-18 08:00:00+00:00,152,1,0,0.0,5.030437921392435,0.6931471805599453,0.0,0.8660254037844387,-0.49999999999999983,0.7818314824680298,0.6234898018587336,0.0
2015-08-18 09:00:00+00:00,119,4,1,1.0,4.787491742782046,1.6094379124341003,0.6931471805599453,0.7071067811865476,-0.7071067811865475,0.7818314824680298,0.6234898018587336,0.6931471805599453
2015-08-18 10:00:00+00:00,101,3,1,1.0,4.624972813284271,1.3862943611198906,0.6931471805599453,0.49999999999999994,-0.8660254037844387,0.7818314824680298,0.6234898018587336,0.6931471805599453
2015-08-18 11:00:00+00:00,122,6,1,1.0,4.812184355372417,1.9459101490553132,0.6931471805599453,0.258819045102521,-0.9659258262890682,0.7818314824680298,0.6234898018587336,0.6931471805599453
2015-08-18 12:00:00+00:00,196,10,0,0.0,5.2832037287379885,2.3978952727983707,0.0,1.2246467991473532e-16,-1.0,0.7818314824680298,0.6234898018587336,0.0
2015-08-18 13:00:00+00:00,349,7,1,1.0,5.857933154483459,2.0794415416798357,0.6931471805599453,-0.2588190451025208,-0.9659258262890683,0.7818314824680298,0.6234898018587336,0.6931471805599453
2015-08-18 14:00:00+00:00,613,7,1,1.0,6.419994928147142,2.0794415416798357,0.6931471805599453,-0.4999999999999998,-0.8660254037844388,0.7818314824680298,0.6234898018587336,0.6931471805599453
2015-08-18 15:00:00+00:00,969,24,3,3.0,6.877296071497429,3.2188758248682006,1.3862943611198906,-0.7071067811865471,-0.7071067811865479,0.7818314824680298,0.6234898018587336,1.3862943611198906
2015-08-18 16:00:00+00:00,1225,37,17,17.0,7.111512116496157,3.6375861597263857,2.8903717578961645,-0.8660254037844384,-0.5000000000000004,0.7818314824680298,0.6234898018587336,2.8903717578961645
2015-08-18 17:00:00+00:00,1410,45,30,30.0,7.252053951852814,3.828641396489095,3.4339872044851463,-0.9659258262890683,-0.25881904510252063,0.7818314824680298,0.6234898018587336,3.4339872044851463
2015-08-18 18:00:00+00:00,1262,35,15,15.0,7.141245122350491,3.58351893845611,2.772588722239781,-1.0,-1.8369701987210297e-16,0.7818314824680298,0.6234898018587336,2.772588722239781
2015-08-18 19:00:00+00:00,1319,27,13,13.0,7.1853870155804165,3.332204510175204,2.6390573296152584,-0.9659258262890684,0.2588190451025203,0.7818314824680298,0.6234898018587336,2.6390573296152584
2015-08-18 20:00:00+00:00,1330,60,32,32.0,7.193685818395112,4.110873864173311,3.4965075614664802,-0.8660254037844386,0.5000000000000001,0.7818314824680298,0.6234898018587336,3.4965075614664802
2015-08-18 21:00:00+00:00,1317,27,12,12.0,7.183870715062453,3.332204510175204,2.5649493574615367,-0.7071067811865477,0.7071067811865474,0.7818314824680298,0.6234898018587336,2.5649493574615367
2015-08-18 22:00:00+00:00,1250,29,10,10.0,7.1316985104669115,3.4011973816621555,2.3978952727983707,-0.5000000000000004,0.8660254037844384,0.7818314824680298,0.6234898018587336,2.3978952727983707
2015-08-18 23:00:00+00:00,1191,35,15,15.0,7.083387847625295,3.58351893845611,2.772588722239781,-0.25881904510252157,0.9659258262890681,0.7818314824680298,0.6234898018587336,2.772588722239781
2015-08-19 00:00:00+00:00,1022,28,9,9.0,6.930494765951626,3.367295829986474,2.302585092994046,0.0,1.0,0.9749279121818236,-0.22252093395631434,2.302585092994046
2015-08-19 01:00:00+00:00,969,16,7,7.0,6.877296071497429,2.833213344056216,2.0794415416798357,0.25881904510252074,0.9659258262890683,0.9749279121818236,-0.22252093395631434,2.0794415416798357
2015-08-19 02:00:00+00:00,1066,33,18,18.0,6.9726062513017535,3.5263605246161616,2.9444389791664403,0.49999999999999994,0.8660254037844387,0.9749279121818236,-0.22252093395631434,2.9444389791664403
2015-08-19 03:00:00+00:00,1010,22,7,7.0,6.918695219020472,3.1354942159291497,2.0794415416798357,0.7071067811865475,0.7071067811865476,0.9749279121818236,-0.22252093395631434,2.0794415416798357
2015-08-19 04:00:00+00:00,1113,40,6,6.0,7.01571242048723,3.713572066704308,1.9459101490553132,0.8660254037844386,0.5000000000000001,0.9749279121818236,-0.22252093395631434,1.9459101490553132
2015-08-19 05:00:00+00:00,810,21,16,16.0,6.698268054115413,3.091042453358316,2.833213344056216,0.9659258262890683,0.25881904510252074,0.9749279121818236,-0.22252093395631434,2.833213344056216
2015-08-19 06:00:00+00:00,373,11,2,2.0,5.924255797414532,2.4849066497880004,1.0986122886681098,1.0,6.123233995736766e-17,0.9749279121818236,-0.22252093395631434,1.0986122886681098
2015-08-19 07:00:00+00:00,238,11,3,3.0,5.476463551931511,2.4849066497880004,1.3862943611198906,0.9659258262890683,-0.25881904510252063,0.9749279121818236,-0.22252093395631434,1.3862943611198906
2015-08-19 08:00:00+00:00,129,3,1,1.0,4.867534450455582,1.3862943611198906,0.6931471805599453,0.8660254037844387,-0.49999999999999983,0.9749279121818236,-0.22252093395631434,0.6931471805599453
2015-08-19 09:00:00+00:00,119,1,1,1.0,4.787491742782046,0.6931471805599453,0.6931471805599453,0.7071067811865476,-0.7071067811865475,0.9749279121818236,-0.22252093395631434,0.6931471805599453
2015-08-19 10:00:00+00:00,118,1,1,1.0,4.77912349311153,0.6931471805599453,0.6931471805599453,0.49999999999999994,-0.8660254037844387,0.9749279121818236,-0.22252093395631434,0.6931471805599453
2015-08-19 11:00:00+00:00,120,3,0,0.0,4.795790545596741,1.3862943611198906,0.0,0.258819045102521,-0.9659258262890682,0.9749279121818236,-0.22252093395631434,0.0
2015-08-19 12:00:00+00:00,228,8,2,2.0,5.43372200355424,2.1972245773362196,1.0986122886681098,1.2246467991473532e-16,-1.0,0.9749279121818236,-0.22252093395631434,1.0986122886681098
2015-08-19 13:00:00+00:00,352,4,1,1.0,5.8664680569332965,1.6094379124341003,0.6931471805599453,-0.2588190451025208,-0.9659258262890683,0.9749279121818236,-0.22252093395631434,0.6931471805599453
2015-08-19 14:00:00+00:00,557,14,4,4.0,6.324358962381311,2.70805020110221,1.6094379124341003,-0.4999999999999998,-0.8660254037844388,0.9749279121818236,-0.22252093395631434,1.6094379124341003
2015-08-19 15:00:00+00:00,991,27,8,8.0,6.899723107284872,3.332204510175204,2.1972245773362196,-0.7071067811865471,-0.7071067811865479,0.9749279121818236,-0.22252093395631434,2.1972245773362196
2015-08-19 16:00:00+00:00,1287,37,22,22.0,7.160845906664299,3.6375861597263857,3.1354942159291497,-0.8660254037844384,-0.5000000000000004,0.9749279121818236,-0.22252093395631434,3.1354942159291497
2015-08-19 17:00:00+00:00,1422,43,20,20.0,7.260522598089852,3.784189633918261,3.044522437723423,-0.9659258262890683,-0.25881904510252063,0.9749279121818236,-0.22252093395631434,3.044522437723423
2015-08-19 18:00:00+00:00,1239,29,14,14.0,7.122866658599083,3.4011973816621555,2.70805020110221,-1.0,-1.8369701987210297e-16,0.9749279121818236,-0.22252093395631434,2.70805020110221
2015-08-19 19:00:00+00:00,1267,31,14,14.0,7.145196134997171,3.4657359027997265,2.70805020110221,-0.9659258262890684,0.2588190451025203,0.9749279121818236,-0.22252093395631434,2.70805020110221
2015-08-19 20:00:00+00:00,1270,51,20,20.0,7.147559271189454,3.9512437185814275,3.044522437723423,-0.8660254037844386,0.5000000000000001,0.9749279121818236,-0.22252093395631434,3.044522437723423
2015-08-19 21:00:00+00:00,1372,45,15,15.0,7.224753405767971,3.828641396489095,2.772588722239781,-0.7071067811865477,0.7071067811865474,0.9749279121818236,-0.22252093395631434,2.772588722239781
2015-08-19 22:00:00+00:00,1145,27,15,15.0,7.044032897274685,3.332204510175204,2.772588722239781,-0.5000000000000004,0.8660254037844384,0.9749279121818236,-0.22252093395631434,2.772588722239781
2015-08-19 23:00:00+00:00,1108,29,13,13.0,7.011213987350367,3.4011973816621555,2.6390573296152584,-0.25881904510252157,0.9659258262890681,0.9749279121818236,-0.22252093395631434,2.6390573296152584
2015-08-20 00:00:00+00:00,1001,39,16,16.0,6.90975328164481,3.6888794541139363,2.833213344056216,0.0,1.0,0.43388373911755823,-0.900968867902419,2.833213344056216
2015-08-20 01:00:00+00:00,951,21,7,7.0,6.858565034791365,3.091042453358316,2.0794415416798357,0.25881904510252074,0.9659258262890683,0.43388373911755823,-0.900968867902419,2.0794415416798357
2015-08-20 02:00:00+00:00,1001,27,8,8.0,6.90975328164481,3.332204510175204,2.1972245773362196,0.49999999999999994,0.8660254037844387,0.43388373911755823,-0.900968867902419,2.1972245773362196
2015-08-20 03:00:00+00:00,1168,30,6,6.0,7.063903961472068,3.4339872044851463,1.9459101490553132,0.7071067811865475,0.7071067811865476,0.43388373911755823,-0.900968867902419,1.9459101490553132
2015-08-20 04:00:00+00:00,990,23,5,5.0,6.898714534329988,3.1780538303479458,1.791759469228055,0.8660254037844386,0.5000000000000001,0.43388373911755823,-0.900968867902419,1.791759469228055
2015-08-20 05:00:00+00:00,782,23,5,5.0,6.663132695990803,3.1780538303479458,1.791759469228055,0.9659258262890683,0.25881904510252074,0.43388373911755823,-0.900968867902419,1.791759469228055
2015-08-20 06:00:00+00:00,522,18,10,10.0,6.259581464064923,2.9444389791664403,2.3978952727983707,1.0,6.123233995736766e-17,0.43388373911755823,-0.900968867902419,2.3978952727983707
2015-08-20 07:00:00+00:00,239,2,1,1.0,5.480638923341991,1.0986122886681098,0.6931471805599453,0.9659258262890683,-0.25881904510252063,0.43388373911755823,-0.900968867902419,0.6931471805599453
2015-08-20 08:00:00+00:00,150,7,0,0.0,5.017279836814924,2.0794415416798357,0.0,0.8660254037844387,-0.49999999999999983,0.43388373911755823,-0.900968867902419,0.0
2015-08-20 09:00:00+00:00,134,7,5,5.0,4.90527477843843,2.0794415416798357,1.791759469228055,0.7071067811865476,-0.7071067811865475,0.43388373911755823,-0.900968867902419,1.791759469228055
2015-08-20 10:00:00+00:00,111,4,2,2.0,4.718498871295094,1.6094379124341003,1.0986122886681098,0.49999999999999994,-0.8660254037844387,0.43388373911755823,-0.900968867902419,1.0986122886681098
2015-08-20 11:00:00+00:00,121,2,0,0.0,4.804021044733257,1.0986122886681098,0.0,0.258819045102521,-0.9659258262890682,0.43388373911755823,-0.900968867902419,0.0
2015-08-20 12:00:00+00:00,180,5,0,0.0,5.198497031265826,1.791759469228055,0.0,1.2246467991473532e-16,-1.0,0.43388373911755823,-0.900968867902419,0.0
2015-08-20 13:00:00+00:00,376,5,2,2.0,5.932245187448011,1.791759469228055,1.0986122886681098,-0.2588190451025208,-0.9659258262890683,0.43388373911755823,-0.900968867902419,1.0986122886681098
2015-08-20 14:00:00+00:00,585,20,5,5.0,6.373319789577012,3.044522437723423,1.791759469228055,-0.4999999999999998,-0.8660254037844388,0.43388373911755823,-0.900968867902419,1.791759469228055
2015-08-20 15:00:00+00:00,921,23,19,19.0,6.826545223556594,3.1780538303479458,2.995732273553991,-0.7071067811865471,-0.7071067811865479,0.43388373911755823,-0.900968867902419,2.995732273553991
2015-08-20 16:00:00+00:00,1184,32,13,13.0,7.077498053569231,3.4965075614664802,2.6390573296152584,-0.8660254037844384,-0.5000000000000004,0.43388373911755823,-0.900968867902419,2.6390573296152584
2015-08-20 17:00:00+00:00,1244,49,37,37.0,7.126890808898808,3.912023005428146,3.6375861597263857,-0.9659258262890683,-0.25881904510252063,0.43388373911755823,-0.900968867902419,3.6375861597263857
2015-08-20 18:00:00+00:00,1267,51,20,20.0,7.145196134997171,3.9512437185814275,3.044522437723423,-1.0,-1.8369701987210297e-16,0.43388373911755823,-0.900968867902419,3.044522437723423
2015-08-20 19:00:00+00:00,1208,35,15,15.0,7.097548850614793,3.58351893845611,2.772588722239781,-0.9659258262890684,0.2588190451025203,0.43388373911755823,-0.900968867902419,2.772588722239781
2015-08-20 20:00:00+00:00,1180,25,13,13.0,7.074116816197362,3.258096538021482,2.6390573296152584,-0.8660254037844386,0.5000000000000001,0.43388373911755823,-0.900968867902419,2.6390573296152584
2015-08-20 21:00:00+00:00,1127,23,5,5.0,7.028201432058005,3.1780538303479458,1.791759469228055,-0.7071067811865477,0.7071067811865474,0.43388373911755823,-0.900968867902419,1.791759469228055
2015-08-20 22:00:00+00:00,1068,26,8,8.0,6.974478911025045,3.295836866004329,2.1972245773362196,-0.5000000000000004,0.8660254037844384,0.43388373911755823,-0.900968867902419,2.1972245773362196
2015-08-20 23:00:00+00:00,977,20,6,6.0,6.885509670034818,3.044522437723423,1.9459101490553132,-0.25881904510252157,0.9659258262890681,0.43388373911755823,-0.900968867902419,1.9459101490553132
2015-08-21 00:00:00+00:00,786,14,9,9.0,6.668228248417403,2.70805020110221,2.302585092994046,0.0,1.0,-0.433883739117558,-0.9009688679024191,2.302585092994046
2015-08-21 01:00:00+00:00,789,18,9,9.0,6.672032945461067,2.9444389791664403,2.302585092994046,0.25881904510252074,0.9659258262890683,-0.433883739117558,-0.9009688679024191,2.302585092994046
2015-08-21 02:00:00+00:00,813,22,2,2.0,6.70196036600254,3.1354942159291497,1.0986122886681098,0.49999999999999994,0.8660254037844387,-0.433883739117558,-0.9009688679024191,1.0986122886681098
2015-08-21 03:00:00+00:00,937,21,4,4.0,6.843749949006225,3.091042453358316,1.6094379124341003,0.7071067811865475,0.7071067811865476,-0.433883739117558,-0.9009688679024191,1.6094379124341003
2015-08-21 04:00:00+00:00,766,14,1,1.0,6.642486801367256,2.70805020110221,0.6931471805599453,0.8660254037844386,0.5000000000000001,-0.433883739117558,-0.9009688679024191,0.6931471805599453
2015-08-21 05:00:00+00:00,698,11,2,2.0,6.54965074223381,2.4849066497880004,1.0986122886681098,0.9659258262890683,0.25881904510252074,-0.433883739117558,-0.9009688679024191,1.0986122886681098
2015-08-21 06:00:00+00:00,455,10,0,0.0,6.1224928095143865,2.3978952727983707,0.0,1.0,6.123233995736766e-17,-0.433883739117558,-0.9009688679024191,0.0
2015-08-21 07:00:00+00:00,292,15,1,1.0,5.680172609017068,2.772588722239781,0.6931471805599453,0.9659258262890683,-0.25881904510252063,-0.433883739117558,-0.9009688679024191,0.6931471805599453
2015-08-21 08:00:00+00:00,155,7,3,3.0,5.049856007249537,2.0794415416798357,1.3862943611198906,0.8660254037844387,-0.49999999999999983,-0.433883739117558,-0.9009688679024191,1.3862943611198906
2015-08-21 09:00:00+00:00,169,4,1,1.0,5.135798437050262,1.6094379124341003,0.6931471805599453,0.7071067811865476,-0.7071067811865475,-0.433883739117558,-0.9009688679024191,0.6931471805599453
2015-08-21 10:00:00+00:00,162,5,0,0.0,5.093750200806762,1.791759469228055,0.0,0.49999999999999994,-0.8660254037844387,-0.433883739117558,-0.9009688679024191,0.0
2015-08-21 11:00:00+00:00,163,1,1,1.0,5.099866427824199,0.6931471805599453,0.6931471805599453,0.258819045102521,-0.9659258262890682,-0.433883739117558,-0.9009688679024191,0.6931471805599453
2015-08-21 12:00:00+00:00,217,7,3,3.0,5.384495062789089,2.0794415416798357,1.3862943611198906,1.2246467991473532e-16,-1.0,-0.433883739117558,-0.9009688679024191,1.3862943611198906
2015-08-21 13:00:00+00:00,325,5,1,1.0,5.786897381366708,1.791759469228055,0.6931471805599453,-0.2588190451025208,-0.9659258262890683,-0.433883739117558,-0.9009688679024191,0.6931471805599453
2015-08-21 14:00:00+00:00,554,24,1,1.0,6.318968113746434,3.2188758248682006,0.6931471805599453,-0.4999999999999998,-0.8660254037844388,-0.433883739117558,-0.9009688679024191,0.6931471805599453
2015-08-21 15:00:00+00:00,880,15,5,5.0,6.78105762593618,2.772588722239781,1.791759469228055,-0.7071067811865471,-0.7071067811865479,-0.433883739117558,-0.9009688679024191,1.791759469228055
2015-08-21 16:00:00+00:00,1104,24,11,11.0,7.007600613951853,3.2188758248682006,2.4849066497880004,-0.8660254037844384,-0.5000000000000004,-0.433883739117558,-0.9009688679024191,2.4849066497880004
2015-08-21 17:00:00+00:00,1183,39,9,9.0,7.076653815443951,3.6888794541139363,2.302585092994046,-0.9659258262890683,-0.25881904510252063,-0.433883739117558,-0.9009688679024191,2.302585092994046
2015-08-21 18:00:00+00:00,1211,32,18,18.0,7.10002716662926,3.4965075614664802,2.9444389791664403,-1.0,-1.8369701987210297e-16,-0.433883739117558,-0.9009688679024191,2.9444389791664403
2015-08-21 19:00:00+00:00,1290,32,14,14.0,7.1631723908466425,3.4965075614664802,2.70805020110221,-0.9659258262890684,0.2588190451025203,-0.433883739117558,-0.9009688679024191,2.70805020110221
2015-08-21 20:00:00+00:00,1173,37,13,13.0,7.068172000388042,3.6375861597263857,2.6390573296152584,-0.8660254037844386,0.5000000000000001,-0.433883739117558,-0.9009688679024191,2.6390573296152584
2015-08-21 21:00:00+00:00,1148,27,13,13.0,7.046647277848756,3.332204510175204,2.6390573296152584,-0.7071067811865477,0.7071067811865474,-0.433883739117558,-0.9009688679024191,2.6390573296152584
2015-08-21 22:00:00+00:00,1063,27,3,3.0,6.96979066990159,3.332204510175204,1.3862943611198906,-0.5000000000000004,0.8660254037844384,-0.433883739117558,-0.9009688679024191,1.3862943611198906
2015-08-21 23:00:00+00:00,837,31,8,8.0,6.731018100482083,3.4657359027997265,2.1972245773362196,-0.25881904510252157,0.9659258262890681,-0.433883739117558,-0.9009688679024191,2.1972245773362196
2015-08-22 00:00:00+00:00,897,26,6,6.0,6.8001700683022,3.295836866004329,1.9459101490553132,0.0,1.0,-0.9749279121818236,-0.2225209339563146,1.9459101490553132
2015-08-22 01:00:00+00:00,807,16,6,6.0,6.694562058521095,2.833213344056216,1.9459101490553132,0.25881904510252074,0.9659258262890683,-0.9749279121818236,-0.2225209339563146,1.9459101490553132
2015-08-22 02:00:00+00:00,803,18,4,4.0,6.6895992691789665,2.9444389791664403,1.6094379124341003,0.49999999999999994,0.8660254037844387,-0.9749279121818236,-0.2225209339563146,1.6094379124341003
2015-08-22 03:00:00+00:00,913,20,3,3.0,6.81783057145415,3.044522437723423,1.3862943611198906,0.7071067811865475,0.7071067811865476,-0.9749279121818236,-0.2225209339563146,1.3862943611198906
2015-08-22 04:00:00+00:00,821,8,1,1.0,6.71174039505618,2.1972245773362196,0.6931471805599453,0.8660254037844386,0.5000000000000001,-0.9749279121818236,-0.2225209339563146,0.6931471805599453
2015-08-22 05:00:00+00:00,700,18,1,1.0,6.55250788703459,2.9444389791664403,0.6931471805599453,0.9659258262890683,0.25881904510252074,-0.9749279121818236,-0.2225209339563146,0.6931471805599453
2015-08-22 06:00:00+00:00,403,8,2,2.0,6.0014148779611505,2.1972245773362196,1.0986122886681098,1.0,6.123233995736766e-17,-0.9749279121818236,-0.2225209339563146,1.0986122886681098
2015-08-22 07:00:00+00:00,300,5,2,2.0,5.707110264748875,1.791759469228055,1.0986122886681098,0.9659258262890683,-0.25881904510252063,-0.9749279121818236,-0.2225209339563146,1.0986122886681098
2015-08-22 08:00:00+00:00,155,6,5,5.0,5.049856007249537,1.9459101490553132,1.791759469228055,0.8660254037844387,-0.49999999999999983,-0.9749279121818236,-0.2225209339563146,1.791759469228055
2015-08-22 09:00:00+00:00,110,1,1,1.0,4.709530201312334,0.6931471805599453,0.6931471805599453,0.7071067811865476,-0.7071067811865475,-0.9749279121818236,-0.2225209339563146,0.6931471805599453
2015-08-22 10:00:00+00:00,66,1,0,0.0,4.204692619390966,0.6931471805599453,0.0,0.49999999999999994,-0.8660254037844387,-0.9749279121818236,-0.2225209339563146,0.0
2015-08-22 11:00:00+00:00,114,0,0,0.0,4.74493212836325,0.0,0.0,0.258819045102521,-0.9659258262890682,-0.9749279121818236,-0.2225209339563146,0.0
2015-08-22 12:00:00+00:00,190,2,0,0.0,5.25227342804663,1.0986122886681098,0.0,1.2246467991473532e-16,-1.0,-0.9749279121818236,-0.2225209339563146,0.0
2015-08-22 13:00:00+00:00,295,31,2,2.0,5.69035945432406,3.4657359027997265,1.0986122886681098,-0.2588190451025208,-0.9659258262890683,-0.9749279121818236,-0.2225209339563146,1.0986122886681098
2015-08-22 14:00:00+00:00,423,11,4,4.0,6.049733455231958,2.4849066497880004,1.6094379124341003,-0.4999999999999998,-0.8660254037844388,-0.9749279121818236,-0.2225209339563146,1.6094379124341003
2015-08-22 15:00:00+00:00,637,20,12,12.0,6.45833828334479,3.044522437723423,2.5649493574615367,-0.7071067811865471,-0.7071067811865479,-0.9749279121818236,-0.2225209339563146,2.5649493574615367
2015-08-22 16:00:00+00:00,729,6,5,5.0,6.593044534142437,1.9459101490553132,1.791759469228055,-0.8660254037844384,-0.5000000000000004,-0.9749279121818236,-0.2225209339563146,1.791759469228055
2015-08-22 17:00:00+00:00,791,17,6,6.0,6.674561391814426,2.8903717578961645,1.9459101490553132,-0.9659258262890683,-0.25881904510252063,-0.9749279121818236,-0.2225209339563146,1.9459101490553132
2015-08-22 18:00:00+00:00,791,11,2,2.0,6.674561391814426,2.4849066497880004,1.0986122886681098,-1.0,-1.8369701987210297e-16,-0.9749279121818236,-0.2225209339563146,1.0986122886681098
2015-08-22 19:00:00+00:00,828,24,3,3.0,6.720220155135295,3.2188758248682006,1.3862943611198906,-0.9659258262890684,0.2588190451025203,-0.9749279121818236,-0.2225209339563146,1.3862943611198906
2015-08-22 20:00:00+00:00,782,17,8,8.0,6.663132695990803,2.8903717578961645,2.1972245773362196,-0.8660254037844386,0.5000000000000001,-0.9749279121818236,-0.2225209339563146,2.1972245773362196
2015-08-22 21:00:00+00:00,826,41,9,9.0,6.717804695023691,3.7376696182833684,2.302585092994046,-0.7071067811865477,0.7071067811865474,-0.9749279121818236,-0.2225209339563146,2.302585092994046
2015-08-22 22:00:00+00:00,768,15,4,4.0,6.645090969505644,2.772588722239781,1.6094379124341003,-0.5000000000000004,0.8660254037844384,-0.9749279121818236,-0.2225209339563146,1.6094379124341003
2015-08-22 23:00:00+00:00,667,15,5,5.0,6.504288173536645,2.772588722239781,1.791759469228055,-0.25881904510252157,0.9659258262890681,-0.9749279121818236,-0.2225209339563146,1.791759469228055
2015-08-23 00:00:00+00:00,703,29,13,13.0,6.556778356158042,3.4011973816621555,2.6390573296152584,0.0,1.0,-0.7818314824680299,0.6234898018587334,2.6390573296152584
2015-08-23 01:00:00+00:00,683,17,3,3.0,6.52795791762255,2.8903717578961645,1.3862943611198906,0.25881904510252074,0.9659258262890683,-0.7818314824680299,0.6234898018587334,1.3862943611198906
2015-08-23 02:00:00+00:00,709,39,9,9.0,6.565264970035361,3.6888794541139363,2.302585092994046,0.49999999999999994,0.8660254037844387,-0.7818314824680299,0.6234898018587334,2.302585092994046
2015-08-23 03:00:00+00:00,763,18,6,6.0,6.638567789166521,2.9444389791664403,1.9459101490553132,0.7071067811865475,0.7071067811865476,-0.7818314824680299,0.6234898018587334,1.9459101490553132
2015-08-23 04:00:00+00:00,733,9,1,1.0,6.598509028614515,2.302585092994046,0.6931471805599453,0.8660254037844386,0.5000000000000001,-0.7818314824680299,0.6234898018587334,0.6931471805599453
2015-08-23 05:00:00+00:00,680,17,2,2.0,6.523562306149512,2.8903717578961645,1.0986122886681098,0.9659258262890683,0.25881904510252074,-0.7818314824680299,0.6234898018587334,1.0986122886681098
2015-08-23 06:00:00+00:00,400,10,2,2.0,5.993961427306569,2.3978952727983707,1.0986122886681098,1.0,6.123233995736766e-17,-0.7818314824680299,0.6234898018587334,1.0986122886681098
2015-08-23 07:00:00+00:00,294,9,6,6.0,5.68697535633982,2.302585092994046,1.9459101490553132,0.9659258262890683,-0.25881904510252063,-0.7818314824680299,0.6234898018587334,1.9459101490553132
2015-08-23 08:00:00+00:00,134,3,0,0.0,4.90527477843843,1.3862943611198906,0.0,0.8660254037844387,-0.49999999999999983,-0.7818314824680299,0.6234898018587334,0.0
2015-08-23 09:00:00+00:00,115,0,0,0.0,4.7535901911063645,0.0,0.0,0.7071067811865476,-0.7071067811865475,-0.7818314824680299,0.6234898018587334,0.0
2015-08-23 10:00:00+00:00,110,5,0,0.0,4.709530201312334,1.791759469228055,0.0,0.49999999999999994,-0.8660254037844387,-0.7818314824680299,0.6234898018587334,0.0
2015-08-23 11:00:00+00:00,112,9,1,1.0,4.727387818712341,2.302585092994046,0.6931471805599453,0.258819045102521,-0.9659258262890682,-0.7818314824680299,0.6234898018587334,0.6931471805599453
2015-08-23 12:00:00+00:00,182,4,1,1.0,5.209486152841421,1.6094379124341003,0.6931471805599453,1.2246467991473532e-16,-1.0,-0.7818314824680299,0.6234898018587334,0.6931471805599453
2015-08-23 13:00:00+00:00,254,3,2,2.0,5.541263545158426,1.3862943611198906,1.0986122886681098,-0.2588190451025208,-0.9659258262890683,-0.7818314824680299,0.6234898018587334,1.0986122886681098
2015-08-23 14:00:00+00:00,424,14,3,3.0,6.052089168924417,2.70805020110221,1.3862943611198906,-0.4999999999999998,-0.8660254037844388,-0.7818314824680299,0.6234898018587334,1.3862943611198906
2015-08-23 15:00:00+00:00,633,14,5,5.0,6.452048954437226,2.70805020110221,1.791759469228055,-0.7071067811865471,-0.7071067811865479,-0.7818314824680299,0.6234898018587334,1.791759469228055
2015-08-23 16:00:00+00:00,781,17,7,7.0,6.661854740545311,2.8903717578961645,2.0794415416798357,-0.8660254037844384,-0.5000000000000004,-0.7818314824680299,0.6234898018587334,2.0794415416798357
2015-08-23 17:00:00+00:00,835,14,5,5.0,6.728628613084702,2.70805020110221,1.791759469228055,-0.9659258262890683,-0.25881904510252063,-0.7818314824680299,0.6234898018587334,1.791759469228055
2015-08-23 18:00:00+00:00,821,29,6,6.0,6.71174039505618,3.4011973816621555,1.9459101490553132,-1.0,-1.8369701987210297e-16,-0.7818314824680299,0.6234898018587334,1.9459101490553132
2015-08-23 19:00:00+00:00,811,18,6,6.0,6.699500340161678,2.9444389791664403,1.9459101490553132,-0.9659258262890684,0.2588190451025203,-0.7818314824680299,0.6234898018587334,1.9459101490553132
2015-08-23 20:00:00+00:00,894,20,3,3.0,6.796823718274855,3.044522437723423,1.3862943611198906,-0.8660254037844386,0.5000000000000001,-0.7818314824680299,0.6234898018587334,1.3862943611198906
2015-08-23 21:00:00+00:00,862,20,8,8.0,6.760414691083428,3.044522437723423,2.1972245773362196,-0.7071067811865477,0.7071067811865474,-0.7818314824680299,0.6234898018587334,2.1972245773362196
2015-08-23 22:00:00+00:00,747,12,1,1.0,6.617402977974478,2.5649493574615367,0.6931471805599453,-0.5000000000000004,0.8660254037844384,-0.7818314824680299,0.6234898018587334,0.6931471805599453
2015-08-23 23:00:00+00:00,897,13,4,4.0,6.8001700683022,2.6390573296152584,1.6094379124341003,-0.25881904510252157,0.9659258262890681,-0.7818314824680299,0.6234898018587334,1.6094379124341003
2015-08-24 00:00:00+00:00,850,15,5,5.0,6.7464121285733745,2.772588722239781,1.791759469228055,0.0,1.0,0.0,1.0,1.791759469228055
2015-08-24 01:00:00+00:00,788,20,4,4.0,6.670766320845874,3.044522437723423,1.6094379124341003,0.25881904510252074,0.9659258262890683,0.0,1.0,1.6094379124341003
2015-08-24 02:00:00+00:00,887,15,7,7.0,6.78897174299217,2.772588722239781,2.0794415416798357,0.49999999999999994,0.8660254037844387,0.0,1.0,2.0794415416798357
2015-08-24 03:00:00+00:00,914,25,7,7.0,6.818924065275521,3.258096538021482,2.0794415416798357,0.7071067811865475,0.7071067811865476,0.0,1.0,2.0794415416798357
2015-08-24 04:00:00+00:00,928,29,2,2.0,6.834108738813838,3.4011973816621555,1.0986122886681098,0.8660254037844386,0.5000000000000001,0.0,1.0,1.0986122886681098
2015-08-24 05:00:00+00:00,677,52,4,4.0,6.519147287940395,3.970291913552122,1.6094379124341003,0.9659258262890683,0.25881904510252074,0.0,1.0,1.6094379124341003
2015-08-24 06:00:00+00:00,478,9,1,1.0,6.171700597410915,2.302585092994046,0.6931471805599453,1.0,6.123233995736766e-17,0.0,1.0,0.6931471805599453
2015-08-24 07:00:00+00:00,274,1,2,2.0,5.616771097666572,0.6931471805599453,1.0986122886681098,0.9659258262890683,-0.25881904510252063,0.0,1.0,1.0986122886681098
2015-08-24 08:00:00+00:00,152,6,1,1.0,5.030437921392435,1.9459101490553132,0.6931471805599453,0.8660254037844387,-0.49999999999999983,0.0,1.0,0.6931471805599453
2015-08-24 09:00:00+00:00,98,3,4,4.0,4.59511985013459,1.3862943611198906,1.6094379124341003,0.7071067811865476,-0.7071067811865475,0.0,1.0,1.6094379124341003
2015-08-24 10:00:00+00:00,107,4,1,1.0,4.68213122712422,1.6094379124341003,0.6931471805599453,0.49999999999999994,-0.8660254037844387,0.0,1.0,0.6931471805599453
2015-08-24 11:00:00+00:00,86,4,1,1.0,4.465908118654584,1.6094379124341003,0.6931471805599453,0.258819045102521,-0.9659258262890682,0.0,1.0,0.6931471805599453
2015-08-24 12:00:00+00:00,160,8,0,0.0,5.081404364984463,2.1972245773362196,0.0,1.2246467991473532e-16,-1.0,0.0,1.0,0.0
2015-08-24 13:00:00+00:00,328,15,9,9.0,5.796057750765372,2.772588722239781,2.302585092994046,-0.2588190451025208,-0.9659258262890683,0.0,1.0,2.302585092994046
2015-08-24 14:00:00+00:00,511,13,7,7.0,6.238324625039508,2.6390573296152584,2.0794415416798357,-0.4999999999999998,-0.8660254037844388,0.0,1.0,2.0794415416798357
2015-08-24 15:00:00+00:00,866,22,11,11.0,6.7650389767805414,3.1354942159291497,2.4849066497880004,-0.7071067811865471,-0.7071067811865479,0.0,1.0,2.4849066497880004
2015-08-24 16:00:00+00:00,1041,33,19,19.0,6.948897222313312,3.5263605246161616,2.995732273553991,-0.8660254037844384,-0.5000000000000004,0.0,1.0,2.995732273553991
2015-08-24 17:00:00+00:00,1372,40,17,17.0,7.224753405767971,3.713572066704308,2.8903717578961645,-0.9659258262890683,-0.25881904510252063,0.0,1.0,2.8903717578961645
2015-08-24 18:00:00+00:00,1338,65,21,21.0,7.199678345691172,4.189654742026425,3.091042453358316,-1.0,-1.8369701987210297e-16,0.0,1.0,3.091042453358316
2015-08-24 19:00:00+00:00,1235,30,6,6.0,7.119635638017636,3.4339872044851463,1.9459101490553132,-0.9659258262890684,0.2588190451025203,0.0,1.0,1.9459101490553132
2015-08-24 20:00:00+00:00,1273,25,17,17.0,7.149916836132109,3.258096538021482,2.8903717578961645,-0.8660254037844386,0.5000000000000001,0.0,1.0,2.8903717578961645
2015-08-24 21:00:00+00:00,1305,31,11,11.0,7.174724309836376,3.4657359027997265,2.4849066497880004,-0.7071067811865477,0.7071067811865474,0.0,1.0,2.4849066497880004
2015-08-24 22:00:00+00:00,1214,39,17,17.0,7.102499355774649,3.6888794541139363,2.8903717578961645,-0.5000000000000004,0.8660254037844384,0.0,1.0,2.8903717578961645
2015-08-24 23:00:00+00:00,1151,24,5,5.0,7.049254841255837,3.2188758248682006,1.791759469228055,-0.25881904510252157,0.9659258262890681,0.0,1.0,1.791759469228055
2015-08-25 00:00:00+00:00,1085,39,12,12.0,6.990256500493881,3.6888794541139363,2.5649493574615367,0.0,1.0,0.7818314824680298,0.6234898018587336,2.5649493574615367
2015-08-25 01:00:00+00:00,1041,33,5,5.0,6.948897222313312,3.5263605246161616,1.791759469228055,0.25881904510252074,0.9659258262890683,0.7818314824680298,0.6234898018587336,1.791759469228055
2015-08-25 02:00:00+00:00,1054,34,6,6.0,6.961296045910167,3.5553480614894135,1.9459101490553132,0.49999999999999994,0.8660254037844387,0.7818314824680298,0.6234898018587336,1.9459101490553132
2015-08-25 03:00:00+00:00,1040,20,10,10.0,6.947937068614969,3.044522437723423,2.3978952727983707,0.7071067811865475,0.7071067811865476,0.7818314824680298,0.6234898018587336,2.3978952727983707
2015-08-25 04:00:00+00:00,965,40,6,6.0,6.873163834212518,3.713572066704308,1.9459101490553132,0.8660254037844386,0.5000000000000001,0.7818314824680298,0.6234898018587336,1.9459101490553132
2015-08-25 05:00:00+00:00,751,20,7,7.0,6.62273632394984,3.044522437723423,2.0794415416798357,0.9659258262890683,0.25881904510252074,0.7818314824680298,0.6234898018587336,2.0794415416798357
2015-08-25 06:00:00+00:00,469,12,7,7.0,6.152732694704104,2.5649493574615367,2.0794415416798357,1.0,6.123233995736766e-17,0.7818314824680298,0.6234898018587336,2.0794415416798357
2015-08-25 07:00:00+00:00,238,5,0,0.0,5.476463551931511,1.791759469228055,0.0,0.9659258262890683,-0.25881904510252063,0.7818314824680298,0.6234898018587336,0.0
2015-08-25 08:00:00+00:00,128,5,0,0.0,4.859812404361672,1.791759469228055,0.0,0.8660254037844387,-0.49999999999999983,0.7818314824680298,0.6234898018587336,0.0
2015-08-25 09:00:00+00:00,93,0,0,0.0,4.543294782270004,0.0,0.0,0.7071067811865476,-0.7071067811865475,0.7818314824680298,0.6234898018587336,0.0
2015-08-25 10:00:00+00:00,96,0,0,0.0,4.574710978503383,0.0,0.0,0.49999999999999994,-0.8660254037844387,0.7818314824680298,0.6234898018587336,0.0
2015-08-25 11:00:00+00:00,114,4,0,0.0,4.74493212836325,1.6094379124341003,0.0,0.258819045102521,-0.9659258262890682,0.7818314824680298,0.6234898018587336,0.0
2015-08-25 12:00:00+00:00,187,5,2,2.0,5.236441962829949,1.791759469228055,1.0986122886681098,1.2246467991473532e-16,-1.0,0.7818314824680298,0.6234898018587336,1.0986122886681098
2015-08-25 13:00:00+00:00,387,5,0,0.0,5.961005339623274,1.791759469228055,0.0,-0.2588190451025208,-0.9659258262890683,0.7818314824680298,0.6234898018587336,0.0
2015-08-25 14:00:00+00:00,558,9,9,9.0,6.326149473155099,2.302585092994046,2.302585092994046,-0.4999999999999998,-0.8660254037844388,0.7818314824680298,0.6234898018587336,2.302585092994046
2015-08-25 15:00:00+00:00,909,15,5,5.0,6.813444599510896,2.772588722239781,1.791759469228055,-0.7071067811865471,-0.7071067811865479,0.7818314824680298,0.6234898018587336,1.791759469228055
2015-08-25 16:00:00+00:00,1240,38,14,14.0,7.123672785204607,3.6635616461296463,2.70805020110221,-0.8660254037844384,-0.5000000000000004,0.7818314824680298,0.6234898018587336,2.70805020110221
2015-08-25 17:00:00+00:00,1314,24,11,11.0,7.181591944611865,3.2188758248682006,2.4849066497880004,-0.9659258262890683,-0.25881904510252063,0.7818314824680298,0.6234898018587336,2.4849066497880004
2015-08-25 18:00:00+00:00,1286,33,11,11.0,7.160069207596127,3.5263605246161616,2.4849066497880004,-1.0,-1.8369701987210297e-16,0.7818314824680298,0.6234898018587336,2.4849066497880004
2015-08-25 19:00:00+00:00,1262,27,11,11.0,7.141245122350491,3.332204510175204,2.4849066497880004,-0.9659258262890684,0.2588190451025203,0.7818314824680298,0.6234898018587336,2.4849066497880004
2015-08-25 20:00:00+00:00,1267,30,12,12.0,7.145196134997171,3.4339872044851463,2.5649493574615367,-0.8660254037844386,0.5000000000000001,0.7818314824680298,0.6234898018587336,2.5649493574615367
2015-08-25 21:00:00+00:00,1246,38,5,5.0,7.1284959456800365,3.6635616461296463,1.791759469228055,-0.7071067811865477,0.7071067811865474,0.7818314824680298,0.6234898018587336,1.791759469228055
2015-08-25 22:00:00+00:00,1249,37,20,20.0,7.1308988302963465,3.6375861597263857,3.044522437723423,-0.5000000000000004,0.8660254037844384,0.7818314824680298,0.6234898018587336,3.044522437723423
2015-08-25 23:00:00+00:00,1039,23,12,12.0,6.946975992135418,3.1780538303479458,2.5649493574615367,-0.25881904510252157,0.9659258262890681,0.7818314824680298,0.6234898018587336,2.5649493574615367
2015-08-26 00:00:00+00:00,888,29,7,7.0,6.790097235513905,3.4011973816621555,2.0794415416798357,0.0,1.0,0.9749279121818236,-0.22252093395631434,2.0794415416798357
2015-08-26 01:00:00+00:00,857,12,3,3.0,6.754604099487962,2.5649493574615367,1.3862943611198906,0.25881904510252074,0.9659258262890683,0.9749279121818236,-0.22252093395631434,1.3862943611198906
2015-08-26 02:00:00+00:00,919,42,4,4.0,6.824373670043086,3.7612001156935624,1.6094379124341003,0.49999999999999994,0.8660254037844387,0.9749279121818236,-0.22252093395631434,1.6094379124341003
2015-08-26 03:00:00+00:00,1059,24,11,11.0,6.966024187106113,3.2188758248682006,2.4849066497880004,0.7071067811865475,0.7071067811865476,0.9749279121818236,-0.22252093395631434,2.4849066497880004
2015-08-26 04:00:00+00:00,994,27,4,4.0,6.902742737158593,3.332204510175204,1.6094379124341003,0.8660254037844386,0.5000000000000001,0.9749279121818236,-0.22252093395631434,1.6094379124341003
2015-08-26 05:00:00+00:00,789,23,7,7.0,6.672032945461067,3.1780538303479458,2.0794415416798357,0.9659258262890683,0.25881904510252074,0.9749279121818236,-0.22252093395631434,2.0794415416798357
2015-08-26 06:00:00+00:00,399,14,5,5.0,5.991464547107982,2.70805020110221,1.791759469228055,1.0,6.123233995736766e-17,0.9749279121818236,-0.22252093395631434,1.791759469228055
2015-08-26 07:00:00+00:00,221,5,2,2.0,5.402677381872279,1.791759469228055,1.0986122886681098,0.9659258262890683,-0.25881904510252063,0.9749279121818236,-0.22252093395631434,1.0986122886681098
2015-08-26 08:00:00+00:00,131,11,1,1.0,4.882801922586371,2.4849066497880004,0.6931471805599453,0.8660254037844387,-0.49999999999999983,0.9749279121818236,-0.22252093395631434,0.6931471805599453
2015-08-26 09:00:00+00:00,72,2,1,1.0,4.290459441148391,1.0986122886681098,0.6931471805599453,0.7071067811865476,-0.7071067811865475,0.9749279121818236,-0.22252093395631434,0.6931471805599453
2015-08-26 10:00:00+00:00,76,1,0,0.0,4.343805421853684,0.6931471805599453,0.0,0.49999999999999994,-0.8660254037844387,0.9749279121818236,-0.22252093395631434,0.0
2015-08-26 11:00:00+00:00,115,1,1,1.0,4.7535901911063645,0.6931471805599453,0.6931471805599453,0.258819045102521,-0.9659258262890682,0.9749279121818236,-0.22252093395631434,0.6931471805599453
2015-08-26 12:00:00+00:00,220,3,0,0.0,5.3981627015177525,1.3862943611198906,0.0,1.2246467991473532e-16,-1.0,0.9749279121818236,-0.22252093395631434,0.0
2015-08-26 13:00:00+00:00,381,8,2,2.0,5.945420608606575,2.1972245773362196,1.0986122886681098,-0.2588190451025208,-0.9659258262890683,0.9749279121818236,-0.22252093395631434,1.0986122886681098
2015-08-26 14:00:00+00:00,560,23,8,8.0,6.329720905522696,3.1780538303479458,2.1972245773362196,-0.4999999999999998,-0.8660254037844388,0.9749279121818236,-0.22252093395631434,2.1972245773362196
2015-08-26 15:00:00+00:00,925,20,6,6.0,6.8308742346461795,3.044522437723423,1.9459101490553132,-0.7071067811865471,-0.7071067811865479,0.9749279121818236,-0.22252093395631434,1.9459101490553132
2015-08-26 16:00:00+00:00,1155,39,17,17.0,7.052721049232323,3.6888794541139363,2.8903717578961645,-0.8660254037844384,-0.5000000000000004,0.9749279121818236,-0.22252093395631434,2.8903717578961645
2015-08-26 17:00:00+00:00,1285,34,25,25.0,7.1592919047975645,3.5553480614894135,3.258096538021482,-0.9659258262890683,-0.25881904510252063,0.9749279121818236,-0.22252093395631434,3.258096538021482
2015-08-26 18:00:00+00:00,1180,42,14,14.0,7.074116816197362,3.7612001156935624,2.70805020110221,-1.0,-1.8369701987210297e-16,0.9749279121818236,-0.22252093395631434,2.70805020110221
2015-08-26 19:00:00+00:00,1286,33,22,22.0,7.160069207596127,3.5263605246161616,3.1354942159291497,-0.9659258262890684,0.2588190451025203,0.9749279121818236,-0.22252093395631434,3.1354942159291497
2015-08-26 20:00:00+00:00,1186,42,13,13.0,7.079184394609668,3.7612001156935624,2.6390573296152584,-0.8660254037844386,0.5000000000000001,0.9749279121818236,-0.22252093395631434,2.6390573296152584
2015-08-26 21:00:00+00:00,1243,48,27,27.0,7.126087273299125,3.8918202981106265,3.332204510175204,-0.7071067811865477,0.7071067811865474,0.9749279121818236,-0.22252093395631434,3.332204510175204
2015-08-26 22:00:00+00:00,1226,41,9,9.0,7.112327444710911,3.7376696182833684,2.302585092994046,-0.5000000000000004,0.8660254037844384,0.9749279121818236,-0.22252093395631434,2.302585092994046
2015-08-26 23:00:00+00:00,1036,41,16,16.0,6.9440872082295275,3.7376696182833684,2.833213344056216,-0.25881904510252157,0.9659258262890681,0.9749279121818236,-0.22252093395631434,2.833213344056216
2015-08-27 00:00:00+00:00,892,28,14,14.0,6.794586580876499,3.367295829986474,2.70805020110221,0.0,1.0,0.43388373911755823,-0.900968867902419,2.70805020110221
2015-08-27 01:00:00+00:00,913,23,12,12.0,6.81783057145415,3.1780538303479458,2.5649493574615367,0.25881904510252074,0.9659258262890683,0.43388373911755823,-0.900968867902419,2.5649493574615367
2015-08-27 02:00:00+00:00,863,14,7,7.0,6.761572768804055,2.70805020110221,2.0794415416798357,0.49999999999999994,0.8660254037844387,0.43388373911755823,-0.900968867902419,2.0794415416798357
2015-08-27 03:00:00+00:00,1056,25,5,5.0,6.963189985870238,3.258096538021482,1.791759469228055,0.7071067811865475,0.7071067811865476,0.43388373911755823,-0.900968867902419,1.791759469228055
2015-08-27 04:00:00+00:00,940,15,3,3.0,6.846943139585379,2.772588722239781,1.3862943611198906,0.8660254037844386,0.5000000000000001,0.43388373911755823,-0.900968867902419,1.3862943611198906
2015-08-27 05:00:00+00:00,761,16,5,5.0,6.635946555686647,2.833213344056216,1.791759469228055,0.9659258262890683,0.25881904510252074,0.43388373911755823,-0.900968867902419,1.791759469228055
2015-08-27 06:00:00+00:00,437,5,3,3.0,6.082218910376446,1.791759469228055,1.3862943611198906,1.0,6.123233995736766e-17,0.43388373911755823,-0.900968867902419,1.3862943611198906
2015-08-27 07:00:00+00:00,285,21,0,0.0,5.655991810819852,3.091042453358316,0.0,0.9659258262890683,-0.25881904510252063,0.43388373911755823,-0.900968867902419,0.0
2015-08-27 08:00:00+00:00,158,5,3,3.0,5.0689042022202315,1.791759469228055,1.3862943611198906,0.8660254037844387,-0.49999999999999983,0.43388373911755823,-0.900968867902419,1.3862943611198906
2015-08-27 09:00:00+00:00,116,2,0,0.0,4.762173934797756,1.0986122886681098,0.0,0.7071067811865476,-0.7071067811865475,0.43388373911755823,-0.900968867902419,0.0
2015-08-27 10:00:00+00:00,93,1,1,1.0,4.543294782270004,0.6931471805599453,0.6931471805599453,0.49999999999999994,-0.8660254037844387,0.43388373911755823,-0.900968867902419,0.6931471805599453
2015-08-27 11:00:00+00:00,114,1,0,0.0,4.74493212836325,0.6931471805599453,0.0,0.258819045102521,-0.9659258262890682,0.43388373911755823,-0.900968867902419,0.0
2015-08-27 12:00:00+00:00,200,3,0,0.0,5.303304908059076,1.3862943611198906,0.0,1.2246467991473532e-16,-1.0,0.43388373911755823,-0.900968867902419,0.0
2015-08-27 13:00:00+00:00,361,3,0,0.0,5.8916442118257715,1.3862943611198906,0.0,-0.2588190451025208,-0.9659258262890683,0.43388373911755823,-0.900968867902419,0.0
2015-08-27 14:00:00+00:00,589,11,4,4.0,6.380122536899765,2.4849066497880004,1.6094379124341003,-0.4999999999999998,-0.8660254037844388,0.43388373911755823,-0.900968867902419,1.6094379124341003
2015-08-27 15:00:00+00:00,907,27,6,6.0,6.811244378601294,3.332204510175204,1.9459101490553132,-0.7071067811865471,-0.7071067811865479,0.43388373911755823,-0.900968867902419,1.9459101490553132
2015-08-27 16:00:00+00:00,1178,50,25,25.0,7.072421900537371,3.9318256327243257,3.258096538021482,-0.8660254037844384,-0.5000000000000004,0.43388373911755823,-0.900968867902419,3.258096538021482
2015-08-27 17:00:00+00:00,1318,41,13,13.0,7.1846291527173145,3.7376696182833684,2.6390573296152584,-0.9659258262890683,-0.25881904510252063,0.43388373911755823,-0.900968867902419,2.6390573296152584
2015-08-27 18:00:00+00:00,1315,45,22,22.0,7.182352111885263,3.828641396489095,3.1354942159291497,-1.0,-1.8369701987210297e-16,0.43388373911755823,-0.900968867902419,3.1354942159291497
2015-08-27 19:00:00+00:00,1305,47,22,22.0,7.174724309836376,3.871201010907891,3.1354942159291497,-0.9659258262890684,0.2588190451025203,0.43388373911755823,-0.900968867902419,3.1354942159291497
2015-08-27 20:00:00+00:00,1460,42,27,27.0,7.2868764117507,3.7612001156935624,3.332204510175204,-0.8660254037844386,0.5000000000000001,0.43388373911755823,-0.900968867902419,3.332204510175204
2015-08-27 21:00:00+00:00,1274,37,21,21.0,7.150701457592526,3.6375861597263857,3.091042453358316,-0.7071067811865477,0.7071067811865474,0.43388373911755823,-0.900968867902419,3.091042453358316
2015-08-27 22:00:00+00:00,1232,27,6,6.0,7.117205503164344,3.332204510175204,1.9459101490553132,-0.5000000000000004,0.8660254037844384,0.43388373911755823,-0.900968867902419,1.9459101490553132
2015-08-27 23:00:00+00:00,1075,20,11,11.0,6.98100574072173,3.044522437723423,2.4849066497880004,-0.25881904510252157,0.9659258262890681,0.43388373911755823,-0.900968867902419,2.4849066497880004
2015-08-28 00:00:00+00:00,901,14,5,5.0,6.804614520062624,2.70805020110221,1.791759469228055,0.0,1.0,-0.433883739117558,-0.9009688679024191,1.791759469228055
2015-08-28 01:00:00+00:00,764,52,4,4.0,6.639875833826536,3.970291913552122,1.6094379124341003,0.25881904510252074,0.9659258262890683,-0.433883739117558,-0.9009688679024191,1.6094379124341003
2015-08-28 02:00:00+00:00,964,15,5,5.0,6.872128101338986,2.772588722239781,1.791759469228055,0.49999999999999994,0.8660254037844387,-0.433883739117558,-0.9009688679024191,1.791759469228055
2015-08-28 03:00:00+00:00,1091,15,6,6.0,6.9957661563048505,2.772588722239781,1.9459101490553132,0.7071067811865475,0.7071067811865476,-0.433883739117558,-0.9009688679024191,1.9459101490553132
2015-08-28 04:00:00+00:00,947,17,1,1.0,6.854354502255021,2.8903717578961645,0.6931471805599453,0.8660254037844386,0.5000000000000001,-0.433883739117558,-0.9009688679024191,0.6931471805599453
2015-08-28 05:00:00+00:00,799,18,3,3.0,6.684611727667927,2.9444389791664403,1.3862943611198906,0.9659258262890683,0.25881904510252074,-0.433883739117558,-0.9009688679024191,1.3862943611198906
2015-08-28 06:00:00+00:00,535,27,5,5.0,6.284134161070802,3.332204510175204,1.791759469228055,1.0,6.123233995736766e-17,-0.433883739117558,-0.9009688679024191,1.791759469228055
2015-08-28 07:00:00+00:00,302,26,4,4.0,5.713732805509369,3.295836866004329,1.6094379124341003,0.9659258262890683,-0.25881904510252063,-0.433883739117558,-0.9009688679024191,1.6094379124341003
2015-08-28 08:00:00+00:00,181,3,0,0.0,5.204006687076795,1.3862943611198906,0.0,0.8660254037844387,-0.49999999999999983,-0.433883739117558,-0.9009688679024191,0.0
2015-08-28 09:00:00+00:00,89,1,0,0.0,4.499809670330265,0.6931471805599453,0.0,0.7071067811865476,-0.7071067811865475,-0.433883739117558,-0.9009688679024191,0.0
2015-08-28 10:00:00+00:00,117,2,0,0.0,4.770684624465665,1.0986122886681098,0.0,0.49999999999999994,-0.8660254037844387,-0.433883739117558,-0.9009688679024191,0.0
2015-08-28 11:00:00+00:00,137,0,0,0.0,4.927253685157205,0.0,0.0,0.258819045102521,-0.9659258262890682,-0.433883739117558,-0.9009688679024191,0.0
2015-08-28 12:00:00+00:00,228,6,0,0.0,5.43372200355424,1.9459101490553132,0.0,1.2246467991473532e-16,-1.0,-0.433883739117558,-0.9009688679024191,0.0
2015-08-28 13:00:00+00:00,332,8,13,13.0,5.808142489980444,2.1972245773362196,2.6390573296152584,-0.2588190451025208,-0.9659258262890683,-0.433883739117558,-0.9009688679024191,2.6390573296152584
2015-08-28 14:00:00+00:00,618,22,7,7.0,6.428105272684596,3.1354942159291497,2.0794415416798357,-0.4999999999999998,-0.8660254037844388,-0.433883739117558,-0.9009688679024191,2.0794415416798357
2015-08-28 15:00:00+00:00,1014,35,8,8.0,6.922643891475888,3.58351893845611,2.1972245773362196,-0.7071067811865471,-0.7071067811865479,-0.433883739117558,-0.9009688679024191,2.1972245773362196
2015-08-28 16:00:00+00:00,1207,34,6,6.0,7.0967213784947605,3.5553480614894135,1.9459101490553132,-0.8660254037844384,-0.5000000000000004,-0.433883739117558,-0.9009688679024191,1.9459101490553132
2015-08-28 17:00:00+00:00,1458,58,23,23.0,7.285506548522785,4.07753744390572,3.1780538303479458,-0.9659258262890683,-0.25881904510252063,-0.433883739117558,-0.9009688679024191,3.1780538303479458
2015-08-28 18:00:00+00:00,1285,32,21,21.0,7.1592919047975645,3.4965075614664802,3.091042453358316,-1.0,-1.8369701987210297e-16,-0.433883739117558,-0.9009688679024191,3.091042453358316
2015-08-28 19:00:00+00:00,1232,36,17,17.0,7.117205503164344,3.6109179126442243,2.8903717578961645,-0.9659258262890684,0.2588190451025203,-0.433883739117558,-0.9009688679024191,2.8903717578961645
2015-08-28 20:00:00+00:00,1347,46,3,3.0,7.206377291472252,3.8501476017100584,1.3862943611198906,-0.8660254037844386,0.5000000000000001,-0.433883739117558,-0.9009688679024191,1.3862943611198906
2015-08-28 21:00:00+00:00,1230,45,10,10.0,7.115582126184454,3.828641396489095,2.3978952727983707,-0.7071067811865477,0.7071067811865474,-0.433883739117558,-0.9009688679024191,2.3978952727983707
2015-08-28 22:00:00+00:00,1165,29,7,7.0,7.061334366910438,3.4011973816621555,2.0794415416798357,-0.5000000000000004,0.8660254037844384,-0.433883739117558,-0.9009688679024191,2.0794415416798357
2015-08-28 23:00:00+00:00,943,23,4,4.0,6.8501261661455,3.1780538303479458,1.6094379124341003,-0.25881904510252157,0.9659258262890681,-0.433883739117558,-0.9009688679024191,1.6094379124341003
2015-08-29 00:00:00+00:00,892,17,8,8.0,6.794586580876499,2.8903717578961645,2.1972245773362196,0.0,1.0,-0.9749279121818236,-0.2225209339563146,2.1972245773362196
2015-08-29 01:00:00+00:00,837,18,5,5.0,6.731018100482083,2.9444389791664403,1.791759469228055,0.25881904510252074,0.9659258262890683,-0.9749279121818236,-0.2225209339563146,1.791759469228055
2015-08-29 02:00:00+00:00,874,14,1,1.0,6.774223886357614,2.70805020110221,0.6931471805599453,0.49999999999999994,0.8660254037844387,-0.9749279121818236,-0.2225209339563146,0.6931471805599453
2015-08-29 03:00:00+00:00,862,20,6,6.0,6.760414691083428,3.044522437723423,1.9459101490553132,0.7071067811865475,0.7071067811865476,-0.9749279121818236,-0.2225209339563146,1.9459101490553132
2015-08-29 04:00:00+00:00,862,20,3,3.0,6.760414691083428,3.044522437723423,1.3862943611198906,0.8660254037844386,0.5000000000000001,-0.9749279121818236,-0.2225209339563146,1.3862943611198906
2015-08-29 05:00:00+00:00,629,11,6,6.0,6.4457198193855785,2.4849066497880004,1.9459101490553132,0.9659258262890683,0.25881904510252074,-0.9749279121818236,-0.2225209339563146,1.9459101490553132
2015-08-29 06:00:00+00:00,501,12,2,2.0,6.218600119691729,2.5649493574615367,1.0986122886681098,1.0,6.123233995736766e-17,-0.9749279121818236,-0.2225209339563146,1.0986122886681098
2015-08-29 07:00:00+00:00,287,9,2,2.0,5.662960480135946,2.302585092994046,1.0986122886681098,0.9659258262890683,-0.25881904510252063,-0.9749279121818236,-0.2225209339563146,1.0986122886681098
2015-08-29 08:00:00+00:00,198,11,0,0.0,5.293304824724492,2.4849066497880004,0.0,0.8660254037844387,-0.49999999999999983,-0.9749279121818236,-0.2225209339563146,0.0
2015-08-29 09:00:00+00:00,107,2,0,0.0,4.68213122712422,1.0986122886681098,0.0,0.7071067811865476,-0.7071067811865475,-0.9749279121818236,-0.2225209339563146,0.0
2015-08-29 10:00:00+00:00,89,3,0,0.0,4.499809670330265,1.3862943611198906,0.0,0.49999999999999994,-0.8660254037844387,-0.9749279121818236,-0.2225209339563146,0.0
2015-08-29 11:00:00+00:00,85,0,0,0.0,4.454347296253507,0.0,0.0,0.258819045102521,-0.9659258262890682,-0.9749279121818236,-0.2225209339563146,0.0
2015-08-29 12:00:00+00:00,178,1,0,0.0,5.187385805840755,0.6931471805599453,0.0,1.2246467991473532e-16,-1.0,-0.9749279121818236,-0.2225209339563146,0.0
2015-08-29 13:00:00+00:00,331,13,1,1.0,5.805134968916488,2.6390573296152584,0.6931471805599453,-0.2588190451025208,-0.9659258262890683,-0.9749279121818236,-0.2225209339563146,0.6931471805599453
2015-08-29 14:00:00+00:00,449,8,1,1.0,6.1092475827643655,2.1972245773362196,0.6931471805599453,-0.4999999999999998,-0.8660254037844388,-0.9749279121818236,-0.2225209339563146,0.6931471805599453
2015-08-29 15:00:00+00:00,665,23,3,3.0,6.501289670540389,3.1780538303479458,1.3862943611198906,-0.7071067811865471,-0.7071067811865479,-0.9749279121818236,-0.2225209339563146,1.3862943611198906
2015-08-29 16:00:00+00:00,759,13,6,6.0,6.633318433280377,2.6390573296152584,1.9459101490553132,-0.8660254037844384,-0.5000000000000004,-0.9749279121818236,-0.2225209339563146,1.9459101490553132
2015-08-29 17:00:00+00:00,892,23,2,2.0,6.794586580876499,3.1780538303479458,1.0986122886681098,-0.9659258262890683,-0.25881904510252063,-0.9749279121818236,-0.2225209339563146,1.0986122886681098
2015-08-29 18:00:00+00:00,883,18,4,4.0,6.784457062637643,2.9444389791664403,1.6094379124341003,-1.0,-1.8369701987210297e-16,-0.9749279121818236,-0.2225209339563146,1.6094379124341003
2015-08-29 19:00:00+00:00,906,23,4,4.0,6.810142450115136,3.1780538303479458,1.6094379124341003,-0.9659258262890684,0.2588190451025203,-0.9749279121818236,-0.2225209339563146,1.6094379124341003
2015-08-29 20:00:00+00:00,828,32,9,9.0,6.720220155135295,3.4965075614664802,2.302585092994046,-0.8660254037844386,0.5000000000000001,-0.9749279121818236,-0.2225209339563146,2.302585092994046
2015-08-29 21:00:00+00:00,770,29,6,6.0,6.647688373563329,3.4011973816621555,1.9459101490553132,-0.7071067811865477,0.7071067811865474,-0.9749279121818236,-0.2225209339563146,1.9459101490553132
2015-08-29 22:00:00+00:00,856,18,5,5.0,6.75343791859778,2.9444389791664403,1.791759469228055,-0.5000000000000004,0.8660254037844384,-0.9749279121818236,-0.2225209339563146,1.791759469228055
2015-08-29 23:00:00+00:00,792,15,3,3.0,6.675823221634848,2.772588722239781,1.3862943611198906,-0.25881904510252157,0.9659258262890681,-0.9749279121818236,-0.2225209339563146,1.3862943611198906
2015-08-30 00:00:00+00:00,704,13,1,1.0,6.558197802812269,2.6390573296152584,0.6931471805599453,0.0,1.0,-0.7818314824680299,0.6234898018587334,0.6931471805599453
2015-08-30 01:00:00+00:00,703,18,6,6.0,6.556778356158042,2.9444389791664403,1.9459101490553132,0.25881904510252074,0.9659258262890683,-0.7818314824680299,0.6234898018587334,1.9459101490553132
2015-08-30 02:00:00+00:00,844,18,4,4.0,6.739336627357174,2.9444389791664403,1.6094379124341003,0.49999999999999994,0.8660254037844387,-0.7818314824680299,0.6234898018587334,1.6094379124341003
2015-08-30 03:00:00+00:00,792,21,5,5.0,6.675823221634848,3.091042453358316,1.791759469228055,0.7071067811865475,0.7071067811865476,-0.7818314824680299,0.6234898018587334,1.791759469228055
2015-08-30 04:00:00+00:00,843,26,1,1.0,6.738152494595957,3.295836866004329,0.6931471805599453,0.8660254037844386,0.5000000000000001,-0.7818314824680299,0.6234898018587334,0.6931471805599453
2015-08-30 05:00:00+00:00,709,34,3,3.0,6.565264970035361,3.5553480614894135,1.3862943611198906,0.9659258262890683,0.25881904510252074,-0.7818314824680299,0.6234898018587334,1.3862943611198906
2015-08-30 06:00:00+00:00,482,19,1,1.0,6.180016653652572,2.995732273553991,0.6931471805599453,1.0,6.123233995736766e-17,-0.7818314824680299,0.6234898018587334,0.6931471805599453
2015-08-30 07:00:00+00:00,316,6,6,6.0,5.75890177387728,1.9459101490553132,1.9459101490553132,0.9659258262890683,-0.25881904510252063,-0.7818314824680299,0.6234898018587334,1.9459101490553132
2015-08-30 08:00:00+00:00,154,2,2,2.0,5.043425116919247,1.0986122886681098,1.0986122886681098,0.8660254037844387,-0.49999999999999983,-0.7818314824680299,0.6234898018587334,1.0986122886681098
2015-08-30 09:00:00+00:00,111,6,1,1.0,4.718498871295094,1.9459101490553132,0.6931471805599453,0.7071067811865476,-0.7071067811865475,-0.7818314824680299,0.6234898018587334,0.6931471805599453
2015-08-30 10:00:00+00:00,82,3,0,0.0,4.418840607796598,1.3862943611198906,0.0,0.49999999999999994,-0.8660254037844387,-0.7818314824680299,0.6234898018587334,0.0
2015-08-30 11:00:00+00:00,95,2,1,1.0,4.564348191467836,1.0986122886681098,0.6931471805599453,0.258819045102521,-0.9659258262890682,-0.7818314824680299,0.6234898018587334,0.6931471805599453
2015-08-30 12:00:00+00:00,171,8,1,1.0,5.147494476813453,2.1972245773362196,0.6931471805599453,1.2246467991473532e-16,-1.0,-0.7818314824680299,0.6234898018587334,0.6931471805599453
2015-08-30 13:00:00+00:00,248,13,0,0.0,5.517452896464707,2.6390573296152584,0.0,-0.2588190451025208,-0.9659258262890683,-0.7818314824680299,0.6234898018587334,0.0
2015-08-30 14:00:00+00:00,455,20,7,7.0,6.1224928095143865,3.044522437723423,2.0794415416798357,-0.4999999999999998,-0.8660254037844388,-0.7818314824680299,0.6234898018587334,2.0794415416798357
2015-08-30 15:00:00+00:00,733,15,1,1.0,6.598509028614515,2.772588722239781,0.6931471805599453,-0.7071067811865471,-0.7071067811865479,-0.7818314824680299,0.6234898018587334,0.6931471805599453
2015-08-30 16:00:00+00:00,940,38,11,11.0,6.846943139585379,3.6635616461296463,2.4849066497880004,-0.8660254037844384,-0.5000000000000004,-0.7818314824680299,0.6234898018587334,2.4849066497880004
2015-08-30 17:00:00+00:00,969,36,11,11.0,6.877296071497429,3.6109179126442243,2.4849066497880004,-0.9659258262890683,-0.25881904510252063,-0.7818314824680299,0.6234898018587334,2.4849066497880004
2015-08-30 18:00:00+00:00,979,30,9,9.0,6.887552571664617,3.4339872044851463,2.302585092994046,-1.0,-1.8369701987210297e-16,-0.7818314824680299,0.6234898018587334,2.302585092994046
2015-08-30 19:00:00+00:00,1094,97,27,27.0,6.9985096422506015,4.584967478670572,3.332204510175204,-0.9659258262890684,0.2588190451025203,-0.7818314824680299,0.6234898018587334,3.332204510175204
2015-08-30 20:00:00+00:00,1128,62,21,21.0,7.029087564149662,4.143134726391533,3.091042453358316,-0.8660254037844386,0.5000000000000001,-0.7818314824680299,0.6234898018587334,3.091042453358316
2015-08-30 21:00:00+00:00,994,28,2,2.0,6.902742737158593,3.367295829986474,1.0986122886681098,-0.7071067811865477,0.7071067811865474,-0.7818314824680299,0.6234898018587334,1.0986122886681098
2015-08-30 22:00:00+00:00,1040,29,11,11.0,6.947937068614969,3.4011973816621555,2.4849066497880004,-0.5000000000000004,0.8660254037844384,-0.7818314824680299,0.6234898018587334,2.4849066497880004
2015-08-30 23:00:00+00:00,971,30,14,14.0,6.879355804460439,3.4339872044851463,2.70805020110221,-0.25881904510252157,0.9659258262890681,-0.7818314824680299,0.6234898018587334,2.70805020110221
2015-08-31 00:00:00+00:00,947,33,6,6.0,6.854354502255021,3.5263605246161616,1.9459101490553132,0.0,1.0,0.0,1.0,1.9459101490553132
2015-08-31 01:00:00+00:00,986,21,14,14.0,6.894670039433482,3.091042453358316,2.70805020110221,0.25881904510252074,0.9659258262890683,0.0,1.0,2.70805020110221
2015-08-31 02:00:00+00:00,1003,36,7,7.0,6.911747300251674,3.6109179126442243,2.0794415416798357,0.49999999999999994,0.8660254037844387,0.0,1.0,2.0794415416798357
2015-08-31 03:00:00+00:00,1048,30,12,12.0,6.955592608396297,3.4339872044851463,2.5649493574615367,0.7071067811865475,0.7071067811865476,0.0,1.0,2.5649493574615367
2015-08-31 04:00:00+00:00,889,18,7,7.0,6.7912214627261855,2.9444389791664403,2.0794415416798357,0.8660254037844386,0.5000000000000001,0.0,1.0,2.0794415416798357
2015-08-31 05:00:00+00:00,737,14,3,3.0,6.6039438246004725,2.70805020110221,1.3862943611198906,0.9659258262890683,0.25881904510252074,0.0,1.0,1.3862943611198906
2015-08-31 06:00:00+00:00,514,5,1,1.0,6.244166900663736,1.791759469228055,0.6931471805599453,1.0,6.123233995736766e-17,0.0,1.0,0.6931471805599453
2015-08-31 07:00:00+00:00,265,5,0,0.0,5.583496308781699,1.791759469228055,0.0,0.9659258262890683,-0.25881904510252063,0.0,1.0,0.0
2015-08-31 08:00:00+00:00,146,1,1,1.0,4.990432586778736,0.6931471805599453,0.6931471805599453,0.8660254037844387,-0.49999999999999983,0.0,1.0,0.6931471805599453
2015-08-31 09:00:00+00:00,81,0,0,0.0,4.406719247264253,0.0,0.0,0.7071067811865476,-0.7071067811865475,0.0,1.0,0.0
2015-08-31 10:00:00+00:00,81,1,0,0.0,4.406719247264253,0.6931471805599453,0.0,0.49999999999999994,-0.8660254037844387,0.0,1.0,0.0
2015-08-31 11:00:00+00:00,123,4,0,0.0,4.820281565605037,1.6094379124341003,0.0,0.258819045102521,-0.9659258262890682,0.0,1.0,0.0
2015-08-31 12:00:00+00:00,188,5,2,2.0,5.241747015059643,1.791759469228055,1.0986122886681098,1.2246467991473532e-16,-1.0,0.0,1.0,1.0986122886681098
2015-08-31 13:00:00+00:00,325,1,0,0.0,5.786897381366708,0.6931471805599453,0.0,-0.2588190451025208,-0.9659258262890683,0.0,1.0,0.0
2015-08-31 14:00:00+00:00,555,14,4,4.0,6.320768294250582,2.70805020110221,1.6094379124341003,-0.4999999999999998,-0.8660254037844388,0.0,1.0,1.6094379124341003
2015-08-31 15:00:00+00:00,916,16,9,9.0,6.821107472256465,2.833213344056216,2.302585092994046,-0.7071067811865471,-0.7071067811865479,0.0,1.0,2.302585092994046
2015-08-31 16:00:00+00:00,1001,23,8,8.0,6.90975328164481,3.1780538303479458,2.1972245773362196,-0.8660254037844384,-0.5000000000000004,0.0,1.0,2.1972245773362196
2015-08-31 17:00:00+00:00,1120,37,8,8.0,7.02197642307216,3.6375861597263857,2.1972245773362196,-0.9659258262890683,-0.25881904510252063,0.0,1.0,2.1972245773362196
2015-08-31 18:00:00+00:00,1177,22,15,15.0,7.071573364211532,3.1354942159291497,2.772588722239781,-1.0,-1.8369701987210297e-16,0.0,1.0,2.772588722239781
2015-08-31 19:00:00+00:00,1162,30,14,14.0,7.0587581525186645,3.4339872044851463,2.70805020110221,-0.9659258262890684,0.2588190451025203,0.0,1.0,2.70805020110221
2015-08-31 20:00:00+00:00,1365,30,14,14.0,7.2196420401307355,3.4339872044851463,2.70805020110221,-0.8660254037844386,0.5000000000000001,0.0,1.0,2.70805020110221
2015-08-31 21:00:00+00:00,1251,38,22,22.0,7.132497551660044,3.6635616461296463,3.1354942159291497,-0.7071067811865477,0.7071067811865474,0.0,1.0,3.1354942159291497
2015-08-31 22:00:00+00:00,1134,34,19,19.0,7.034387929915503,3.5553480614894135,2.995732273553991,-0.5000000000000004,0.8660254037844384,0.0,1.0,2.995732273553991
2015-08-31 23:00:00+00:00,983,34,9,9.0,6.891625897052253,3.5553480614894135,2.302585092994046,-0.25881904510252157,0.9659258262890681,0.0,1.0,2.302585092994046
2015-09-01 00:00:00+00:00,936,19,7,7.0,6.842683282238422,2.995732273553991,2.0794415416798357,0.0,1.0,0.7818314824680298,0.6234898018587336,2.0794415416798357
2015-09-01 01:00:00+00:00,772,8,5,5.0,6.650279048587422,2.1972245773362196,1.791759469228055,0.25881904510252074,0.9659258262890683,0.7818314824680298,0.6234898018587336,1.791759469228055
2015-09-01 02:00:00+00:00,862,14,10,10.0,6.760414691083428,2.70805020110221,2.3978952727983707,0.49999999999999994,0.8660254037844387,0.7818314824680298,0.6234898018587336,2.3978952727983707
2015-09-01 03:00:00+00:00,1020,28,6,6.0,6.928537818164665,3.367295829986474,1.9459101490553132,0.7071067811865475,0.7071067811865476,0.7818314824680298,0.6234898018587336,1.9459101490553132
2015-09-01 04:00:00+00:00,1000,23,4,4.0,6.90875477931522,3.1780538303479458,1.6094379124341003,0.8660254037844386,0.5000000000000001,0.7818314824680298,0.6234898018587336,1.6094379124341003
2015-09-01 05:00:00+00:00,670,10,11,11.0,6.508769136971682,2.3978952727983707,2.4849066497880004,0.9659258262890683,0.25881904510252074,0.7818314824680298,0.6234898018587336,2.4849066497880004
2015-09-01 06:00:00+00:00,378,8,2,2.0,5.937536205082426,2.1972245773362196,1.0986122886681098,1.0,6.123233995736766e-17,0.7818314824680298,0.6234898018587336,1.0986122886681098
2015-09-01 07:00:00+00:00,247,3,1,1.0,5.5134287461649825,1.3862943611198906,0.6931471805599453,0.9659258262890683,-0.25881904510252063,0.7818314824680298,0.6234898018587336,0.6931471805599453
2015-09-01 08:00:00+00:00,94,4,0,0.0,4.553876891600541,1.6094379124341003,0.0,0.8660254037844387,-0.49999999999999983,0.7818314824680298,0.6234898018587336,0.0
2015-09-01 09:00:00+00:00,94,9,0,0.0,4.553876891600541,2.302585092994046,0.0,0.7071067811865476,-0.7071067811865475,0.7818314824680298,0.6234898018587336,0.0
2015-09-01 10:00:00+00:00,70,1,0,0.0,4.2626798770413155,0.6931471805599453,0.0,0.49999999999999994,-0.8660254037844387,0.7818314824680298,0.6234898018587336,0.0
2015-09-01 11:00:00+00:00,154,3,0,0.0,5.043425116919247,1.3862943611198906,0.0,0.258819045102521,-0.9659258262890682,0.7818314824680298,0.6234898018587336,0.0
2015-09-01 12:00:00+00:00,221,2,0,0.0,5.402677381872279,1.0986122886681098,0.0,1.2246467991473532e-16,-1.0,0.7818314824680298,0.6234898018587336,0.0
2015-09-01 13:00:00+00:00,326,15,1,1.0,5.7899601708972535,2.772588722239781,0.6931471805599453,-0.2588190451025208,-0.9659258262890683,0.7818314824680298,0.6234898018587336,0.6931471805599453
2015-09-01 14:00:00+00:00,525,14,7,7.0,6.26530121273771,2.70805020110221,2.0794415416798357,-0.4999999999999998,-0.8660254037844388,0.7818314824680298,0.6234898018587336,2.0794415416798357
2015-09-01 15:00:00+00:00,750,26,2,2.0,6.621405651764134,3.295836866004329,1.0986122886681098,-0.7071067811865471,-0.7071067811865479,0.7818314824680298,0.6234898018587336,1.0986122886681098
2015-09-01 16:00:00+00:00,998,25,9,9.0,6.906754778648554,3.258096538021482,2.302585092994046,-0.8660254037844384,-0.5000000000000004,0.7818314824680298,0.6234898018587336,2.302585092994046
2015-09-01 17:00:00+00:00,1190,44,17,17.0,7.0825485693553,3.8066624897703196,2.8903717578961645,-0.9659258262890683,-0.25881904510252063,0.7818314824680298,0.6234898018587336,2.8903717578961645
2015-09-01 18:00:00+00:00,1104,28,15,15.0,7.007600613951853,3.367295829986474,2.772588722239781,-1.0,-1.8369701987210297e-16,0.7818314824680298,0.6234898018587336,2.772588722239781
2015-09-01 19:00:00+00:00,1158,30,18,18.0,7.055312843339752,3.4339872044851463,2.9444389791664403,-0.9659258262890684,0.2588190451025203,0.7818314824680298,0.6234898018587336,2.9444389791664403
2015-09-01 20:00:00+00:00,1430,28,9,9.0,7.266128779556451,3.367295829986474,2.302585092994046,-0.8660254037844386,0.5000000000000001,0.7818314824680298,0.6234898018587336,2.302585092994046
2015-09-01 21:00:00+00:00,1346,31,13,13.0,7.205635176410364,3.4657359027997265,2.6390573296152584,-0.7071067811865477,0.7071067811865474,0.7818314824680298,0.6234898018587336,2.6390573296152584
2015-09-01 22:00:00+00:00,1195,37,14,14.0,7.086737934510577,3.6375861597263857,2.70805020110221,-0.5000000000000004,0.8660254037844384,0.7818314824680298,0.6234898018587336,2.70805020110221
2015-09-01 23:00:00+00:00,1033,33,7,7.0,6.9411900550683745,3.5263605246161616,2.0794415416798357,-0.25881904510252157,0.9659258262890681,0.7818314824680298,0.6234898018587336,2.0794415416798357
2015-09-02 00:00:00+00:00,758,25,10,10.0,6.63200177739563,3.258096538021482,2.3978952727983707,0.0,1.0,0.9749279121818236,-0.22252093395631434,2.3978952727983707
2015-09-02 01:00:00+00:00,800,12,2,2.0,6.68586094706836,2.5649493574615367,1.0986122886681098,0.25881904510252074,0.9659258262890683,0.9749279121818236,-0.22252093395631434,1.0986122886681098
2015-09-02 02:00:00+00:00,850,15,2,2.0,6.7464121285733745,2.772588722239781,1.0986122886681098,0.49999999999999994,0.8660254037844387,0.9749279121818236,-0.22252093395631434,1.0986122886681098
2015-09-02 03:00:00+00:00,982,22,8,8.0,6.890609120147166,3.1354942159291497,2.1972245773362196,0.7071067811865475,0.7071067811865476,0.9749279121818236,-0.22252093395631434,2.1972245773362196
2015-09-02 04:00:00+00:00,924,21,2,2.0,6.829793737512425,3.091042453358316,1.0986122886681098,0.8660254037844386,0.5000000000000001,0.9749279121818236,-0.22252093395631434,1.0986122886681098
2015-09-02 05:00:00+00:00,705,14,6,6.0,6.559615237493242,2.70805020110221,1.9459101490553132,0.9659258262890683,0.25881904510252074,0.9749279121818236,-0.22252093395631434,1.9459101490553132
2015-09-02 06:00:00+00:00,309,3,0,0.0,5.736572297479192,1.3862943611198906,0.0,1.0,6.123233995736766e-17,0.9749279121818236,-0.22252093395631434,0.0
2015-09-02 07:00:00+00:00,156,8,0,0.0,5.056245805348308,2.1972245773362196,0.0,0.9659258262890683,-0.25881904510252063,0.9749279121818236,-0.22252093395631434,0.0
2015-09-02 08:00:00+00:00,101,5,0,0.0,4.624972813284271,1.791759469228055,0.0,0.8660254037844387,-0.49999999999999983,0.9749279121818236,-0.22252093395631434,0.0
2015-09-02 09:00:00+00:00,81,1,2,2.0,4.406719247264253,0.6931471805599453,1.0986122886681098,0.7071067811865476,-0.7071067811865475,0.9749279121818236,-0.22252093395631434,1.0986122886681098
2015-09-02 10:00:00+00:00,69,0,0,0.0,4.248495242049359,0.0,0.0,0.49999999999999994,-0.8660254037844387,0.9749279121818236,-0.22252093395631434,0.0
2015-09-02 11:00:00+00:00,98,1,0,0.0,4.59511985013459,0.6931471805599453,0.0,0.258819045102521,-0.9659258262890682,0.9749279121818236,-0.22252093395631434,0.0
2015-09-02 12:00:00+00:00,232,3,2,2.0,5.4510384535657,1.3862943611198906,1.0986122886681098,1.2246467991473532e-16,-1.0,0.9749279121818236,-0.22252093395631434,1.0986122886681098
2015-09-02 13:00:00+00:00,314,7,1,1.0,5.752572638825633,2.0794415416798357,0.6931471805599453,-0.2588190451025208,-0.9659258262890683,0.9749279121818236,-0.22252093395631434,0.6931471805599453
2015-09-02 14:00:00+00:00,487,12,9,9.0,6.1903154058531475,2.5649493574615367,2.302585092994046,-0.4999999999999998,-0.8660254037844388,0.9749279121818236,-0.22252093395631434,2.302585092994046
2015-09-02 15:00:00+00:00,772,12,5,5.0,6.650279048587422,2.5649493574615367,1.791759469228055,-0.7071067811865471,-0.7071067811865479,0.9749279121818236,-0.22252093395631434,1.791759469228055
2015-09-02 16:00:00+00:00,1060,37,18,18.0,6.966967138613983,3.6375861597263857,2.9444389791664403,-0.8660254037844384,-0.5000000000000004,0.9749279121818236,-0.22252093395631434,2.9444389791664403
2015-09-02 17:00:00+00:00,1101,36,14,14.0,7.004881989712859,3.6109179126442243,2.70805020110221,-0.9659258262890683,-0.25881904510252063,0.9749279121818236,-0.22252093395631434,2.70805020110221
2015-09-02 18:00:00+00:00,957,34,9,9.0,6.86484777797086,3.5553480614894135,2.302585092994046,-1.0,-1.8369701987210297e-16,0.9749279121818236,-0.22252093395631434,2.302585092994046
2015-09-02 19:00:00+00:00,1240,36,9,9.0,7.123672785204607,3.6109179126442243,2.302585092994046,-0.9659258262890684,0.2588190451025203,0.9749279121818236,-0.22252093395631434,2.302585092994046
2015-09-02 20:00:00+00:00,1299,42,19,19.0,7.170119543449628,3.7612001156935624,2.995732273553991,-0.8660254037844386,0.5000000000000001,0.9749279121818236,-0.22252093395631434,2.995732273553991
2015-09-02 21:00:00+00:00,1324,21,5,5.0,7.1891677384203225,3.091042453358316,1.791759469228055,-0.7071067811865477,0.7071067811865474,0.9749279121818236,-0.22252093395631434,1.791759469228055
2015-09-02 22:00:00+00:00,1325,33,13,13.0,7.189922170745808,3.5263605246161616,2.6390573296152584,-0.5000000000000004,0.8660254037844384,0.9749279121818236,-0.22252093395631434,2.6390573296152584
2015-09-02 23:00:00+00:00,1033,17,5,5.0,6.9411900550683745,2.8903717578961645,1.791759469228055,-0.25881904510252157,0.9659258262890681,0.9749279121818236,-0.22252093395631434,1.791759469228055
2015-09-03 00:00:00+00:00,932,30,4,4.0,6.838405200847344,3.4339872044851463,1.6094379124341003,0.0,1.0,0.43388373911755823,-0.900968867902419,1.6094379124341003
2015-09-03 01:00:00+00:00,858,15,4,4.0,6.755768921984255,2.772588722239781,1.6094379124341003,0.25881904510252074,0.9659258262890683,0.43388373911755823,-0.900968867902419,1.6094379124341003
2015-09-03 02:00:00+00:00,912,42,6,6.0,6.816735880594968,3.7612001156935624,1.9459101490553132,0.49999999999999994,0.8660254037844387,0.43388373911755823,-0.900968867902419,1.9459101490553132
2015-09-03 03:00:00+00:00,1017,23,9,9.0,6.925595197110468,3.1780538303479458,2.302585092994046,0.7071067811865475,0.7071067811865476,0.43388373911755823,-0.900968867902419,2.302585092994046
2015-09-03 04:00:00+00:00,977,24,4,4.0,6.885509670034818,3.2188758248682006,1.6094379124341003,0.8660254037844386,0.5000000000000001,0.43388373911755823,-0.900968867902419,1.6094379124341003
2015-09-03 05:00:00+00:00,614,11,10,10.0,6.421622267806518,2.4849066497880004,2.3978952727983707,0.9659258262890683,0.25881904510252074,0.43388373911755823,-0.900968867902419,2.3978952727983707
2015-09-03 06:00:00+00:00,473,14,6,6.0,6.161207321695077,2.70805020110221,1.9459101490553132,1.0,6.123233995736766e-17,0.43388373911755823,-0.900968867902419,1.9459101490553132
2015-09-03 07:00:00+00:00,226,13,1,1.0,5.424950017481403,2.6390573296152584,0.6931471805599453,0.9659258262890683,-0.25881904510252063,0.43388373911755823,-0.900968867902419,0.6931471805599453
2015-09-03 08:00:00+00:00,137,3,1,1.0,4.927253685157205,1.3862943611198906,0.6931471805599453,0.8660254037844387,-0.49999999999999983,0.43388373911755823,-0.900968867902419,0.6931471805599453
2015-09-03 09:00:00+00:00,96,3,0,0.0,4.574710978503383,1.3862943611198906,0.0,0.7071067811865476,-0.7071067811865475,0.43388373911755823,-0.900968867902419,0.0
2015-09-03 10:00:00+00:00,91,12,0,0.0,4.5217885770490405,2.5649493574615367,0.0,0.49999999999999994,-0.8660254037844387,0.43388373911755823,-0.900968867902419,0.0
2015-09-03 11:00:00+00:00,116,14,0,0.0,4.762173934797756,2.70805020110221,0.0,0.258819045102521,-0.9659258262890682,0.43388373911755823,-0.900968867902419,0.0
2015-09-03 12:00:00+00:00,203,5,4,4.0,5.318119993844216,1.791759469228055,1.6094379124341003,1.2246467991473532e-16,-1.0,0.43388373911755823,-0.900968867902419,1.6094379124341003
2015-09-03 13:00:00+00:00,348,13,4,4.0,5.855071922202427,2.6390573296152584,1.6094379124341003,-0.2588190451025208,-0.9659258262890683,0.43388373911755823,-0.900968867902419,1.6094379124341003
2015-09-03 14:00:00+00:00,543,2,2,2.0,6.298949246855942,1.0986122886681098,1.0986122886681098,-0.4999999999999998,-0.8660254037844388,0.43388373911755823,-0.900968867902419,1.0986122886681098
2015-09-03 15:00:00+00:00,813,17,4,4.0,6.70196036600254,2.8903717578961645,1.6094379124341003,-0.7071067811865471,-0.7071067811865479,0.43388373911755823,-0.900968867902419,1.6094379124341003
2015-09-03 16:00:00+00:00,1085,20,5,5.0,6.990256500493881,3.044522437723423,1.791759469228055,-0.8660254037844384,-0.5000000000000004,0.43388373911755823,-0.900968867902419,1.791759469228055
2015-09-03 17:00:00+00:00,1193,28,8,8.0,7.085064293952548,3.367295829986474,2.1972245773362196,-0.9659258262890683,-0.25881904510252063,0.43388373911755823,-0.900968867902419,2.1972245773362196
2015-09-03 18:00:00+00:00,1070,26,9,9.0,6.976348070447749,3.295836866004329,2.302585092994046,-1.0,-1.8369701987210297e-16,0.43388373911755823,-0.900968867902419,2.302585092994046
2015-09-03 19:00:00+00:00,1140,39,17,17.0,7.039660349862076,3.6888794541139363,2.8903717578961645,-0.9659258262890684,0.2588190451025203,0.43388373911755823,-0.900968867902419,2.8903717578961645
2015-09-03 20:00:00+00:00,1130,22,11,11.0,7.030857476116121,3.1354942159291497,2.4849066497880004,-0.8660254037844386,0.5000000000000001,0.43388373911755823,-0.900968867902419,2.4849066497880004
2015-09-03 21:00:00+00:00,1243,29,8,8.0,7.126087273299125,3.4011973816621555,2.1972245773362196,-0.7071067811865477,0.7071067811865474,0.43388373911755823,-0.900968867902419,2.1972245773362196
2015-09-03 22:00:00+00:00,1094,21,14,14.0,6.9985096422506015,3.091042453358316,2.70805020110221,-0.5000000000000004,0.8660254037844384,0.43388373911755823,-0.900968867902419,2.70805020110221
2015-09-03 23:00:00+00:00,1142,19,7,7.0,7.04141166379481,2.995732273553991,2.0794415416798357,-0.25881904510252157,0.9659258262890681,0.43388373911755823,-0.900968867902419,2.0794415416798357
2015-09-04 00:00:00+00:00,891,21,12,12.0,6.79346613258001,3.091042453358316,2.5649493574615367,0.0,1.0,-0.433883739117558,-0.9009688679024191,2.5649493574615367
2015-09-04 01:00:00+00:00,1007,30,11,11.0,6.915723448631314,3.4339872044851463,2.4849066497880004,0.25881904510252074,0.9659258262890683,-0.433883739117558,-0.9009688679024191,2.4849066497880004
2015-09-04 02:00:00+00:00,973,37,12,12.0,6.881411303642535,3.6375861597263857,2.5649493574615367,0.49999999999999994,0.8660254037844387,-0.433883739117558,-0.9009688679024191,2.5649493574615367
2015-09-04 03:00:00+00:00,955,18,4,4.0,6.862757913051401,2.9444389791664403,1.6094379124341003,0.7071067811865475,0.7071067811865476,-0.433883739117558,-0.9009688679024191,1.6094379124341003
2015-09-04 04:00:00+00:00,930,15,3,3.0,6.836259277277067,2.772588722239781,1.3862943611198906,0.8660254037844386,0.5000000000000001,-0.433883739117558,-0.9009688679024191,1.3862943611198906
2015-09-04 05:00:00+00:00,671,25,6,6.0,6.51025834052315,3.258096538021482,1.9459101490553132,0.9659258262890683,0.25881904510252074,-0.433883739117558,-0.9009688679024191,1.9459101490553132
2015-09-04 06:00:00+00:00,431,9,2,2.0,6.068425588244111,2.302585092994046,1.0986122886681098,1.0,6.123233995736766e-17,-0.433883739117558,-0.9009688679024191,1.0986122886681098
2015-09-04 07:00:00+00:00,248,3,0,0.0,5.517452896464707,1.3862943611198906,0.0,0.9659258262890683,-0.25881904510252063,-0.433883739117558,-0.9009688679024191,0.0
2015-09-04 08:00:00+00:00,164,3,0,0.0,5.10594547390058,1.3862943611198906,0.0,0.8660254037844387,-0.49999999999999983,-0.433883739117558,-0.9009688679024191,0.0
2015-09-04 09:00:00+00:00,91,0,0,0.0,4.5217885770490405,0.0,0.0,0.7071067811865476,-0.7071067811865475,-0.433883739117558,-0.9009688679024191,0.0
2015-09-04 10:00:00+00:00,112,1,0,0.0,4.727387818712341,0.6931471805599453,0.0,0.49999999999999994,-0.8660254037844387,-0.433883739117558,-0.9009688679024191,0.0
2015-09-04 11:00:00+00:00,125,4,0,0.0,4.836281906951478,1.6094379124341003,0.0,0.258819045102521,-0.9659258262890682,-0.433883739117558,-0.9009688679024191,0.0
2015-09-04 12:00:00+00:00,223,2,1,1.0,5.4116460518550396,1.0986122886681098,0.6931471805599453,1.2246467991473532e-16,-1.0,-0.433883739117558,-0.9009688679024191,0.6931471805599453
2015-09-04 13:00:00+00:00,315,9,1,1.0,5.755742213586912,2.302585092994046,0.6931471805599453,-0.2588190451025208,-0.9659258262890683,-0.433883739117558,-0.9009688679024191,0.6931471805599453
2015-09-04 14:00:00+00:00,495,10,0,0.0,6.206575926724928,2.3978952727983707,0.0,-0.4999999999999998,-0.8660254037844388,-0.433883739117558,-0.9009688679024191,0.0
2015-09-04 15:00:00+00:00,875,15,5,5.0,6.775366090936392,2.772588722239781,1.791759469228055,-0.7071067811865471,-0.7071067811865479,-0.433883739117558,-0.9009688679024191,1.791759469228055
2015-09-04 16:00:00+00:00,990,26,8,8.0,6.898714534329988,3.295836866004329,2.1972245773362196,-0.8660254037844384,-0.5000000000000004,-0.433883739117558,-0.9009688679024191,2.1972245773362196
2015-09-04 17:00:00+00:00,1138,36,16,16.0,7.037905963447182,3.6109179126442243,2.833213344056216,-0.9659258262890683,-0.25881904510252063,-0.433883739117558,-0.9009688679024191,2.833213344056216
2015-09-04 18:00:00+00:00,1172,33,8,8.0,7.067319848653476,3.5263605246161616,2.1972245773362196,-1.0,-1.8369701987210297e-16,-0.433883739117558,-0.9009688679024191,2.1972245773362196
2015-09-04 19:00:00+00:00,1184,39,15,15.0,7.077498053569231,3.6888794541139363,2.772588722239781,-0.9659258262890684,0.2588190451025203,-0.433883739117558,-0.9009688679024191,2.772588722239781
2015-09-04 20:00:00+00:00,1131,25,14,14.0,7.0317412587631285,3.258096538021482,2.70805020110221,-0.8660254037844386,0.5000000000000001,-0.433883739117558,-0.9009688679024191,2.70805020110221
2015-09-04 21:00:00+00:00,1051,40,18,18.0,6.9584483932976555,3.713572066704308,2.9444389791664403,-0.7071067811865477,0.7071067811865474,-0.433883739117558,-0.9009688679024191,2.9444389791664403
2015-09-04 22:00:00+00:00,1036,31,10,10.0,6.9440872082295275,3.4657359027997265,2.3978952727983707,-0.5000000000000004,0.8660254037844384,-0.433883739117558,-0.9009688679024191,2.3978952727983707
2015-09-04 23:00:00+00:00,916,20,7,7.0,6.821107472256465,3.044522437723423,2.0794415416798357,-0.25881904510252157,0.9659258262890681,-0.433883739117558,-0.9009688679024191,2.0794415416798357
2015-09-05 00:00:00+00:00,714,17,3,3.0,6.5722825426940075,2.8903717578961645,1.3862943611198906,0.0,1.0,-0.9749279121818236,-0.2225209339563146,1.3862943611198906
2015-09-05 01:00:00+00:00,730,13,6,6.0,6.594413459749778,2.6390573296152584,1.9459101490553132,0.25881904510252074,0.9659258262890683,-0.9749279121818236,-0.2225209339563146,1.9459101490553132
2015-09-05 02:00:00+00:00,738,5,1,1.0,6.6052979209482015,1.791759469228055,0.6931471805599453,0.49999999999999994,0.8660254037844387,-0.9749279121818236,-0.2225209339563146,0.6931471805599453
2015-09-05 03:00:00+00:00,920,13,2,2.0,6.825460036255307,2.6390573296152584,1.0986122886681098,0.7071067811865475,0.7071067811865476,-0.9749279121818236,-0.2225209339563146,1.0986122886681098
2015-09-05 04:00:00+00:00,743,6,1,1.0,6.612041034833092,1.9459101490553132,0.6931471805599453,0.8660254037844386,0.5000000000000001,-0.9749279121818236,-0.2225209339563146,0.6931471805599453
2015-09-05 05:00:00+00:00,585,23,8,8.0,6.373319789577012,3.1780538303479458,2.1972245773362196,0.9659258262890683,0.25881904510252074,-0.9749279121818236,-0.2225209339563146,2.1972245773362196
2015-09-05 06:00:00+00:00,434,5,2,2.0,6.075346031088684,1.791759469228055,1.0986122886681098,1.0,6.123233995736766e-17,-0.9749279121818236,-0.2225209339563146,1.0986122886681098
2015-09-05 07:00:00+00:00,234,1,0,0.0,5.459585514144159,0.6931471805599453,0.0,0.9659258262890683,-0.25881904510252063,-0.9749279121818236,-0.2225209339563146,0.0
2015-09-05 08:00:00+00:00,141,9,0,0.0,4.955827057601261,2.302585092994046,0.0,0.8660254037844387,-0.49999999999999983,-0.9749279121818236,-0.2225209339563146,0.0
2015-09-05 09:00:00+00:00,99,2,2,2.0,4.605170185988092,1.0986122886681098,1.0986122886681098,0.7071067811865476,-0.7071067811865475,-0.9749279121818236,-0.2225209339563146,1.0986122886681098
2015-09-05 10:00:00+00:00,109,2,0,0.0,4.700480365792417,1.0986122886681098,0.0,0.49999999999999994,-0.8660254037844387,-0.9749279121818236,-0.2225209339563146,0.0
2015-09-05 11:00:00+00:00,138,1,0,0.0,4.9344739331306915,0.6931471805599453,0.0,0.258819045102521,-0.9659258262890682,-0.9749279121818236,-0.2225209339563146,0.0
2015-09-05 12:00:00+00:00,186,4,0,0.0,5.231108616854587,1.6094379124341003,0.0,1.2246467991473532e-16,-1.0,-0.9749279121818236,-0.2225209339563146,0.0
2015-09-05 13:00:00+00:00,237,6,1,1.0,5.472270673671475,1.9459101490553132,0.6931471805599453,-0.2588190451025208,-0.9659258262890683,-0.9749279121818236,-0.2225209339563146,0.6931471805599453
2015-09-05 14:00:00+00:00,384,6,0,0.0,5.953243334287785,1.9459101490553132,0.0,-0.4999999999999998,-0.8660254037844388,-0.9749279121818236,-0.2225209339563146,0.0
2015-09-05 15:00:00+00:00,592,13,6,6.0,6.385194398997726,2.6390573296152584,1.9459101490553132,-0.7071067811865471,-0.7071067811865479,-0.9749279121818236,-0.2225209339563146,1.9459101490553132
2015-09-05 16:00:00+00:00,793,23,7,7.0,6.677083461247136,3.1780538303479458,2.0794415416798357,-0.8660254037844384,-0.5000000000000004,-0.9749279121818236,-0.2225209339563146,2.0794415416798357
2015-09-05 17:00:00+00:00,889,27,8,8.0,6.7912214627261855,3.332204510175204,2.1972245773362196,-0.9659258262890683,-0.25881904510252063,-0.9749279121818236,-0.2225209339563146,2.1972245773362196
2015-09-05 18:00:00+00:00,897,28,5,5.0,6.8001700683022,3.367295829986474,1.791759469228055,-1.0,-1.8369701987210297e-16,-0.9749279121818236,-0.2225209339563146,1.791759469228055
2015-09-05 19:00:00+00:00,958,26,7,7.0,6.8658910748834385,3.295836866004329,2.0794415416798357,-0.9659258262890684,0.2588190451025203,-0.9749279121818236,-0.2225209339563146,2.0794415416798357
2015-09-05 20:00:00+00:00,879,22,8,8.0,6.779921907472252,3.1354942159291497,2.1972245773362196,-0.8660254037844386,0.5000000000000001,-0.9749279121818236,-0.2225209339563146,2.1972245773362196
2015-09-05 21:00:00+00:00,891,22,5,5.0,6.79346613258001,3.1354942159291497,1.791759469228055,-0.7071067811865477,0.7071067811865474,-0.9749279121818236,-0.2225209339563146,1.791759469228055
2015-09-05 22:00:00+00:00,782,15,2,2.0,6.663132695990803,2.772588722239781,1.0986122886681098,-0.5000000000000004,0.8660254037844384,-0.9749279121818236,-0.2225209339563146,1.0986122886681098
2015-09-05 23:00:00+00:00,900,19,6,6.0,6.803505257608338,2.995732273553991,1.9459101490553132,-0.25881904510252157,0.9659258262890681,-0.9749279121818236,-0.2225209339563146,1.9459101490553132
2015-09-06 00:00:00+00:00,727,18,5,5.0,6.590301048196686,2.9444389791664403,1.791759469228055,0.0,1.0,-0.7818314824680299,0.6234898018587334,1.791759469228055
2015-09-06 01:00:00+00:00,679,21,5,5.0,6.522092798170152,3.091042453358316,1.791759469228055,0.25881904510252074,0.9659258262890683,-0.7818314824680299,0.6234898018587334,1.791759469228055
2015-09-06 02:00:00+00:00,786,10,7,7.0,6.668228248417403,2.3978952727983707,2.0794415416798357,0.49999999999999994,0.8660254037844387,-0.7818314824680299,0.6234898018587334,2.0794415416798357
2015-09-06 03:00:00+00:00,797,17,3,3.0,6.682108597449809,2.8903717578961645,1.3862943611198906,0.7071067811865475,0.7071067811865476,-0.7818314824680299,0.6234898018587334,1.3862943611198906
2015-09-06 04:00:00+00:00,844,23,2,2.0,6.739336627357174,3.1780538303479458,1.0986122886681098,0.8660254037844386,0.5000000000000001,-0.7818314824680299,0.6234898018587334,1.0986122886681098
2015-09-06 05:00:00+00:00,711,18,6,6.0,6.568077911411976,2.9444389791664403,1.9459101490553132,0.9659258262890683,0.25881904510252074,-0.7818314824680299,0.6234898018587334,1.9459101490553132
2015-09-06 06:00:00+00:00,421,10,2,2.0,6.045005314036012,2.3978952727983707,1.0986122886681098,1.0,6.123233995736766e-17,-0.7818314824680299,0.6234898018587334,1.0986122886681098
2015-09-06 07:00:00+00:00,246,3,0,0.0,5.5093883366279774,1.3862943611198906,0.0,0.9659258262890683,-0.25881904510252063,-0.7818314824680299,0.6234898018587334,0.0
2015-09-06 08:00:00+00:00,194,6,0,0.0,5.272999558563747,1.9459101490553132,0.0,0.8660254037844387,-0.49999999999999983,-0.7818314824680299,0.6234898018587334,0.0
2015-09-06 09:00:00+00:00,133,13,7,7.0,4.897839799950911,2.6390573296152584,2.0794415416798357,0.7071067811865476,-0.7071067811865475,-0.7818314824680299,0.6234898018587334,2.0794415416798357
2015-09-06 10:00:00+00:00,94,0,0,0.0,4.553876891600541,0.0,0.0,0.49999999999999994,-0.8660254037844387,-0.7818314824680299,0.6234898018587334,0.0
2015-09-06 11:00:00+00:00,129,6,2,2.0,4.867534450455582,1.9459101490553132,1.0986122886681098,0.258819045102521,-0.9659258262890682,-0.7818314824680299,0.6234898018587334,1.0986122886681098
2015-09-06 12:00:00+00:00,172,2,0,0.0,5.153291594497779,1.0986122886681098,0.0,1.2246467991473532e-16,-1.0,-0.7818314824680299,0.6234898018587334,0.0
2015-09-06 13:00:00+00:00,291,10,0,0.0,5.676753802268282,2.3978952727983707,0.0,-0.2588190451025208,-0.9659258262890683,-0.7818314824680299,0.6234898018587334,0.0
2015-09-06 14:00:00+00:00,415,6,0,0.0,6.030685260261263,1.9459101490553132,0.0,-0.4999999999999998,-0.8660254037844388,-0.7818314824680299,0.6234898018587334,0.0
2015-09-06 15:00:00+00:00,497,7,0,0.0,6.210600077024653,2.0794415416798357,0.0,-0.7071067811865471,-0.7071067811865479,-0.7818314824680299,0.6234898018587334,0.0
2015-09-06 16:00:00+00:00,716,11,2,2.0,6.57507584059962,2.4849066497880004,1.0986122886681098,-0.8660254037844384,-0.5000000000000004,-0.7818314824680299,0.6234898018587334,1.0986122886681098
2015-09-06 17:00:00+00:00,804,17,2,2.0,6.690842277418564,2.8903717578961645,1.0986122886681098,-0.9659258262890683,-0.25881904510252063,-0.7818314824680299,0.6234898018587334,1.0986122886681098
2015-09-06 18:00:00+00:00,956,30,5,5.0,6.863803391452954,3.4339872044851463,1.791759469228055,-1.0,-1.8369701987210297e-16,-0.7818314824680299,0.6234898018587334,1.791759469228055
2015-09-06 19:00:00+00:00,888,25,6,6.0,6.790097235513905,3.258096538021482,1.9459101490553132,-0.9659258262890684,0.2588190451025203,-0.7818314824680299,0.6234898018587334,1.9459101490553132
2015-09-06 20:00:00+00:00,955,28,1,1.0,6.862757913051401,3.367295829986474,0.6931471805599453,-0.8660254037844386,0.5000000000000001,-0.7818314824680299,0.6234898018587334,0.6931471805599453
2015-09-06 21:00:00+00:00,910,40,10,10.0,6.814542897259958,3.713572066704308,2.3978952727983707,-0.7071067811865477,0.7071067811865474,-0.7818314824680299,0.6234898018587334,2.3978952727983707
2015-09-06 22:00:00+00:00,945,28,9,9.0,6.852242569051878,3.367295829986474,2.302585092994046,-0.5000000000000004,0.8660254037844384,-0.7818314824680299,0.6234898018587334,2.302585092994046
2015-09-06 23:00:00+00:00,814,20,5,5.0,6.703188113240863,3.044522437723423,1.791759469228055,-0.25881904510252157,0.9659258262890681,-0.7818314824680299,0.6234898018587334,1.791759469228055
2015-09-07 00:00:00+00:00,863,17,7,7.0,6.761572768804055,2.8903717578961645,2.0794415416798357,0.0,1.0,0.0,1.0,2.0794415416798357
2015-09-07 01:00:00+00:00,1005,96,12,12.0,6.913737350659685,4.574710978503383,2.5649493574615367,0.25881904510252074,0.9659258262890683,0.0,1.0,2.5649493574615367
2015-09-07 02:00:00+00:00,922,20,7,7.0,6.827629234502852,3.044522437723423,2.0794415416798357,0.49999999999999994,0.8660254037844387,0.0,1.0,2.0794415416798357
2015-09-07 03:00:00+00:00,1016,43,16,16.0,6.92461239604856,3.784189633918261,2.833213344056216,0.7071067811865475,0.7071067811865476,0.0,1.0,2.833213344056216
2015-09-07 04:00:00+00:00,921,22,10,10.0,6.826545223556594,3.1354942159291497,2.3978952727983707,0.8660254037844386,0.5000000000000001,0.0,1.0,2.3978952727983707
2015-09-07 05:00:00+00:00,639,7,5,5.0,6.461468176353717,2.0794415416798357,1.791759469228055,0.9659258262890683,0.25881904510252074,0.0,1.0,1.791759469228055
2015-09-07 06:00:00+00:00,452,9,3,3.0,6.115892125483034,2.302585092994046,1.3862943611198906,1.0,6.123233995736766e-17,0.0,1.0,1.3862943611198906
2015-09-07 07:00:00+00:00,250,4,0,0.0,5.5254529391317835,1.6094379124341003,0.0,0.9659258262890683,-0.25881904510252063,0.0,1.0,0.0
2015-09-07 08:00:00+00:00,126,1,0,0.0,4.844187086458591,0.6931471805599453,0.0,0.8660254037844387,-0.49999999999999983,0.0,1.0,0.0
2015-09-07 09:00:00+00:00,121,9,0,0.0,4.804021044733257,2.302585092994046,0.0,0.7071067811865476,-0.7071067811865475,0.0,1.0,0.0
2015-09-07 10:00:00+00:00,85,2,3,3.0,4.454347296253507,1.0986122886681098,1.3862943611198906,0.49999999999999994,-0.8660254037844387,0.0,1.0,1.3862943611198906
2015-09-07 11:00:00+00:00,100,1,0,0.0,4.61512051684126,0.6931471805599453,0.0,0.258819045102521,-0.9659258262890682,0.0,1.0,0.0
2015-09-07 12:00:00+00:00,181,3,0,0.0,5.204006687076795,1.3862943611198906,0.0,1.2246467991473532e-16,-1.0,0.0,1.0,0.0
2015-09-07 13:00:00+00:00,364,4,1,1.0,5.8998973535824915,1.6094379124341003,0.6931471805599453,-0.2588190451025208,-0.9659258262890683,0.0,1.0,0.6931471805599453
2015-09-07 14:00:00+00:00,542,8,1,1.0,6.297109319933935,2.1972245773362196,0.6931471805599453,-0.4999999999999998,-0.8660254037844388,0.0,1.0,0.6931471805599453
2015-09-07 15:00:00+00:00,874,24,6,6.0,6.774223886357614,3.2188758248682006,1.9459101490553132,-0.7071067811865471,-0.7071067811865479,0.0,1.0,1.9459101490553132
2015-09-07 16:00:00+00:00,1325,32,17,17.0,7.189922170745808,3.4965075614664802,2.8903717578961645,-0.8660254037844384,-0.5000000000000004,0.0,1.0,2.8903717578961645
2015-09-07 17:00:00+00:00,1417,48,23,23.0,7.257002707092073,3.8918202981106265,3.1780538303479458,-0.9659258262890683,-0.25881904510252063,0.0,1.0,3.1780538303479458
2015-09-07 18:00:00+00:00,1342,30,14,14.0,7.202661196523238,3.4339872044851463,2.70805020110221,-1.0,-1.8369701987210297e-16,0.0,1.0,2.70805020110221
2015-09-07 19:00:00+00:00,1295,29,9,9.0,7.16703787691222,3.4011973816621555,2.302585092994046,-0.9659258262890684,0.2588190451025203,0.0,1.0,2.302585092994046
2015-09-07 20:00:00+00:00,1362,60,23,23.0,7.217443431696533,4.110873864173311,3.1780538303479458,-0.8660254037844386,0.5000000000000001,0.0,1.0,3.1780538303479458
2015-09-07 21:00:00+00:00,1373,30,13,13.0,7.2254814727822945,3.4339872044851463,2.6390573296152584,-0.7071067811865477,0.7071067811865474,0.0,1.0,2.6390573296152584
2015-09-07 22:00:00+00:00,1337,40,13,13.0,7.198931240688173,3.713572066704308,2.6390573296152584,-0.5000000000000004,0.8660254037844384,0.0,1.0,2.6390573296152584
2015-09-07 23:00:00+00:00,1118,33,6,6.0,7.020190708311925,3.5263605246161616,1.9459101490553132,-0.25881904510252157,0.9659258262890681,0.0,1.0,1.9459101490553132
2015-09-08 00:00:00+00:00,1009,22,6,6.0,6.917705609835305,3.1354942159291497,1.9459101490553132,0.0,1.0,0.7818314824680298,0.6234898018587336,1.9459101490553132
2015-09-08 01:00:00+00:00,1115,22,3,3.0,7.017506142941256,3.1354942159291497,1.3862943611198906,0.25881904510252074,0.9659258262890683,0.7818314824680298,0.6234898018587336,1.3862943611198906
2015-09-08 02:00:00+00:00,1105,26,9,9.0,7.00850518208228,3.295836866004329,2.302585092994046,0.49999999999999994,0.8660254037844387,0.7818314824680298,0.6234898018587336,2.302585092994046
2015-09-08 03:00:00+00:00,1185,24,3,3.0,7.078341579557671,3.2188758248682006,1.3862943611198906,0.7071067811865475,0.7071067811865476,0.7818314824680298,0.6234898018587336,1.3862943611198906
2015-09-08 04:00:00+00:00,1148,20,6,6.0,7.046647277848756,3.044522437723423,1.9459101490553132,0.8660254037844386,0.5000000000000001,0.7818314824680298,0.6234898018587336,1.9459101490553132
2015-09-08 05:00:00+00:00,851,14,3,3.0,6.747586526829315,2.70805020110221,1.3862943611198906,0.9659258262890683,0.25881904510252074,0.7818314824680298,0.6234898018587336,1.3862943611198906
2015-09-08 06:00:00+00:00,496,10,2,2.0,6.208590026096629,2.3978952727983707,1.0986122886681098,1.0,6.123233995736766e-17,0.7818314824680298,0.6234898018587336,1.0986122886681098
2015-09-08 07:00:00+00:00,277,8,8,8.0,5.627621113690637,2.1972245773362196,2.1972245773362196,0.9659258262890683,-0.25881904510252063,0.7818314824680298,0.6234898018587336,2.1972245773362196
2015-09-08 08:00:00+00:00,164,1,1,1.0,5.10594547390058,0.6931471805599453,0.6931471805599453,0.8660254037844387,-0.49999999999999983,0.7818314824680298,0.6234898018587336,0.6931471805599453
2015-09-08 09:00:00+00:00,110,2,0,0.0,4.709530201312334,1.0986122886681098,0.0,0.7071067811865476,-0.7071067811865475,0.7818314824680298,0.6234898018587336,0.0
2015-09-08 10:00:00+00:00,106,3,1,1.0,4.672828834461906,1.3862943611198906,0.6931471805599453,0.49999999999999994,-0.8660254037844387,0.7818314824680298,0.6234898018587336,0.6931471805599453
2015-09-08 11:00:00+00:00,135,3,0,0.0,4.912654885736052,1.3862943611198906,0.0,0.258819045102521,-0.9659258262890682,0.7818314824680298,0.6234898018587336,0.0
2015-09-08 12:00:00+00:00,216,2,0,0.0,5.37989735354046,1.0986122886681098,0.0,1.2246467991473532e-16,-1.0,0.7818314824680298,0.6234898018587336,0.0
2015-09-08 13:00:00+00:00,322,6,3,3.0,5.777652323222656,1.9459101490553132,1.3862943611198906,-0.2588190451025208,-0.9659258262890683,0.7818314824680298,0.6234898018587336,1.3862943611198906
2015-09-08 14:00:00+00:00,518,17,3,3.0,6.251903883165888,2.8903717578961645,1.3862943611198906,-0.4999999999999998,-0.8660254037844388,0.7818314824680298,0.6234898018587336,1.3862943611198906
2015-09-08 15:00:00+00:00,868,23,4,4.0,6.767343125265392,3.1780538303479458,1.6094379124341003,-0.7071067811865471,-0.7071067811865479,0.7818314824680298,0.6234898018587336,1.6094379124341003
2015-09-08 16:00:00+00:00,1157,36,10,10.0,7.05444965813294,3.6109179126442243,2.3978952727983707,-0.8660254037844384,-0.5000000000000004,0.7818314824680298,0.6234898018587336,2.3978952727983707
2015-09-08 17:00:00+00:00,1249,39,15,15.0,7.1308988302963465,3.6888794541139363,2.772588722239781,-0.9659258262890683,-0.25881904510252063,0.7818314824680298,0.6234898018587336,2.772588722239781
2015-09-08 18:00:00+00:00,1269,30,8,8.0,7.146772179452637,3.4339872044851463,2.1972245773362196,-1.0,-1.8369701987210297e-16,0.7818314824680298,0.6234898018587336,2.1972245773362196
2015-09-08 19:00:00+00:00,1242,34,18,18.0,7.1252830915107115,3.5553480614894135,2.9444389791664403,-0.9659258262890684,0.2588190451025203,0.7818314824680298,0.6234898018587336,2.9444389791664403
2015-09-08 20:00:00+00:00,1278,38,11,11.0,7.153833801578843,3.6635616461296463,2.4849066497880004,-0.8660254037844386,0.5000000000000001,0.7818314824680298,0.6234898018587336,2.4849066497880004
2015-09-08 21:00:00+00:00,1318,43,12,12.0,7.1846291527173145,3.784189633918261,2.5649493574615367,-0.7071067811865477,0.7071067811865474,0.7818314824680298,0.6234898018587336,2.5649493574615367
2015-09-08 22:00:00+00:00,1658,53,13,13.0,7.413970290190444,3.9889840465642745,2.6390573296152584,-0.5000000000000004,0.8660254037844384,0.7818314824680298,0.6234898018587336,2.6390573296152584
2015-09-08 23:00:00+00:00,1362,29,9,9.0,7.217443431696533,3.4011973816621555,2.302585092994046,-0.25881904510252157,0.9659258262890681,0.7818314824680298,0.6234898018587336,2.302585092994046
2015-09-09 00:00:00+00:00,1187,40,14,14.0,7.080026499922591,3.713572066704308,2.70805020110221,0.0,1.0,0.9749279121818236,-0.22252093395631434,2.70805020110221
2015-09-09 01:00:00+00:00,1060,29,13,13.0,6.966967138613983,3.4011973816621555,2.6390573296152584,0.25881904510252074,0.9659258262890683,0.9749279121818236,-0.22252093395631434,2.6390573296152584
2015-09-09 02:00:00+00:00,1117,26,5,5.0,7.0192966537150445,3.295836866004329,1.791759469228055,0.49999999999999994,0.8660254037844387,0.9749279121818236,-0.22252093395631434,1.791759469228055
2015-09-09 03:00:00+00:00,1163,27,5,5.0,7.059617628291383,3.332204510175204,1.791759469228055,0.7071067811865475,0.7071067811865476,0.9749279121818236,-0.22252093395631434,1.791759469228055
2015-09-09 04:00:00+00:00,1028,31,8,8.0,6.9363427358340495,3.4657359027997265,2.1972245773362196,0.8660254037844386,0.5000000000000001,0.9749279121818236,-0.22252093395631434,2.1972245773362196
2015-09-09 05:00:00+00:00,749,10,4,4.0,6.620073206530356,2.3978952727983707,1.6094379124341003,0.9659258262890683,0.25881904510252074,0.9749279121818236,-0.22252093395631434,1.6094379124341003
2015-09-09 06:00:00+00:00,433,17,1,1.0,6.073044534100405,2.8903717578961645,0.6931471805599453,1.0,6.123233995736766e-17,0.9749279121818236,-0.22252093395631434,0.6931471805599453
2015-09-09 07:00:00+00:00,239,7,2,2.0,5.480638923341991,2.0794415416798357,1.0986122886681098,0.9659258262890683,-0.25881904510252063,0.9749279121818236,-0.22252093395631434,1.0986122886681098
2015-09-09 08:00:00+00:00,144,1,0,0.0,4.976733742420574,0.6931471805599453,0.0,0.8660254037844387,-0.49999999999999983,0.9749279121818236,-0.22252093395631434,0.0
2015-09-09 09:00:00+00:00,174,3,1,1.0,5.1647859739235145,1.3862943611198906,0.6931471805599453,0.7071067811865476,-0.7071067811865475,0.9749279121818236,-0.22252093395631434,0.6931471805599453
2015-09-09 10:00:00+00:00,148,6,0,0.0,5.003946305945459,1.9459101490553132,0.0,0.49999999999999994,-0.8660254037844387,0.9749279121818236,-0.22252093395631434,0.0
2015-09-09 11:00:00+00:00,138,6,0,0.0,4.9344739331306915,1.9459101490553132,0.0,0.258819045102521,-0.9659258262890682,0.9749279121818236,-0.22252093395631434,0.0
2015-09-09 12:00:00+00:00,196,1,0,0.0,5.2832037287379885,0.6931471805599453,0.0,1.2246467991473532e-16,-1.0,0.9749279121818236,-0.22252093395631434,0.0
2015-09-09 13:00:00+00:00,423,2,1,1.0,6.049733455231958,1.0986122886681098,0.6931471805599453,-0.2588190451025208,-0.9659258262890683,0.9749279121818236,-0.22252093395631434,0.6931471805599453
2015-09-09 14:00:00+00:00,622,14,3,3.0,6.434546518787453,2.70805020110221,1.3862943611198906,-0.4999999999999998,-0.8660254037844388,0.9749279121818236,-0.22252093395631434,1.3862943611198906
2015-09-09 15:00:00+00:00,1017,36,7,7.0,6.925595197110468,3.6109179126442243,2.0794415416798357,-0.7071067811865471,-0.7071067811865479,0.9749279121818236,-0.22252093395631434,2.0794415416798357
2015-09-09 16:00:00+00:00,1321,47,17,17.0,7.186901020411631,3.871201010907891,2.8903717578961645,-0.8660254037844384,-0.5000000000000004,0.9749279121818236,-0.22252093395631434,2.8903717578961645
2015-09-09 17:00:00+00:00,1491,32,18,18.0,7.307872780763706,3.4965075614664802,2.9444389791664403,-0.9659258262890683,-0.25881904510252063,0.9749279121818236,-0.22252093395631434,2.9444389791664403
2015-09-09 18:00:00+00:00,1433,46,26,26.0,7.2682230211595655,3.8501476017100584,3.295836866004329,-1.0,-1.8369701987210297e-16,0.9749279121818236,-0.22252093395631434,3.295836866004329
2015-09-09 19:00:00+00:00,1419,43,16,16.0,7.258412150595307,3.784189633918261,2.833213344056216,-0.9659258262890684,0.2588190451025203,0.9749279121818236,-0.22252093395631434,2.833213344056216
2015-09-09 20:00:00+00:00,1437,37,10,10.0,7.271008538280992,3.6375861597263857,2.3978952727983707,-0.8660254037844386,0.5000000000000001,0.9749279121818236,-0.22252093395631434,2.3978952727983707
2015-09-09 21:00:00+00:00,1488,22,17,17.0,7.305860032684009,3.1354942159291497,2.8903717578961645,-0.7071067811865477,0.7071067811865474,0.9749279121818236,-0.22252093395631434,2.8903717578961645
2015-09-09 22:00:00+00:00,1396,62,15,15.0,7.242082359256962,4.143134726391533,2.772588722239781,-0.5000000000000004,0.8660254037844384,0.9749279121818236,-0.22252093395631434,2.772588722239781
2015-09-09 23:00:00+00:00,1172,27,9,9.0,7.067319848653476,3.332204510175204,2.302585092994046,-0.25881904510252157,0.9659258262890681,0.9749279121818236,-0.22252093395631434,2.302585092994046
2015-09-10 00:00:00+00:00,1152,26,3,3.0,7.050122520269059,3.295836866004329,1.3862943611198906,0.0,1.0,0.43388373911755823,-0.900968867902419,1.3862943611198906
2015-09-10 01:00:00+00:00,1005,21,6,6.0,6.913737350659685,3.091042453358316,1.9459101490553132,0.25881904510252074,0.9659258262890683,0.43388373911755823,-0.900968867902419,1.9459101490553132
2015-09-10 02:00:00+00:00,1169,22,4,4.0,7.064759027791802,3.1354942159291497,1.6094379124341003,0.49999999999999994,0.8660254037844387,0.43388373911755823,-0.900968867902419,1.6094379124341003
2015-09-10 03:00:00+00:00,1182,22,7,7.0,7.075808863978387,3.1354942159291497,2.0794415416798357,0.7071067811865475,0.7071067811865476,0.43388373911755823,-0.900968867902419,2.0794415416798357
2015-09-10 04:00:00+00:00,1117,20,7,7.0,7.0192966537150445,3.044522437723423,2.0794415416798357,0.8660254037844386,0.5000000000000001,0.43388373911755823,-0.900968867902419,2.0794415416798357
2015-09-10 05:00:00+00:00,801,17,8,8.0,6.687108607866515,2.8903717578961645,2.1972245773362196,0.9659258262890683,0.25881904510252074,0.43388373911755823,-0.900968867902419,2.1972245773362196
2015-09-10 06:00:00+00:00,512,3,3,3.0,6.240275845170769,1.3862943611198906,1.3862943611198906,1.0,6.123233995736766e-17,0.43388373911755823,-0.900968867902419,1.3862943611198906
2015-09-10 07:00:00+00:00,321,7,6,6.0,5.7745515455444085,2.0794415416798357,1.9459101490553132,0.9659258262890683,-0.25881904510252063,0.43388373911755823,-0.900968867902419,1.9459101490553132
2015-09-10 08:00:00+00:00,147,4,1,1.0,4.997212273764115,1.6094379124341003,0.6931471805599453,0.8660254037844387,-0.49999999999999983,0.43388373911755823,-0.900968867902419,0.6931471805599453
2015-09-10 09:00:00+00:00,121,2,0,0.0,4.804021044733257,1.0986122886681098,0.0,0.7071067811865476,-0.7071067811865475,0.43388373911755823,-0.900968867902419,0.0
2015-09-10 10:00:00+00:00,146,7,1,1.0,4.990432586778736,2.0794415416798357,0.6931471805599453,0.49999999999999994,-0.8660254037844387,0.43388373911755823,-0.900968867902419,0.6931471805599453
2015-09-10 11:00:00+00:00,161,5,1,1.0,5.087596335232384,1.791759469228055,0.6931471805599453,0.258819045102521,-0.9659258262890682,0.43388373911755823,-0.900968867902419,0.6931471805599453
2015-09-10 12:00:00+00:00,256,4,7,7.0,5.54907608489522,1.6094379124341003,2.0794415416798357,1.2246467991473532e-16,-1.0,0.43388373911755823,-0.900968867902419,2.0794415416798357
2015-09-10 13:00:00+00:00,362,6,1,1.0,5.8944028342648505,1.9459101490553132,0.6931471805599453,-0.2588190451025208,-0.9659258262890683,0.43388373911755823,-0.900968867902419,0.6931471805599453
2015-09-10 14:00:00+00:00,642,14,0,0.0,6.466144724237619,2.70805020110221,0.0,-0.4999999999999998,-0.8660254037844388,0.43388373911755823,-0.900968867902419,0.0
2015-09-10 15:00:00+00:00,1029,33,17,17.0,6.937314081223682,3.5263605246161616,2.8903717578961645,-0.7071067811865471,-0.7071067811865479,0.43388373911755823,-0.900968867902419,2.8903717578961645
2015-09-10 16:00:00+00:00,1192,23,17,17.0,7.084226422097916,3.1780538303479458,2.8903717578961645,-0.8660254037844384,-0.5000000000000004,0.43388373911755823,-0.900968867902419,2.8903717578961645
2015-09-10 17:00:00+00:00,1385,30,17,17.0,7.234177179749849,3.4339872044851463,2.8903717578961645,-0.9659258262890683,-0.25881904510252063,0.43388373911755823,-0.900968867902419,2.8903717578961645
2015-09-10 18:00:00+00:00,1334,21,11,11.0,7.19668657083435,3.091042453358316,2.4849066497880004,-1.0,-1.8369701987210297e-16,0.43388373911755823,-0.900968867902419,2.4849066497880004
2015-09-10 19:00:00+00:00,1259,24,9,9.0,7.138866999945524,3.2188758248682006,2.302585092994046,-0.9659258262890684,0.2588190451025203,0.43388373911755823,-0.900968867902419,2.302585092994046
2015-09-10 20:00:00+00:00,1456,43,11,11.0,7.284134806195205,3.784189633918261,2.4849066497880004,-0.8660254037844386,0.5000000000000001,0.43388373911755823,-0.900968867902419,2.4849066497880004
2015-09-10 21:00:00+00:00,1985,53,22,22.0,7.593877844605118,3.9889840465642745,3.1354942159291497,-0.7071067811865477,0.7071067811865474,0.43388373911755823,-0.900968867902419,3.1354942159291497
2015-09-10 22:00:00+00:00,1720,41,13,13.0,7.450660796211539,3.7376696182833684,2.6390573296152584,-0.5000000000000004,0.8660254037844384,0.43388373911755823,-0.900968867902419,2.6390573296152584
2015-09-10 23:00:00+00:00,1433,32,9,9.0,7.2682230211595655,3.4965075614664802,2.302585092994046,-0.25881904510252157,0.9659258262890681,0.43388373911755823,-0.900968867902419,2.302585092994046
2015-09-11 00:00:00+00:00,1161,51,11,11.0,7.057897937411856,3.9512437185814275,2.4849066497880004,0.0,1.0,-0.433883739117558,-0.9009688679024191,2.4849066497880004
2015-09-11 01:00:00+00:00,1143,36,5,5.0,7.042286171939743,3.6109179126442243,1.791759469228055,0.25881904510252074,0.9659258262890683,-0.433883739117558,-0.9009688679024191,1.791759469228055
2015-09-11 02:00:00+00:00,1171,23,8,8.0,7.066466970136958,3.1780538303479458,2.1972245773362196,0.49999999999999994,0.8660254037844387,-0.433883739117558,-0.9009688679024191,2.1972245773362196
2015-09-11 03:00:00+00:00,1248,44,5,5.0,7.130098510125578,3.8066624897703196,1.791759469228055,0.7071067811865475,0.7071067811865476,-0.433883739117558,-0.9009688679024191,1.791759469228055
2015-09-11 04:00:00+00:00,1086,34,6,6.0,6.99117688712121,3.5553480614894135,1.9459101490553132,0.8660254037844386,0.5000000000000001,-0.433883739117558,-0.9009688679024191,1.9459101490553132
2015-09-11 05:00:00+00:00,879,21,8,8.0,6.779921907472252,3.091042453358316,2.1972245773362196,0.9659258262890683,0.25881904510252074,-0.433883739117558,-0.9009688679024191,2.1972245773362196
2015-09-11 06:00:00+00:00,545,34,3,3.0,6.302618975744905,3.5553480614894135,1.3862943611198906,1.0,6.123233995736766e-17,-0.433883739117558,-0.9009688679024191,1.3862943611198906
2015-09-11 07:00:00+00:00,283,5,4,4.0,5.648974238161206,1.791759469228055,1.6094379124341003,0.9659258262890683,-0.25881904510252063,-0.433883739117558,-0.9009688679024191,1.6094379124341003
2015-09-11 08:00:00+00:00,155,2,0,0.0,5.049856007249537,1.0986122886681098,0.0,0.8660254037844387,-0.49999999999999983,-0.433883739117558,-0.9009688679024191,0.0
2015-09-11 09:00:00+00:00,119,16,0,0.0,4.787491742782046,2.833213344056216,0.0,0.7071067811865476,-0.7071067811865475,-0.433883739117558,-0.9009688679024191,0.0
2015-09-11 10:00:00+00:00,121,6,1,1.0,4.804021044733257,1.9459101490553132,0.6931471805599453,0.49999999999999994,-0.8660254037844387,-0.433883739117558,-0.9009688679024191,0.6931471805599453
2015-09-11 11:00:00+00:00,146,15,1,1.0,4.990432586778736,2.772588722239781,0.6931471805599453,0.258819045102521,-0.9659258262890682,-0.433883739117558,-0.9009688679024191,0.6931471805599453
2015-09-11 12:00:00+00:00,258,6,0,0.0,5.556828061699537,1.9459101490553132,0.0,1.2246467991473532e-16,-1.0,-0.433883739117558,-0.9009688679024191,0.0
2015-09-11 13:00:00+00:00,452,17,2,2.0,6.115892125483034,2.8903717578961645,1.0986122886681098,-0.2588190451025208,-0.9659258262890683,-0.433883739117558,-0.9009688679024191,1.0986122886681098
2015-09-11 14:00:00+00:00,738,19,20,20.0,6.6052979209482015,2.995732273553991,3.044522437723423,-0.4999999999999998,-0.8660254037844388,-0.433883739117558,-0.9009688679024191,3.044522437723423
2015-09-11 15:00:00+00:00,1118,32,22,22.0,7.020190708311925,3.4965075614664802,3.1354942159291497,-0.7071067811865471,-0.7071067811865479,-0.433883739117558,-0.9009688679024191,3.1354942159291497
2015-09-11 16:00:00+00:00,1291,30,22,22.0,7.163946684342547,3.4339872044851463,3.1354942159291497,-0.8660254037844384,-0.5000000000000004,-0.433883739117558,-0.9009688679024191,3.1354942159291497
2015-09-11 17:00:00+00:00,1338,44,10,10.0,7.199678345691172,3.8066624897703196,2.3978952727983707,-0.9659258262890683,-0.25881904510252063,-0.433883739117558,-0.9009688679024191,2.3978952727983707
2015-09-11 18:00:00+00:00,1415,42,21,21.0,7.255591274253665,3.7612001156935624,3.091042453358316,-1.0,-1.8369701987210297e-16,-0.433883739117558,-0.9009688679024191,3.091042453358316
2015-09-11 19:00:00+00:00,1226,28,14,14.0,7.112327444710911,3.367295829986474,2.70805020110221,-0.9659258262890684,0.2588190451025203,-0.433883739117558,-0.9009688679024191,2.70805020110221
2015-09-11 20:00:00+00:00,1313,36,16,16.0,7.1808311990445555,3.6109179126442243,2.833213344056216,-0.8660254037844386,0.5000000000000001,-0.433883739117558,-0.9009688679024191,2.833213344056216
2015-09-11 21:00:00+00:00,1336,45,13,13.0,7.198183577101943,3.828641396489095,2.6390573296152584,-0.7071067811865477,0.7071067811865474,-0.433883739117558,-0.9009688679024191,2.6390573296152584
2015-09-11 22:00:00+00:00,1152,18,9,9.0,7.050122520269059,2.9444389791664403,2.302585092994046,-0.5000000000000004,0.8660254037844384,-0.433883739117558,-0.9009688679024191,2.302585092994046
2015-09-11 23:00:00+00:00,977,27,10,10.0,6.885509670034818,3.332204510175204,2.3978952727983707,-0.25881904510252157,0.9659258262890681,-0.433883739117558,-0.9009688679024191,2.3978952727983707
2015-09-12 00:00:00+00:00,576,26,4,4.0,6.3578422665081,3.295836866004329,1.6094379124341003,0.0,1.0,-0.9749279121818236,-0.2225209339563146,1.6094379124341003
2015-09-12 01:00:00+00:00,771,23,12,12.0,6.648984550024776,3.1780538303479458,2.5649493574615367,0.25881904510252074,0.9659258262890683,-0.9749279121818236,-0.2225209339563146,2.5649493574615367
2015-09-12 02:00:00+00:00,831,12,4,4.0,6.723832440821209,2.5649493574615367,1.6094379124341003,0.49999999999999994,0.8660254037844387,-0.9749279121818236,-0.2225209339563146,1.6094379124341003
2015-09-12 03:00:00+00:00,878,23,4,4.0,6.778784897685177,3.1780538303479458,1.6094379124341003,0.7071067811865475,0.7071067811865476,-0.9749279121818236,-0.2225209339563146,1.6094379124341003
2015-09-12 04:00:00+00:00,890,15,1,1.0,6.792344427470809,2.772588722239781,0.6931471805599453,0.8660254037844386,0.5000000000000001,-0.9749279121818236,-0.2225209339563146,0.6931471805599453
2015-09-12 05:00:00+00:00,679,14,0,0.0,6.522092798170152,2.70805020110221,0.0,0.9659258262890683,0.25881904510252074,-0.9749279121818236,-0.2225209339563146,0.0
2015-09-12 06:00:00+00:00,411,13,1,1.0,6.021023349349527,2.6390573296152584,0.6931471805599453,1.0,6.123233995736766e-17,-0.9749279121818236,-0.2225209339563146,0.6931471805599453
2015-09-12 07:00:00+00:00,281,12,2,2.0,5.641907070938114,2.5649493574615367,1.0986122886681098,0.9659258262890683,-0.25881904510252063,-0.9749279121818236,-0.2225209339563146,1.0986122886681098
2015-09-12 08:00:00+00:00,161,5,1,1.0,5.087596335232384,1.791759469228055,0.6931471805599453,0.8660254037844387,-0.49999999999999983,-0.9749279121818236,-0.2225209339563146,0.6931471805599453
2015-09-12 09:00:00+00:00,154,2,0,0.0,5.043425116919247,1.0986122886681098,0.0,0.7071067811865476,-0.7071067811865475,-0.9749279121818236,-0.2225209339563146,0.0
2015-09-12 10:00:00+00:00,121,1,0,0.0,4.804021044733257,0.6931471805599453,0.0,0.49999999999999994,-0.8660254037844387,-0.9749279121818236,-0.2225209339563146,0.0
2015-09-12 11:00:00+00:00,148,1,0,0.0,5.003946305945459,0.6931471805599453,0.0,0.258819045102521,-0.9659258262890682,-0.9749279121818236,-0.2225209339563146,0.0
2015-09-12 12:00:00+00:00,187,1,0,0.0,5.236441962829949,0.6931471805599453,0.0,1.2246467991473532e-16,-1.0,-0.9749279121818236,-0.2225209339563146,0.0
2015-09-12 13:00:00+00:00,292,9,3,3.0,5.680172609017068,2.302585092994046,1.3862943611198906,-0.2588190451025208,-0.9659258262890683,-0.9749279121818236,-0.2225209339563146,1.3862943611198906
2015-09-12 14:00:00+00:00,471,11,1,1.0,6.156978985585555,2.4849066497880004,0.6931471805599453,-0.4999999999999998,-0.8660254037844388,-0.9749279121818236,-0.2225209339563146,0.6931471805599453
2015-09-12 15:00:00+00:00,697,14,6,6.0,6.548219102762372,2.70805020110221,1.9459101490553132,-0.7071067811865471,-0.7071067811865479,-0.9749279121818236,-0.2225209339563146,1.9459101490553132
2015-09-12 16:00:00+00:00,870,17,7,7.0,6.769641976852503,2.8903717578961645,2.0794415416798357,-0.8660254037844384,-0.5000000000000004,-0.9749279121818236,-0.2225209339563146,2.0794415416798357
2015-09-12 17:00:00+00:00,945,27,13,13.0,6.852242569051878,3.332204510175204,2.6390573296152584,-0.9659258262890683,-0.25881904510252063,-0.9749279121818236,-0.2225209339563146,2.6390573296152584
2015-09-12 18:00:00+00:00,1011,22,6,6.0,6.919683849847411,3.1354942159291497,1.9459101490553132,-1.0,-1.8369701987210297e-16,-0.9749279121818236,-0.2225209339563146,1.9459101490553132
2015-09-12 19:00:00+00:00,992,25,4,4.0,6.900730664045173,3.258096538021482,1.6094379124341003,-0.9659258262890684,0.2588190451025203,-0.9749279121818236,-0.2225209339563146,1.6094379124341003
2015-09-12 20:00:00+00:00,965,26,8,8.0,6.873163834212518,3.295836866004329,2.1972245773362196,-0.8660254037844386,0.5000000000000001,-0.9749279121818236,-0.2225209339563146,2.1972245773362196
2015-09-12 21:00:00+00:00,896,19,8,8.0,6.799055862058796,2.995732273553991,2.1972245773362196,-0.7071067811865477,0.7071067811865474,-0.9749279121818236,-0.2225209339563146,2.1972245773362196
2015-09-12 22:00:00+00:00,939,24,11,11.0,6.84587987526405,3.2188758248682006,2.4849066497880004,-0.5000000000000004,0.8660254037844384,-0.9749279121818236,-0.2225209339563146,2.4849066497880004
2015-09-12 23:00:00+00:00,857,28,6,6.0,6.754604099487962,3.367295829986474,1.9459101490553132,-0.25881904510252157,0.9659258262890681,-0.9749279121818236,-0.2225209339563146,1.9459101490553132
2015-09-13 00:00:00+00:00,910,14,6,6.0,6.814542897259958,2.70805020110221,1.9459101490553132,0.0,1.0,-0.7818314824680299,0.6234898018587334,1.9459101490553132
2015-09-13 01:00:00+00:00,951,15,3,3.0,6.858565034791365,2.772588722239781,1.3862943611198906,0.25881904510252074,0.9659258262890683,-0.7818314824680299,0.6234898018587334,1.3862943611198906
2015-09-13 02:00:00+00:00,856,10,3,3.0,6.75343791859778,2.3978952727983707,1.3862943611198906,0.49999999999999994,0.8660254037844387,-0.7818314824680299,0.6234898018587334,1.3862943611198906
2015-09-13 03:00:00+00:00,929,11,4,4.0,6.835184586147301,2.4849066497880004,1.6094379124341003,0.7071067811865475,0.7071067811865476,-0.7818314824680299,0.6234898018587334,1.6094379124341003
2015-09-13 04:00:00+00:00,889,11,2,2.0,6.7912214627261855,2.4849066497880004,1.0986122886681098,0.8660254037844386,0.5000000000000001,-0.7818314824680299,0.6234898018587334,1.0986122886681098
2015-09-13 05:00:00+00:00,703,15,3,3.0,6.556778356158042,2.772588722239781,1.3862943611198906,0.9659258262890683,0.25881904510252074,-0.7818314824680299,0.6234898018587334,1.3862943611198906
2015-09-13 06:00:00+00:00,500,12,0,0.0,6.2166061010848646,2.5649493574615367,0.0,1.0,6.123233995736766e-17,-0.7818314824680299,0.6234898018587334,0.0
2015-09-13 07:00:00+00:00,339,13,1,1.0,5.8289456176102075,2.6390573296152584,0.6931471805599453,0.9659258262890683,-0.25881904510252063,-0.7818314824680299,0.6234898018587334,0.6931471805599453
2015-09-13 08:00:00+00:00,188,3,0,0.0,5.241747015059643,1.3862943611198906,0.0,0.8660254037844387,-0.49999999999999983,-0.7818314824680299,0.6234898018587334,0.0
2015-09-13 09:00:00+00:00,140,11,0,0.0,4.948759890378168,2.4849066497880004,0.0,0.7071067811865476,-0.7071067811865475,-0.7818314824680299,0.6234898018587334,0.0
2015-09-13 10:00:00+00:00,123,3,1,1.0,4.820281565605037,1.3862943611198906,0.6931471805599453,0.49999999999999994,-0.8660254037844387,-0.7818314824680299,0.6234898018587334,0.6931471805599453
2015-09-13 11:00:00+00:00,132,1,0,0.0,4.890349128221754,0.6931471805599453,0.0,0.258819045102521,-0.9659258262890682,-0.7818314824680299,0.6234898018587334,0.0
2015-09-13 12:00:00+00:00,217,7,0,0.0,5.384495062789089,2.0794415416798357,0.0,1.2246467991473532e-16,-1.0,-0.7818314824680299,0.6234898018587334,0.0
2015-09-13 13:00:00+00:00,318,6,0,0.0,5.765191102784844,1.9459101490553132,0.0,-0.2588190451025208,-0.9659258262890683,-0.7818314824680299,0.6234898018587334,0.0
2015-09-13 14:00:00+00:00,506,9,1,1.0,6.2285110035911835,2.302585092994046,0.6931471805599453,-0.4999999999999998,-0.8660254037844388,-0.7818314824680299,0.6234898018587334,0.6931471805599453
2015-09-13 15:00:00+00:00,733,33,8,8.0,6.598509028614515,3.5263605246161616,2.1972245773362196,-0.7071067811865471,-0.7071067811865479,-0.7818314824680299,0.6234898018587334,2.1972245773362196
2015-09-13 16:00:00+00:00,914,39,10,10.0,6.818924065275521,3.6888794541139363,2.3978952727983707,-0.8660254037844384,-0.5000000000000004,-0.7818314824680299,0.6234898018587334,2.3978952727983707
2015-09-13 17:00:00+00:00,1030,26,4,4.0,6.93828448401696,3.295836866004329,1.6094379124341003,-0.9659258262890683,-0.25881904510252063,-0.7818314824680299,0.6234898018587334,1.6094379124341003
2015-09-13 18:00:00+00:00,952,26,15,15.0,6.859614903654202,3.295836866004329,2.772588722239781,-1.0,-1.8369701987210297e-16,-0.7818314824680299,0.6234898018587334,2.772588722239781
2015-09-13 19:00:00+00:00,959,34,4,4.0,6.866933284461882,3.5553480614894135,1.6094379124341003,-0.9659258262890684,0.2588190451025203,-0.7818314824680299,0.6234898018587334,1.6094379124341003
2015-09-13 20:00:00+00:00,1053,41,5,5.0,6.960347729101308,3.7376696182833684,1.791759469228055,-0.8660254037844386,0.5000000000000001,-0.7818314824680299,0.6234898018587334,1.791759469228055
2015-09-13 21:00:00+00:00,1056,11,5,5.0,6.963189985870238,2.4849066497880004,1.791759469228055,-0.7071067811865477,0.7071067811865474,-0.7818314824680299,0.6234898018587334,1.791759469228055
2015-09-13 22:00:00+00:00,1030,24,6,6.0,6.93828448401696,3.2188758248682006,1.9459101490553132,-0.5000000000000004,0.8660254037844384,-0.7818314824680299,0.6234898018587334,1.9459101490553132
2015-09-13 23:00:00+00:00,945,20,7,7.0,6.852242569051878,3.044522437723423,2.0794415416798357,-0.25881904510252157,0.9659258262890681,-0.7818314824680299,0.6234898018587334,2.0794415416798357
2015-09-14 00:00:00+00:00,1105,29,11,11.0,7.00850518208228,3.4011973816621555,2.4849066497880004,0.0,1.0,0.0,1.0,2.4849066497880004
2015-09-14 01:00:00+00:00,972,20,5,5.0,6.880384082186005,3.044522437723423,1.791759469228055,0.25881904510252074,0.9659258262890683,0.0,1.0,1.791759469228055
2015-09-14 02:00:00+00:00,1059,19,4,4.0,6.966024187106113,2.995732273553991,1.6094379124341003,0.49999999999999994,0.8660254037844387,0.0,1.0,1.6094379124341003
2015-09-14 03:00:00+00:00,1124,18,6,6.0,7.025538314638521,2.9444389791664403,1.9459101490553132,0.7071067811865475,0.7071067811865476,0.0,1.0,1.9459101490553132
2015-09-14 04:00:00+00:00,955,19,3,3.0,6.862757913051401,2.995732273553991,1.3862943611198906,0.8660254037844386,0.5000000000000001,0.0,1.0,1.3862943611198906
2015-09-14 05:00:00+00:00,756,21,3,3.0,6.6293632534374485,3.091042453358316,1.3862943611198906,0.9659258262890683,0.25881904510252074,0.0,1.0,1.3862943611198906
2015-09-14 06:00:00+00:00,527,12,5,5.0,6.269096283706261,2.5649493574615367,1.791759469228055,1.0,6.123233995736766e-17,0.0,1.0,1.791759469228055
2015-09-14 07:00:00+00:00,290,5,4,4.0,5.673323267171493,1.791759469228055,1.6094379124341003,0.9659258262890683,-0.25881904510252063,0.0,1.0,1.6094379124341003
2015-09-14 08:00:00+00:00,184,2,0,0.0,5.220355825078324,1.0986122886681098,0.0,0.8660254037844387,-0.49999999999999983,0.0,1.0,0.0
2015-09-14 09:00:00+00:00,88,1,0,0.0,4.48863636973214,0.6931471805599453,0.0,0.7071067811865476,-0.7071067811865475,0.0,1.0,0.0
2015-09-14 10:00:00+00:00,107,4,1,1.0,4.68213122712422,1.6094379124341003,0.6931471805599453,0.49999999999999994,-0.8660254037844387,0.0,1.0,0.6931471805599453
2015-09-14 11:00:00+00:00,119,0,0,0.0,4.787491742782046,0.0,0.0,0.258819045102521,-0.9659258262890682,0.0,1.0,0.0
2015-09-14 12:00:00+00:00,239,2,0,0.0,5.480638923341991,1.0986122886681098,0.0,1.2246467991473532e-16,-1.0,0.0,1.0,0.0
2015-09-14 13:00:00+00:00,400,18,5,5.0,5.993961427306569,2.9444389791664403,1.791759469228055,-0.2588190451025208,-0.9659258262890683,0.0,1.0,1.791759469228055
2015-09-14 14:00:00+00:00,637,11,4,4.0,6.45833828334479,2.4849066497880004,1.6094379124341003,-0.4999999999999998,-0.8660254037844388,0.0,1.0,1.6094379124341003
2015-09-14 15:00:00+00:00,1057,24,8,8.0,6.964135612418245,3.2188758248682006,2.1972245773362196,-0.7071067811865471,-0.7071067811865479,0.0,1.0,2.1972245773362196
2015-09-14 16:00:00+00:00,1361,30,10,10.0,7.216709486709457,3.4339872044851463,2.3978952727983707,-0.8660254037844384,-0.5000000000000004,0.0,1.0,2.3978952727983707
2015-09-14 17:00:00+00:00,1550,43,18,18.0,7.346655163176539,3.784189633918261,2.9444389791664403,-0.9659258262890683,-0.25881904510252063,0.0,1.0,2.9444389791664403
2015-09-14 18:00:00+00:00,1351,32,9,9.0,7.20934025660291,3.4965075614664802,2.302585092994046,-1.0,-1.8369701987210297e-16,0.0,1.0,2.302585092994046
2015-09-14 19:00:00+00:00,1286,40,17,17.0,7.160069207596127,3.713572066704308,2.8903717578961645,-0.9659258262890684,0.2588190451025203,0.0,1.0,2.8903717578961645
2015-09-14 20:00:00+00:00,1429,34,13,13.0,7.265429723253953,3.5553480614894135,2.6390573296152584,-0.8660254037844386,0.5000000000000001,0.0,1.0,2.6390573296152584
2015-09-14 21:00:00+00:00,1197,26,10,10.0,7.088408778675395,3.295836866004329,2.3978952727983707,-0.7071067811865477,0.7071067811865474,0.0,1.0,2.3978952727983707
2015-09-14 22:00:00+00:00,1383,39,11,11.0,7.232733136177615,3.6888794541139363,2.4849066497880004,-0.5000000000000004,0.8660254037844384,0.0,1.0,2.4849066497880004
2015-09-14 23:00:00+00:00,1106,20,7,7.0,7.009408932708637,3.044522437723423,2.0794415416798357,-0.25881904510252157,0.9659258262890681,0.0,1.0,2.0794415416798357
2015-09-15 00:00:00+00:00,1036,21,5,5.0,6.9440872082295275,3.091042453358316,1.791759469228055,0.0,1.0,0.7818314824680298,0.6234898018587336,1.791759469228055
2015-09-15 01:00:00+00:00,1065,36,11,11.0,6.97166860472579,3.6109179126442243,2.4849066497880004,0.25881904510252074,0.9659258262890683,0.7818314824680298,0.6234898018587336,2.4849066497880004
2015-09-15 02:00:00+00:00,1140,30,6,6.0,7.039660349862076,3.4339872044851463,1.9459101490553132,0.49999999999999994,0.8660254037844387,0.7818314824680298,0.6234898018587336,1.9459101490553132
2015-09-15 03:00:00+00:00,1189,36,6,6.0,7.081708586105575,3.6109179126442243,1.9459101490553132,0.7071067811865475,0.7071067811865476,0.7818314824680298,0.6234898018587336,1.9459101490553132
2015-09-15 04:00:00+00:00,1101,21,6,6.0,7.004881989712859,3.091042453358316,1.9459101490553132,0.8660254037844386,0.5000000000000001,0.7818314824680298,0.6234898018587336,1.9459101490553132
2015-09-15 05:00:00+00:00,791,19,17,17.0,6.674561391814426,2.995732273553991,2.8903717578961645,0.9659258262890683,0.25881904510252074,0.7818314824680298,0.6234898018587336,2.8903717578961645
2015-09-15 06:00:00+00:00,494,18,6,6.0,6.20455776256869,2.9444389791664403,1.9459101490553132,1.0,6.123233995736766e-17,0.7818314824680298,0.6234898018587336,1.9459101490553132
2015-09-15 07:00:00+00:00,272,2,1,1.0,5.60947179518496,1.0986122886681098,0.6931471805599453,0.9659258262890683,-0.25881904510252063,0.7818314824680298,0.6234898018587336,0.6931471805599453
2015-09-15 08:00:00+00:00,155,1,0,0.0,5.049856007249537,0.6931471805599453,0.0,0.8660254037844387,-0.49999999999999983,0.7818314824680298,0.6234898018587336,0.0
2015-09-15 09:00:00+00:00,137,8,0,0.0,4.927253685157205,2.1972245773362196,0.0,0.7071067811865476,-0.7071067811865475,0.7818314824680298,0.6234898018587336,0.0
2015-09-15 10:00:00+00:00,119,3,1,1.0,4.787491742782046,1.3862943611198906,0.6931471805599453,0.49999999999999994,-0.8660254037844387,0.7818314824680298,0.6234898018587336,0.6931471805599453
2015-09-15 11:00:00+00:00,141,4,0,0.0,4.955827057601261,1.6094379124341003,0.0,0.258819045102521,-0.9659258262890682,0.7818314824680298,0.6234898018587336,0.0
2015-09-15 12:00:00+00:00,216,4,0,0.0,5.37989735354046,1.6094379124341003,0.0,1.2246467991473532e-16,-1.0,0.7818314824680298,0.6234898018587336,0.0
2015-09-15 13:00:00+00:00,399,15,3,3.0,5.991464547107982,2.772588722239781,1.3862943611198906,-0.2588190451025208,-0.9659258262890683,0.7818314824680298,0.6234898018587336,1.3862943611198906
2015-09-15 14:00:00+00:00,680,10,2,2.0,6.523562306149512,2.3978952727983707,1.0986122886681098,-0.4999999999999998,-0.8660254037844388,0.7818314824680298,0.6234898018587336,1.0986122886681098
2015-09-15 15:00:00+00:00,1014,22,11,11.0,6.922643891475888,3.1354942159291497,2.4849066497880004,-0.7071067811865471,-0.7071067811865479,0.7818314824680298,0.6234898018587336,2.4849066497880004
2015-09-15 16:00:00+00:00,1385,48,14,14.0,7.234177179749849,3.8918202981106265,2.70805020110221,-0.8660254037844384,-0.5000000000000004,0.7818314824680298,0.6234898018587336,2.70805020110221
2015-09-15 17:00:00+00:00,1455,41,9,9.0,7.283448228756631,3.7376696182833684,2.302585092994046,-0.9659258262890683,-0.25881904510252063,0.7818314824680298,0.6234898018587336,2.302585092994046
2015-09-15 18:00:00+00:00,1367,29,13,13.0,7.221105098182496,3.4011973816621555,2.6390573296152584,-1.0,-1.8369701987210297e-16,0.7818314824680298,0.6234898018587336,2.6390573296152584
2015-09-15 19:00:00+00:00,1412,75,11,11.0,7.253470382684528,4.330733340286331,2.4849066497880004,-0.9659258262890684,0.2588190451025203,0.7818314824680298,0.6234898018587336,2.4849066497880004
2015-09-15 20:00:00+00:00,1924,96,17,17.0,7.562681246721884,4.574710978503383,2.8903717578961645,-0.8660254037844386,0.5000000000000001,0.7818314824680298,0.6234898018587336,2.8903717578961645
2015-09-15 21:00:00+00:00,838,31,8,8.0,6.732210706467206,3.4657359027997265,2.1972245773362196,-0.7071067811865477,0.7071067811865474,0.7818314824680298,0.6234898018587336,2.1972245773362196
2015-09-15 22:00:00+00:00,735,13,9,9.0,6.601230118728877,2.6390573296152584,2.302585092994046,-0.5000000000000004,0.8660254037844384,0.7818314824680298,0.6234898018587336,2.302585092994046
2015-09-15 23:00:00+00:00,608,11,2,2.0,6.411818267709897,2.4849066497880004,1.0986122886681098,-0.25881904510252157,0.9659258262890681,0.7818314824680298,0.6234898018587336,1.0986122886681098
2015-09-16 00:00:00+00:00,561,18,7,7.0,6.331501849893691,2.9444389791664403,2.0794415416798357,0.0,1.0,0.9749279121818236,-0.22252093395631434,2.0794415416798357
2015-09-16 01:00:00+00:00,579,23,13,13.0,6.363028103540465,3.1780538303479458,2.6390573296152584,0.25881904510252074,0.9659258262890683,0.9749279121818236,-0.22252093395631434,2.6390573296152584
2015-09-16 02:00:00+00:00,533,10,3,3.0,6.280395838960195,2.3978952727983707,1.3862943611198906,0.49999999999999994,0.8660254037844387,0.9749279121818236,-0.22252093395631434,1.3862943611198906
2015-09-16 03:00:00+00:00,588,17,6,6.0,6.3784261836515865,2.8903717578961645,1.9459101490553132,0.7071067811865475,0.7071067811865476,0.9749279121818236,-0.22252093395631434,1.9459101490553132
2015-09-16 04:00:00+00:00,604,10,2,2.0,6.405228458030842,2.3978952727983707,1.0986122886681098,0.8660254037844386,0.5000000000000001,0.9749279121818236,-0.22252093395631434,1.0986122886681098
2015-09-16 05:00:00+00:00,428,18,7,7.0,6.061456918928017,2.9444389791664403,2.0794415416798357,0.9659258262890683,0.25881904510252074,0.9749279121818236,-0.22252093395631434,2.0794415416798357
2015-09-16 06:00:00+00:00,223,1,0,0.0,5.4116460518550396,0.6931471805599453,0.0,1.0,6.123233995736766e-17,0.9749279121818236,-0.22252093395631434,0.0
2015-09-16 07:00:00+00:00,133,8,1,1.0,4.897839799950911,2.1972245773362196,0.6931471805599453,0.9659258262890683,-0.25881904510252063,0.9749279121818236,-0.22252093395631434,0.6931471805599453
2015-09-16 08:00:00+00:00,102,2,0,0.0,4.634728988229636,1.0986122886681098,0.0,0.8660254037844387,-0.49999999999999983,0.9749279121818236,-0.22252093395631434,0.0
2015-09-16 09:00:00+00:00,69,7,0,0.0,4.248495242049359,2.0794415416798357,0.0,0.7071067811865476,-0.7071067811865475,0.9749279121818236,-0.22252093395631434,0.0
2015-09-16 10:00:00+00:00,64,1,2,2.0,4.174387269895637,0.6931471805599453,1.0986122886681098,0.49999999999999994,-0.8660254037844387,0.9749279121818236,-0.22252093395631434,1.0986122886681098
2015-09-16 11:00:00+00:00,63,1,0,0.0,4.1588830833596715,0.6931471805599453,0.0,0.258819045102521,-0.9659258262890682,0.9749279121818236,-0.22252093395631434,0.0
2015-09-16 12:00:00+00:00,111,1,1,1.0,4.718498871295094,0.6931471805599453,0.6931471805599453,1.2246467991473532e-16,-1.0,0.9749279121818236,-0.22252093395631434,0.6931471805599453
2015-09-16 13:00:00+00:00,233,8,4,4.0,5.455321115357702,2.1972245773362196,1.6094379124341003,-0.2588190451025208,-0.9659258262890683,0.9749279121818236,-0.22252093395631434,1.6094379124341003
2015-09-16 14:00:00+00:00,369,13,2,2.0,5.91350300563827,2.6390573296152584,1.0986122886681098,-0.4999999999999998,-0.8660254037844388,0.9749279121818236,-0.22252093395631434,1.0986122886681098
2015-09-16 15:00:00+00:00,643,19,8,8.0,6.467698726104354,2.995732273553991,2.1972245773362196,-0.7071067811865471,-0.7071067811865479,0.9749279121818236,-0.22252093395631434,2.1972245773362196
2015-09-16 16:00:00+00:00,725,23,7,7.0,6.587550014824796,3.1780538303479458,2.0794415416798357,-0.8660254037844384,-0.5000000000000004,0.9749279121818236,-0.22252093395631434,2.0794415416798357
2015-09-16 17:00:00+00:00,713,25,16,16.0,6.570882962339584,3.258096538021482,2.833213344056216,-0.9659258262890683,-0.25881904510252063,0.9749279121818236,-0.22252093395631434,2.833213344056216
2015-09-16 18:00:00+00:00,730,27,8,8.0,6.594413459749778,3.332204510175204,2.1972245773362196,-1.0,-1.8369701987210297e-16,0.9749279121818236,-0.22252093395631434,2.1972245773362196
2015-09-16 19:00:00+00:00,750,24,12,12.0,6.621405651764134,3.2188758248682006,2.5649493574615367,-0.9659258262890684,0.2588190451025203,0.9749279121818236,-0.22252093395631434,2.5649493574615367
2015-09-16 20:00:00+00:00,783,23,6,6.0,6.664409020350408,3.1780538303479458,1.9459101490553132,-0.8660254037844386,0.5000000000000001,0.9749279121818236,-0.22252093395631434,1.9459101490553132
2015-09-16 21:00:00+00:00,755,25,20,20.0,6.628041376179533,3.258096538021482,3.044522437723423,-0.7071067811865477,0.7071067811865474,0.9749279121818236,-0.22252093395631434,3.044522437723423
2015-09-16 22:00:00+00:00,621,15,3,3.0,6.432940092739179,2.772588722239781,1.3862943611198906,-0.5000000000000004,0.8660254037844384,0.9749279121818236,-0.22252093395631434,1.3862943611198906
2015-09-16 23:00:00+00:00,642,16,9,9.0,6.466144724237619,2.833213344056216,2.302585092994046,-0.25881904510252157,0.9659258262890681,0.9749279121818236,-0.22252093395631434,2.302585092994046
2015-09-17 00:00:00+00:00,498,13,6,6.0,6.212606095751519,2.6390573296152584,1.9459101490553132,0.0,1.0,0.43388373911755823,-0.900968867902419,1.9459101490553132
2015-09-17 01:00:00+00:00,477,12,1,1.0,6.169610732491456,2.5649493574615367,0.6931471805599453,0.25881904510252074,0.9659258262890683,0.43388373911755823,-0.900968867902419,0.6931471805599453
2015-09-17 02:00:00+00:00,504,4,1,1.0,6.22455842927536,1.6094379124341003,0.6931471805599453,0.49999999999999994,0.8660254037844387,0.43388373911755823,-0.900968867902419,0.6931471805599453
2015-09-17 03:00:00+00:00,572,22,2,2.0,6.35088571671474,3.1354942159291497,1.0986122886681098,0.7071067811865475,0.7071067811865476,0.43388373911755823,-0.900968867902419,1.0986122886681098
2015-09-17 04:00:00+00:00,493,13,2,2.0,6.202535517187923,2.6390573296152584,1.0986122886681098,0.8660254037844386,0.5000000000000001,0.43388373911755823,-0.900968867902419,1.0986122886681098
2015-09-17 05:00:00+00:00,362,10,0,0.0,5.8944028342648505,2.3978952727983707,0.0,0.9659258262890683,0.25881904510252074,0.43388373911755823,-0.900968867902419,0.0
2015-09-17 06:00:00+00:00,242,7,1,1.0,5.493061443340548,2.0794415416798357,0.6931471805599453,1.0,6.123233995736766e-17,0.43388373911755823,-0.900968867902419,0.6931471805599453
2015-09-17 07:00:00+00:00,156,0,0,0.0,5.056245805348308,0.0,0.0,0.9659258262890683,-0.25881904510252063,0.43388373911755823,-0.900968867902419,0.0
2015-09-17 08:00:00+00:00,48,0,0,0.0,3.8918202981106265,0.0,0.0,0.8660254037844387,-0.49999999999999983,0.43388373911755823,-0.900968867902419,0.0
2015-09-17 09:00:00+00:00,40,0,0,0.0,3.713572066704308,0.0,0.0,0.7071067811865476,-0.7071067811865475,0.43388373911755823,-0.900968867902419,0.0
2015-09-17 10:00:00+00:00,40,0,0,0.0,3.713572066704308,0.0,0.0,0.49999999999999994,-0.8660254037844387,0.43388373911755823,-0.900968867902419,0.0
2015-09-17 11:00:00+00:00,89,0,0,0.0,4.499809670330265,0.0,0.0,0.258819045102521,-0.9659258262890682,0.43388373911755823,-0.900968867902419,0.0
2015-09-17 12:00:00+00:00,124,0,0,0.0,4.8283137373023015,0.0,0.0,1.2246467991473532e-16,-1.0,0.43388373911755823,-0.900968867902419,0.0
2015-09-17 13:00:00+00:00,203,3,2,2.0,5.318119993844216,1.3862943611198906,1.0986122886681098,-0.2588190451025208,-0.9659258262890683,0.43388373911755823,-0.900968867902419,1.0986122886681098
2015-09-17 14:00:00+00:00,313,7,1,1.0,5.749392985908253,2.0794415416798357,0.6931471805599453,-0.4999999999999998,-0.8660254037844388,0.43388373911755823,-0.900968867902419,0.6931471805599453
2015-09-17 15:00:00+00:00,524,22,4,4.0,6.263398262591624,3.1354942159291497,1.6094379124341003,-0.7071067811865471,-0.7071067811865479,0.43388373911755823,-0.900968867902419,1.6094379124341003
2015-09-17 16:00:00+00:00,617,19,4,4.0,6.42648845745769,2.995732273553991,1.6094379124341003,-0.8660254037844384,-0.5000000000000004,0.43388373911755823,-0.900968867902419,1.6094379124341003
2015-09-17 17:00:00+00:00,723,20,11,11.0,6.584791392385716,3.044522437723423,2.4849066497880004,-0.9659258262890683,-0.25881904510252063,0.43388373911755823,-0.900968867902419,2.4849066497880004
2015-09-17 18:00:00+00:00,698,16,9,9.0,6.54965074223381,2.833213344056216,2.302585092994046,-1.0,-1.8369701987210297e-16,0.43388373911755823,-0.900968867902419,2.302585092994046
2015-09-17 19:00:00+00:00,667,20,1,1.0,6.504288173536645,3.044522437723423,0.6931471805599453,-0.9659258262890684,0.2588190451025203,0.43388373911755823,-0.900968867902419,0.6931471805599453
2015-09-17 20:00:00+00:00,625,16,0,0.0,6.439350371100098,2.833213344056216,0.0,-0.8660254037844386,0.5000000000000001,0.43388373911755823,-0.900968867902419,0.0
2015-09-17 21:00:00+00:00,648,31,0,0.0,6.47543271670409,3.4657359027997265,0.0,-0.7071067811865477,0.7071067811865474,0.43388373911755823,-0.900968867902419,0.0
2015-09-17 22:00:00+00:00,634,9,0,0.0,6.453624998892692,2.302585092994046,0.0,-0.5000000000000004,0.8660254037844384,0.43388373911755823,-0.900968867902419,0.0
2015-09-17 23:00:00+00:00,533,7,0,0.0,6.280395838960195,2.0794415416798357,0.0,-0.25881904510252157,0.9659258262890681,0.43388373911755823,-0.900968867902419,0.0
