timestamp,sessions,product_visits,cart_visits,checkout_visits,orders,target,log_sessions,log_product_visits,log_cart_visits,log_checkout_visits,log_orders,model_target
2022-01-01 00:00:00+00:00,149,128,49,0,0,0.0,5.0106352940962555,4.859812404361672,3.912023005428146,0.0,0.0,0.0
2022-01-02 00:00:00+00:00,141,120,39,0,0,0.0,4.955827057601261,4.795790545596741,3.6888794541139363,0.0,0.0,0.0
2022-01-03 00:00:00+00:00,123,110,41,0,0,0.0,4.820281565605037,4.709530201312334,3.7376696182833684,0.0,0.0,0.0
2022-01-04 00:00:00+00:00,135,117,43,0,0,0.0,4.912654885736052,4.770684624465665,3.784189633918261,0.0,0.0,0.0
2022-01-05 00:00:00+00:00,133,117,49,2,2,2.0,4.897839799950911,4.770684624465665,3.912023005428146,1.0986122886681098,1.0986122886681098,1.0986122886681098
2022-01-06 00:00:00+00:00,136,115,35,0,0,0.0,4.919980925828125,4.7535901911063645,3.58351893845611,0.0,0.0,0.0
2022-01-07 00:00:00+00:00,134,116,40,2,2,2.0,4.90527477843843,4.762173934797756,3.713572066704308,1.0986122886681098,1.0986122886681098,1.0986122886681098
2022-01-08 00:00:00+00:00,133,123,53,3,3,3.0,4.897839799950911,4.820281565605037,3.9889840465642745,1.3862943611198906,1.3862943611198906,1.3862943611198906
2022-01-09 00:00:00+00:00,140,116,39,2,2,2.0,4.948759890378168,4.762173934797756,3.6888794541139363,1.0986122886681098,1.0986122886681098,1.0986122886681098
2022-01-10 00:00:00+00:00,140,123,36,2,2,2.0,4.948759890378168,4.820281565605037,3.6109179126442243,1.0986122886681098,1.0986122886681098,1.0986122886681098
2022-01-11 00:00:00+00:00,139,123,49,3,3,3.0,4.941642422609304,4.820281565605037,3.912023005428146,1.3862943611198906,1.3862943611198906,1.3862943611198906
2022-01-12 00:00:00+00:00,124,110,36,2,2,2.0,4.8283137373023015,4.709530201312334,3.6109179126442243,1.0986122886681098,1.0986122886681098,1.0986122886681098
2022-01-13 00:00:00+00:00,144,126,37,1,1,1.0,4.976733742420574,4.844187086458591,3.6375861597263857,0.6931471805599453,0.6931471805599453,0.6931471805599453
2022-01-14 00:00:00+00:00,168,148,61,5,5,5.0,5.1298987149230735,5.003946305945459,4.127134385045092,1.791759469228055,1.791759469228055,1.791759469228055
2022-01-15 00:00:00+00:00,146,128,42,0,0,0.0,4.990432586778736,4.859812404361672,3.7612001156935624,0.0,0.0,0.0
2022-01-16 00:00:00+00:00,133,114,47,6,6,6.0,4.897839799950911,4.74493212836325,3.871201010907891,1.9459101490553132,1.9459101490553132,1.9459101490553132
2022-01-17 00:00:00+00:00,148,128,46,4,4,4.0,5.003946305945459,4.859812404361672,3.8501476017100584,1.6094379124341003,1.6094379124341003,1.6094379124341003
2022-01-18 00:00:00+00:00,136,115,37,1,1,1.0,4.919980925828125,4.7535901911063645,3.6375861597263857,0.6931471805599453,0.6931471805599453,0.6931471805599453
2022-01-19 00:00:00+00:00,130,113,42,3,3,3.0,4.875197323201151,4.736198448394496,3.7612001156935624,1.3862943611198906,1.3862943611198906,1.3862943611198906
2022-01-20 00:00:00+00:00,139,117,35,2,2,2.0,4.941642422609304,4.770684624465665,3.58351893845611,1.0986122886681098,1.0986122886681098,1.0986122886681098
2022-01-21 00:00:00+00:00,129,112,45,5,5,5.0,4.867534450455582,4.727387818712341,3.828641396489095,1.791759469228055,1.791759469228055,1.791759469228055
2022-01-22 00:00:00+00:00,132,117,40,6,6,6.0,4.890349128221754,4.770684624465665,3.713572066704308,1.9459101490553132,1.9459101490553132,1.9459101490553132
2022-01-23 00:00:00+00:00,135,113,43,5,6,6.0,4.912654885736052,4.736198448394496,3.784189633918261,1.791759469228055,1.9459101490553132,1.9459101490553132
2022-01-24 00:00:00+00:00,141,122,54,4,3,3.0,4.955827057601261,4.812184355372417,4.007333185232471,1.6094379124341003,1.3862943611198906,1.3862943611198906
2022-01-25 00:00:00+00:00,152,127,41,6,6,6.0,5.030437921392435,4.852030263919617,3.7376696182833684,1.9459101490553132,1.9459101490553132,1.9459101490553132
2022-01-26 00:00:00+00:00,156,139,48,2,2,2.0,5.056245805348308,4.941642422609304,3.8918202981106265,1.0986122886681098,1.0986122886681098,1.0986122886681098
2022-01-27 00:00:00+00:00,166,144,56,5,5,5.0,5.117993812416755,4.976733742420574,4.04305126783455,1.791759469228055,1.791759469228055,1.791759469228055
2022-01-28 00:00:00+00:00,140,129,51,8,8,8.0,4.948759890378168,4.867534450455582,3.9512437185814275,2.1972245773362196,2.1972245773362196,2.1972245773362196
2022-01-29 00:00:00+00:00,145,125,48,2,3,3.0,4.983606621708336,4.836281906951478,3.8918202981106265,1.0986122886681098,1.3862943611198906,1.3862943611198906
2022-01-30 00:00:00+00:00,133,117,48,3,2,2.0,4.897839799950911,4.770684624465665,3.8918202981106265,1.3862943611198906,1.0986122886681098,1.0986122886681098
2022-01-31 00:00:00+00:00,162,151,59,9,9,9.0,5.093750200806762,5.0238805208462765,4.0943445622221,2.302585092994046,2.302585092994046,2.302585092994046
2022-02-01 00:00:00+00:00,148,133,52,4,4,4.0,5.003946305945459,4.897839799950911,3.970291913552122,1.6094379124341003,1.6094379124341003,1.6094379124341003
2022-02-02 00:00:00+00:00,148,122,37,6,6,6.0,5.003946305945459,4.812184355372417,3.6375861597263857,1.9459101490553132,1.9459101490553132,1.9459101490553132
2022-02-03 00:00:00+00:00,143,136,53,7,7,7.0,4.969813299576001,4.919980925828125,3.9889840465642745,2.0794415416798357,2.0794415416798357,2.0794415416798357
2022-02-04 00:00:00+00:00,133,116,37,6,6,6.0,4.897839799950911,4.762173934797756,3.6375861597263857,1.9459101490553132,1.9459101490553132,1.9459101490553132
2022-02-05 00:00:00+00:00,144,120,39,4,4,4.0,4.976733742420574,4.795790545596741,3.6888794541139363,1.6094379124341003,1.6094379124341003,1.6094379124341003
2022-02-06 00:00:00+00:00,139,124,42,5,5,5.0,4.941642422609304,4.8283137373023015,3.7612001156935624,1.791759469228055,1.791759469228055,1.791759469228055
2022-02-07 00:00:00+00:00,128,122,40,5,5,5.0,4.859812404361672,4.812184355372417,3.713572066704308,1.791759469228055,1.791759469228055,1.791759469228055
2022-02-08 00:00:00+00:00,129,116,37,6,6,6.0,4.867534450455582,4.762173934797756,3.6375861597263857,1.9459101490553132,1.9459101490553132,1.9459101490553132
2022-02-09 00:00:00+00:00,154,133,47,9,9,9.0,5.043425116919247,4.897839799950911,3.871201010907891,2.302585092994046,2.302585092994046,2.302585092994046
2022-02-10 00:00:00+00:00,146,133,48,10,11,11.0,4.990432586778736,4.897839799950911,3.8918202981106265,2.3978952727983707,2.4849066497880004,2.4849066497880004
2022-02-11 00:00:00+00:00,122,114,36,9,8,8.0,4.812184355372417,4.74493212836325,3.6109179126442243,2.302585092994046,2.1972245773362196,2.1972245773362196
2022-02-12 00:00:00+00:00,125,114,47,5,5,5.0,4.836281906951478,4.74493212836325,3.871201010907891,1.791759469228055,1.791759469228055,1.791759469228055
2022-02-13 00:00:00+00:00,130,110,38,6,6,6.0,4.875197323201151,4.709530201312334,3.6635616461296463,1.9459101490553132,1.9459101490553132,1.9459101490553132
2022-02-14 00:00:00+00:00,143,126,56,8,8,8.0,4.969813299576001,4.844187086458591,4.04305126783455,2.1972245773362196,2.1972245773362196,2.1972245773362196
2022-02-15 00:00:00+00:00,153,131,54,9,9,9.0,5.0369526024136295,4.882801922586371,4.007333185232471,2.302585092994046,2.302585092994046,2.302585092994046
2022-02-16 00:00:00+00:00,153,143,62,11,11,11.0,5.0369526024136295,4.969813299576001,4.143134726391533,2.4849066497880004,2.4849066497880004,2.4849066497880004
2022-02-17 00:00:00+00:00,137,120,53,7,7,7.0,4.927253685157205,4.795790545596741,3.9889840465642745,2.0794415416798357,2.0794415416798357,2.0794415416798357
2022-02-18 00:00:00+00:00,150,127,51,10,10,10.0,5.017279836814924,4.852030263919617,3.9512437185814275,2.3978952727983707,2.3978952727983707,2.3978952727983707
2022-02-19 00:00:00+00:00,169,145,53,11,11,11.0,5.135798437050262,4.983606621708336,3.9889840465642745,2.4849066497880004,2.4849066497880004,2.4849066497880004
2022-02-20 00:00:00+00:00,143,131,49,11,11,11.0,4.969813299576001,4.882801922586371,3.912023005428146,2.4849066497880004,2.4849066497880004,2.4849066497880004
2022-02-21 00:00:00+00:00,146,133,48,4,4,4.0,4.990432586778736,4.897839799950911,3.8918202981106265,1.6094379124341003,1.6094379124341003,1.6094379124341003
2022-02-22 00:00:00+00:00,116,97,29,5,5,5.0,4.762173934797756,4.584967478670572,3.4011973816621555,1.791759469228055,1.791759469228055,1.791759469228055
2022-02-23 00:00:00+00:00,136,125,41,4,4,4.0,4.919980925828125,4.836281906951478,3.7376696182833684,1.6094379124341003,1.6094379124341003,1.6094379124341003
2022-02-24 00:00:00+00:00,131,119,45,12,12,12.0,4.882801922586371,4.787491742782046,3.828641396489095,2.5649493574615367,2.5649493574615367,2.5649493574615367
2022-02-25 00:00:00+00:00,166,150,47,7,7,7.0,5.117993812416755,5.017279836814924,3.871201010907891,2.0794415416798357,2.0794415416798357,2.0794415416798357
2022-02-26 00:00:00+00:00,173,161,74,14,14,14.0,5.159055299214529,5.087596335232384,4.31748811353631,2.70805020110221,2.70805020110221,2.70805020110221
2022-02-27 00:00:00+00:00,154,139,51,11,11,11.0,5.043425116919247,4.941642422609304,3.9512437185814275,2.4849066497880004,2.4849066497880004,2.4849066497880004
2022-02-28 00:00:00+00:00,139,130,42,6,6,6.0,4.941642422609304,4.875197323201151,3.7612001156935624,1.9459101490553132,1.9459101490553132,1.9459101490553132
2022-03-01 00:00:00+00:00,137,120,45,6,6,6.0,4.927253685157205,4.795790545596741,3.828641396489095,1.9459101490553132,1.9459101490553132,1.9459101490553132
2022-03-02 00:00:00+00:00,144,129,61,4,4,4.0,4.976733742420574,4.867534450455582,4.127134385045092,1.6094379124341003,1.6094379124341003,1.6094379124341003
2022-03-03 00:00:00+00:00,164,142,55,9,9,9.0,5.10594547390058,4.962844630259907,4.02535169073515,2.302585092994046,2.302585092994046,2.302585092994046
2022-03-04 00:00:00+00:00,138,125,41,6,6,6.0,4.9344739331306915,4.836281906951478,3.7376696182833684,1.9459101490553132,1.9459101490553132,1.9459101490553132
2022-03-05 00:00:00+00:00,151,137,50,11,11,11.0,5.0238805208462765,4.927253685157205,3.9318256327243257,2.4849066497880004,2.4849066497880004,2.4849066497880004
2022-03-06 00:00:00+00:00,140,128,61,13,13,13.0,4.948759890378168,4.859812404361672,4.127134385045092,2.6390573296152584,2.6390573296152584,2.6390573296152584
2022-03-07 00:00:00+00:00,138,119,44,11,11,11.0,4.9344739331306915,4.787491742782046,3.8066624897703196,2.4849066497880004,2.4849066497880004,2.4849066497880004
2022-03-08 00:00:00+00:00,149,128,43,11,11,11.0,5.0106352940962555,4.859812404361672,3.784189633918261,2.4849066497880004,2.4849066497880004,2.4849066497880004
2022-03-09 00:00:00+00:00,172,166,57,14,14,14.0,5.153291594497779,5.117993812416755,4.060443010546419,2.70805020110221,2.70805020110221,2.70805020110221
2022-03-10 00:00:00+00:00,163,147,54,12,12,12.0,5.099866427824199,4.997212273764115,4.007333185232471,2.5649493574615367,2.5649493574615367,2.5649493574615367
2022-03-11 00:00:00+00:00,155,151,59,12,12,12.0,5.049856007249537,5.0238805208462765,4.0943445622221,2.5649493574615367,2.5649493574615367,2.5649493574615367
2022-03-12 00:00:00+00:00,122,118,51,16,16,16.0,4.812184355372417,4.77912349311153,3.9512437185814275,2.833213344056216,2.833213344056216,2.833213344056216
2022-03-13 00:00:00+00:00,151,138,56,10,10,10.0,5.0238805208462765,4.9344739331306915,4.04305126783455,2.3978952727983707,2.3978952727983707,2.3978952727983707
2022-03-14 00:00:00+00:00,148,142,48,13,13,13.0,5.003946305945459,4.962844630259907,3.8918202981106265,2.6390573296152584,2.6390573296152584,2.6390573296152584
2022-03-15 00:00:00+00:00,152,141,46,7,7,7.0,5.030437921392435,4.955827057601261,3.8501476017100584,2.0794415416798357,2.0794415416798357,2.0794415416798357
2022-03-16 00:00:00+00:00,165,154,59,14,14,14.0,5.111987788356544,5.043425116919247,4.0943445622221,2.70805020110221,2.70805020110221,2.70805020110221
2022-03-17 00:00:00+00:00,156,135,52,9,9,9.0,5.056245805348308,4.912654885736052,3.970291913552122,2.302585092994046,2.302585092994046,2.302585092994046
2022-03-18 00:00:00+00:00,132,116,36,7,7,7.0,4.890349128221754,4.762173934797756,3.6109179126442243,2.0794415416798357,2.0794415416798357,2.0794415416798357
2022-03-19 00:00:00+00:00,144,131,51,8,8,8.0,4.976733742420574,4.882801922586371,3.9512437185814275,2.1972245773362196,2.1972245773362196,2.1972245773362196
2022-03-20 00:00:00+00:00,145,137,49,12,12,12.0,4.983606621708336,4.927253685157205,3.912023005428146,2.5649493574615367,2.5649493574615367,2.5649493574615367
2022-03-21 00:00:00+00:00,163,139,55,7,7,7.0,5.099866427824199,4.941642422609304,4.02535169073515,2.0794415416798357,2.0794415416798357,2.0794415416798357
2022-03-22 00:00:00+00:00,146,135,60,12,12,12.0,4.990432586778736,4.912654885736052,4.110873864173311,2.5649493574615367,2.5649493574615367,2.5649493574615367
2022-03-23 00:00:00+00:00,146,124,53,9,9,9.0,4.990432586778736,4.8283137373023015,3.9889840465642745,2.302585092994046,2.302585092994046,2.302585092994046
2022-03-24 00:00:00+00:00,167,149,55,10,10,10.0,5.123963979403259,5.0106352940962555,4.02535169073515,2.3978952727983707,2.3978952727983707,2.3978952727983707
2022-03-25 00:00:00+00:00,152,133,51,12,12,12.0,5.030437921392435,4.897839799950911,3.9512437185814275,2.5649493574615367,2.5649493574615367,2.5649493574615367
2022-03-26 00:00:00+00:00,139,134,50,14,14,14.0,4.941642422609304,4.90527477843843,3.9318256327243257,2.70805020110221,2.70805020110221,2.70805020110221
2022-03-27 00:00:00+00:00,176,162,57,13,13,13.0,5.176149732573829,5.093750200806762,4.060443010546419,2.6390573296152584,2.6390573296152584,2.6390573296152584
2022-03-28 00:00:00+00:00,148,143,54,10,10,10.0,5.003946305945459,4.969813299576001,4.007333185232471,2.3978952727983707,2.3978952727983707,2.3978952727983707
2022-03-29 00:00:00+00:00,140,125,50,10,10,10.0,4.948759890378168,4.836281906951478,3.9318256327243257,2.3978952727983707,2.3978952727983707,2.3978952727983707
2022-03-30 00:00:00+00:00,145,134,50,14,14,14.0,4.983606621708336,4.90527477843843,3.9318256327243257,2.70805020110221,2.70805020110221,2.70805020110221
2022-03-31 00:00:00+00:00,163,162,63,18,18,18.0,5.099866427824199,5.093750200806762,4.1588830833596715,2.9444389791664403,2.9444389791664403,2.9444389791664403
2022-04-01 00:00:00+00:00,153,147,50,13,13,13.0,5.0369526024136295,4.997212273764115,3.9318256327243257,2.6390573296152584,2.6390573296152584,2.6390573296152584
2022-04-02 00:00:00+00:00,167,159,67,23,23,23.0,5.123963979403259,5.075173815233827,4.219507705176107,3.1780538303479458,3.1780538303479458,3.1780538303479458
2022-04-03 00:00:00+00:00,142,134,50,15,15,15.0,4.962844630259907,4.90527477843843,3.9318256327243257,2.772588722239781,2.772588722239781,2.772588722239781
2022-04-04 00:00:00+00:00,206,242,119,75,75,75.0,5.332718793265369,5.493061443340548,4.787491742782046,4.330733340286331,4.330733340286331,4.330733340286331
2022-04-05 00:00:00+00:00,167,154,61,12,13,13.0,5.123963979403259,5.043425116919247,4.127134385045092,2.5649493574615367,2.6390573296152584,2.6390573296152584
2022-04-06 00:00:00+00:00,138,128,41,15,14,14.0,4.9344739331306915,4.859812404361672,3.7376696182833684,2.772588722239781,2.70805020110221,2.70805020110221
2022-04-07 00:00:00+00:00,159,154,64,19,19,19.0,5.075173815233827,5.043425116919247,4.174387269895637,2.995732273553991,2.995732273553991,2.995732273553991
2022-04-08 00:00:00+00:00,168,154,49,10,10,10.0,5.1298987149230735,5.043425116919247,3.912023005428146,2.3978952727983707,2.3978952727983707,2.3978952727983707
2022-04-09 00:00:00+00:00,128,120,51,18,18,18.0,4.859812404361672,4.795790545596741,3.9512437185814275,2.9444389791664403,2.9444389791664403,2.9444389791664403
2022-04-10 00:00:00+00:00,135,124,56,16,16,16.0,4.912654885736052,4.8283137373023015,4.04305126783455,2.833213344056216,2.833213344056216,2.833213344056216
2022-04-11 00:00:00+00:00,157,147,56,17,17,17.0,5.062595033026967,4.997212273764115,4.04305126783455,2.8903717578961645,2.8903717578961645,2.8903717578961645
2022-04-12 00:00:00+00:00,139,131,57,17,17,17.0,4.941642422609304,4.882801922586371,4.060443010546419,2.8903717578961645,2.8903717578961645,2.8903717578961645
2022-04-13 00:00:00+00:00,181,168,80,33,33,33.0,5.204006687076795,5.1298987149230735,4.394449154672439,3.5263605246161616,3.5263605246161616,3.5263605246161616
2022-04-14 00:00:00+00:00,183,197,86,38,38,38.0,5.214935757608986,5.288267030694535,4.465908118654584,3.6635616461296463,3.6635616461296463,3.6635616461296463
2022-04-15 00:00:00+00:00,173,184,90,39,40,40.0,5.159055299214529,5.220355825078324,4.51085950651685,3.6888794541139363,3.713572066704308,3.713572066704308
2022-04-16 00:00:00+00:00,163,160,68,19,18,18.0,5.099866427824199,5.081404364984463,4.23410650459726,2.995732273553991,2.9444389791664403,2.9444389791664403
2022-04-17 00:00:00+00:00,168,165,76,28,28,28.0,5.1298987149230735,5.111987788356544,4.343805421853684,3.367295829986474,3.367295829986474,3.367295829986474
2022-04-18 00:00:00+00:00,157,143,50,19,19,19.0,5.062595033026967,4.969813299576001,3.9318256327243257,2.995732273553991,2.995732273553991,2.995732273553991
2022-04-19 00:00:00+00:00,151,146,48,17,17,17.0,5.0238805208462765,4.990432586778736,3.8918202981106265,2.8903717578961645,2.8903717578961645,2.8903717578961645
2022-04-20 00:00:00+00:00,165,160,64,20,20,20.0,5.111987788356544,5.081404364984463,4.174387269895637,3.044522437723423,3.044522437723423,3.044522437723423
2022-04-21 00:00:00+00:00,152,144,64,17,17,17.0,5.030437921392435,4.976733742420574,4.174387269895637,2.8903717578961645,2.8903717578961645,2.8903717578961645
2022-04-22 00:00:00+00:00,136,132,55,25,25,25.0,4.919980925828125,4.890349128221754,4.02535169073515,3.258096538021482,3.258096538021482,3.258096538021482
2022-04-23 00:00:00+00:00,146,132,45,14,14,14.0,4.990432586778736,4.890349128221754,3.828641396489095,2.70805020110221,2.70805020110221,2.70805020110221
2022-04-24 00:00:00+00:00,170,162,64,17,17,17.0,5.14166355650266,5.093750200806762,4.174387269895637,2.8903717578961645,2.8903717578961645,2.8903717578961645
2022-04-25 00:00:00+00:00,131,125,50,16,17,17.0,4.882801922586371,4.836281906951478,3.9318256327243257,2.833213344056216,2.8903717578961645,2.8903717578961645
2022-04-26 00:00:00+00:00,164,155,70,22,21,21.0,5.10594547390058,5.049856007249537,4.2626798770413155,3.1354942159291497,3.091042453358316,3.091042453358316
2022-04-27 00:00:00+00:00,129,119,40,10,10,10.0,4.867534450455582,4.787491742782046,3.713572066704308,2.3978952727983707,2.3978952727983707,2.3978952727983707
2022-04-28 00:00:00+00:00,164,151,66,18,20,20.0,5.10594547390058,5.0238805208462765,4.204692619390966,2.9444389791664403,3.044522437723423,3.044522437723423
2022-04-29 00:00:00+00:00,162,166,69,22,20,20.0,5.093750200806762,5.117993812416755,4.248495242049359,3.1354942159291497,3.044522437723423,3.044522437723423
2022-04-30 00:00:00+00:00,164,151,58,15,15,15.0,5.10594547390058,5.0238805208462765,4.07753744390572,2.772588722239781,2.772588722239781,2.772588722239781
2022-05-01 00:00:00+00:00,175,159,64,22,23,23.0,5.170483995038151,5.075173815233827,4.174387269895637,3.1354942159291497,3.1780538303479458,3.1780538303479458
2022-05-02 00:00:00+00:00,162,150,71,21,20,20.0,5.093750200806762,5.017279836814924,4.276666119016055,3.091042453358316,3.044522437723423,3.044522437723423
2022-05-03 00:00:00+00:00,160,158,67,25,25,25.0,5.081404364984463,5.0689042022202315,4.219507705176107,3.258096538021482,3.258096538021482,3.258096538021482
2022-05-04 00:00:00+00:00,152,141,63,16,16,16.0,5.030437921392435,4.955827057601261,4.1588830833596715,2.833213344056216,2.833213344056216,2.833213344056216
2022-05-05 00:00:00+00:00,146,138,50,16,17,17.0,4.990432586778736,4.9344739331306915,3.9318256327243257,2.833213344056216,2.8903717578961645,2.8903717578961645
2022-05-06 00:00:00+00:00,142,130,55,19,18,18.0,4.962844630259907,4.875197323201151,4.02535169073515,2.995732273553991,2.9444389791664403,2.9444389791664403
2022-05-07 00:00:00+00:00,163,151,57,20,20,20.0,5.099866427824199,5.0238805208462765,4.060443010546419,3.044522437723423,3.044522437723423,3.044522437723423
2022-05-08 00:00:00+00:00,158,133,63,19,19,19.0,5.0689042022202315,4.897839799950911,4.1588830833596715,2.995732273553991,2.995732273553991,2.995732273553991
2022-05-09 00:00:00+00:00,145,137,47,18,18,18.0,4.983606621708336,4.927253685157205,3.871201010907891,2.9444389791664403,2.9444389791664403,2.9444389791664403
2022-05-10 00:00:00+00:00,149,141,52,15,15,15.0,5.0106352940962555,4.955827057601261,3.970291913552122,2.772588722239781,2.772588722239781,2.772588722239781
2022-05-11 00:00:00+00:00,160,161,63,27,27,27.0,5.081404364984463,5.087596335232384,4.1588830833596715,3.332204510175204,3.332204510175204,3.332204510175204
2022-05-12 00:00:00+00:00,165,148,61,22,23,23.0,5.111987788356544,5.003946305945459,4.127134385045092,3.1354942159291497,3.1780538303479458,3.1780538303479458
2022-05-13 00:00:00+00:00,165,167,78,34,33,33.0,5.111987788356544,5.123963979403259,4.3694478524670215,3.5553480614894135,3.5263605246161616,3.5263605246161616
2022-05-14 00:00:00+00:00,148,138,55,16,16,16.0,5.003946305945459,4.9344739331306915,4.02535169073515,2.833213344056216,2.833213344056216,2.833213344056216
2022-05-15 00:00:00+00:00,174,171,78,30,31,31.0,5.1647859739235145,5.147494476813453,4.3694478524670215,3.4339872044851463,3.4657359027997265,3.4657359027997265
2022-05-16 00:00:00+00:00,156,151,70,20,19,19.0,5.056245805348308,5.0238805208462765,4.2626798770413155,3.044522437723423,2.995732273553991,2.995732273553991
2022-05-17 00:00:00+00:00,158,150,65,25,25,25.0,5.0689042022202315,5.017279836814924,4.189654742026425,3.258096538021482,3.258096538021482,3.258096538021482
2022-05-18 00:00:00+00:00,152,147,62,19,19,19.0,5.030437921392435,4.997212273764115,4.143134726391533,2.995732273553991,2.995732273553991,2.995732273553991
2022-05-19 00:00:00+00:00,148,135,55,15,15,15.0,5.003946305945459,4.912654885736052,4.02535169073515,2.772588722239781,2.772588722239781,2.772588722239781
2022-05-20 00:00:00+00:00,141,151,55,25,25,25.0,4.955827057601261,5.0238805208462765,4.02535169073515,3.258096538021482,3.258096538021482,3.258096538021482
2022-05-21 00:00:00+00:00,151,147,50,26,27,27.0,5.0238805208462765,4.997212273764115,3.9318256327243257,3.295836866004329,3.332204510175204,3.332204510175204
2022-05-22 00:00:00+00:00,122,118,47,20,19,19.0,4.812184355372417,4.77912349311153,3.871201010907891,3.044522437723423,2.995732273553991,2.995732273553991
2022-05-23 00:00:00+00:00,148,131,54,17,17,17.0,5.003946305945459,4.882801922586371,4.007333185232471,2.8903717578961645,2.8903717578961645,2.8903717578961645
2022-05-24 00:00:00+00:00,165,165,57,25,25,25.0,5.111987788356544,5.111987788356544,4.060443010546419,3.258096538021482,3.258096538021482,3.258096538021482
2022-05-25 00:00:00+00:00,151,142,64,22,22,22.0,5.0238805208462765,4.962844630259907,4.174387269895637,3.1354942159291497,3.1354942159291497,3.1354942159291497
2022-05-26 00:00:00+00:00,148,148,69,19,19,19.0,5.003946305945459,5.003946305945459,4.248495242049359,2.995732273553991,2.995732273553991,2.995732273553991
2022-05-27 00:00:00+00:00,160,147,60,17,17,17.0,5.081404364984463,4.997212273764115,4.110873864173311,2.8903717578961645,2.8903717578961645,2.8903717578961645
2022-05-28 00:00:00+00:00,174,169,66,22,22,22.0,5.1647859739235145,5.135798437050262,4.204692619390966,3.1354942159291497,3.1354942159291497,3.1354942159291497
2022-05-29 00:00:00+00:00,147,130,52,18,18,18.0,4.997212273764115,4.875197323201151,3.970291913552122,2.9444389791664403,2.9444389791664403,2.9444389791664403
2022-05-30 00:00:00+00:00,117,115,41,14,14,14.0,4.770684624465665,4.7535901911063645,3.7376696182833684,2.70805020110221,2.70805020110221,2.70805020110221
2022-05-31 00:00:00+00:00,180,174,77,29,29,29.0,5.198497031265826,5.1647859739235145,4.356708826689592,3.4011973816621555,3.4011973816621555,3.4011973816621555
2022-06-01 00:00:00+00:00,175,162,56,21,21,21.0,5.170483995038151,5.093750200806762,4.04305126783455,3.091042453358316,3.091042453358316,3.091042453358316
2022-06-02 00:00:00+00:00,147,150,70,23,24,24.0,4.997212273764115,5.017279836814924,4.2626798770413155,3.1780538303479458,3.2188758248682006,3.2188758248682006
2022-06-03 00:00:00+00:00,140,143,53,27,26,26.0,4.948759890378168,4.969813299576001,3.9889840465642745,3.332204510175204,3.295836866004329,3.295836866004329
2022-06-04 00:00:00+00:00,166,165,66,21,21,21.0,5.117993812416755,5.111987788356544,4.204692619390966,3.091042453358316,3.091042453358316,3.091042453358316
2022-06-05 00:00:00+00:00,151,153,64,25,25,25.0,5.0238805208462765,5.0369526024136295,4.174387269895637,3.258096538021482,3.258096538021482,3.258096538021482
2022-06-06 00:00:00+00:00,179,182,78,29,29,29.0,5.19295685089021,5.209486152841421,4.3694478524670215,3.4011973816621555,3.4011973816621555,3.4011973816621555
2022-06-07 00:00:00+00:00,151,145,65,23,24,24.0,5.0238805208462765,4.983606621708336,4.189654742026425,3.1780538303479458,3.2188758248682006,3.2188758248682006
2022-06-08 00:00:00+00:00,169,163,63,25,24,24.0,5.135798437050262,5.099866427824199,4.1588830833596715,3.258096538021482,3.2188758248682006,3.2188758248682006
2022-06-09 00:00:00+00:00,164,156,58,19,19,19.0,5.10594547390058,5.056245805348308,4.07753744390572,2.995732273553991,2.995732273553991,2.995732273553991
2022-06-10 00:00:00+00:00,162,158,66,22,22,22.0,5.093750200806762,5.0689042022202315,4.204692619390966,3.1354942159291497,3.1354942159291497,3.1354942159291497
2022-06-11 00:00:00+00:00,156,154,62,26,27,27.0,5.056245805348308,5.043425116919247,4.143134726391533,3.295836866004329,3.332204510175204,3.332204510175204
2022-06-12 00:00:00+00:00,152,148,56,25,24,24.0,5.030437921392435,5.003946305945459,4.04305126783455,3.258096538021482,3.2188758248682006,3.2188758248682006
2022-06-13 00:00:00+00:00,203,197,95,33,34,34.0,5.318119993844216,5.288267030694535,4.564348191467836,3.5263605246161616,3.5553480614894135,3.5553480614894135
2022-06-14 00:00:00+00:00,154,153,63,30,29,29.0,5.043425116919247,5.0369526024136295,4.1588830833596715,3.4339872044851463,3.4011973816621555,3.4011973816621555
2022-06-15 00:00:00+00:00,167,170,67,27,28,28.0,5.123963979403259,5.14166355650266,4.219507705176107,3.332204510175204,3.367295829986474,3.367295829986474
2022-06-16 00:00:00+00:00,157,157,67,28,27,27.0,5.062595033026967,5.062595033026967,4.219507705176107,3.367295829986474,3.332204510175204,3.332204510175204
2022-06-17 00:00:00+00:00,166,175,72,31,32,32.0,5.117993812416755,5.170483995038151,4.290459441148391,3.4657359027997265,3.4965075614664802,3.4965075614664802
2022-06-18 00:00:00+00:00,138,137,51,25,24,24.0,4.9344739331306915,4.927253685157205,3.9512437185814275,3.258096538021482,3.2188758248682006,3.2188758248682006
2022-06-19 00:00:00+00:00,177,163,62,22,22,22.0,5.181783550292085,5.099866427824199,4.143134726391533,3.1354942159291497,3.1354942159291497,3.1354942159291497
2022-06-20 00:00:00+00:00,153,151,58,18,18,18.0,5.0369526024136295,5.0238805208462765,4.07753744390572,2.9444389791664403,2.9444389791664403,2.9444389791664403
2022-06-21 00:00:00+00:00,160,148,55,24,24,24.0,5.081404364984463,5.003946305945459,4.02535169073515,3.2188758248682006,3.2188758248682006,3.2188758248682006
2022-06-22 00:00:00+00:00,158,165,74,33,33,33.0,5.0689042022202315,5.111987788356544,4.31748811353631,3.5263605246161616,3.5263605246161616,3.5263605246161616
2022-06-23 00:00:00+00:00,176,180,89,34,34,34.0,5.176149732573829,5.198497031265826,4.499809670330265,3.5553480614894135,3.5553480614894135,3.5553480614894135
2022-06-24 00:00:00+00:00,129,128,56,22,22,22.0,4.867534450455582,4.859812404361672,4.04305126783455,3.1354942159291497,3.1354942159291497,3.1354942159291497
2022-06-25 00:00:00+00:00,146,155,54,26,27,27.0,4.990432586778736,5.049856007249537,4.007333185232471,3.295836866004329,3.332204510175204,3.332204510175204
2022-06-26 00:00:00+00:00,154,155,65,29,28,28.0,5.043425116919247,5.049856007249537,4.189654742026425,3.4011973816621555,3.367295829986474,3.367295829986474
2022-06-27 00:00:00+00:00,192,192,78,32,32,32.0,5.262690188904886,5.262690188904886,4.3694478524670215,3.4965075614664802,3.4965075614664802,3.4965075614664802
2022-06-28 00:00:00+00:00,171,174,65,29,30,30.0,5.147494476813453,5.1647859739235145,4.189654742026425,3.4011973816621555,3.4339872044851463,3.4339872044851463
2022-06-29 00:00:00+00:00,170,173,72,29,28,28.0,5.14166355650266,5.159055299214529,4.290459441148391,3.4011973816621555,3.367295829986474,3.367295829986474
2022-06-30 00:00:00+00:00,167,169,64,27,27,27.0,5.123963979403259,5.135798437050262,4.174387269895637,3.332204510175204,3.332204510175204,3.332204510175204
2022-07-01 00:00:00+00:00,151,139,65,24,24,24.0,5.0238805208462765,4.941642422609304,4.189654742026425,3.2188758248682006,3.2188758248682006,3.2188758248682006
2022-07-02 00:00:00+00:00,146,141,58,21,22,22.0,4.990432586778736,4.955827057601261,4.07753744390572,3.091042453358316,3.1354942159291497,3.1354942159291497
2022-07-03 00:00:00+00:00,157,163,65,25,24,24.0,5.062595033026967,5.099866427824199,4.189654742026425,3.258096538021482,3.2188758248682006,3.2188758248682006
2022-07-04 00:00:00+00:00,181,177,65,19,19,19.0,5.204006687076795,5.181783550292085,4.189654742026425,2.995732273553991,2.995732273553991,2.995732273553991
2022-07-05 00:00:00+00:00,129,128,55,21,21,21.0,4.867534450455582,4.859812404361672,4.02535169073515,3.091042453358316,3.091042453358316,3.091042453358316
2022-07-06 00:00:00+00:00,160,157,64,28,28,28.0,5.081404364984463,5.062595033026967,4.174387269895637,3.367295829986474,3.367295829986474,3.367295829986474
2022-07-07 00:00:00+00:00,171,144,60,19,19,19.0,5.147494476813453,4.976733742420574,4.110873864173311,2.995732273553991,2.995732273553991,2.995732273553991
2022-07-08 00:00:00+00:00,166,179,73,29,29,29.0,5.117993812416755,5.19295685089021,4.30406509320417,3.4011973816621555,3.4011973816621555,3.4011973816621555
2022-07-09 00:00:00+00:00,168,170,70,30,30,30.0,5.1298987149230735,5.14166355650266,4.2626798770413155,3.4339872044851463,3.4339872044851463,3.4339872044851463
2022-07-10 00:00:00+00:00,184,186,71,31,32,32.0,5.220355825078324,5.231108616854587,4.276666119016055,3.4657359027997265,3.4965075614664802,3.4965075614664802
2022-07-11 00:00:00+00:00,158,153,55,31,30,30.0,5.0689042022202315,5.0369526024136295,4.02535169073515,3.4657359027997265,3.4339872044851463,3.4339872044851463
2022-07-12 00:00:00+00:00,176,170,75,31,31,31.0,5.176149732573829,5.14166355650266,4.330733340286331,3.4657359027997265,3.4657359027997265,3.4657359027997265
2022-07-13 00:00:00+00:00,171,171,76,33,33,33.0,5.147494476813453,5.147494476813453,4.343805421853684,3.5263605246161616,3.5263605246161616,3.5263605246161616
2022-07-14 00:00:00+00:00,149,152,73,28,28,28.0,5.0106352940962555,5.030437921392435,4.30406509320417,3.367295829986474,3.367295829986474,3.367295829986474
2022-07-15 00:00:00+00:00,142,143,53,28,28,28.0,4.962844630259907,4.969813299576001,3.9889840465642745,3.367295829986474,3.367295829986474,3.367295829986474
2022-07-16 00:00:00+00:00,162,162,60,25,25,25.0,5.093750200806762,5.093750200806762,4.110873864173311,3.258096538021482,3.258096538021482,3.258096538021482
2022-07-17 00:00:00+00:00,172,174,71,34,34,34.0,5.153291594497779,5.1647859739235145,4.276666119016055,3.5553480614894135,3.5553480614894135,3.5553480614894135
2022-07-18 00:00:00+00:00,147,149,63,35,35,35.0,4.997212273764115,5.0106352940962555,4.1588830833596715,3.58351893845611,3.58351893845611,3.58351893845611
2022-07-19 00:00:00+00:00,159,150,71,31,32,32.0,5.075173815233827,5.017279836814924,4.276666119016055,3.4657359027997265,3.4965075614664802,3.4965075614664802
2022-07-20 00:00:00+00:00,177,179,79,37,36,36.0,5.181783550292085,5.19295685089021,4.382026634673881,3.6375861597263857,3.6109179126442243,3.6109179126442243
2022-07-21 00:00:00+00:00,162,159,74,23,23,23.0,5.093750200806762,5.075173815233827,4.31748811353631,3.1780538303479458,3.1780538303479458,3.1780538303479458
2022-07-22 00:00:00+00:00,161,155,68,24,24,24.0,5.087596335232384,5.049856007249537,4.23410650459726,3.2188758248682006,3.2188758248682006,3.2188758248682006
2022-07-23 00:00:00+00:00,179,171,76,38,39,39.0,5.19295685089021,5.147494476813453,4.343805421853684,3.6635616461296463,3.6888794541139363,3.6888794541139363
2022-07-24 00:00:00+00:00,178,184,84,38,37,37.0,5.187385805840755,5.220355825078324,4.442651256490317,3.6635616461296463,3.6375861597263857,3.6375861597263857
2022-07-25 00:00:00+00:00,173,179,91,41,41,41.0,5.159055299214529,5.19295685089021,4.5217885770490405,3.7376696182833684,3.7376696182833684,3.7376696182833684
2022-07-26 00:00:00+00:00,170,177,82,36,36,36.0,5.14166355650266,5.181783550292085,4.418840607796598,3.6109179126442243,3.6109179126442243,3.6109179126442243
2022-07-27 00:00:00+00:00,182,186,82,31,31,31.0,5.209486152841421,5.231108616854587,4.418840607796598,3.4657359027997265,3.4657359027997265,3.4657359027997265
2022-07-28 00:00:00+00:00,147,149,72,25,25,25.0,4.997212273764115,5.0106352940962555,4.290459441148391,3.258096538021482,3.258096538021482,3.258096538021482
2022-07-29 00:00:00+00:00,147,149,71,29,29,29.0,4.997212273764115,5.0106352940962555,4.276666119016055,3.4011973816621555,3.4011973816621555,3.4011973816621555
2022-07-30 00:00:00+00:00,181,170,71,26,26,26.0,5.204006687076795,5.14166355650266,4.276666119016055,3.295836866004329,3.295836866004329,3.295836866004329
2022-07-31 00:00:00+00:00,165,163,66,28,29,29.0,5.111987788356544,5.099866427824199,4.204692619390966,3.367295829986474,3.4011973816621555,3.4011973816621555
2022-08-01 00:00:00+00:00,174,172,79,32,31,31.0,5.1647859739235145,5.153291594497779,4.382026634673881,3.4965075614664802,3.4657359027997265,3.4657359027997265
2022-08-02 00:00:00+00:00,183,165,74,30,30,30.0,5.214935757608986,5.111987788356544,4.31748811353631,3.4339872044851463,3.4339872044851463,3.4339872044851463
2022-08-03 00:00:00+00:00,180,191,92,40,40,40.0,5.198497031265826,5.2574953720277815,4.532599493153256,3.713572066704308,3.713572066704308,3.713572066704308
2022-08-04 00:00:00+00:00,149,149,73,35,35,35.0,5.0106352940962555,5.0106352940962555,4.30406509320417,3.58351893845611,3.58351893845611,3.58351893845611
2022-08-05 00:00:00+00:00,193,184,75,34,34,34.0,5.267858159063328,5.220355825078324,4.330733340286331,3.5553480614894135,3.5553480614894135,3.5553480614894135
2022-08-06 00:00:00+00:00,172,192,78,39,39,39.0,5.153291594497779,5.262690188904886,4.3694478524670215,3.6888794541139363,3.6888794541139363,3.6888794541139363
2022-08-07 00:00:00+00:00,163,174,75,34,34,34.0,5.099866427824199,5.1647859739235145,4.330733340286331,3.5553480614894135,3.5553480614894135,3.5553480614894135
2022-08-08 00:00:00+00:00,180,176,80,40,40,40.0,5.198497031265826,5.176149732573829,4.394449154672439,3.713572066704308,3.713572066704308,3.713572066704308
2022-08-09 00:00:00+00:00,192,196,83,34,35,35.0,5.262690188904886,5.2832037287379885,4.430816798843313,3.5553480614894135,3.58351893845611,3.58351893845611
2022-08-10 00:00:00+00:00,175,179,81,39,38,38.0,5.170483995038151,5.19295685089021,4.406719247264253,3.6888794541139363,3.6635616461296463,3.6635616461296463
2022-08-11 00:00:00+00:00,166,178,77,41,45,45.0,5.117993812416755,5.187385805840755,4.356708826689592,3.7376696182833684,3.828641396489095,3.828641396489095
2022-08-12 00:00:00+00:00,171,175,87,45,42,42.0,5.147494476813453,5.170483995038151,4.477336814478207,3.828641396489095,3.7612001156935624,3.7612001156935624
2022-08-13 00:00:00+00:00,178,188,92,40,39,39.0,5.187385805840755,5.241747015059643,4.532599493153256,3.713572066704308,3.6888794541139363,3.6888794541139363
2022-08-14 00:00:00+00:00,162,156,77,28,28,28.0,5.093750200806762,5.056245805348308,4.356708826689592,3.367295829986474,3.367295829986474,3.367295829986474
2022-08-15 00:00:00+00:00,201,200,99,50,50,50.0,5.308267697401205,5.303304908059076,4.605170185988092,3.9318256327243257,3.9318256327243257,3.9318256327243257
2022-08-16 00:00:00+00:00,195,208,95,37,37,37.0,5.278114659230517,5.342334251964811,4.564348191467836,3.6375861597263857,3.6375861597263857,3.6375861597263857
2022-08-17 00:00:00+00:00,173,175,80,36,37,37.0,5.159055299214529,5.170483995038151,4.394449154672439,3.6109179126442243,3.6375861597263857,3.6375861597263857
2022-08-18 00:00:00+00:00,173,182,92,40,39,39.0,5.159055299214529,5.209486152841421,4.532599493153256,3.713572066704308,3.6888794541139363,3.6888794541139363
2022-08-19 00:00:00+00:00,196,215,93,40,42,42.0,5.2832037287379885,5.375278407684165,4.543294782270004,3.713572066704308,3.7612001156935624,3.7612001156935624
2022-08-20 00:00:00+00:00,186,207,92,48,46,46.0,5.231108616854587,5.337538079701318,4.532599493153256,3.8918202981106265,3.8501476017100584,3.8501476017100584
2022-08-21 00:00:00+00:00,198,201,101,43,45,45.0,5.293304824724492,5.308267697401205,4.624972813284271,3.784189633918261,3.828641396489095,3.828641396489095
2022-08-22 00:00:00+00:00,179,184,76,41,39,39.0,5.19295685089021,5.220355825078324,4.343805421853684,3.7376696182833684,3.6888794541139363,3.6888794541139363
2022-08-23 00:00:00+00:00,161,164,82,40,40,40.0,5.087596335232384,5.10594547390058,4.418840607796598,3.713572066704308,3.713572066704308,3.713572066704308
2022-08-24 00:00:00+00:00,165,176,77,47,47,47.0,5.111987788356544,5.176149732573829,4.356708826689592,3.871201010907891,3.871201010907891,3.871201010907891
2022-08-25 00:00:00+00:00,184,192,86,43,43,43.0,5.220355825078324,5.262690188904886,4.465908118654584,3.784189633918261,3.784189633918261,3.784189633918261
2022-08-26 00:00:00+00:00,174,175,77,39,39,39.0,5.1647859739235145,5.170483995038151,4.356708826689592,3.6888794541139363,3.6888794541139363,3.6888794541139363
2022-08-27 00:00:00+00:00,176,180,85,36,36,36.0,5.176149732573829,5.198497031265826,4.454347296253507,3.6109179126442243,3.6109179126442243,3.6109179126442243
2022-08-28 00:00:00+00:00,182,186,87,47,47,47.0,5.209486152841421,5.231108616854587,4.477336814478207,3.871201010907891,3.871201010907891,3.871201010907891
2022-08-29 00:00:00+00:00,169,180,74,40,40,40.0,5.135798437050262,5.198497031265826,4.31748811353631,3.713572066704308,3.713572066704308,3.713572066704308
2022-08-30 00:00:00+00:00,185,184,75,41,41,41.0,5.225746673713202,5.220355825078324,4.330733340286331,3.7376696182833684,3.7376696182833684,3.7376696182833684
2022-08-31 00:00:00+00:00,187,189,86,43,45,45.0,5.236441962829949,5.247024072160486,4.465908118654584,3.784189633918261,3.828641396489095,3.828641396489095
2022-09-01 00:00:00+00:00,184,204,99,49,47,47.0,5.220355825078324,5.3230099791384085,4.605170185988092,3.912023005428146,3.871201010907891,3.871201010907891
2022-09-02 00:00:00+00:00,186,190,81,48,48,48.0,5.231108616854587,5.25227342804663,4.406719247264253,3.8918202981106265,3.8918202981106265,3.8918202981106265
2022-09-03 00:00:00+00:00,197,203,92,52,52,52.0,5.288267030694535,5.318119993844216,4.532599493153256,3.970291913552122,3.970291913552122,3.970291913552122
2022-09-04 00:00:00+00:00,190,199,100,50,51,51.0,5.25227342804663,5.298317366548036,4.61512051684126,3.9318256327243257,3.9512437185814275,3.9512437185814275
2022-09-05 00:00:00+00:00,179,186,81,50,49,49.0,5.19295685089021,5.231108616854587,4.406719247264253,3.9318256327243257,3.912023005428146,3.912023005428146
2022-09-06 00:00:00+00:00,163,160,72,36,36,36.0,5.099866427824199,5.081404364984463,4.290459441148391,3.6109179126442243,3.6109179126442243,3.6109179126442243
2022-09-07 00:00:00+00:00,180,187,83,38,38,38.0,5.198497031265826,5.236441962829949,4.430816798843313,3.6635616461296463,3.6635616461296463,3.6635616461296463
2022-09-08 00:00:00+00:00,185,209,102,55,55,55.0,5.225746673713202,5.3471075307174685,4.634728988229636,4.02535169073515,4.02535169073515,4.02535169073515
2022-09-09 00:00:00+00:00,387,537,289,240,240,240.0,5.961005339623274,6.2878585601617845,5.66988092298052,5.484796933490655,5.484796933490655,5.484796933490655
2022-09-10 00:00:00+00:00,175,181,85,37,37,37.0,5.170483995038151,5.204006687076795,4.454347296253507,3.6375861597263857,3.6375861597263857,3.6375861597263857
2022-09-11 00:00:00+00:00,161,165,67,43,43,43.0,5.087596335232384,5.111987788356544,4.219507705176107,3.784189633918261,3.784189633918261,3.784189633918261
2022-09-12 00:00:00+00:00,152,171,72,47,47,47.0,5.030437921392435,5.147494476813453,4.290459441148391,3.871201010907891,3.871201010907891,3.871201010907891
2022-09-13 00:00:00+00:00,189,194,84,46,47,47.0,5.247024072160486,5.272999558563747,4.442651256490317,3.8501476017100584,3.871201010907891,3.871201010907891
2022-09-14 00:00:00+00:00,178,195,99,51,50,50.0,5.187385805840755,5.278114659230517,4.605170185988092,3.9512437185814275,3.9318256327243257,3.9318256327243257
2022-09-15 00:00:00+00:00,209,224,101,47,47,47.0,5.3471075307174685,5.41610040220442,4.624972813284271,3.871201010907891,3.871201010907891,3.871201010907891
2022-09-16 00:00:00+00:00,166,173,87,51,51,51.0,5.117993812416755,5.159055299214529,4.477336814478207,3.9512437185814275,3.9512437185814275,3.9512437185814275
2022-09-17 00:00:00+00:00,193,210,93,55,55,55.0,5.267858159063328,5.351858133476067,4.543294782270004,4.02535169073515,4.02535169073515,4.02535169073515
2022-09-18 00:00:00+00:00,184,189,85,50,51,51.0,5.220355825078324,5.247024072160486,4.454347296253507,3.9318256327243257,3.9512437185814275,3.9512437185814275
2022-09-19 00:00:00+00:00,182,195,91,57,56,56.0,5.209486152841421,5.278114659230517,4.5217885770490405,4.060443010546419,4.04305126783455,4.04305126783455
2022-09-20 00:00:00+00:00,211,223,107,58,58,58.0,5.356586274672012,5.4116460518550396,4.68213122712422,4.07753744390572,4.07753744390572,4.07753744390572
2022-09-21 00:00:00+00:00,193,202,107,56,56,56.0,5.267858159063328,5.313205979041787,4.68213122712422,4.04305126783455,4.04305126783455,4.04305126783455
2022-09-22 00:00:00+00:00,195,208,108,61,61,61.0,5.278114659230517,5.342334251964811,4.6913478822291435,4.127134385045092,4.127134385045092,4.127134385045092
2022-09-23 00:00:00+00:00,188,189,80,45,45,45.0,5.241747015059643,5.247024072160486,4.394449154672439,3.828641396489095,3.828641396489095,3.828641396489095
2022-09-24 00:00:00+00:00,202,200,93,46,46,46.0,5.313205979041787,5.303304908059076,4.543294782270004,3.8501476017100584,3.8501476017100584,3.8501476017100584
2022-09-25 00:00:00+00:00,195,216,100,69,69,69.0,5.278114659230517,5.37989735354046,4.61512051684126,4.248495242049359,4.248495242049359,4.248495242049359
2022-09-26 00:00:00+00:00,218,245,116,69,69,69.0,5.389071729816501,5.5053315359323625,4.762173934797756,4.248495242049359,4.248495242049359,4.248495242049359
2022-09-27 00:00:00+00:00,176,196,105,61,61,61.0,5.176149732573829,5.2832037287379885,4.663439094112067,4.127134385045092,4.127134385045092,4.127134385045092
2022-09-28 00:00:00+00:00,176,184,89,56,57,57.0,5.176149732573829,5.220355825078324,4.499809670330265,4.04305126783455,4.060443010546419,4.060443010546419
2022-09-29 00:00:00+00:00,175,196,100,57,56,56.0,5.170483995038151,5.2832037287379885,4.61512051684126,4.060443010546419,4.04305126783455,4.04305126783455
2022-09-30 00:00:00+00:00,183,185,80,48,48,48.0,5.214935757608986,5.225746673713202,4.394449154672439,3.8918202981106265,3.8918202981106265,3.8918202981106265
2022-10-01 00:00:00+00:00,198,193,96,42,42,42.0,5.293304824724492,5.267858159063328,4.574710978503383,3.7612001156935624,3.7612001156935624,3.7612001156935624
2022-10-02 00:00:00+00:00,187,195,88,47,47,47.0,5.236441962829949,5.278114659230517,4.48863636973214,3.871201010907891,3.871201010907891,3.871201010907891
2022-10-03 00:00:00+00:00,185,201,88,52,53,53.0,5.225746673713202,5.308267697401205,4.48863636973214,3.970291913552122,3.9889840465642745,3.9889840465642745
2022-10-04 00:00:00+00:00,210,240,110,68,67,67.0,5.351858133476067,5.484796933490655,4.709530201312334,4.23410650459726,4.219507705176107,4.219507705176107
2022-10-05 00:00:00+00:00,203,208,99,45,47,47.0,5.318119993844216,5.342334251964811,4.605170185988092,3.828641396489095,3.871201010907891,3.871201010907891
2022-10-06 00:00:00+00:00,184,189,85,50,48,48.0,5.220355825078324,5.247024072160486,4.454347296253507,3.9318256327243257,3.8918202981106265,3.8918202981106265
2022-10-07 00:00:00+00:00,179,187,87,48,48,48.0,5.19295685089021,5.236441962829949,4.477336814478207,3.8918202981106265,3.8918202981106265,3.8918202981106265
2022-10-08 00:00:00+00:00,197,217,95,53,53,53.0,5.288267030694535,5.384495062789089,4.564348191467836,3.9889840465642745,3.9889840465642745,3.9889840465642745
2022-10-09 00:00:00+00:00,194,229,97,63,63,63.0,5.272999558563747,5.438079308923196,4.584967478670572,4.1588830833596715,4.1588830833596715,4.1588830833596715
2022-10-10 00:00:00+00:00,425,594,341,295,295,295.0,6.054439346269371,6.38856140554563,5.834810737062605,5.69035945432406,5.69035945432406,5.69035945432406
2022-10-11 00:00:00+00:00,197,207,95,59,59,59.0,5.288267030694535,5.337538079701318,4.564348191467836,4.0943445622221,4.0943445622221,4.0943445622221
2022-10-12 00:00:00+00:00,194,199,93,66,66,66.0,5.272999558563747,5.298317366548036,4.543294782270004,4.204692619390966,4.204692619390966,4.204692619390966
2022-10-13 00:00:00+00:00,190,217,100,61,62,62.0,5.25227342804663,5.384495062789089,4.61512051684126,4.127134385045092,4.143134726391533,4.143134726391533
2022-10-14 00:00:00+00:00,193,201,99,53,52,52.0,5.267858159063328,5.308267697401205,4.605170185988092,3.9889840465642745,3.970291913552122,3.970291913552122
2022-10-15 00:00:00+00:00,180,198,94,51,52,52.0,5.198497031265826,5.293304824724492,4.553876891600541,3.9512437185814275,3.970291913552122,3.970291913552122
2022-10-16 00:00:00+00:00,183,203,89,65,64,64.0,5.214935757608986,5.318119993844216,4.499809670330265,4.189654742026425,4.174387269895637,4.174387269895637
2022-10-17 00:00:00+00:00,202,205,91,54,55,55.0,5.313205979041787,5.327876168789581,4.5217885770490405,4.007333185232471,4.02535169073515,4.02535169073515
2022-10-18 00:00:00+00:00,200,224,122,69,68,68.0,5.303304908059076,5.41610040220442,4.812184355372417,4.248495242049359,4.23410650459726,4.23410650459726
2022-10-19 00:00:00+00:00,196,222,103,67,68,68.0,5.2832037287379885,5.407171771460119,4.6443908991413725,4.219507705176107,4.23410650459726,4.23410650459726
2022-10-20 00:00:00+00:00,185,205,97,55,54,54.0,5.225746673713202,5.327876168789581,4.584967478670572,4.02535169073515,4.007333185232471,4.007333185232471
2022-10-21 00:00:00+00:00,186,204,96,59,59,59.0,5.231108616854587,5.3230099791384085,4.574710978503383,4.0943445622221,4.0943445622221,4.0943445622221
2022-10-22 00:00:00+00:00,198,208,102,53,56,56.0,5.293304824724492,5.342334251964811,4.634728988229636,3.9889840465642745,4.04305126783455,4.04305126783455
2022-10-23 00:00:00+00:00,178,215,95,64,61,61.0,5.187385805840755,5.375278407684165,4.564348191467836,4.174387269895637,4.127134385045092,4.127134385045092
2022-10-24 00:00:00+00:00,198,204,108,67,67,67.0,5.293304824724492,5.3230099791384085,4.6913478822291435,4.219507705176107,4.219507705176107,4.219507705176107
2022-10-25 00:00:00+00:00,186,203,94,57,57,57.0,5.231108616854587,5.318119993844216,4.553876891600541,4.060443010546419,4.060443010546419,4.060443010546419
2022-10-26 00:00:00+00:00,196,199,86,50,50,50.0,5.2832037287379885,5.298317366548036,4.465908118654584,3.9318256327243257,3.9318256327243257,3.9318256327243257
2022-10-27 00:00:00+00:00,206,247,110,68,68,68.0,5.332718793265369,5.5134287461649825,4.709530201312334,4.23410650459726,4.23410650459726,4.23410650459726
2022-10-28 00:00:00+00:00,201,210,107,65,66,66.0,5.308267697401205,5.351858133476067,4.68213122712422,4.189654742026425,4.204692619390966,4.204692619390966
2022-10-29 00:00:00+00:00,202,209,107,59,58,58.0,5.313205979041787,5.3471075307174685,4.68213122712422,4.0943445622221,4.07753744390572,4.07753744390572
2022-10-30 00:00:00+00:00,181,202,95,50,51,51.0,5.204006687076795,5.313205979041787,4.564348191467836,3.9318256327243257,3.9512437185814275,3.9512437185814275
2022-10-31 00:00:00+00:00,215,234,109,64,64,64.0,5.375278407684165,5.459585514144159,4.700480365792417,4.174387269895637,4.174387269895637,4.174387269895637
2022-11-01 00:00:00+00:00,204,237,111,71,71,71.0,5.3230099791384085,5.472270673671475,4.718498871295094,4.276666119016055,4.276666119016055,4.276666119016055
2022-11-02 00:00:00+00:00,185,210,102,59,59,59.0,5.225746673713202,5.351858133476067,4.634728988229636,4.0943445622221,4.0943445622221,4.0943445622221
2022-11-03 00:00:00+00:00,188,213,96,59,58,58.0,5.241747015059643,5.365976015021851,4.574710978503383,4.0943445622221,4.07753744390572,4.07753744390572
2022-11-04 00:00:00+00:00,189,212,95,57,58,58.0,5.247024072160486,5.3612921657094255,4.564348191467836,4.060443010546419,4.07753744390572,4.07753744390572
2022-11-05 00:00:00+00:00,190,203,100,55,54,54.0,5.25227342804663,5.318119993844216,4.61512051684126,4.02535169073515,4.007333185232471,4.007333185232471
2022-11-06 00:00:00+00:00,230,249,131,80,81,81.0,5.442417710521793,5.521460917862246,4.882801922586371,4.394449154672439,4.406719247264253,4.406719247264253
2022-11-07 00:00:00+00:00,217,238,117,63,62,62.0,5.384495062789089,5.476463551931511,4.770684624465665,4.1588830833596715,4.143134726391533,4.143134726391533
2022-11-08 00:00:00+00:00,190,211,94,52,52,52.0,5.25227342804663,5.356586274672012,4.553876891600541,3.970291913552122,3.970291913552122,3.970291913552122
2022-11-09 00:00:00+00:00,184,199,92,57,57,57.0,5.220355825078324,5.298317366548036,4.532599493153256,4.060443010546419,4.060443010546419,4.060443010546419
2022-11-10 00:00:00+00:00,217,248,123,82,83,83.0,5.384495062789089,5.517452896464707,4.820281565605037,4.418840607796598,4.430816798843313,4.430816798843313
2022-11-11 00:00:00+00:00,480,661,385,342,343,343.0,6.175867270105761,6.495265555937008,5.955837369464831,5.8377304471659395,5.840641657373398,5.840641657373398
2022-11-12 00:00:00+00:00,191,222,92,57,58,58.0,5.2574953720277815,5.407171771460119,4.532599493153256,4.060443010546419,4.07753744390572,4.07753744390572
2022-11-13 00:00:00+00:00,199,225,106,74,71,71.0,5.298317366548036,5.420534999272286,4.672828834461906,4.31748811353631,4.276666119016055,4.276666119016055
2022-11-14 00:00:00+00:00,229,265,132,86,86,86.0,5.438079308923196,5.583496308781699,4.890349128221754,4.465908118654584,4.465908118654584,4.465908118654584
2022-11-15 00:00:00+00:00,231,262,124,78,78,78.0,5.44673737166631,5.572154032177765,4.8283137373023015,4.3694478524670215,4.3694478524670215,4.3694478524670215
2022-11-16 00:00:00+00:00,208,249,111,74,75,75.0,5.342334251964811,5.521460917862246,4.718498871295094,4.31748811353631,4.330733340286331,4.330733340286331
2022-11-17 00:00:00+00:00,215,251,116,70,71,71.0,5.375278407684165,5.529429087511423,4.762173934797756,4.2626798770413155,4.276666119016055,4.276666119016055
2022-11-18 00:00:00+00:00,236,268,131,75,73,73.0,5.4680601411351315,5.594711379601839,4.882801922586371,4.330733340286331,4.30406509320417,4.30406509320417
2022-11-19 00:00:00+00:00,194,220,111,72,72,72.0,5.272999558563747,5.3981627015177525,4.718498871295094,4.290459441148391,4.290459441148391,4.290459441148391
2022-11-20 00:00:00+00:00,203,225,116,70,70,70.0,5.318119993844216,5.420534999272286,4.762173934797756,4.2626798770413155,4.2626798770413155,4.2626798770413155
2022-11-21 00:00:00+00:00,218,232,120,79,80,80.0,5.389071729816501,5.4510384535657,4.795790545596741,4.382026634673881,4.394449154672439,4.394449154672439
2022-11-22 00:00:00+00:00,220,269,120,84,85,85.0,5.3981627015177525,5.598421958998375,4.795790545596741,4.442651256490317,4.454347296253507,4.454347296253507
2022-11-23 00:00:00+00:00,214,242,118,82,80,80.0,5.3706380281276624,5.493061443340548,4.77912349311153,4.418840607796598,4.394449154672439,4.394449154672439
2022-11-24 00:00:00+00:00,202,227,109,73,75,75.0,5.313205979041787,5.429345628954441,4.700480365792417,4.30406509320417,4.330733340286331,4.330733340286331
2022-11-25 00:00:00+00:00,222,259,144,99,97,97.0,5.407171771460119,5.560681631015528,4.976733742420574,4.605170185988092,4.584967478670572,4.584967478670572
2022-11-26 00:00:00+00:00,206,266,126,95,95,95.0,5.332718793265369,5.58724865840025,4.844187086458591,4.564348191467836,4.564348191467836,4.564348191467836
2022-11-27 00:00:00+00:00,224,259,125,83,84,84.0,5.41610040220442,5.560681631015528,4.836281906951478,4.430816798843313,4.442651256490317,4.442651256490317
2022-11-28 00:00:00+00:00,221,255,113,81,81,81.0,5.402677381872279,5.545177444479562,4.736198448394496,4.406719247264253,4.406719247264253,4.406719247264253
2022-11-29 00:00:00+00:00,228,263,131,87,87,87.0,5.43372200355424,5.575949103146316,4.882801922586371,4.477336814478207,4.477336814478207,4.477336814478207
2022-11-30 00:00:00+00:00,208,242,131,84,84,84.0,5.342334251964811,5.493061443340548,4.882801922586371,4.442651256490317,4.442651256490317,4.442651256490317
2022-12-01 00:00:00+00:00,208,231,128,86,86,86.0,5.342334251964811,5.44673737166631,4.859812404361672,4.465908118654584,4.465908118654584,4.465908118654584
2022-12-02 00:00:00+00:00,206,237,112,81,81,81.0,5.332718793265369,5.472270673671475,4.727387818712341,4.406719247264253,4.406719247264253,4.406719247264253
2022-12-03 00:00:00+00:00,236,261,134,90,90,90.0,5.4680601411351315,5.568344503761097,4.90527477843843,4.51085950651685,4.51085950651685,4.51085950651685
2022-12-04 00:00:00+00:00,226,247,125,87,88,88.0,5.424950017481403,5.5134287461649825,4.836281906951478,4.477336814478207,4.48863636973214,4.48863636973214
2022-12-05 00:00:00+00:00,242,275,141,97,96,96.0,5.493061443340548,5.62040086571715,4.955827057601261,4.584967478670572,4.574710978503383,4.574710978503383
2022-12-06 00:00:00+00:00,197,233,109,74,75,75.0,5.288267030694535,5.455321115357702,4.700480365792417,4.31748811353631,4.330733340286331,4.330733340286331
2022-12-07 00:00:00+00:00,228,289,124,81,81,81.0,5.43372200355424,5.66988092298052,4.8283137373023015,4.406719247264253,4.406719247264253,4.406719247264253
2022-12-08 00:00:00+00:00,251,290,154,98,96,96.0,5.529429087511423,5.673323267171493,5.043425116919247,4.59511985013459,4.574710978503383,4.574710978503383
2022-12-09 00:00:00+00:00,211,249,119,85,86,86.0,5.356586274672012,5.521460917862246,4.787491742782046,4.454347296253507,4.465908118654584,4.465908118654584
2022-12-10 00:00:00+00:00,253,297,146,106,106,106.0,5.537334267018537,5.697093486505405,4.990432586778736,4.672828834461906,4.672828834461906,4.672828834461906
2022-12-11 00:00:00+00:00,227,260,130,89,89,89.0,5.429345628954441,5.564520407322694,4.875197323201151,4.499809670330265,4.499809670330265,4.499809670330265
2022-12-12 00:00:00+00:00,751,1109,651,614,618,618.0,6.62273632394984,7.01211529430638,6.480044561926653,6.421622267806518,6.428105272684596,6.428105272684596
2022-12-13 00:00:00+00:00,234,297,157,128,123,123.0,5.459585514144159,5.697093486505405,5.062595033026967,4.859812404361672,4.820281565605037,4.820281565605037
2022-12-14 00:00:00+00:00,232,295,141,108,109,109.0,5.4510384535657,5.69035945432406,4.955827057601261,4.6913478822291435,4.700480365792417,4.700480365792417
2022-12-15 00:00:00+00:00,270,354,168,125,124,124.0,5.602118820879701,5.872117789475416,5.1298987149230735,4.836281906951478,4.8283137373023015,4.8283137373023015
2022-12-16 00:00:00+00:00,266,307,161,119,120,120.0,5.58724865840025,5.730099782973574,5.087596335232384,4.787491742782046,4.795790545596741,4.795790545596741
2022-12-17 00:00:00+00:00,274,339,182,139,139,139.0,5.616771097666572,5.8289456176102075,5.209486152841421,4.941642422609304,4.941642422609304,4.941642422609304
2022-12-18 00:00:00+00:00,261,322,185,144,143,143.0,5.568344503761097,5.777652323222656,5.225746673713202,4.976733742420574,4.969813299576001,4.969813299576001
2022-12-19 00:00:00+00:00,267,320,182,142,143,143.0,5.5909869805108565,5.771441123130016,5.209486152841421,4.962844630259907,4.969813299576001,4.969813299576001
2022-12-20 00:00:00+00:00,293,361,184,145,145,145.0,5.683579767338681,5.8916442118257715,5.220355825078324,4.983606621708336,4.983606621708336,4.983606621708336
2022-12-21 00:00:00+00:00,267,336,173,129,128,128.0,5.5909869805108565,5.820082930352362,5.159055299214529,4.867534450455582,4.859812404361672,4.859812404361672
2022-12-22 00:00:00+00:00,267,329,171,131,131,131.0,5.5909869805108565,5.799092654460526,5.147494476813453,4.882801922586371,4.882801922586371,4.882801922586371
2022-12-23 00:00:00+00:00,300,375,183,140,141,141.0,5.707110264748875,5.929589143389895,5.214935757608986,4.948759890378168,4.955827057601261,4.955827057601261
2022-12-24 00:00:00+00:00,286,348,185,149,148,148.0,5.659482215759621,5.855071922202427,5.225746673713202,5.0106352940962555,5.003946305945459,5.003946305945459
2022-12-25 00:00:00+00:00,327,407,226,181,181,181.0,5.793013608384144,6.0112671744041615,5.424950017481403,5.204006687076795,5.204006687076795,5.204006687076795
2022-12-26 00:00:00+00:00,257,333,171,137,138,138.0,5.552959584921617,5.811140992976701,5.147494476813453,4.927253685157205,4.9344739331306915,4.9344739331306915
2022-12-27 00:00:00+00:00,309,403,220,171,170,170.0,5.736572297479192,6.0014148779611505,5.3981627015177525,5.147494476813453,5.14166355650266,5.14166355650266
2022-12-28 00:00:00+00:00,314,394,232,182,183,183.0,5.752572638825633,5.978885764901122,5.4510384535657,5.209486152841421,5.214935757608986,5.214935757608986
2022-12-29 00:00:00+00:00,308,422,211,175,177,177.0,5.733341276897746,6.0473721790462776,5.356586274672012,5.170483995038151,5.181783550292085,5.181783550292085
2022-12-30 00:00:00+00:00,318,403,224,182,180,180.0,5.765191102784844,6.0014148779611505,5.41610040220442,5.209486152841421,5.198497031265826,5.198497031265826
2022-12-31 00:00:00+00:00,362,464,260,222,223,223.0,5.8944028342648505,6.142037405587356,5.564520407322694,5.407171771460119,5.4116460518550396,5.4116460518550396
2023-01-01 00:00:00+00:00,160,170,74,37,36,36.0,5.081404364984463,5.14166355650266,4.31748811353631,3.6375861597263857,3.6109179126442243,3.6109179126442243
2023-01-02 00:00:00+00:00,188,194,87,45,44,44.0,5.241747015059643,5.272999558563747,4.477336814478207,3.828641396489095,3.8066624897703196,3.8066624897703196
2023-01-03 00:00:00+00:00,172,156,72,44,44,44.0,5.153291594497779,5.056245805348308,4.290459441148391,3.8066624897703196,3.8066624897703196,3.8066624897703196
2023-01-04 00:00:00+00:00,173,164,80,37,38,38.0,5.159055299214529,5.10594547390058,4.394449154672439,3.6375861597263857,3.6635616461296463,3.6635616461296463
2023-01-05 00:00:00+00:00,181,184,90,45,45,45.0,5.204006687076795,5.220355825078324,4.51085950651685,3.828641396489095,3.828641396489095,3.828641396489095
2023-01-06 00:00:00+00:00,175,170,76,35,34,34.0,5.170483995038151,5.14166355650266,4.343805421853684,3.58351893845611,3.5553480614894135,3.5553480614894135
2023-01-07 00:00:00+00:00,193,188,86,40,40,40.0,5.267858159063328,5.241747015059643,4.465908118654584,3.713572066704308,3.713572066704308,3.713572066704308
2023-01-08 00:00:00+00:00,182,185,72,34,34,34.0,5.209486152841421,5.225746673713202,4.290459441148391,3.5553480614894135,3.5553480614894135,3.5553480614894135
2023-01-09 00:00:00+00:00,183,187,76,37,37,37.0,5.214935757608986,5.236441962829949,4.343805421853684,3.6375861597263857,3.6375861597263857,3.6375861597263857
2023-01-10 00:00:00+00:00,165,158,76,34,34,34.0,5.111987788356544,5.0689042022202315,4.343805421853684,3.5553480614894135,3.5553480614894135,3.5553480614894135
2023-01-11 00:00:00+00:00,213,230,97,52,53,53.0,5.365976015021851,5.442417710521793,4.584967478670572,3.970291913552122,3.9889840465642745,3.9889840465642745
2023-01-12 00:00:00+00:00,175,178,75,44,43,43.0,5.170483995038151,5.187385805840755,4.330733340286331,3.8066624897703196,3.784189633918261,3.784189633918261
2023-01-13 00:00:00+00:00,166,176,75,38,38,38.0,5.117993812416755,5.176149732573829,4.330733340286331,3.6635616461296463,3.6635616461296463,3.6635616461296463
2023-01-14 00:00:00+00:00,178,182,84,41,41,41.0,5.187385805840755,5.209486152841421,4.442651256490317,3.7376696182833684,3.7376696182833684,3.7376696182833684
2023-01-15 00:00:00+00:00,177,181,88,43,43,43.0,5.181783550292085,5.204006687076795,4.48863636973214,3.784189633918261,3.784189633918261,3.784189633918261
2023-01-16 00:00:00+00:00,194,191,82,37,38,38.0,5.272999558563747,5.2574953720277815,4.418840607796598,3.6375861597263857,3.6635616461296463,3.6635616461296463
2023-01-17 00:00:00+00:00,169,176,68,36,36,36.0,5.135798437050262,5.176149732573829,4.23410650459726,3.6109179126442243,3.6109179126442243,3.6109179126442243
2023-01-18 00:00:00+00:00,160,157,70,39,38,38.0,5.081404364984463,5.062595033026967,4.2626798770413155,3.6888794541139363,3.6635616461296463,3.6635616461296463
2023-01-19 00:00:00+00:00,207,203,95,47,47,47.0,5.337538079701318,5.318119993844216,4.564348191467836,3.871201010907891,3.871201010907891,3.871201010907891
2023-01-20 00:00:00+00:00,179,192,75,42,42,42.0,5.19295685089021,5.262690188904886,4.330733340286331,3.7612001156935624,3.7612001156935624,3.7612001156935624
2023-01-21 00:00:00+00:00,183,195,93,48,49,49.0,5.214935757608986,5.278114659230517,4.543294782270004,3.8918202981106265,3.912023005428146,3.912023005428146
2023-01-22 00:00:00+00:00,194,193,88,35,34,34.0,5.272999558563747,5.267858159063328,4.48863636973214,3.58351893845611,3.5553480614894135,3.5553480614894135
2023-01-23 00:00:00+00:00,170,172,73,36,37,37.0,5.14166355650266,5.153291594497779,4.30406509320417,3.6109179126442243,3.6375861597263857,3.6375861597263857
2023-01-24 00:00:00+00:00,175,197,96,49,48,48.0,5.170483995038151,5.288267030694535,4.574710978503383,3.912023005428146,3.8918202981106265,3.8918202981106265
2023-01-25 00:00:00+00:00,154,158,59,35,35,35.0,5.043425116919247,5.0689042022202315,4.0943445622221,3.58351893845611,3.58351893845611,3.58351893845611
2023-01-26 00:00:00+00:00,192,200,81,42,42,42.0,5.262690188904886,5.303304908059076,4.406719247264253,3.7612001156935624,3.7612001156935624,3.7612001156935624
2023-01-27 00:00:00+00:00,180,197,90,47,47,47.0,5.198497031265826,5.288267030694535,4.51085950651685,3.871201010907891,3.871201010907891,3.871201010907891
2023-01-28 00:00:00+00:00,163,181,78,42,42,42.0,5.099866427824199,5.204006687076795,4.3694478524670215,3.7612001156935624,3.7612001156935624,3.7612001156935624
2023-01-29 00:00:00+00:00,155,156,75,35,35,35.0,5.049856007249537,5.056245805348308,4.330733340286331,3.58351893845611,3.58351893845611,3.58351893845611
2023-01-30 00:00:00+00:00,188,200,95,42,42,42.0,5.241747015059643,5.303304908059076,4.564348191467836,3.7612001156935624,3.7612001156935624,3.7612001156935624
2023-01-31 00:00:00+00:00,148,138,64,29,29,29.0,5.003946305945459,4.9344739331306915,4.174387269895637,3.4011973816621555,3.4011973816621555,3.4011973816621555
2023-02-01 00:00:00+00:00,209,204,96,44,45,45.0,5.3471075307174685,5.3230099791384085,4.574710978503383,3.8066624897703196,3.828641396489095,3.828641396489095
2023-02-02 00:00:00+00:00,168,177,78,40,40,40.0,5.1298987149230735,5.181783550292085,4.3694478524670215,3.713572066704308,3.713572066704308,3.713572066704308
2023-02-03 00:00:00+00:00,181,188,90,46,45,45.0,5.204006687076795,5.241747015059643,4.51085950651685,3.8501476017100584,3.828641396489095,3.828641396489095
2023-02-04 00:00:00+00:00,195,206,100,53,53,53.0,5.278114659230517,5.332718793265369,4.61512051684126,3.9889840465642745,3.9889840465642745,3.9889840465642745
2023-02-05 00:00:00+00:00,183,188,87,47,48,48.0,5.214935757608986,5.241747015059643,4.477336814478207,3.871201010907891,3.8918202981106265,3.8918202981106265
2023-02-06 00:00:00+00:00,196,209,89,48,47,47.0,5.2832037287379885,5.3471075307174685,4.499809670330265,3.8918202981106265,3.871201010907891,3.871201010907891
2023-02-07 00:00:00+00:00,191,183,86,36,36,36.0,5.2574953720277815,5.214935757608986,4.465908118654584,3.6109179126442243,3.6109179126442243,3.6109179126442243
2023-02-08 00:00:00+00:00,170,176,71,39,40,40.0,5.14166355650266,5.176149732573829,4.276666119016055,3.6888794541139363,3.713572066704308,3.713572066704308
2023-02-09 00:00:00+00:00,195,200,88,45,44,44.0,5.278114659230517,5.303304908059076,4.48863636973214,3.828641396489095,3.8066624897703196,3.8066624897703196
2023-02-10 00:00:00+00:00,175,182,77,49,49,49.0,5.170483995038151,5.209486152841421,4.356708826689592,3.912023005428146,3.912023005428146,3.912023005428146
2023-02-11 00:00:00+00:00,169,173,76,39,39,39.0,5.135798437050262,5.159055299214529,4.343805421853684,3.6888794541139363,3.6888794541139363,3.6888794541139363
2023-02-12 00:00:00+00:00,175,173,73,40,40,40.0,5.170483995038151,5.159055299214529,4.30406509320417,3.713572066704308,3.713572066704308,3.713572066704308
2023-02-13 00:00:00+00:00,164,175,78,42,42,42.0,5.10594547390058,5.170483995038151,4.3694478524670215,3.7612001156935624,3.7612001156935624,3.7612001156935624
2023-02-14 00:00:00+00:00,172,181,81,40,40,40.0,5.153291594497779,5.204006687076795,4.406719247264253,3.713572066704308,3.713572066704308,3.713572066704308
2023-02-15 00:00:00+00:00,173,181,77,38,40,40.0,5.159055299214529,5.204006687076795,4.356708826689592,3.6635616461296463,3.713572066704308,3.713572066704308
2023-02-16 00:00:00+00:00,165,179,89,56,54,54.0,5.111987788356544,5.19295685089021,4.499809670330265,4.04305126783455,4.007333185232471,4.007333185232471
2023-02-17 00:00:00+00:00,165,171,74,35,35,35.0,5.111987788356544,5.147494476813453,4.31748811353631,3.58351893845611,3.58351893845611,3.58351893845611
2023-02-18 00:00:00+00:00,165,171,79,39,39,39.0,5.111987788356544,5.147494476813453,4.382026634673881,3.6888794541139363,3.6888794541139363,3.6888794541139363
2023-02-19 00:00:00+00:00,190,192,79,34,34,34.0,5.25227342804663,5.262690188904886,4.382026634673881,3.5553480614894135,3.5553480614894135,3.5553480614894135
2023-02-20 00:00:00+00:00,204,222,97,46,48,48.0,5.3230099791384085,5.407171771460119,4.584967478670572,3.8501476017100584,3.8918202981106265,3.8918202981106265
2023-02-21 00:00:00+00:00,197,208,80,54,52,52.0,5.288267030694535,5.342334251964811,4.394449154672439,4.007333185232471,3.970291913552122,3.970291913552122
2023-02-22 00:00:00+00:00,190,186,86,51,51,51.0,5.25227342804663,5.231108616854587,4.465908118654584,3.9512437185814275,3.9512437185814275,3.9512437185814275
2023-02-23 00:00:00+00:00,210,216,80,44,44,44.0,5.351858133476067,5.37989735354046,4.394449154672439,3.8066624897703196,3.8066624897703196,3.8066624897703196
2023-02-24 00:00:00+00:00,184,188,86,51,51,51.0,5.220355825078324,5.241747015059643,4.465908118654584,3.9512437185814275,3.9512437185814275,3.9512437185814275
2023-02-25 00:00:00+00:00,197,206,81,48,49,49.0,5.288267030694535,5.332718793265369,4.406719247264253,3.8918202981106265,3.912023005428146,3.912023005428146
2023-02-26 00:00:00+00:00,193,220,96,57,56,56.0,5.267858159063328,5.3981627015177525,4.574710978503383,4.060443010546419,4.04305126783455,4.04305126783455
2023-02-27 00:00:00+00:00,176,171,83,44,44,44.0,5.176149732573829,5.147494476813453,4.430816798843313,3.8066624897703196,3.8066624897703196,3.8066624897703196
2023-02-28 00:00:00+00:00,190,199,99,46,46,46.0,5.25227342804663,5.298317366548036,4.605170185988092,3.8501476017100584,3.8501476017100584,3.8501476017100584
2023-03-01 00:00:00+00:00,200,209,96,52,52,52.0,5.303304908059076,5.3471075307174685,4.574710978503383,3.970291913552122,3.970291913552122,3.970291913552122
2023-03-02 00:00:00+00:00,190,185,83,42,42,42.0,5.25227342804663,5.225746673713202,4.430816798843313,3.7612001156935624,3.7612001156935624,3.7612001156935624
2023-03-03 00:00:00+00:00,173,188,87,51,51,51.0,5.159055299214529,5.241747015059643,4.477336814478207,3.9512437185814275,3.9512437185814275,3.9512437185814275
2023-03-04 00:00:00+00:00,167,176,83,41,41,41.0,5.123963979403259,5.176149732573829,4.430816798843313,3.7376696182833684,3.7376696182833684,3.7376696182833684
2023-03-05 00:00:00+00:00,169,180,88,44,45,45.0,5.135798437050262,5.198497031265826,4.48863636973214,3.8066624897703196,3.828641396489095,3.828641396489095
2023-03-06 00:00:00+00:00,181,184,80,38,37,37.0,5.204006687076795,5.220355825078324,4.394449154672439,3.6635616461296463,3.6375861597263857,3.6375861597263857
2023-03-07 00:00:00+00:00,198,210,91,49,49,49.0,5.293304824724492,5.351858133476067,4.5217885770490405,3.912023005428146,3.912023005428146,3.912023005428146
2023-03-08 00:00:00+00:00,179,185,82,53,55,55.0,5.19295685089021,5.225746673713202,4.418840607796598,3.9889840465642745,4.02535169073515,4.02535169073515
2023-03-09 00:00:00+00:00,168,190,81,48,46,46.0,5.1298987149230735,5.25227342804663,4.406719247264253,3.8918202981106265,3.8501476017100584,3.8501476017100584
2023-03-10 00:00:00+00:00,188,200,94,58,59,59.0,5.241747015059643,5.303304908059076,4.553876891600541,4.07753744390572,4.0943445622221,4.0943445622221
2023-03-11 00:00:00+00:00,183,188,82,45,44,44.0,5.214935757608986,5.241747015059643,4.418840607796598,3.828641396489095,3.8066624897703196,3.8066624897703196
2023-03-12 00:00:00+00:00,181,206,82,40,40,40.0,5.204006687076795,5.332718793265369,4.418840607796598,3.713572066704308,3.713572066704308,3.713572066704308
2023-03-13 00:00:00+00:00,198,202,92,50,50,50.0,5.293304824724492,5.313205979041787,4.532599493153256,3.9318256327243257,3.9318256327243257,3.9318256327243257
2023-03-14 00:00:00+00:00,178,195,92,51,51,51.0,5.187385805840755,5.278114659230517,4.532599493153256,3.9512437185814275,3.9512437185814275,3.9512437185814275
2023-03-15 00:00:00+00:00,183,215,103,54,54,54.0,5.214935757608986,5.375278407684165,4.6443908991413725,4.007333185232471,4.007333185232471,4.007333185232471
2023-03-16 00:00:00+00:00,205,204,85,44,45,45.0,5.327876168789581,5.3230099791384085,4.454347296253507,3.8066624897703196,3.828641396489095,3.828641396489095
2023-03-17 00:00:00+00:00,179,199,101,54,53,53.0,5.19295685089021,5.298317366548036,4.624972813284271,4.007333185232471,3.9889840465642745,3.9889840465642745
2023-03-18 00:00:00+00:00,180,187,89,49,50,50.0,5.198497031265826,5.236441962829949,4.499809670330265,3.912023005428146,3.9318256327243257,3.9318256327243257
2023-03-19 00:00:00+00:00,192,202,84,49,48,48.0,5.262690188904886,5.313205979041787,4.442651256490317,3.912023005428146,3.8918202981106265,3.8918202981106265
2023-03-20 00:00:00+00:00,206,201,95,50,50,50.0,5.332718793265369,5.308267697401205,4.564348191467836,3.9318256327243257,3.9318256327243257,3.9318256327243257
2023-03-21 00:00:00+00:00,190,197,87,52,52,52.0,5.25227342804663,5.288267030694535,4.477336814478207,3.970291913552122,3.970291913552122,3.970291913552122
2023-03-22 00:00:00+00:00,181,191,96,55,55,55.0,5.204006687076795,5.2574953720277815,4.574710978503383,4.02535169073515,4.02535169073515,4.02535169073515
2023-03-23 00:00:00+00:00,162,170,85,41,41,41.0,5.093750200806762,5.14166355650266,4.454347296253507,3.7376696182833684,3.7376696182833684,3.7376696182833684
2023-03-24 00:00:00+00:00,201,215,97,49,49,49.0,5.308267697401205,5.375278407684165,4.584967478670572,3.912023005428146,3.912023005428146,3.912023005428146
2023-03-25 00:00:00+00:00,190,213,89,48,48,48.0,5.25227342804663,5.365976015021851,4.499809670330265,3.8918202981106265,3.8918202981106265,3.8918202981106265
2023-03-26 00:00:00+00:00,165,173,77,42,43,43.0,5.111987788356544,5.159055299214529,4.356708826689592,3.7612001156935624,3.784189633918261,3.784189633918261
2023-03-27 00:00:00+00:00,157,161,73,39,38,38.0,5.062595033026967,5.087596335232384,4.30406509320417,3.6888794541139363,3.6635616461296463,3.6635616461296463
2023-03-28 00:00:00+00:00,193,199,93,52,52,52.0,5.267858159063328,5.298317366548036,4.543294782270004,3.970291913552122,3.970291913552122,3.970291913552122
2023-03-29 00:00:00+00:00,201,220,105,61,62,62.0,5.308267697401205,5.3981627015177525,4.663439094112067,4.127134385045092,4.143134726391533,4.143134726391533
2023-03-30 00:00:00+00:00,167,169,79,44,43,43.0,5.123963979403259,5.135798437050262,4.382026634673881,3.8066624897703196,3.784189633918261,3.784189633918261
2023-03-31 00:00:00+00:00,190,222,98,59,60,60.0,5.25227342804663,5.407171771460119,4.59511985013459,4.0943445622221,4.110873864173311,4.110873864173311
2023-04-01 00:00:00+00:00,204,212,101,60,59,59.0,5.3230099791384085,5.3612921657094255,4.624972813284271,4.110873864173311,4.0943445622221,4.0943445622221
2023-04-02 00:00:00+00:00,191,208,93,56,56,56.0,5.2574953720277815,5.342334251964811,4.543294782270004,4.04305126783455,4.04305126783455,4.04305126783455
2023-04-03 00:00:00+00:00,190,190,86,40,40,40.0,5.25227342804663,5.25227342804663,4.465908118654584,3.713572066704308,3.713572066704308,3.713572066704308
2023-04-04 00:00:00+00:00,438,590,332,283,287,287.0,6.0844994130751715,6.3818160174060985,5.808142489980444,5.648974238161206,5.662960480135946,5.662960480135946
2023-04-05 00:00:00+00:00,198,211,88,51,47,47.0,5.293304824724492,5.356586274672012,4.48863636973214,3.9512437185814275,3.871201010907891,3.871201010907891
2023-04-06 00:00:00+00:00,194,218,94,51,53,53.0,5.272999558563747,5.389071729816501,4.553876891600541,3.9512437185814275,3.9889840465642745,3.9889840465642745
2023-04-07 00:00:00+00:00,200,216,101,58,56,56.0,5.303304908059076,5.37989735354046,4.624972813284271,4.07753744390572,4.04305126783455,4.04305126783455
2023-04-08 00:00:00+00:00,188,215,95,57,57,57.0,5.241747015059643,5.375278407684165,4.564348191467836,4.060443010546419,4.060443010546419,4.060443010546419
2023-04-09 00:00:00+00:00,185,205,94,48,48,48.0,5.225746673713202,5.327876168789581,4.553876891600541,3.8918202981106265,3.8918202981106265,3.8918202981106265
2023-04-10 00:00:00+00:00,199,212,94,58,58,58.0,5.298317366548036,5.3612921657094255,4.553876891600541,4.07753744390572,4.07753744390572,4.07753744390572
2023-04-11 00:00:00+00:00,191,192,97,49,50,50.0,5.2574953720277815,5.262690188904886,4.584967478670572,3.912023005428146,3.9318256327243257,3.9318256327243257
2023-04-12 00:00:00+00:00,209,231,109,67,66,66.0,5.3471075307174685,5.44673737166631,4.700480365792417,4.219507705176107,4.204692619390966,4.204692619390966
2023-04-13 00:00:00+00:00,233,279,134,97,97,97.0,5.455321115357702,5.634789603169249,4.90527477843843,4.584967478670572,4.584967478670572,4.584967478670572
2023-04-14 00:00:00+00:00,243,276,146,117,118,118.0,5.497168225293202,5.6240175061873385,4.990432586778736,4.770684624465665,4.77912349311153,4.77912349311153
2023-04-15 00:00:00+00:00,233,271,144,104,103,103.0,5.455321115357702,5.605802066295998,4.976733742420574,4.653960350157523,4.6443908991413725,4.6443908991413725
2023-04-16 00:00:00+00:00,192,211,85,54,55,55.0,5.262690188904886,5.356586274672012,4.454347296253507,4.007333185232471,4.02535169073515,4.02535169073515
2023-04-17 00:00:00+00:00,190,201,99,47,46,46.0,5.25227342804663,5.308267697401205,4.605170185988092,3.871201010907891,3.8501476017100584,3.8501476017100584
2023-04-18 00:00:00+00:00,201,210,94,54,54,54.0,5.308267697401205,5.351858133476067,4.553876891600541,4.007333185232471,4.007333185232471,4.007333185232471
2023-04-19 00:00:00+00:00,227,252,116,65,66,66.0,5.429345628954441,5.53338948872752,4.762173934797756,4.189654742026425,4.204692619390966,4.204692619390966
2023-04-20 00:00:00+00:00,203,228,117,70,69,69.0,5.318119993844216,5.43372200355424,4.770684624465665,4.2626798770413155,4.248495242049359,4.248495242049359
2023-04-21 00:00:00+00:00,197,226,108,68,68,68.0,5.288267030694535,5.424950017481403,4.6913478822291435,4.23410650459726,4.23410650459726,4.23410650459726
2023-04-22 00:00:00+00:00,195,201,104,60,60,60.0,5.278114659230517,5.308267697401205,4.653960350157523,4.110873864173311,4.110873864173311,4.110873864173311
2023-04-23 00:00:00+00:00,200,235,103,67,67,67.0,5.303304908059076,5.4638318050256105,4.6443908991413725,4.219507705176107,4.219507705176107,4.219507705176107
2023-04-24 00:00:00+00:00,192,212,90,54,54,54.0,5.262690188904886,5.3612921657094255,4.51085950651685,4.007333185232471,4.007333185232471,4.007333185232471
2023-04-25 00:00:00+00:00,196,212,100,54,54,54.0,5.2832037287379885,5.3612921657094255,4.61512051684126,4.007333185232471,4.007333185232471,4.007333185232471
2023-04-26 00:00:00+00:00,203,228,99,59,59,59.0,5.318119993844216,5.43372200355424,4.605170185988092,4.0943445622221,4.0943445622221,4.0943445622221
2023-04-27 00:00:00+00:00,195,203,95,58,58,58.0,5.278114659230517,5.318119993844216,4.564348191467836,4.07753744390572,4.07753744390572,4.07753744390572
2023-04-28 00:00:00+00:00,190,215,100,58,58,58.0,5.25227342804663,5.375278407684165,4.61512051684126,4.07753744390572,4.07753744390572,4.07753744390572
2023-04-29 00:00:00+00:00,183,193,96,53,53,53.0,5.214935757608986,5.267858159063328,4.574710978503383,3.9889840465642745,3.9889840465642745,3.9889840465642745
2023-04-30 00:00:00+00:00,188,207,84,41,42,42.0,5.241747015059643,5.337538079701318,4.442651256490317,3.7376696182833684,3.7612001156935624,3.7612001156935624
2023-05-01 00:00:00+00:00,207,206,92,60,59,59.0,5.337538079701318,5.332718793265369,4.532599493153256,4.110873864173311,4.0943445622221,4.0943445622221
2023-05-02 00:00:00+00:00,211,227,117,65,66,66.0,5.356586274672012,5.429345628954441,4.770684624465665,4.189654742026425,4.204692619390966,4.204692619390966
2023-05-03 00:00:00+00:00,197,188,88,50,49,49.0,5.288267030694535,5.241747015059643,4.48863636973214,3.9318256327243257,3.912023005428146,3.912023005428146
2023-05-04 00:00:00+00:00,205,230,110,67,68,68.0,5.327876168789581,5.442417710521793,4.709530201312334,4.219507705176107,4.23410650459726,4.23410650459726
2023-05-05 00:00:00+00:00,211,236,108,74,73,73.0,5.356586274672012,5.4680601411351315,4.6913478822291435,4.31748811353631,4.30406509320417,4.30406509320417
2023-05-06 00:00:00+00:00,189,201,93,49,50,50.0,5.247024072160486,5.308267697401205,4.543294782270004,3.912023005428146,3.9318256327243257,3.9318256327243257
2023-05-07 00:00:00+00:00,212,237,106,60,60,60.0,5.3612921657094255,5.472270673671475,4.672828834461906,4.110873864173311,4.110873864173311,4.110873864173311
2023-05-08 00:00:00+00:00,196,219,96,54,53,53.0,5.2832037287379885,5.393627546352362,4.574710978503383,4.007333185232471,3.9889840465642745,3.9889840465642745
2023-05-09 00:00:00+00:00,188,196,100,59,60,60.0,5.241747015059643,5.2832037287379885,4.61512051684126,4.0943445622221,4.110873864173311,4.110873864173311
2023-05-10 00:00:00+00:00,233,261,119,63,64,64.0,5.455321115357702,5.568344503761097,4.787491742782046,4.1588830833596715,4.174387269895637,4.174387269895637
2023-05-11 00:00:00+00:00,200,203,104,60,58,58.0,5.303304908059076,5.318119993844216,4.653960350157523,4.110873864173311,4.07753744390572,4.07753744390572
2023-05-12 00:00:00+00:00,186,210,94,55,55,55.0,5.231108616854587,5.351858133476067,4.553876891600541,4.02535169073515,4.02535169073515,4.02535169073515
2023-05-13 00:00:00+00:00,203,222,104,58,58,58.0,5.318119993844216,5.407171771460119,4.653960350157523,4.07753744390572,4.07753744390572,4.07753744390572
2023-05-14 00:00:00+00:00,194,203,96,55,55,55.0,5.272999558563747,5.318119993844216,4.574710978503383,4.02535169073515,4.02535169073515,4.02535169073515
2023-05-15 00:00:00+00:00,223,225,100,62,62,62.0,5.4116460518550396,5.420534999272286,4.61512051684126,4.143134726391533,4.143134726391533,4.143134726391533
2023-05-16 00:00:00+00:00,206,225,116,70,70,70.0,5.332718793265369,5.420534999272286,4.762173934797756,4.2626798770413155,4.2626798770413155,4.2626798770413155
2023-05-17 00:00:00+00:00,188,207,98,61,61,61.0,5.241747015059643,5.337538079701318,4.59511985013459,4.127134385045092,4.127134385045092,4.127134385045092
2023-05-18 00:00:00+00:00,188,194,91,52,52,52.0,5.241747015059643,5.272999558563747,4.5217885770490405,3.970291913552122,3.970291913552122,3.970291913552122
2023-05-19 00:00:00+00:00,191,214,88,59,59,59.0,5.2574953720277815,5.3706380281276624,4.48863636973214,4.0943445622221,4.0943445622221,4.0943445622221
2023-05-20 00:00:00+00:00,184,202,97,57,59,59.0,5.220355825078324,5.313205979041787,4.584967478670572,4.060443010546419,4.0943445622221,4.0943445622221
2023-05-21 00:00:00+00:00,200,225,107,65,65,65.0,5.303304908059076,5.420534999272286,4.68213122712422,4.189654742026425,4.189654742026425,4.189654742026425
2023-05-22 00:00:00+00:00,197,215,95,57,56,56.0,5.288267030694535,5.375278407684165,4.564348191467836,4.060443010546419,4.04305126783455,4.04305126783455
2023-05-23 00:00:00+00:00,181,190,106,66,65,65.0,5.204006687076795,5.25227342804663,4.672828834461906,4.204692619390966,4.189654742026425,4.189654742026425
2023-05-24 00:00:00+00:00,190,218,100,68,68,68.0,5.25227342804663,5.389071729816501,4.61512051684126,4.23410650459726,4.23410650459726,4.23410650459726
2023-05-25 00:00:00+00:00,197,217,96,59,59,59.0,5.288267030694535,5.384495062789089,4.574710978503383,4.0943445622221,4.0943445622221,4.0943445622221
2023-05-26 00:00:00+00:00,233,241,106,62,62,62.0,5.455321115357702,5.488937726156687,4.672828834461906,4.143134726391533,4.143134726391533,4.143134726391533
2023-05-27 00:00:00+00:00,200,203,101,59,59,59.0,5.303304908059076,5.318119993844216,4.624972813284271,4.0943445622221,4.0943445622221,4.0943445622221
2023-05-28 00:00:00+00:00,181,186,100,55,56,56.0,5.204006687076795,5.231108616854587,4.61512051684126,4.02535169073515,4.04305126783455,4.04305126783455
2023-05-29 00:00:00+00:00,212,236,114,65,64,64.0,5.3612921657094255,5.4680601411351315,4.74493212836325,4.189654742026425,4.174387269895637,4.174387269895637
2023-05-30 00:00:00+00:00,198,220,102,65,65,65.0,5.293304824724492,5.3981627015177525,4.634728988229636,4.189654742026425,4.189654742026425,4.189654742026425
2023-05-31 00:00:00+00:00,188,216,99,68,68,68.0,5.241747015059643,5.37989735354046,4.605170185988092,4.23410650459726,4.23410650459726,4.23410650459726
2023-06-01 00:00:00+00:00,186,204,89,61,62,62.0,5.231108616854587,5.3230099791384085,4.499809670330265,4.127134385045092,4.143134726391533,4.143134726391533
2023-06-02 00:00:00+00:00,205,239,112,72,71,71.0,5.327876168789581,5.480638923341991,4.727387818712341,4.290459441148391,4.276666119016055,4.276666119016055
2023-06-03 00:00:00+00:00,220,267,124,84,84,84.0,5.3981627015177525,5.5909869805108565,4.8283137373023015,4.442651256490317,4.442651256490317,4.442651256490317
2023-06-04 00:00:00+00:00,221,266,121,82,82,82.0,5.402677381872279,5.58724865840025,4.804021044733257,4.418840607796598,4.418840607796598,4.418840607796598
2023-06-05 00:00:00+00:00,224,259,124,69,70,70.0,5.41610040220442,5.560681631015528,4.8283137373023015,4.248495242049359,4.2626798770413155,4.2626798770413155
2023-06-06 00:00:00+00:00,219,260,130,93,93,93.0,5.393627546352362,5.564520407322694,4.875197323201151,4.543294782270004,4.543294782270004,4.543294782270004
2023-06-07 00:00:00+00:00,202,218,115,68,67,67.0,5.313205979041787,5.389071729816501,4.7535901911063645,4.23410650459726,4.219507705176107,4.219507705176107
2023-06-08 00:00:00+00:00,207,219,113,58,58,58.0,5.337538079701318,5.393627546352362,4.736198448394496,4.07753744390572,4.07753744390572,4.07753744390572
2023-06-09 00:00:00+00:00,229,265,130,90,90,90.0,5.438079308923196,5.583496308781699,4.875197323201151,4.51085950651685,4.51085950651685,4.51085950651685
2023-06-10 00:00:00+00:00,208,238,120,76,76,76.0,5.342334251964811,5.476463551931511,4.795790545596741,4.343805421853684,4.343805421853684,4.343805421853684
2023-06-11 00:00:00+00:00,209,233,119,75,75,75.0,5.3471075307174685,5.455321115357702,4.787491742782046,4.330733340286331,4.330733340286331,4.330733340286331
2023-06-12 00:00:00+00:00,210,240,123,86,86,86.0,5.351858133476067,5.484796933490655,4.820281565605037,4.465908118654584,4.465908118654584,4.465908118654584
2023-06-13 00:00:00+00:00,192,229,99,73,73,73.0,5.262690188904886,5.438079308923196,4.605170185988092,4.30406509320417,4.30406509320417,4.30406509320417
2023-06-14 00:00:00+00:00,220,251,123,85,86,86.0,5.3981627015177525,5.529429087511423,4.820281565605037,4.454347296253507,4.465908118654584,4.465908118654584
2023-06-15 00:00:00+00:00,210,225,120,79,81,81.0,5.351858133476067,5.420534999272286,4.795790545596741,4.382026634673881,4.406719247264253,4.406719247264253
2023-06-16 00:00:00+00:00,199,225,107,66,64,64.0,5.298317366548036,5.420534999272286,4.68213122712422,4.204692619390966,4.174387269895637,4.174387269895637
2023-06-17 00:00:00+00:00,205,238,133,87,86,86.0,5.327876168789581,5.476463551931511,4.897839799950911,4.477336814478207,4.465908118654584,4.465908118654584
2023-06-18 00:00:00+00:00,224,252,121,79,79,79.0,5.41610040220442,5.53338948872752,4.804021044733257,4.382026634673881,4.382026634673881,4.382026634673881
2023-06-19 00:00:00+00:00,224,271,132,83,86,86.0,5.41610040220442,5.605802066295998,4.890349128221754,4.430816798843313,4.465908118654584,4.465908118654584
2023-06-20 00:00:00+00:00,219,245,131,80,79,79.0,5.393627546352362,5.5053315359323625,4.882801922586371,4.394449154672439,4.382026634673881,4.382026634673881
2023-06-21 00:00:00+00:00,244,275,136,95,95,95.0,5.501258210544727,5.62040086571715,4.919980925828125,4.564348191467836,4.564348191467836,4.564348191467836
2023-06-22 00:00:00+00:00,222,269,130,91,89,89.0,5.407171771460119,5.598421958998375,4.875197323201151,4.5217885770490405,4.499809670330265,4.499809670330265
2023-06-23 00:00:00+00:00,230,274,132,82,82,82.0,5.442417710521793,5.616771097666572,4.890349128221754,4.418840607796598,4.418840607796598,4.418840607796598
2023-06-24 00:00:00+00:00,208,241,112,79,79,79.0,5.342334251964811,5.488937726156687,4.727387818712341,4.382026634673881,4.382026634673881,4.382026634673881
2023-06-25 00:00:00+00:00,203,222,118,77,77,77.0,5.318119993844216,5.407171771460119,4.77912349311153,4.356708826689592,4.356708826689592,4.356708826689592
2023-06-26 00:00:00+00:00,224,264,117,78,79,79.0,5.41610040220442,5.579729825986222,4.770684624465665,4.3694478524670215,4.382026634673881,4.382026634673881
2023-06-27 00:00:00+00:00,214,234,119,74,73,73.0,5.3706380281276624,5.459585514144159,4.787491742782046,4.31748811353631,4.30406509320417,4.30406509320417
2023-06-28 00:00:00+00:00,227,251,121,72,72,72.0,5.429345628954441,5.529429087511423,4.804021044733257,4.290459441148391,4.290459441148391,4.290459441148391
2023-06-29 00:00:00+00:00,228,253,120,83,84,84.0,5.43372200355424,5.537334267018537,4.795790545596741,4.430816798843313,4.442651256490317,4.442651256490317
2023-06-30 00:00:00+00:00,209,250,122,86,85,85.0,5.3471075307174685,5.5254529391317835,4.812184355372417,4.465908118654584,4.454347296253507,4.454347296253507
2023-07-01 00:00:00+00:00,201,221,105,71,71,71.0,5.308267697401205,5.402677381872279,4.663439094112067,4.276666119016055,4.276666119016055,4.276666119016055
2023-07-02 00:00:00+00:00,193,217,99,58,60,60.0,5.267858159063328,5.384495062789089,4.605170185988092,4.07753744390572,4.110873864173311,4.110873864173311
2023-07-03 00:00:00+00:00,205,223,117,69,67,67.0,5.327876168789581,5.4116460518550396,4.770684624465665,4.248495242049359,4.219507705176107,4.219507705176107
2023-07-04 00:00:00+00:00,189,207,109,76,76,76.0,5.247024072160486,5.337538079701318,4.700480365792417,4.343805421853684,4.343805421853684,4.343805421853684
2023-07-05 00:00:00+00:00,201,220,109,70,70,70.0,5.308267697401205,5.3981627015177525,4.700480365792417,4.2626798770413155,4.2626798770413155,4.2626798770413155
2023-07-06 00:00:00+00:00,215,231,118,76,77,77.0,5.375278407684165,5.44673737166631,4.77912349311153,4.343805421853684,4.356708826689592,4.356708826689592
2023-07-07 00:00:00+00:00,211,227,112,71,70,70.0,5.356586274672012,5.429345628954441,4.727387818712341,4.276666119016055,4.2626798770413155,4.2626798770413155
2023-07-08 00:00:00+00:00,202,234,111,60,62,62.0,5.313205979041787,5.459585514144159,4.718498871295094,4.110873864173311,4.143134726391533,4.143134726391533
2023-07-09 00:00:00+00:00,205,224,115,77,76,76.0,5.327876168789581,5.41610040220442,4.7535901911063645,4.356708826689592,4.343805421853684,4.343805421853684
2023-07-10 00:00:00+00:00,216,242,116,72,71,71.0,5.37989735354046,5.493061443340548,4.762173934797756,4.290459441148391,4.276666119016055,4.276666119016055
2023-07-11 00:00:00+00:00,213,251,118,83,83,83.0,5.365976015021851,5.529429087511423,4.77912349311153,4.430816798843313,4.430816798843313,4.430816798843313
2023-07-12 00:00:00+00:00,201,224,95,58,61,61.0,5.308267697401205,5.41610040220442,4.564348191467836,4.07753744390572,4.127134385045092,4.127134385045092
2023-07-13 00:00:00+00:00,197,221,109,71,68,68.0,5.288267030694535,5.402677381872279,4.700480365792417,4.276666119016055,4.23410650459726,4.23410650459726
2023-07-14 00:00:00+00:00,220,253,120,72,73,73.0,5.3981627015177525,5.537334267018537,4.795790545596741,4.290459441148391,4.30406509320417,4.30406509320417
2023-07-15 00:00:00+00:00,191,221,114,82,81,81.0,5.2574953720277815,5.402677381872279,4.74493212836325,4.418840607796598,4.406719247264253,4.406719247264253
2023-07-16 00:00:00+00:00,199,222,87,56,56,56.0,5.298317366548036,5.407171771460119,4.477336814478207,4.04305126783455,4.04305126783455,4.04305126783455
2023-07-17 00:00:00+00:00,212,226,108,71,71,71.0,5.3612921657094255,5.424950017481403,4.6913478822291435,4.276666119016055,4.276666119016055,4.276666119016055
2023-07-18 00:00:00+00:00,205,227,107,61,62,62.0,5.327876168789581,5.429345628954441,4.68213122712422,4.127134385045092,4.143134726391533,4.143134726391533
2023-07-19 00:00:00+00:00,200,218,95,62,61,61.0,5.303304908059076,5.389071729816501,4.564348191467836,4.143134726391533,4.127134385045092,4.127134385045092
2023-07-20 00:00:00+00:00,199,232,108,75,75,75.0,5.298317366548036,5.4510384535657,4.6913478822291435,4.330733340286331,4.330733340286331,4.330733340286331
2023-07-21 00:00:00+00:00,225,264,129,85,86,86.0,5.420534999272286,5.579729825986222,4.867534450455582,4.454347296253507,4.465908118654584,4.465908118654584
2023-07-22 00:00:00+00:00,226,271,136,93,93,93.0,5.424950017481403,5.605802066295998,4.919980925828125,4.543294782270004,4.543294782270004,4.543294782270004
2023-07-23 00:00:00+00:00,202,233,118,76,75,75.0,5.313205979041787,5.455321115357702,4.77912349311153,4.343805421853684,4.330733340286331,4.330733340286331
2023-07-24 00:00:00+00:00,226,270,122,85,85,85.0,5.424950017481403,5.602118820879701,4.812184355372417,4.454347296253507,4.454347296253507,4.454347296253507
2023-07-25 00:00:00+00:00,198,224,102,69,69,69.0,5.293304824724492,5.41610040220442,4.634728988229636,4.248495242049359,4.248495242049359,4.248495242049359
2023-07-26 00:00:00+00:00,200,226,97,69,69,69.0,5.303304908059076,5.424950017481403,4.584967478670572,4.248495242049359,4.248495242049359,4.248495242049359
2023-07-27 00:00:00+00:00,233,244,120,71,71,71.0,5.455321115357702,5.501258210544727,4.795790545596741,4.276666119016055,4.276666119016055,4.276666119016055
2023-07-28 00:00:00+00:00,251,272,119,78,79,79.0,5.529429087511423,5.60947179518496,4.787491742782046,4.3694478524670215,4.382026634673881,4.382026634673881
2023-07-29 00:00:00+00:00,184,196,88,60,60,60.0,5.220355825078324,5.2832037287379885,4.48863636973214,4.110873864173311,4.110873864173311,4.110873864173311
2023-07-30 00:00:00+00:00,213,246,125,74,73,73.0,5.365976015021851,5.5093883366279774,4.836281906951478,4.31748811353631,4.30406509320417,4.30406509320417
2023-07-31 00:00:00+00:00,214,222,108,57,57,57.0,5.3706380281276624,5.407171771460119,4.6913478822291435,4.060443010546419,4.060443010546419,4.060443010546419
2023-08-01 00:00:00+00:00,240,279,130,92,92,92.0,5.484796933490655,5.634789603169249,4.875197323201151,4.532599493153256,4.532599493153256,4.532599493153256
2023-08-02 00:00:00+00:00,239,278,140,96,96,96.0,5.480638923341991,5.631211781821365,4.948759890378168,4.574710978503383,4.574710978503383,4.574710978503383
2023-08-03 00:00:00+00:00,224,254,132,94,95,95.0,5.41610040220442,5.541263545158426,4.890349128221754,4.553876891600541,4.564348191467836,4.564348191467836
2023-08-04 00:00:00+00:00,213,234,117,77,77,77.0,5.365976015021851,5.459585514144159,4.770684624465665,4.356708826689592,4.356708826689592,4.356708826689592
2023-08-05 00:00:00+00:00,235,269,141,103,104,104.0,5.4638318050256105,5.598421958998375,4.955827057601261,4.6443908991413725,4.653960350157523,4.653960350157523
2023-08-06 00:00:00+00:00,208,256,124,86,85,85.0,5.342334251964811,5.54907608489522,4.8283137373023015,4.465908118654584,4.454347296253507,4.454347296253507
2023-08-07 00:00:00+00:00,224,267,154,100,100,100.0,5.41610040220442,5.5909869805108565,5.043425116919247,4.61512051684126,4.61512051684126,4.61512051684126
2023-08-08 00:00:00+00:00,224,258,120,83,83,83.0,5.41610040220442,5.556828061699537,4.795790545596741,4.430816798843313,4.430816798843313,4.430816798843313
2023-08-09 00:00:00+00:00,237,266,122,85,85,85.0,5.472270673671475,5.58724865840025,4.812184355372417,4.454347296253507,4.454347296253507,4.454347296253507
2023-08-10 00:00:00+00:00,227,273,137,90,89,89.0,5.429345628954441,5.6131281063880705,4.927253685157205,4.51085950651685,4.499809670330265,4.499809670330265
2023-08-11 00:00:00+00:00,255,298,158,111,111,111.0,5.545177444479562,5.700443573390687,5.0689042022202315,4.718498871295094,4.718498871295094,4.718498871295094
2023-08-12 00:00:00+00:00,222,253,124,89,91,91.0,5.407171771460119,5.537334267018537,4.8283137373023015,4.499809670330265,4.5217885770490405,4.5217885770490405
2023-08-13 00:00:00+00:00,220,276,135,95,94,94.0,5.3981627015177525,5.6240175061873385,4.912654885736052,4.564348191467836,4.553876891600541,4.553876891600541
2023-08-14 00:00:00+00:00,212,242,111,75,75,75.0,5.3612921657094255,5.493061443340548,4.718498871295094,4.330733340286331,4.330733340286331,4.330733340286331
2023-08-15 00:00:00+00:00,204,232,125,73,73,73.0,5.3230099791384085,5.4510384535657,4.836281906951478,4.30406509320417,4.30406509320417,4.30406509320417
2023-08-16 00:00:00+00:00,226,254,135,93,93,93.0,5.424950017481403,5.541263545158426,4.912654885736052,4.543294782270004,4.543294782270004,4.543294782270004
2023-08-17 00:00:00+00:00,235,262,139,101,101,101.0,5.4638318050256105,5.572154032177765,4.941642422609304,4.624972813284271,4.624972813284271,4.624972813284271
2023-08-18 00:00:00+00:00,205,245,121,85,87,87.0,5.327876168789581,5.5053315359323625,4.804021044733257,4.454347296253507,4.477336814478207,4.477336814478207
2023-08-19 00:00:00+00:00,245,303,147,105,103,103.0,5.5053315359323625,5.717027701406222,4.997212273764115,4.663439094112067,4.6443908991413725,4.6443908991413725
2023-08-20 00:00:00+00:00,244,290,143,102,101,101.0,5.501258210544727,5.673323267171493,4.969813299576001,4.634728988229636,4.624972813284271,4.624972813284271
2023-08-21 00:00:00+00:00,251,277,132,96,96,96.0,5.529429087511423,5.627621113690637,4.890349128221754,4.574710978503383,4.574710978503383,4.574710978503383
2023-08-22 00:00:00+00:00,271,314,155,101,101,101.0,5.605802066295998,5.752572638825633,5.049856007249537,4.624972813284271,4.624972813284271,4.624972813284271
2023-08-23 00:00:00+00:00,231,282,149,104,105,105.0,5.44673737166631,5.645446897643238,5.0106352940962555,4.653960350157523,4.663439094112067,4.663439094112067
2023-08-24 00:00:00+00:00,234,272,137,94,93,93.0,5.459585514144159,5.60947179518496,4.927253685157205,4.553876891600541,4.543294782270004,4.543294782270004
2023-08-25 00:00:00+00:00,217,238,122,88,88,88.0,5.384495062789089,5.476463551931511,4.812184355372417,4.48863636973214,4.48863636973214,4.48863636973214
2023-08-26 00:00:00+00:00,223,254,141,95,95,95.0,5.4116460518550396,5.541263545158426,4.955827057601261,4.564348191467836,4.564348191467836,4.564348191467836
2023-08-27 00:00:00+00:00,225,256,136,96,96,96.0,5.420534999272286,5.54907608489522,4.919980925828125,4.574710978503383,4.574710978503383,4.574710978503383
2023-08-28 00:00:00+00:00,221,258,138,96,96,96.0,5.402677381872279,5.556828061699537,4.9344739331306915,4.574710978503383,4.574710978503383,4.574710978503383
2023-08-29 00:00:00+00:00,256,290,145,101,103,103.0,5.54907608489522,5.673323267171493,4.983606621708336,4.624972813284271,4.6443908991413725,4.6443908991413725
2023-08-30 00:00:00+00:00,227,264,136,95,93,93.0,5.429345628954441,5.579729825986222,4.919980925828125,4.564348191467836,4.543294782270004,4.543294782270004
2023-08-31 00:00:00+00:00,232,273,141,91,94,94.0,5.4510384535657,5.6131281063880705,4.955827057601261,4.5217885770490405,4.553876891600541,4.553876891600541
2023-09-01 00:00:00+00:00,251,317,149,113,110,110.0,5.529429087511423,5.762051382780177,5.0106352940962555,4.736198448394496,4.709530201312334,4.709530201312334
2023-09-02 00:00:00+00:00,212,243,117,84,84,84.0,5.3612921657094255,5.497168225293202,4.770684624465665,4.442651256490317,4.442651256490317,4.442651256490317
2023-09-03 00:00:00+00:00,240,285,144,112,113,113.0,5.484796933490655,5.655991810819852,4.976733742420574,4.727387818712341,4.736198448394496,4.736198448394496
2023-09-04 00:00:00+00:00,256,296,144,102,101,101.0,5.54907608489522,5.6937321388027,4.976733742420574,4.634728988229636,4.624972813284271,4.624972813284271
2023-09-05 00:00:00+00:00,244,303,151,111,111,111.0,5.501258210544727,5.717027701406222,5.0238805208462765,4.718498871295094,4.718498871295094,4.718498871295094
2023-09-06 00:00:00+00:00,247,287,129,95,97,97.0,5.5134287461649825,5.662960480135946,4.867534450455582,4.564348191467836,4.584967478670572,4.584967478670572
2023-09-07 00:00:00+00:00,226,289,162,112,111,111.0,5.424950017481403,5.66988092298052,5.093750200806762,4.727387818712341,4.718498871295094,4.718498871295094
2023-09-08 00:00:00+00:00,230,272,135,99,98,98.0,5.442417710521793,5.60947179518496,4.912654885736052,4.605170185988092,4.59511985013459,4.59511985013459
2023-09-09 00:00:00+00:00,727,1049,634,582,585,585.0,6.590301048196686,6.956545443151569,6.453624998892692,6.368187186350492,6.373319789577012,6.373319789577012
2023-09-10 00:00:00+00:00,236,285,150,111,108,108.0,5.4680601411351315,5.655991810819852,5.017279836814924,4.718498871295094,4.6913478822291435,4.6913478822291435
2023-09-11 00:00:00+00:00,226,277,139,100,101,101.0,5.424950017481403,5.627621113690637,4.941642422609304,4.61512051684126,4.624972813284271,4.624972813284271
2023-09-12 00:00:00+00:00,258,299,151,110,110,110.0,5.556828061699537,5.703782474656201,5.0238805208462765,4.709530201312334,4.709530201312334,4.709530201312334
2023-09-13 00:00:00+00:00,237,272,147,108,108,108.0,5.472270673671475,5.60947179518496,4.997212273764115,4.6913478822291435,4.6913478822291435,4.6913478822291435
2023-09-14 00:00:00+00:00,246,284,152,103,102,102.0,5.5093883366279774,5.652489180268651,5.030437921392435,4.6443908991413725,4.634728988229636,4.634728988229636
2023-09-15 00:00:00+00:00,239,291,138,98,98,98.0,5.480638923341991,5.676753802268282,4.9344739331306915,4.59511985013459,4.59511985013459,4.59511985013459
2023-09-16 00:00:00+00:00,256,314,157,119,119,119.0,5.54907608489522,5.752572638825633,5.062595033026967,4.787491742782046,4.787491742782046,4.787491742782046
2023-09-17 00:00:00+00:00,258,308,152,116,118,118.0,5.556828061699537,5.733341276897746,5.030437921392435,4.762173934797756,4.77912349311153,4.77912349311153
2023-09-18 00:00:00+00:00,259,335,166,136,135,135.0,5.560681631015528,5.817111159963204,5.117993812416755,4.919980925828125,4.912654885736052,4.912654885736052
2023-09-19 00:00:00+00:00,236,299,148,111,110,110.0,5.4680601411351315,5.703782474656201,5.003946305945459,4.718498871295094,4.709530201312334,4.709530201312334
2023-09-20 00:00:00+00:00,261,338,181,136,136,136.0,5.568344503761097,5.82600010738045,5.204006687076795,4.919980925828125,4.919980925828125,4.919980925828125
2023-09-21 00:00:00+00:00,265,309,170,115,117,117.0,5.583496308781699,5.736572297479192,5.14166355650266,4.7535901911063645,4.770684624465665,4.770684624465665
2023-09-22 00:00:00+00:00,264,309,170,121,121,121.0,5.579729825986222,5.736572297479192,5.14166355650266,4.804021044733257,4.804021044733257,4.804021044733257
2023-09-23 00:00:00+00:00,260,304,150,107,106,106.0,5.564520407322694,5.720311776607412,5.017279836814924,4.68213122712422,4.672828834461906,4.672828834461906
2023-09-24 00:00:00+00:00,249,315,147,121,120,120.0,5.521460917862246,5.755742213586912,4.997212273764115,4.804021044733257,4.795790545596741,4.795790545596741
2023-09-25 00:00:00+00:00,255,311,175,139,141,141.0,5.545177444479562,5.7430031878094825,5.170483995038151,4.941642422609304,4.955827057601261,4.955827057601261
2023-09-26 00:00:00+00:00,269,298,164,119,117,117.0,5.598421958998375,5.700443573390687,5.10594547390058,4.787491742782046,4.770684624465665,4.770684624465665
2023-09-27 00:00:00+00:00,266,296,162,123,123,123.0,5.58724865840025,5.6937321388027,5.093750200806762,4.820281565605037,4.820281565605037,4.820281565605037
2023-09-28 00:00:00+00:00,282,327,184,137,137,137.0,5.645446897643238,5.793013608384144,5.220355825078324,4.927253685157205,4.927253685157205,4.927253685157205
2023-09-29 00:00:00+00:00,269,331,176,133,133,133.0,5.598421958998375,5.805134968916488,5.176149732573829,4.897839799950911,4.897839799950911,4.897839799950911
2023-09-30 00:00:00+00:00,268,335,168,128,128,128.0,5.594711379601839,5.817111159963204,5.1298987149230735,4.859812404361672,4.859812404361672,4.859812404361672
2023-10-01 00:00:00+00:00,257,313,152,114,115,115.0,5.552959584921617,5.749392985908253,5.030437921392435,4.74493212836325,4.7535901911063645,4.7535901911063645
2023-10-02 00:00:00+00:00,259,287,150,102,103,103.0,5.560681631015528,5.662960480135946,5.017279836814924,4.634728988229636,4.6443908991413725,4.6443908991413725
2023-10-03 00:00:00+00:00,213,255,113,84,83,83.0,5.365976015021851,5.545177444479562,4.736198448394496,4.442651256490317,4.430816798843313,4.430816798843313
2023-10-04 00:00:00+00:00,253,313,150,119,119,119.0,5.537334267018537,5.749392985908253,5.017279836814924,4.787491742782046,4.787491742782046,4.787491742782046
2023-10-05 00:00:00+00:00,226,276,135,100,99,99.0,5.424950017481403,5.6240175061873385,4.912654885736052,4.61512051684126,4.605170185988092,4.605170185988092
2023-10-06 00:00:00+00:00,244,299,158,118,118,118.0,5.501258210544727,5.703782474656201,5.0689042022202315,4.77912349311153,4.77912349311153,4.77912349311153
2023-10-07 00:00:00+00:00,255,284,147,104,105,105.0,5.545177444479562,5.652489180268651,4.997212273764115,4.653960350157523,4.663439094112067,4.663439094112067
2023-10-08 00:00:00+00:00,238,290,141,106,105,105.0,5.476463551931511,5.673323267171493,4.955827057601261,4.672828834461906,4.663439094112067,4.663439094112067
2023-10-09 00:00:00+00:00,250,287,145,108,108,108.0,5.5254529391317835,5.662960480135946,4.983606621708336,4.6913478822291435,4.6913478822291435,4.6913478822291435
2023-10-10 00:00:00+00:00,689,1021,587,547,552,552.0,6.536691597591305,6.92951677076365,6.376726947898627,6.306275286948016,6.315358001522335,6.315358001522335
2023-10-11 00:00:00+00:00,257,314,167,123,118,118.0,5.552959584921617,5.752572638825633,5.123963979403259,4.820281565605037,4.77912349311153,4.77912349311153
2023-10-12 00:00:00+00:00,237,285,136,97,98,98.0,5.472270673671475,5.655991810819852,4.919980925828125,4.584967478670572,4.59511985013459,4.59511985013459
2023-10-13 00:00:00+00:00,244,295,151,108,107,107.0,5.501258210544727,5.69035945432406,5.0238805208462765,4.6913478822291435,4.68213122712422,4.68213122712422
2023-10-14 00:00:00+00:00,279,315,161,117,118,118.0,5.634789603169249,5.755742213586912,5.087596335232384,4.770684624465665,4.77912349311153,4.77912349311153
2023-10-15 00:00:00+00:00,268,339,173,130,130,130.0,5.594711379601839,5.8289456176102075,5.159055299214529,4.875197323201151,4.875197323201151,4.875197323201151
2023-10-16 00:00:00+00:00,222,283,146,108,107,107.0,5.407171771460119,5.648974238161206,4.990432586778736,4.6913478822291435,4.68213122712422,4.68213122712422
2023-10-17 00:00:00+00:00,253,294,152,117,118,118.0,5.537334267018537,5.68697535633982,5.030437921392435,4.770684624465665,4.77912349311153,4.77912349311153
2023-10-18 00:00:00+00:00,247,290,160,121,121,121.0,5.5134287461649825,5.673323267171493,5.081404364984463,4.804021044733257,4.804021044733257,4.804021044733257
2023-10-19 00:00:00+00:00,226,297,146,117,118,118.0,5.424950017481403,5.697093486505405,4.990432586778736,4.770684624465665,4.77912349311153,4.77912349311153
2023-10-20 00:00:00+00:00,245,295,154,112,111,111.0,5.5053315359323625,5.69035945432406,5.043425116919247,4.727387818712341,4.718498871295094,4.718498871295094
2023-10-21 00:00:00+00:00,267,307,165,119,118,118.0,5.5909869805108565,5.730099782973574,5.111987788356544,4.787491742782046,4.77912349311153,4.77912349311153
2023-10-22 00:00:00+00:00,258,300,158,112,112,112.0,5.556828061699537,5.707110264748875,5.0689042022202315,4.727387818712341,4.727387818712341,4.727387818712341
2023-10-23 00:00:00+00:00,263,326,161,117,118,118.0,5.575949103146316,5.7899601708972535,5.087596335232384,4.770684624465665,4.77912349311153,4.77912349311153
2023-10-24 00:00:00+00:00,238,299,151,120,119,119.0,5.476463551931511,5.703782474656201,5.0238805208462765,4.795790545596741,4.787491742782046,4.787491742782046
2023-10-25 00:00:00+00:00,286,357,187,136,137,137.0,5.659482215759621,5.8805329864007,5.236441962829949,4.919980925828125,4.927253685157205,4.927253685157205
2023-10-26 00:00:00+00:00,228,262,141,107,106,106.0,5.43372200355424,5.572154032177765,4.955827057601261,4.68213122712422,4.672828834461906,4.672828834461906
2023-10-27 00:00:00+00:00,271,324,168,132,134,134.0,5.605802066295998,5.783825182329737,5.1298987149230735,4.890349128221754,4.90527477843843,4.90527477843843
2023-10-28 00:00:00+00:00,245,281,163,119,117,117.0,5.5053315359323625,5.641907070938114,5.099866427824199,4.787491742782046,4.770684624465665,4.770684624465665
2023-10-29 00:00:00+00:00,265,335,183,137,137,137.0,5.583496308781699,5.817111159963204,5.214935757608986,4.927253685157205,4.927253685157205,4.927253685157205
2023-10-30 00:00:00+00:00,239,296,160,110,110,110.0,5.480638923341991,5.6937321388027,5.081404364984463,4.709530201312334,4.709530201312334,4.709530201312334
2023-10-31 00:00:00+00:00,258,313,174,130,130,130.0,5.556828061699537,5.749392985908253,5.1647859739235145,4.875197323201151,4.875197323201151,4.875197323201151
2023-11-01 00:00:00+00:00,273,333,174,124,124,124.0,5.6131281063880705,5.811140992976701,5.1647859739235145,4.8283137373023015,4.8283137373023015,4.8283137373023015
2023-11-02 00:00:00+00:00,245,301,159,126,128,128.0,5.5053315359323625,5.71042701737487,5.075173815233827,4.844187086458591,4.859812404361672,4.859812404361672
2023-11-03 00:00:00+00:00,264,309,159,116,114,114.0,5.579729825986222,5.736572297479192,5.075173815233827,4.762173934797756,4.74493212836325,4.74493212836325
2023-11-04 00:00:00+00:00,268,316,162,118,119,119.0,5.594711379601839,5.75890177387728,5.093750200806762,4.77912349311153,4.787491742782046,4.787491742782046
2023-11-05 00:00:00+00:00,278,340,176,130,129,129.0,5.631211781821365,5.831882477283517,5.176149732573829,4.875197323201151,4.867534450455582,4.867534450455582
2023-11-06 00:00:00+00:00,261,331,161,113,113,113.0,5.568344503761097,5.805134968916488,5.087596335232384,4.736198448394496,4.736198448394496,4.736198448394496
2023-11-07 00:00:00+00:00,254,307,162,128,129,129.0,5.541263545158426,5.730099782973574,5.093750200806762,4.859812404361672,4.867534450455582,4.867534450455582
2023-11-08 00:00:00+00:00,254,318,166,123,122,122.0,5.541263545158426,5.765191102784844,5.117993812416755,4.820281565605037,4.812184355372417,4.812184355372417
2023-11-09 00:00:00+00:00,283,332,177,137,138,138.0,5.648974238161206,5.808142489980444,5.181783550292085,4.927253685157205,4.9344739331306915,4.9344739331306915
2023-11-10 00:00:00+00:00,244,289,164,113,115,115.0,5.501258210544727,5.66988092298052,5.10594547390058,4.736198448394496,4.7535901911063645,4.7535901911063645
2023-11-11 00:00:00+00:00,797,1177,707,673,676,676.0,6.682108597449809,7.071573364211532,6.56244409369372,6.513230110912307,6.517671272912275,6.517671272912275
2023-11-12 00:00:00+00:00,294,349,182,146,142,142.0,5.68697535633982,5.857933154483459,5.209486152841421,4.990432586778736,4.962844630259907,4.962844630259907
2023-11-13 00:00:00+00:00,252,305,163,126,126,126.0,5.53338948872752,5.723585101952381,5.099866427824199,4.844187086458591,4.844187086458591,4.844187086458591
2023-11-14 00:00:00+00:00,274,342,192,142,141,141.0,5.616771097666572,5.8377304471659395,5.262690188904886,4.962844630259907,4.955827057601261,4.955827057601261
2023-11-15 00:00:00+00:00,274,324,176,138,137,137.0,5.616771097666572,5.783825182329737,5.176149732573829,4.9344739331306915,4.927253685157205,4.927253685157205
2023-11-16 00:00:00+00:00,287,368,196,145,147,147.0,5.662960480135946,5.910796644040527,5.2832037287379885,4.983606621708336,4.997212273764115,4.997212273764115
2023-11-17 00:00:00+00:00,297,398,203,158,157,157.0,5.697093486505405,5.988961416889864,5.318119993844216,5.0689042022202315,5.062595033026967,5.062595033026967
2023-11-18 00:00:00+00:00,268,337,170,138,137,137.0,5.594711379601839,5.823045895483019,5.14166355650266,4.9344739331306915,4.927253685157205,4.927253685157205
2023-11-19 00:00:00+00:00,298,378,208,170,171,171.0,5.700443573390687,5.937536205082426,5.342334251964811,5.14166355650266,5.147494476813453,5.147494476813453
2023-11-20 00:00:00+00:00,264,346,171,140,142,142.0,5.579729825986222,5.849324779946859,5.147494476813453,4.948759890378168,4.962844630259907,4.962844630259907
2023-11-21 00:00:00+00:00,291,369,194,150,147,147.0,5.676753802268282,5.91350300563827,5.272999558563747,5.017279836814924,4.997212273764115,4.997212273764115
2023-11-22 00:00:00+00:00,269,344,166,129,131,131.0,5.598421958998375,5.84354441703136,5.117993812416755,4.867534450455582,4.882801922586371,4.882801922586371
2023-11-23 00:00:00+00:00,296,363,206,167,167,167.0,5.6937321388027,5.8971538676367405,5.332718793265369,5.123963979403259,5.123963979403259,5.123963979403259
2023-11-24 00:00:00+00:00,285,359,180,147,145,145.0,5.655991810819852,5.886104031450156,5.198497031265826,4.997212273764115,4.983606621708336,4.983606621708336
2023-11-25 00:00:00+00:00,269,330,188,150,151,151.0,5.598421958998375,5.802118375377063,5.241747015059643,5.017279836814924,5.0238805208462765,5.0238805208462765
2023-11-26 00:00:00+00:00,293,366,203,166,165,165.0,5.683579767338681,5.905361848054571,5.318119993844216,5.117993812416755,5.111987788356544,5.111987788356544
2023-11-27 00:00:00+00:00,286,335,191,155,155,155.0,5.659482215759621,5.817111159963204,5.2574953720277815,5.049856007249537,5.049856007249537,5.049856007249537
2023-11-28 00:00:00+00:00,250,316,171,123,123,123.0,5.5254529391317835,5.75890177387728,5.147494476813453,4.820281565605037,4.820281565605037,4.820281565605037
2023-11-29 00:00:00+00:00,303,385,224,174,176,176.0,5.717027701406222,5.955837369464831,5.41610040220442,5.1647859739235145,5.176149732573829,5.176149732573829
2023-11-30 00:00:00+00:00,283,358,198,156,154,154.0,5.648974238161206,5.883322388488279,5.293304824724492,5.056245805348308,5.043425116919247,5.043425116919247
2023-12-01 00:00:00+00:00,277,336,182,139,140,140.0,5.627621113690637,5.820082930352362,5.209486152841421,4.941642422609304,4.948759890378168,4.948759890378168
2023-12-02 00:00:00+00:00,298,362,205,151,150,150.0,5.700443573390687,5.8944028342648505,5.327876168789581,5.0238805208462765,5.017279836814924,5.017279836814924
2023-12-03 00:00:00+00:00,297,369,196,153,153,153.0,5.697093486505405,5.91350300563827,5.2832037287379885,5.0369526024136295,5.0369526024136295,5.0369526024136295
2023-12-04 00:00:00+00:00,310,413,225,188,189,189.0,5.739792912179234,6.025865973825314,5.420534999272286,5.241747015059643,5.247024072160486,5.247024072160486
2023-12-05 00:00:00+00:00,314,400,215,173,173,173.0,5.752572638825633,5.993961427306569,5.375278407684165,5.159055299214529,5.159055299214529,5.159055299214529
2023-12-06 00:00:00+00:00,261,355,180,141,141,141.0,5.568344503761097,5.87493073085203,5.198497031265826,4.955827057601261,4.955827057601261,4.955827057601261
2023-12-07 00:00:00+00:00,307,384,192,165,165,165.0,5.730099782973574,5.953243334287785,5.262690188904886,5.111987788356544,5.111987788356544,5.111987788356544
2023-12-08 00:00:00+00:00,294,391,217,174,174,174.0,5.68697535633982,5.971261839790462,5.384495062789089,5.1647859739235145,5.1647859739235145,5.1647859739235145
2023-12-09 00:00:00+00:00,314,411,223,168,168,168.0,5.752572638825633,6.021023349349527,5.4116460518550396,5.1298987149230735,5.1298987149230735,5.1298987149230735
2023-12-10 00:00:00+00:00,266,322,173,134,134,134.0,5.58724865840025,5.777652323222656,5.159055299214529,4.90527477843843,4.90527477843843,4.90527477843843
2023-12-11 00:00:00+00:00,298,384,209,169,168,168.0,5.700443573390687,5.953243334287785,5.3471075307174685,5.135798437050262,5.1298987149230735,5.1298987149230735
2023-12-12 00:00:00+00:00,1205,1851,1113,1064,1073,1073.0,7.095064377287131,7.524021415206125,7.01571242048723,6.970730078143525,6.97914527506881,6.97914527506881
2023-12-13 00:00:00+00:00,376,512,277,238,231,231.0,5.932245187448011,6.240275845170769,5.627621113690637,5.476463551931511,5.44673737166631,5.44673737166631
2023-12-14 00:00:00+00:00,349,462,254,221,219,219.0,5.857933154483459,6.137727054086234,5.541263545158426,5.402677381872279,5.393627546352362,5.393627546352362
2023-12-15 00:00:00+00:00,358,484,274,228,231,231.0,5.883322388488279,6.184148890937483,5.616771097666572,5.43372200355424,5.44673737166631,5.44673737166631
2023-12-16 00:00:00+00:00,360,484,269,228,225,225.0,5.8888779583328805,6.184148890937483,5.598421958998375,5.43372200355424,5.420534999272286,5.420534999272286
2023-12-17 00:00:00+00:00,373,465,259,210,211,211.0,5.924255797414532,6.144185634125646,5.560681631015528,5.351858133476067,5.356586274672012,5.356586274672012
2023-12-18 00:00:00+00:00,359,468,267,220,220,220.0,5.886104031450156,6.150602768446279,5.5909869805108565,5.3981627015177525,5.3981627015177525,5.3981627015177525
2023-12-19 00:00:00+00:00,370,496,281,239,240,240.0,5.916202062607435,6.208590026096629,5.641907070938114,5.480638923341991,5.484796933490655,5.484796933490655
2023-12-20 00:00:00+00:00,340,455,248,210,208,208.0,5.831882477283517,6.1224928095143865,5.517452896464707,5.351858133476067,5.342334251964811,5.342334251964811
2023-12-21 00:00:00+00:00,383,517,279,231,234,234.0,5.950642552587727,6.249975242259483,5.634789603169249,5.44673737166631,5.459585514144159,5.459585514144159
2023-12-22 00:00:00+00:00,380,542,288,261,260,260.0,5.942799375126701,6.297109319933935,5.666426688112432,5.568344503761097,5.564520407322694,5.564520407322694
2023-12-23 00:00:00+00:00,353,488,267,235,234,234.0,5.869296913133774,6.192362489474872,5.5909869805108565,5.4638318050256105,5.459585514144159,5.459585514144159
2023-12-24 00:00:00+00:00,390,520,294,251,253,253.0,5.968707559985366,6.255750041753367,5.68697535633982,5.529429087511423,5.537334267018537,5.537334267018537
2023-12-25 00:00:00+00:00,404,515,298,251,250,250.0,6.003887067106539,6.246106765481563,5.700443573390687,5.529429087511423,5.5254529391317835,5.5254529391317835
2023-12-26 00:00:00+00:00,356,487,273,244,243,243.0,5.877735781779639,6.1903154058531475,5.6131281063880705,5.501258210544727,5.497168225293202,5.497168225293202
2023-12-27 00:00:00+00:00,462,587,346,303,304,304.0,6.137727054086234,6.376726947898627,5.849324779946859,5.717027701406222,5.720311776607412,5.720311776607412
2023-12-28 00:00:00+00:00,388,522,300,263,263,263.0,5.963579343618446,6.259581464064923,5.707110264748875,5.575949103146316,5.575949103146316,5.575949103146316
2023-12-29 00:00:00+00:00,439,607,346,308,308,308.0,6.0867747269123065,6.410174881966167,5.849324779946859,5.733341276897746,5.733341276897746,5.733341276897746
2023-12-30 00:00:00+00:00,454,642,357,325,325,325.0,6.12029741895095,6.466144724237619,5.8805329864007,5.786897381366708,5.786897381366708,5.786897381366708
2023-12-31 00:00:00+00:00,496,677,401,362,363,363.0,6.208590026096629,6.519147287940395,5.996452088619021,5.8944028342648505,5.8971538676367405,5.8971538676367405
2024-01-01 00:00:00+00:00,245,287,141,94,92,92.0,5.5053315359323625,5.662960480135946,4.955827057601261,4.553876891600541,4.532599493153256,4.532599493153256
2024-01-02 00:00:00+00:00,229,281,135,90,90,90.0,5.438079308923196,5.641907070938114,4.912654885736052,4.51085950651685,4.51085950651685,4.51085950651685
2024-01-03 00:00:00+00:00,256,319,148,102,101,101.0,5.54907608489522,5.768320995793772,5.003946305945459,4.634728988229636,4.624972813284271,4.624972813284271
2024-01-04 00:00:00+00:00,232,266,138,99,99,99.0,5.4510384535657,5.58724865840025,4.9344739331306915,4.605170185988092,4.605170185988092,4.605170185988092
2024-01-05 00:00:00+00:00,213,258,134,103,103,103.0,5.365976015021851,5.556828061699537,4.90527477843843,4.6443908991413725,4.6443908991413725,4.6443908991413725
2024-01-06 00:00:00+00:00,230,274,145,102,102,102.0,5.442417710521793,5.616771097666572,4.983606621708336,4.634728988229636,4.634728988229636,4.634728988229636
2024-01-07 00:00:00+00:00,243,262,131,84,88,88.0,5.497168225293202,5.572154032177765,4.882801922586371,4.442651256490317,4.48863636973214,4.48863636973214
2024-01-08 00:00:00+00:00,251,301,154,107,104,104.0,5.529429087511423,5.71042701737487,5.043425116919247,4.68213122712422,4.653960350157523,4.653960350157523
2024-01-09 00:00:00+00:00,242,290,158,112,111,111.0,5.493061443340548,5.673323267171493,5.0689042022202315,4.727387818712341,4.718498871295094,4.718498871295094
2024-01-10 00:00:00+00:00,219,253,125,90,91,91.0,5.393627546352362,5.537334267018537,4.836281906951478,4.51085950651685,4.5217885770490405,4.5217885770490405
2024-01-11 00:00:00+00:00,244,279,133,85,84,84.0,5.501258210544727,5.634789603169249,4.897839799950911,4.454347296253507,4.442651256490317,4.442651256490317
2024-01-12 00:00:00+00:00,231,268,132,99,100,100.0,5.44673737166631,5.594711379601839,4.890349128221754,4.605170185988092,4.61512051684126,4.61512051684126
2024-01-13 00:00:00+00:00,208,241,130,92,93,93.0,5.342334251964811,5.488937726156687,4.875197323201151,4.532599493153256,4.543294782270004,4.543294782270004
2024-01-14 00:00:00+00:00,215,237,117,85,83,83.0,5.375278407684165,5.472270673671475,4.770684624465665,4.454347296253507,4.430816798843313,4.430816798843313
2024-01-15 00:00:00+00:00,237,278,142,105,105,105.0,5.472270673671475,5.631211781821365,4.962844630259907,4.663439094112067,4.663439094112067,4.663439094112067
2024-01-16 00:00:00+00:00,230,270,144,96,97,97.0,5.442417710521793,5.602118820879701,4.976733742420574,4.574710978503383,4.584967478670572,4.584967478670572
2024-01-17 00:00:00+00:00,222,243,130,96,95,95.0,5.407171771460119,5.497168225293202,4.875197323201151,4.574710978503383,4.564348191467836,4.564348191467836
2024-01-18 00:00:00+00:00,222,262,138,87,87,87.0,5.407171771460119,5.572154032177765,4.9344739331306915,4.477336814478207,4.477336814478207,4.477336814478207
2024-01-19 00:00:00+00:00,232,256,139,98,100,100.0,5.4510384535657,5.54907608489522,4.941642422609304,4.59511985013459,4.61512051684126,4.61512051684126
2024-01-20 00:00:00+00:00,253,293,131,96,94,94.0,5.537334267018537,5.683579767338681,4.882801922586371,4.574710978503383,4.553876891600541,4.553876891600541
2024-01-21 00:00:00+00:00,234,281,142,105,107,107.0,5.459585514144159,5.641907070938114,4.962844630259907,4.663439094112067,4.68213122712422,4.68213122712422
2024-01-22 00:00:00+00:00,217,257,134,97,95,95.0,5.384495062789089,5.552959584921617,4.90527477843843,4.584967478670572,4.564348191467836,4.564348191467836
2024-01-23 00:00:00+00:00,238,256,138,98,99,99.0,5.476463551931511,5.54907608489522,4.9344739331306915,4.59511985013459,4.605170185988092,4.605170185988092
2024-01-24 00:00:00+00:00,233,275,127,91,90,90.0,5.455321115357702,5.62040086571715,4.852030263919617,4.5217885770490405,4.51085950651685,4.51085950651685
2024-01-25 00:00:00+00:00,198,222,103,76,76,76.0,5.293304824724492,5.407171771460119,4.6443908991413725,4.343805421853684,4.343805421853684,4.343805421853684
2024-01-26 00:00:00+00:00,238,257,149,93,93,93.0,5.476463551931511,5.552959584921617,5.0106352940962555,4.543294782270004,4.543294782270004,4.543294782270004
2024-01-27 00:00:00+00:00,231,270,132,90,92,92.0,5.44673737166631,5.602118820879701,4.890349128221754,4.51085950651685,4.532599493153256,4.532599493153256
2024-01-28 00:00:00+00:00,242,262,133,92,91,91.0,5.493061443340548,5.572154032177765,4.897839799950911,4.532599493153256,4.5217885770490405,4.5217885770490405
2024-01-29 00:00:00+00:00,227,269,146,96,96,96.0,5.429345628954441,5.598421958998375,4.990432586778736,4.574710978503383,4.574710978503383,4.574710978503383
2024-01-30 00:00:00+00:00,246,304,143,104,104,104.0,5.5093883366279774,5.720311776607412,4.969813299576001,4.653960350157523,4.653960350157523,4.653960350157523
2024-01-31 00:00:00+00:00,229,276,138,98,97,97.0,5.438079308923196,5.6240175061873385,4.9344739331306915,4.59511985013459,4.584967478670572,4.584967478670572
2024-02-01 00:00:00+00:00,218,252,131,95,96,96.0,5.389071729816501,5.53338948872752,4.882801922586371,4.564348191467836,4.574710978503383,4.574710978503383
2024-02-02 00:00:00+00:00,201,218,115,85,85,85.0,5.308267697401205,5.389071729816501,4.7535901911063645,4.454347296253507,4.454347296253507,4.454347296253507
2024-02-03 00:00:00+00:00,234,262,133,93,92,92.0,5.459585514144159,5.572154032177765,4.897839799950911,4.543294782270004,4.532599493153256,4.532599493153256
2024-02-04 00:00:00+00:00,245,284,144,90,90,90.0,5.5053315359323625,5.652489180268651,4.976733742420574,4.51085950651685,4.51085950651685,4.51085950651685
2024-02-05 00:00:00+00:00,233,254,123,93,94,94.0,5.455321115357702,5.541263545158426,4.820281565605037,4.543294782270004,4.553876891600541,4.553876891600541
2024-02-06 00:00:00+00:00,241,279,146,109,109,109.0,5.488937726156687,5.634789603169249,4.990432586778736,4.700480365792417,4.700480365792417,4.700480365792417
2024-02-07 00:00:00+00:00,248,308,157,114,116,116.0,5.517452896464707,5.733341276897746,5.062595033026967,4.74493212836325,4.762173934797756,4.762173934797756
2024-02-08 00:00:00+00:00,250,303,162,110,107,107.0,5.5254529391317835,5.717027701406222,5.093750200806762,4.709530201312334,4.68213122712422,4.68213122712422
2024-02-09 00:00:00+00:00,238,282,144,103,103,103.0,5.476463551931511,5.645446897643238,4.976733742420574,4.6443908991413725,4.6443908991413725,4.6443908991413725
2024-02-10 00:00:00+00:00,260,281,145,100,102,102.0,5.564520407322694,5.641907070938114,4.983606621708336,4.61512051684126,4.634728988229636,4.634728988229636
2024-02-11 00:00:00+00:00,227,268,137,106,105,105.0,5.429345628954441,5.594711379601839,4.927253685157205,4.672828834461906,4.663439094112067,4.663439094112067
2024-02-12 00:00:00+00:00,241,301,147,116,116,116.0,5.488937726156687,5.71042701737487,4.997212273764115,4.762173934797756,4.762173934797756,4.762173934797756
2024-02-13 00:00:00+00:00,237,280,129,100,100,100.0,5.472270673671475,5.638354669333745,4.867534450455582,4.61512051684126,4.61512051684126,4.61512051684126
2024-02-14 00:00:00+00:00,241,294,143,100,99,99.0,5.488937726156687,5.68697535633982,4.969813299576001,4.61512051684126,4.605170185988092,4.605170185988092
2024-02-15 00:00:00+00:00,235,274,148,101,101,101.0,5.4638318050256105,5.616771097666572,5.003946305945459,4.624972813284271,4.624972813284271,4.624972813284271
2024-02-16 00:00:00+00:00,242,312,149,105,107,107.0,5.493061443340548,5.746203190540153,5.0106352940962555,4.663439094112067,4.68213122712422,4.68213122712422
2024-02-17 00:00:00+00:00,217,235,133,91,90,90.0,5.384495062789089,5.4638318050256105,4.897839799950911,4.5217885770490405,4.51085950651685,4.51085950651685
2024-02-18 00:00:00+00:00,241,263,137,94,93,93.0,5.488937726156687,5.575949103146316,4.927253685157205,4.553876891600541,4.543294782270004,4.543294782270004
2024-02-19 00:00:00+00:00,232,290,135,97,99,99.0,5.4510384535657,5.673323267171493,4.912654885736052,4.584967478670572,4.605170185988092,4.605170185988092
2024-02-20 00:00:00+00:00,252,286,137,98,96,96.0,5.53338948872752,5.659482215759621,4.927253685157205,4.59511985013459,4.574710978503383,4.574710978503383
2024-02-21 00:00:00+00:00,219,262,128,80,81,81.0,5.393627546352362,5.572154032177765,4.859812404361672,4.394449154672439,4.406719247264253,4.406719247264253
2024-02-22 00:00:00+00:00,243,285,147,106,105,105.0,5.497168225293202,5.655991810819852,4.997212273764115,4.672828834461906,4.663439094112067,4.663439094112067
2024-02-23 00:00:00+00:00,235,275,139,101,104,104.0,5.4638318050256105,5.62040086571715,4.941642422609304,4.624972813284271,4.653960350157523,4.653960350157523
2024-02-24 00:00:00+00:00,242,267,141,103,102,102.0,5.493061443340548,5.5909869805108565,4.955827057601261,4.6443908991413725,4.634728988229636,4.634728988229636
2024-02-25 00:00:00+00:00,247,289,140,92,90,90.0,5.5134287461649825,5.66988092298052,4.948759890378168,4.532599493153256,4.51085950651685,4.51085950651685
2024-02-26 00:00:00+00:00,248,285,143,89,90,90.0,5.517452896464707,5.655991810819852,4.969813299576001,4.499809670330265,4.51085950651685,4.51085950651685
2024-02-27 00:00:00+00:00,241,290,164,119,120,120.0,5.488937726156687,5.673323267171493,5.10594547390058,4.787491742782046,4.795790545596741,4.795790545596741
2024-02-28 00:00:00+00:00,268,305,154,108,107,107.0,5.594711379601839,5.723585101952381,5.043425116919247,4.6913478822291435,4.68213122712422,4.68213122712422
2024-02-29 00:00:00+00:00,238,289,152,106,106,106.0,5.476463551931511,5.66988092298052,5.030437921392435,4.672828834461906,4.672828834461906,4.672828834461906
2024-03-01 00:00:00+00:00,232,277,136,102,102,102.0,5.4510384535657,5.627621113690637,4.919980925828125,4.634728988229636,4.634728988229636,4.634728988229636
2024-03-02 00:00:00+00:00,251,306,166,110,110,110.0,5.529429087511423,5.726847747587197,5.117993812416755,4.709530201312334,4.709530201312334,4.709530201312334
2024-03-03 00:00:00+00:00,245,294,149,108,107,107.0,5.5053315359323625,5.68697535633982,5.0106352940962555,4.6913478822291435,4.68213122712422,4.68213122712422
2024-03-04 00:00:00+00:00,230,269,147,104,104,104.0,5.442417710521793,5.598421958998375,4.997212273764115,4.653960350157523,4.653960350157523,4.653960350157523
2024-03-05 00:00:00+00:00,251,309,161,115,115,115.0,5.529429087511423,5.736572297479192,5.087596335232384,4.7535901911063645,4.7535901911063645,4.7535901911063645
2024-03-06 00:00:00+00:00,250,331,156,105,106,106.0,5.5254529391317835,5.805134968916488,5.056245805348308,4.663439094112067,4.672828834461906,4.672828834461906
2024-03-07 00:00:00+00:00,234,278,145,100,99,99.0,5.459585514144159,5.631211781821365,4.983606621708336,4.61512051684126,4.605170185988092,4.605170185988092
2024-03-08 00:00:00+00:00,243,303,141,108,109,109.0,5.497168225293202,5.717027701406222,4.955827057601261,4.6913478822291435,4.700480365792417,4.700480365792417
2024-03-09 00:00:00+00:00,223,269,140,98,97,97.0,5.4116460518550396,5.598421958998375,4.948759890378168,4.59511985013459,4.584967478670572,4.584967478670572
2024-03-10 00:00:00+00:00,213,252,114,81,81,81.0,5.365976015021851,5.53338948872752,4.74493212836325,4.406719247264253,4.406719247264253,4.406719247264253
2024-03-11 00:00:00+00:00,266,320,169,119,119,119.0,5.58724865840025,5.771441123130016,5.135798437050262,4.787491742782046,4.787491742782046,4.787491742782046
2024-03-12 00:00:00+00:00,204,250,131,97,97,97.0,5.3230099791384085,5.5254529391317835,4.882801922586371,4.584967478670572,4.584967478670572,4.584967478670572
2024-03-13 00:00:00+00:00,243,290,140,98,99,99.0,5.497168225293202,5.673323267171493,4.948759890378168,4.59511985013459,4.605170185988092,4.605170185988092
2024-03-14 00:00:00+00:00,275,306,166,115,115,115.0,5.62040086571715,5.726847747587197,5.117993812416755,4.7535901911063645,4.7535901911063645,4.7535901911063645
2024-03-15 00:00:00+00:00,236,285,150,109,108,108.0,5.4680601411351315,5.655991810819852,5.017279836814924,4.700480365792417,4.6913478822291435,4.6913478822291435
2024-03-16 00:00:00+00:00,254,318,163,125,126,126.0,5.541263545158426,5.765191102784844,5.099866427824199,4.836281906951478,4.844187086458591,4.844187086458591
2024-03-17 00:00:00+00:00,242,277,152,105,106,106.0,5.493061443340548,5.627621113690637,5.030437921392435,4.663439094112067,4.672828834461906,4.672828834461906
2024-03-18 00:00:00+00:00,252,307,143,105,104,104.0,5.53338948872752,5.730099782973574,4.969813299576001,4.663439094112067,4.653960350157523,4.653960350157523
2024-03-19 00:00:00+00:00,234,290,131,91,91,91.0,5.459585514144159,5.673323267171493,4.882801922586371,4.5217885770490405,4.5217885770490405,4.5217885770490405
2024-03-20 00:00:00+00:00,273,316,146,114,113,113.0,5.6131281063880705,5.75890177387728,4.990432586778736,4.74493212836325,4.736198448394496,4.736198448394496
2024-03-21 00:00:00+00:00,231,274,137,100,101,101.0,5.44673737166631,5.616771097666572,4.927253685157205,4.61512051684126,4.624972813284271,4.624972813284271
2024-03-22 00:00:00+00:00,266,336,168,129,129,129.0,5.58724865840025,5.820082930352362,5.1298987149230735,4.867534450455582,4.867534450455582,4.867534450455582
2024-03-23 00:00:00+00:00,256,300,147,117,116,116.0,5.54907608489522,5.707110264748875,4.997212273764115,4.770684624465665,4.762173934797756,4.762173934797756
2024-03-24 00:00:00+00:00,247,292,137,99,100,100.0,5.5134287461649825,5.680172609017068,4.927253685157205,4.605170185988092,4.61512051684126,4.61512051684126
2024-03-25 00:00:00+00:00,252,295,149,98,97,97.0,5.53338948872752,5.69035945432406,5.0106352940962555,4.59511985013459,4.584967478670572,4.584967478670572
2024-03-26 00:00:00+00:00,245,303,157,116,117,117.0,5.5053315359323625,5.717027701406222,5.062595033026967,4.762173934797756,4.770684624465665,4.770684624465665
2024-03-27 00:00:00+00:00,242,285,146,105,105,105.0,5.493061443340548,5.655991810819852,4.990432586778736,4.663439094112067,4.663439094112067,4.663439094112067
2024-03-28 00:00:00+00:00,239,277,132,93,92,92.0,5.480638923341991,5.627621113690637,4.890349128221754,4.543294782270004,4.532599493153256,4.532599493153256
2024-03-29 00:00:00+00:00,259,303,164,116,117,117.0,5.560681631015528,5.717027701406222,5.10594547390058,4.762173934797756,4.770684624465665,4.770684624465665
2024-03-30 00:00:00+00:00,229,236,135,86,85,85.0,5.438079308923196,5.4680601411351315,4.912654885736052,4.465908118654584,4.454347296253507,4.454347296253507
2024-03-31 00:00:00+00:00,221,274,137,105,106,106.0,5.402677381872279,5.616771097666572,4.927253685157205,4.663439094112067,4.672828834461906,4.672828834461906
2024-04-01 00:00:00+00:00,269,338,160,116,117,117.0,5.598421958998375,5.82600010738045,5.081404364984463,4.762173934797756,4.770684624465665,4.770684624465665
2024-04-02 00:00:00+00:00,231,263,132,99,99,99.0,5.44673737166631,5.575949103146316,4.890349128221754,4.605170185988092,4.605170185988092,4.605170185988092
2024-04-03 00:00:00+00:00,224,273,132,100,98,98.0,5.41610040220442,5.6131281063880705,4.890349128221754,4.61512051684126,4.59511985013459,4.59511985013459
2024-04-04 00:00:00+00:00,720,1099,634,593,594,594.0,6.580639137284949,7.003065458786462,6.453624998892692,6.386879319362645,6.38856140554563,6.38856140554563
2024-04-05 00:00:00+00:00,261,316,177,129,128,128.0,5.568344503761097,5.75890177387728,5.181783550292085,4.867534450455582,4.859812404361672,4.859812404361672
2024-04-06 00:00:00+00:00,246,294,157,114,114,114.0,5.5093883366279774,5.68697535633982,5.062595033026967,4.74493212836325,4.74493212836325,4.74493212836325
2024-04-07 00:00:00+00:00,263,324,162,125,126,126.0,5.575949103146316,5.783825182329737,5.093750200806762,4.836281906951478,4.844187086458591,4.844187086458591
2024-04-08 00:00:00+00:00,241,270,136,102,102,102.0,5.488937726156687,5.602118820879701,4.919980925828125,4.634728988229636,4.634728988229636,4.634728988229636
2024-04-09 00:00:00+00:00,252,304,156,115,114,114.0,5.53338948872752,5.720311776607412,5.056245805348308,4.7535901911063645,4.74493212836325,4.74493212836325
2024-04-10 00:00:00+00:00,244,285,141,106,108,108.0,5.501258210544727,5.655991810819852,4.955827057601261,4.672828834461906,4.6913478822291435,4.6913478822291435
2024-04-11 00:00:00+00:00,283,335,168,116,114,114.0,5.648974238161206,5.817111159963204,5.1298987149230735,4.762173934797756,4.74493212836325,4.74493212836325
2024-04-12 00:00:00+00:00,261,308,158,116,118,118.0,5.568344503761097,5.733341276897746,5.0689042022202315,4.762173934797756,4.77912349311153,4.77912349311153
2024-04-13 00:00:00+00:00,359,486,269,223,221,221.0,5.886104031450156,6.18826412308259,5.598421958998375,5.4116460518550396,5.402677381872279,5.402677381872279
2024-04-14 00:00:00+00:00,366,452,259,216,218,218.0,5.905361848054571,6.115892125483034,5.560681631015528,5.37989735354046,5.389071729816501,5.389071729816501
2024-04-15 00:00:00+00:00,392,498,290,246,248,248.0,5.973809611869261,6.212606095751519,5.673323267171493,5.5093883366279774,5.517452896464707,5.517452896464707
2024-04-16 00:00:00+00:00,275,350,176,129,125,125.0,5.62040086571715,5.860786223465865,5.176149732573829,4.867534450455582,4.836281906951478,4.836281906951478
2024-04-17 00:00:00+00:00,280,332,170,126,128,128.0,5.638354669333745,5.808142489980444,5.14166355650266,4.844187086458591,4.859812404361672,4.859812404361672
2024-04-18 00:00:00+00:00,229,289,155,121,119,119.0,5.438079308923196,5.66988092298052,5.049856007249537,4.804021044733257,4.787491742782046,4.787491742782046
2024-04-19 00:00:00+00:00,278,352,184,139,140,140.0,5.631211781821365,5.8664680569332965,5.220355825078324,4.941642422609304,4.948759890378168,4.948759890378168
2024-04-20 00:00:00+00:00,226,285,148,117,117,117.0,5.424950017481403,5.655991810819852,5.003946305945459,4.770684624465665,4.770684624465665,4.770684624465665
2024-04-21 00:00:00+00:00,293,362,195,147,147,147.0,5.683579767338681,5.8944028342648505,5.278114659230517,4.997212273764115,4.997212273764115,4.997212273764115
2024-04-22 00:00:00+00:00,257,320,169,130,130,130.0,5.552959584921617,5.771441123130016,5.135798437050262,4.875197323201151,4.875197323201151,4.875197323201151
2024-04-23 00:00:00+00:00,247,302,157,122,123,123.0,5.5134287461649825,5.713732805509369,5.062595033026967,4.812184355372417,4.820281565605037,4.820281565605037
2024-04-24 00:00:00+00:00,259,321,163,120,118,118.0,5.560681631015528,5.7745515455444085,5.099866427824199,4.795790545596741,4.77912349311153,4.77912349311153
2024-04-25 00:00:00+00:00,244,288,147,106,106,106.0,5.501258210544727,5.666426688112432,4.997212273764115,4.672828834461906,4.672828834461906,4.672828834461906
2024-04-26 00:00:00+00:00,239,285,152,98,100,100.0,5.480638923341991,5.655991810819852,5.030437921392435,4.59511985013459,4.61512051684126,4.61512051684126
2024-04-27 00:00:00+00:00,228,264,142,106,106,106.0,5.43372200355424,5.579729825986222,4.962844630259907,4.672828834461906,4.672828834461906,4.672828834461906
2024-04-28 00:00:00+00:00,251,292,158,110,109,109.0,5.529429087511423,5.680172609017068,5.0689042022202315,4.709530201312334,4.700480365792417,4.700480365792417
2024-04-29 00:00:00+00:00,282,351,181,135,134,134.0,5.645446897643238,5.863631175598097,5.204006687076795,4.912654885736052,4.90527477843843,4.90527477843843
2024-04-30 00:00:00+00:00,277,339,160,127,128,128.0,5.627621113690637,5.8289456176102075,5.081404364984463,4.852030263919617,4.859812404361672,4.859812404361672
2024-05-01 00:00:00+00:00,268,328,170,130,129,129.0,5.594711379601839,5.796057750765372,5.14166355650266,4.875197323201151,4.867534450455582,4.867534450455582
2024-05-02 00:00:00+00:00,265,335,170,126,126,126.0,5.583496308781699,5.817111159963204,5.14166355650266,4.844187086458591,4.844187086458591,4.844187086458591
2024-05-03 00:00:00+00:00,256,309,163,116,116,116.0,5.54907608489522,5.736572297479192,5.099866427824199,4.762173934797756,4.762173934797756,4.762173934797756
2024-05-04 00:00:00+00:00,276,315,169,133,133,133.0,5.6240175061873385,5.755742213586912,5.135798437050262,4.897839799950911,4.897839799950911,4.897839799950911
2024-05-05 00:00:00+00:00,234,284,143,110,112,112.0,5.459585514144159,5.652489180268651,4.969813299576001,4.709530201312334,4.727387818712341,4.727387818712341
2024-05-06 00:00:00+00:00,264,317,168,135,134,134.0,5.579729825986222,5.762051382780177,5.1298987149230735,4.912654885736052,4.90527477843843,4.90527477843843
2024-05-07 00:00:00+00:00,267,331,165,122,121,121.0,5.5909869805108565,5.805134968916488,5.111987788356544,4.812184355372417,4.804021044733257,4.804021044733257
2024-05-08 00:00:00+00:00,275,327,168,128,131,131.0,5.62040086571715,5.793013608384144,5.1298987149230735,4.859812404361672,4.882801922586371,4.882801922586371
2024-05-09 00:00:00+00:00,291,363,187,149,146,146.0,5.676753802268282,5.8971538676367405,5.236441962829949,5.0106352940962555,4.990432586778736,4.990432586778736
2024-05-10 00:00:00+00:00,269,311,159,122,122,122.0,5.598421958998375,5.7430031878094825,5.075173815233827,4.812184355372417,4.812184355372417,4.812184355372417
2024-05-11 00:00:00+00:00,235,273,139,101,101,101.0,5.4638318050256105,5.6131281063880705,4.941642422609304,4.624972813284271,4.624972813284271,4.624972813284271
2024-05-12 00:00:00+00:00,257,334,171,131,131,131.0,5.552959584921617,5.814130531825066,5.147494476813453,4.882801922586371,4.882801922586371,4.882801922586371
2024-05-13 00:00:00+00:00,262,298,154,111,111,111.0,5.572154032177765,5.700443573390687,5.043425116919247,4.718498871295094,4.718498871295094,4.718498871295094
2024-05-14 00:00:00+00:00,263,324,167,129,130,130.0,5.575949103146316,5.783825182329737,5.123963979403259,4.867534450455582,4.875197323201151,4.875197323201151
2024-05-15 00:00:00+00:00,278,330,184,142,142,142.0,5.631211781821365,5.802118375377063,5.220355825078324,4.962844630259907,4.962844630259907,4.962844630259907
2024-05-16 00:00:00+00:00,265,310,170,131,131,131.0,5.583496308781699,5.739792912179234,5.14166355650266,4.882801922586371,4.882801922586371,4.882801922586371
2024-05-17 00:00:00+00:00,260,309,160,129,128,128.0,5.564520407322694,5.736572297479192,5.081404364984463,4.867534450455582,4.859812404361672,4.859812404361672
2024-05-18 00:00:00+00:00,255,312,157,126,126,126.0,5.545177444479562,5.746203190540153,5.062595033026967,4.844187086458591,4.844187086458591,4.844187086458591
2024-05-19 00:00:00+00:00,265,323,175,121,122,122.0,5.583496308781699,5.780743515792329,5.170483995038151,4.804021044733257,4.812184355372417,4.812184355372417
2024-05-20 00:00:00+00:00,248,295,168,120,120,120.0,5.517452896464707,5.69035945432406,5.1298987149230735,4.795790545596741,4.795790545596741,4.795790545596741
2024-05-21 00:00:00+00:00,292,356,176,132,132,132.0,5.680172609017068,5.877735781779639,5.176149732573829,4.890349128221754,4.890349128221754,4.890349128221754
2024-05-22 00:00:00+00:00,307,407,206,153,152,152.0,5.730099782973574,6.0112671744041615,5.332718793265369,5.0369526024136295,5.030437921392435,5.030437921392435
2024-05-23 00:00:00+00:00,258,315,152,106,106,106.0,5.556828061699537,5.755742213586912,5.030437921392435,4.672828834461906,4.672828834461906,4.672828834461906
2024-05-24 00:00:00+00:00,245,277,146,107,107,107.0,5.5053315359323625,5.627621113690637,4.990432586778736,4.68213122712422,4.68213122712422,4.68213122712422
2024-05-25 00:00:00+00:00,281,348,184,142,142,142.0,5.641907070938114,5.855071922202427,5.220355825078324,4.962844630259907,4.962844630259907,4.962844630259907
2024-05-26 00:00:00+00:00,257,301,165,129,129,129.0,5.552959584921617,5.71042701737487,5.111987788356544,4.867534450455582,4.867534450455582,4.867534450455582
2024-05-27 00:00:00+00:00,279,334,170,137,137,137.0,5.634789603169249,5.814130531825066,5.14166355650266,4.927253685157205,4.927253685157205,4.927253685157205
2024-05-28 00:00:00+00:00,254,329,161,126,126,126.0,5.541263545158426,5.799092654460526,5.087596335232384,4.844187086458591,4.844187086458591,4.844187086458591
2024-05-29 00:00:00+00:00,294,360,185,146,146,146.0,5.68697535633982,5.8888779583328805,5.225746673713202,4.990432586778736,4.990432586778736,4.990432586778736
2024-05-30 00:00:00+00:00,280,353,178,141,143,143.0,5.638354669333745,5.869296913133774,5.187385805840755,4.955827057601261,4.969813299576001,4.969813299576001
2024-05-31 00:00:00+00:00,289,351,187,137,135,135.0,5.66988092298052,5.863631175598097,5.236441962829949,4.927253685157205,4.912654885736052,4.912654885736052
2024-06-01 00:00:00+00:00,316,383,208,173,174,174.0,5.75890177387728,5.950642552587727,5.342334251964811,5.159055299214529,5.1647859739235145,5.1647859739235145
2024-06-02 00:00:00+00:00,306,361,205,167,167,167.0,5.726847747587197,5.8916442118257715,5.327876168789581,5.123963979403259,5.123963979403259,5.123963979403259
2024-06-03 00:00:00+00:00,290,377,180,149,148,148.0,5.673323267171493,5.934894195619588,5.198497031265826,5.0106352940962555,5.003946305945459,5.003946305945459
2024-06-04 00:00:00+00:00,302,374,196,161,161,161.0,5.713732805509369,5.926926025970411,5.2832037287379885,5.087596335232384,5.087596335232384,5.087596335232384
2024-06-05 00:00:00+00:00,262,317,185,137,138,138.0,5.572154032177765,5.762051382780177,5.225746673713202,4.927253685157205,4.9344739331306915,4.9344739331306915
2024-06-06 00:00:00+00:00,300,393,197,160,160,160.0,5.707110264748875,5.976350909297934,5.288267030694535,5.081404364984463,5.081404364984463,5.081404364984463
2024-06-07 00:00:00+00:00,311,380,210,167,168,168.0,5.7430031878094825,5.942799375126701,5.351858133476067,5.123963979403259,5.1298987149230735,5.1298987149230735
2024-06-08 00:00:00+00:00,294,360,198,140,138,138.0,5.68697535633982,5.8888779583328805,5.293304824724492,4.948759890378168,4.9344739331306915,4.9344739331306915
2024-06-09 00:00:00+00:00,264,312,170,130,130,130.0,5.579729825986222,5.746203190540153,5.14166355650266,4.875197323201151,4.875197323201151,4.875197323201151
2024-06-10 00:00:00+00:00,286,336,183,143,146,146.0,5.659482215759621,5.820082930352362,5.214935757608986,4.969813299576001,4.990432586778736,4.990432586778736
2024-06-11 00:00:00+00:00,301,353,189,146,144,144.0,5.71042701737487,5.869296913133774,5.247024072160486,4.990432586778736,4.976733742420574,4.976733742420574
2024-06-12 00:00:00+00:00,275,338,172,126,126,126.0,5.62040086571715,5.82600010738045,5.153291594497779,4.844187086458591,4.844187086458591,4.844187086458591
2024-06-13 00:00:00+00:00,285,354,185,142,142,142.0,5.655991810819852,5.872117789475416,5.225746673713202,4.962844630259907,4.962844630259907,4.962844630259907
2024-06-14 00:00:00+00:00,289,361,194,163,162,162.0,5.66988092298052,5.8916442118257715,5.272999558563747,5.099866427824199,5.093750200806762,5.093750200806762
2024-06-15 00:00:00+00:00,316,415,216,167,169,169.0,5.75890177387728,6.030685260261263,5.37989735354046,5.123963979403259,5.135798437050262,5.135798437050262
2024-06-16 00:00:00+00:00,310,379,196,160,159,159.0,5.739792912179234,5.940171252720432,5.2832037287379885,5.081404364984463,5.075173815233827,5.075173815233827
2024-06-17 00:00:00+00:00,259,318,170,139,138,138.0,5.560681631015528,5.765191102784844,5.14166355650266,4.941642422609304,4.9344739331306915,4.9344739331306915
2024-06-18 00:00:00+00:00,306,393,207,157,160,160.0,5.726847747587197,5.976350909297934,5.337538079701318,5.062595033026967,5.081404364984463,5.081404364984463
2024-06-19 00:00:00+00:00,309,388,209,159,156,156.0,5.736572297479192,5.963579343618446,5.3471075307174685,5.075173815233827,5.056245805348308,5.056245805348308
2024-06-20 00:00:00+00:00,291,342,189,149,151,151.0,5.676753802268282,5.8377304471659395,5.247024072160486,5.0106352940962555,5.0238805208462765,5.0238805208462765
2024-06-21 00:00:00+00:00,303,378,216,176,176,176.0,5.717027701406222,5.937536205082426,5.37989735354046,5.176149732573829,5.176149732573829,5.176149732573829
2024-06-22 00:00:00+00:00,294,368,204,163,162,162.0,5.68697535633982,5.910796644040527,5.3230099791384085,5.099866427824199,5.093750200806762,5.093750200806762
2024-06-23 00:00:00+00:00,269,334,181,140,139,139.0,5.598421958998375,5.814130531825066,5.204006687076795,4.948759890378168,4.941642422609304,4.941642422609304
2024-06-24 00:00:00+00:00,283,356,185,147,149,149.0,5.648974238161206,5.877735781779639,5.225746673713202,4.997212273764115,5.0106352940962555,5.0106352940962555
2024-06-25 00:00:00+00:00,289,370,203,165,167,167.0,5.66988092298052,5.916202062607435,5.318119993844216,5.111987788356544,5.123963979403259,5.123963979403259
2024-06-26 00:00:00+00:00,278,345,180,145,143,143.0,5.631211781821365,5.846438775057725,5.198497031265826,4.983606621708336,4.969813299576001,4.969813299576001
2024-06-27 00:00:00+00:00,301,387,204,162,164,164.0,5.71042701737487,5.961005339623274,5.3230099791384085,5.093750200806762,5.10594547390058,5.10594547390058
2024-06-28 00:00:00+00:00,307,383,206,162,159,159.0,5.730099782973574,5.950642552587727,5.332718793265369,5.093750200806762,5.075173815233827,5.075173815233827
2024-06-29 00:00:00+00:00,290,356,185,152,151,151.0,5.673323267171493,5.877735781779639,5.225746673713202,5.030437921392435,5.0238805208462765,5.0238805208462765
2024-06-30 00:00:00+00:00,303,381,199,162,163,163.0,5.717027701406222,5.945420608606575,5.298317366548036,5.093750200806762,5.099866427824199,5.099866427824199
2024-07-01 00:00:00+00:00,277,351,179,128,128,128.0,5.627621113690637,5.863631175598097,5.19295685089021,4.859812404361672,4.859812404361672,4.859812404361672
2024-07-02 00:00:00+00:00,296,371,199,148,147,147.0,5.6937321388027,5.918893854273146,5.298317366548036,5.003946305945459,4.997212273764115,4.997212273764115
2024-07-03 00:00:00+00:00,274,344,173,140,141,141.0,5.616771097666572,5.84354441703136,5.159055299214529,4.948759890378168,4.955827057601261,4.955827057601261
2024-07-04 00:00:00+00:00,284,368,193,153,152,152.0,5.652489180268651,5.910796644040527,5.267858159063328,5.0369526024136295,5.030437921392435,5.030437921392435
2024-07-05 00:00:00+00:00,313,372,205,158,159,159.0,5.749392985908253,5.921578419643816,5.327876168789581,5.0689042022202315,5.075173815233827,5.075173815233827
2024-07-06 00:00:00+00:00,262,315,175,127,128,128.0,5.572154032177765,5.755742213586912,5.170483995038151,4.852030263919617,4.859812404361672,4.859812404361672
2024-07-07 00:00:00+00:00,281,344,178,138,137,137.0,5.641907070938114,5.84354441703136,5.187385805840755,4.9344739331306915,4.927253685157205,4.927253685157205
2024-07-08 00:00:00+00:00,297,372,186,146,147,147.0,5.697093486505405,5.921578419643816,5.231108616854587,4.990432586778736,4.997212273764115,4.997212273764115
2024-07-09 00:00:00+00:00,248,302,155,129,127,127.0,5.517452896464707,5.713732805509369,5.049856007249537,4.867534450455582,4.852030263919617,4.852030263919617
2024-07-10 00:00:00+00:00,267,333,176,133,135,135.0,5.5909869805108565,5.811140992976701,5.176149732573829,4.897839799950911,4.912654885736052,4.912654885736052
2024-07-11 00:00:00+00:00,269,346,171,146,145,145.0,5.598421958998375,5.849324779946859,5.147494476813453,4.990432586778736,4.983606621708336,4.983606621708336
2024-07-12 00:00:00+00:00,247,305,154,125,125,125.0,5.5134287461649825,5.723585101952381,5.043425116919247,4.836281906951478,4.836281906951478,4.836281906951478
2024-07-13 00:00:00+00:00,289,371,193,158,158,158.0,5.66988092298052,5.918893854273146,5.267858159063328,5.0689042022202315,5.0689042022202315,5.0689042022202315
2024-07-14 00:00:00+00:00,303,385,201,159,158,158.0,5.717027701406222,5.955837369464831,5.308267697401205,5.075173815233827,5.0689042022202315,5.0689042022202315
2024-07-15 00:00:00+00:00,294,374,192,150,151,151.0,5.68697535633982,5.926926025970411,5.262690188904886,5.017279836814924,5.0238805208462765,5.0238805208462765
2024-07-16 00:00:00+00:00,279,354,191,154,154,154.0,5.634789603169249,5.872117789475416,5.2574953720277815,5.043425116919247,5.043425116919247,5.043425116919247
2024-07-17 00:00:00+00:00,288,359,192,147,148,148.0,5.666426688112432,5.886104031450156,5.262690188904886,4.997212273764115,5.003946305945459,5.003946305945459
2024-07-18 00:00:00+00:00,306,400,222,164,163,163.0,5.726847747587197,5.993961427306569,5.407171771460119,5.10594547390058,5.099866427824199,5.099866427824199
2024-07-19 00:00:00+00:00,276,341,190,145,144,144.0,5.6240175061873385,5.834810737062605,5.25227342804663,4.983606621708336,4.976733742420574,4.976733742420574
2024-07-20 00:00:00+00:00,309,393,222,171,171,171.0,5.736572297479192,5.976350909297934,5.407171771460119,5.147494476813453,5.147494476813453,5.147494476813453
2024-07-21 00:00:00+00:00,282,345,176,142,142,142.0,5.645446897643238,5.846438775057725,5.176149732573829,4.962844630259907,4.962844630259907,4.962844630259907
2024-07-22 00:00:00+00:00,287,352,188,148,149,149.0,5.662960480135946,5.8664680569332965,5.241747015059643,5.003946305945459,5.0106352940962555,5.0106352940962555
2024-07-23 00:00:00+00:00,286,360,192,149,149,149.0,5.659482215759621,5.8888779583328805,5.262690188904886,5.0106352940962555,5.0106352940962555,5.0106352940962555
2024-07-24 00:00:00+00:00,308,370,195,154,154,154.0,5.733341276897746,5.916202062607435,5.278114659230517,5.043425116919247,5.043425116919247,5.043425116919247
2024-07-25 00:00:00+00:00,283,362,186,151,151,151.0,5.648974238161206,5.8944028342648505,5.231108616854587,5.0238805208462765,5.0238805208462765,5.0238805208462765
2024-07-26 00:00:00+00:00,259,339,174,136,137,137.0,5.560681631015528,5.8289456176102075,5.1647859739235145,4.919980925828125,4.927253685157205,4.927253685157205
2024-07-27 00:00:00+00:00,254,332,175,143,144,144.0,5.541263545158426,5.808142489980444,5.170483995038151,4.969813299576001,4.976733742420574,4.976733742420574
2024-07-28 00:00:00+00:00,296,382,196,163,161,161.0,5.6937321388027,5.948034989180646,5.2832037287379885,5.099866427824199,5.087596335232384,5.087596335232384
2024-07-29 00:00:00+00:00,293,373,208,162,162,162.0,5.683579767338681,5.924255797414532,5.342334251964811,5.093750200806762,5.093750200806762,5.093750200806762
2024-07-30 00:00:00+00:00,287,349,205,159,159,159.0,5.662960480135946,5.857933154483459,5.327876168789581,5.075173815233827,5.075173815233827,5.075173815233827
2024-07-31 00:00:00+00:00,272,375,199,167,167,167.0,5.60947179518496,5.929589143389895,5.298317366548036,5.123963979403259,5.123963979403259,5.123963979403259
2024-08-01 00:00:00+00:00,306,390,206,161,163,163.0,5.726847747587197,5.968707559985366,5.332718793265369,5.087596335232384,5.099866427824199,5.099866427824199
2024-08-02 00:00:00+00:00,309,403,210,173,173,173.0,5.736572297479192,6.0014148779611505,5.351858133476067,5.159055299214529,5.159055299214529,5.159055299214529
2024-08-03 00:00:00+00:00,312,381,223,173,172,172.0,5.746203190540153,5.945420608606575,5.4116460518550396,5.159055299214529,5.153291594497779,5.153291594497779
2024-08-04 00:00:00+00:00,321,391,213,177,176,176.0,5.7745515455444085,5.971261839790462,5.365976015021851,5.181783550292085,5.176149732573829,5.176149732573829
2024-08-05 00:00:00+00:00,300,354,205,161,160,160.0,5.707110264748875,5.872117789475416,5.327876168789581,5.087596335232384,5.081404364984463,5.081404364984463
2024-08-06 00:00:00+00:00,308,389,218,174,175,175.0,5.733341276897746,5.966146739123692,5.389071729816501,5.1647859739235145,5.170483995038151,5.170483995038151
2024-08-07 00:00:00+00:00,297,371,210,174,174,174.0,5.697093486505405,5.918893854273146,5.351858133476067,5.1647859739235145,5.1647859739235145,5.1647859739235145
2024-08-08 00:00:00+00:00,339,453,243,194,196,196.0,5.8289456176102075,6.118097198041348,5.497168225293202,5.272999558563747,5.2832037287379885,5.2832037287379885
2024-08-09 00:00:00+00:00,314,380,210,171,168,168.0,5.752572638825633,5.942799375126701,5.351858133476067,5.147494476813453,5.1298987149230735,5.1298987149230735
2024-08-10 00:00:00+00:00,337,466,240,202,204,204.0,5.823045895483019,6.1463292576688975,5.484796933490655,5.313205979041787,5.3230099791384085,5.3230099791384085
2024-08-11 00:00:00+00:00,315,416,218,177,177,177.0,5.755742213586912,6.0330862217988015,5.389071729816501,5.181783550292085,5.181783550292085,5.181783550292085
2024-08-12 00:00:00+00:00,354,440,243,202,201,201.0,5.872117789475416,6.089044875446846,5.497168225293202,5.313205979041787,5.308267697401205,5.308267697401205
2024-08-13 00:00:00+00:00,328,425,242,207,207,207.0,5.796057750765372,6.054439346269371,5.493061443340548,5.337538079701318,5.337538079701318,5.337538079701318
2024-08-14 00:00:00+00:00,303,392,211,174,175,175.0,5.717027701406222,5.973809611869261,5.356586274672012,5.1647859739235145,5.170483995038151,5.170483995038151
2024-08-15 00:00:00+00:00,310,388,205,164,163,163.0,5.739792912179234,5.963579343618446,5.327876168789581,5.10594547390058,5.099866427824199,5.099866427824199
2024-08-16 00:00:00+00:00,300,387,223,172,171,171.0,5.707110264748875,5.961005339623274,5.4116460518550396,5.153291594497779,5.147494476813453,5.147494476813453
2024-08-17 00:00:00+00:00,349,437,221,192,193,193.0,5.857933154483459,6.082218910376446,5.402677381872279,5.262690188904886,5.267858159063328,5.267858159063328
2024-08-18 00:00:00+00:00,310,415,217,178,178,178.0,5.739792912179234,6.030685260261263,5.384495062789089,5.187385805840755,5.187385805840755,5.187385805840755
2024-08-19 00:00:00+00:00,336,449,238,201,201,201.0,5.820082930352362,6.1092475827643655,5.476463551931511,5.308267697401205,5.308267697401205,5.308267697401205
2024-08-20 00:00:00+00:00,330,409,220,179,179,179.0,5.802118375377063,6.016157159698354,5.3981627015177525,5.19295685089021,5.19295685089021,5.19295685089021
2024-08-21 00:00:00+00:00,333,413,245,203,202,202.0,5.811140992976701,6.025865973825314,5.5053315359323625,5.318119993844216,5.313205979041787,5.313205979041787
2024-08-22 00:00:00+00:00,323,412,224,186,188,188.0,5.780743515792329,6.023447592961033,5.41610040220442,5.231108616854587,5.241747015059643,5.241747015059643
2024-08-23 00:00:00+00:00,316,413,218,182,182,182.0,5.75890177387728,6.025865973825314,5.389071729816501,5.209486152841421,5.209486152841421,5.209486152841421
2024-08-24 00:00:00+00:00,305,393,221,181,180,180.0,5.723585101952381,5.976350909297934,5.402677381872279,5.204006687076795,5.198497031265826,5.198497031265826
2024-08-25 00:00:00+00:00,345,445,252,211,212,212.0,5.846438775057725,6.100318952020064,5.53338948872752,5.356586274672012,5.3612921657094255,5.3612921657094255
2024-08-26 00:00:00+00:00,330,410,225,188,188,188.0,5.802118375377063,6.018593214496234,5.420534999272286,5.241747015059643,5.241747015059643,5.241747015059643
2024-08-27 00:00:00+00:00,347,449,245,207,205,205.0,5.8522024797744745,6.1092475827643655,5.5053315359323625,5.337538079701318,5.327876168789581,5.327876168789581
2024-08-28 00:00:00+00:00,320,410,223,177,178,178.0,5.771441123130016,6.018593214496234,5.4116460518550396,5.181783550292085,5.187385805840755,5.187385805840755
2024-08-29 00:00:00+00:00,327,418,216,181,180,180.0,5.793013608384144,6.037870919922137,5.37989735354046,5.204006687076795,5.198497031265826,5.198497031265826
2024-08-30 00:00:00+00:00,299,375,205,167,169,169.0,5.703782474656201,5.929589143389895,5.327876168789581,5.123963979403259,5.135798437050262,5.135798437050262
2024-08-31 00:00:00+00:00,337,450,255,230,231,231.0,5.823045895483019,6.111467339502679,5.545177444479562,5.442417710521793,5.44673737166631,5.44673737166631
2024-09-01 00:00:00+00:00,336,448,245,205,204,204.0,5.820082930352362,6.1070228877422545,5.5053315359323625,5.327876168789581,5.3230099791384085,5.3230099791384085
2024-09-02 00:00:00+00:00,342,468,236,194,192,192.0,5.8377304471659395,6.150602768446279,5.4680601411351315,5.272999558563747,5.262690188904886,5.262690188904886
2024-09-03 00:00:00+00:00,341,449,252,203,205,205.0,5.834810737062605,6.1092475827643655,5.53338948872752,5.318119993844216,5.327876168789581,5.327876168789581
2024-09-04 00:00:00+00:00,314,396,217,177,177,177.0,5.752572638825633,5.983936280687191,5.384495062789089,5.181783550292085,5.181783550292085,5.181783550292085
2024-09-05 00:00:00+00:00,348,467,261,216,215,215.0,5.855071922202427,6.148468295917647,5.568344503761097,5.37989735354046,5.375278407684165,5.375278407684165
2024-09-06 00:00:00+00:00,298,379,218,180,179,179.0,5.700443573390687,5.940171252720432,5.389071729816501,5.198497031265826,5.19295685089021,5.19295685089021
2024-09-07 00:00:00+00:00,371,481,268,215,216,216.0,5.918893854273146,6.1779441140506,5.594711379601839,5.375278407684165,5.37989735354046,5.37989735354046
2024-09-08 00:00:00+00:00,336,450,242,206,205,205.0,5.820082930352362,6.111467339502679,5.493061443340548,5.332718793265369,5.327876168789581,5.327876168789581
2024-09-09 00:00:00+00:00,1191,1808,1097,1047,1059,1059.0,7.083387847625295,7.500529485395295,7.001245622069476,6.954638864880987,6.966024187106113,6.966024187106113
2024-09-10 00:00:00+00:00,360,478,249,215,205,205.0,5.8888779583328805,6.171700597410915,5.521460917862246,5.375278407684165,5.327876168789581,5.327876168789581
2024-09-11 00:00:00+00:00,346,448,245,218,216,216.0,5.849324779946859,6.1070228877422545,5.5053315359323625,5.389071729816501,5.37989735354046,5.37989735354046
2024-09-12 00:00:00+00:00,344,453,258,217,221,221.0,5.84354441703136,6.118097198041348,5.556828061699537,5.384495062789089,5.402677381872279,5.402677381872279
2024-09-13 00:00:00+00:00,361,495,282,233,229,229.0,5.8916442118257715,6.206575926724928,5.645446897643238,5.455321115357702,5.438079308923196,5.438079308923196
2024-09-14 00:00:00+00:00,318,438,219,181,181,181.0,5.765191102784844,6.0844994130751715,5.393627546352362,5.204006687076795,5.204006687076795,5.204006687076795
2024-09-15 00:00:00+00:00,365,482,275,215,216,216.0,5.902633333401366,6.180016653652572,5.62040086571715,5.375278407684165,5.37989735354046,5.37989735354046
2024-09-16 00:00:00+00:00,373,478,278,237,240,240.0,5.924255797414532,6.171700597410915,5.631211781821365,5.472270673671475,5.484796933490655,5.484796933490655
2024-09-17 00:00:00+00:00,349,448,267,228,225,225.0,5.857933154483459,6.1070228877422545,5.5909869805108565,5.43372200355424,5.420534999272286,5.420534999272286
2024-09-18 00:00:00+00:00,369,478,256,214,213,213.0,5.91350300563827,6.171700597410915,5.54907608489522,5.3706380281276624,5.365976015021851,5.365976015021851
2024-09-19 00:00:00+00:00,416,558,309,261,261,261.0,6.0330862217988015,6.326149473155099,5.736572297479192,5.568344503761097,5.568344503761097,5.568344503761097
2024-09-20 00:00:00+00:00,350,455,256,213,213,213.0,5.860786223465865,6.1224928095143865,5.54907608489522,5.365976015021851,5.365976015021851,5.365976015021851
2024-09-21 00:00:00+00:00,361,479,274,235,236,236.0,5.8916442118257715,6.173786103901937,5.616771097666572,5.4638318050256105,5.4680601411351315,5.4680601411351315
2024-09-22 00:00:00+00:00,353,484,262,220,221,221.0,5.869296913133774,6.184148890937483,5.572154032177765,5.3981627015177525,5.402677381872279,5.402677381872279
2024-09-23 00:00:00+00:00,351,454,253,210,210,210.0,5.863631175598097,6.12029741895095,5.537334267018537,5.351858133476067,5.351858133476067,5.351858133476067
2024-09-24 00:00:00+00:00,363,503,262,223,221,221.0,5.8971538676367405,6.222576268071369,5.572154032177765,5.4116460518550396,5.402677381872279,5.402677381872279
2024-09-25 00:00:00+00:00,376,510,274,231,232,232.0,5.932245187448011,6.236369590203704,5.616771097666572,5.44673737166631,5.4510384535657,5.4510384535657
2024-09-26 00:00:00+00:00,364,503,274,242,241,241.0,5.8998973535824915,6.222576268071369,5.616771097666572,5.493061443340548,5.488937726156687,5.488937726156687
2024-09-27 00:00:00+00:00,401,507,298,254,258,258.0,5.996452088619021,6.230481447578482,5.700443573390687,5.541263545158426,5.556828061699537,5.556828061699537
2024-09-28 00:00:00+00:00,387,507,291,233,231,231.0,5.961005339623274,6.230481447578482,5.676753802268282,5.455321115357702,5.44673737166631,5.44673737166631
2024-09-29 00:00:00+00:00,369,468,266,222,222,222.0,5.91350300563827,6.150602768446279,5.58724865840025,5.407171771460119,5.407171771460119,5.407171771460119
2024-09-30 00:00:00+00:00,383,514,305,266,265,265.0,5.950642552587727,6.244166900663736,5.723585101952381,5.58724865840025,5.583496308781699,5.583496308781699
2024-10-01 00:00:00+00:00,338,435,236,204,204,204.0,5.82600010738045,6.077642243349034,5.4680601411351315,5.3230099791384085,5.3230099791384085,5.3230099791384085
2024-10-02 00:00:00+00:00,345,455,266,224,225,225.0,5.846438775057725,6.1224928095143865,5.58724865840025,5.41610040220442,5.420534999272286,5.420534999272286
2024-10-03 00:00:00+00:00,337,441,241,201,201,201.0,5.823045895483019,6.091309882077698,5.488937726156687,5.308267697401205,5.308267697401205,5.308267697401205
2024-10-04 00:00:00+00:00,330,443,243,203,203,203.0,5.802118375377063,6.095824562432225,5.497168225293202,5.318119993844216,5.318119993844216,5.318119993844216
2024-10-05 00:00:00+00:00,328,438,231,191,189,189.0,5.796057750765372,6.0844994130751715,5.44673737166631,5.2574953720277815,5.247024072160486,5.247024072160486
2024-10-06 00:00:00+00:00,359,466,253,206,208,208.0,5.886104031450156,6.1463292576688975,5.537334267018537,5.332718793265369,5.342334251964811,5.342334251964811
2024-10-07 00:00:00+00:00,372,487,274,222,220,220.0,5.921578419643816,6.1903154058531475,5.616771097666572,5.407171771460119,5.3981627015177525,5.3981627015177525
2024-10-08 00:00:00+00:00,351,461,257,205,210,210.0,5.863631175598097,6.135564891081739,5.552959584921617,5.327876168789581,5.351858133476067,5.351858133476067
2024-10-09 00:00:00+00:00,310,403,229,185,182,182.0,5.739792912179234,6.0014148779611505,5.438079308923196,5.225746673713202,5.209486152841421,5.209486152841421
2024-10-10 00:00:00+00:00,1181,1795,1093,1048,1050,1050.0,7.074963197966044,7.493317248862145,6.9975959829819265,6.955592608396297,6.957497370876951,6.957497370876951
2024-10-11 00:00:00+00:00,370,506,281,243,241,241.0,5.916202062607435,6.2285110035911835,5.641907070938114,5.497168225293202,5.488937726156687,5.488937726156687
2024-10-12 00:00:00+00:00,384,509,291,246,245,245.0,5.953243334287785,6.234410725718371,5.676753802268282,5.5093883366279774,5.5053315359323625,5.5053315359323625
2024-10-13 00:00:00+00:00,360,490,261,226,227,227.0,5.8888779583328805,6.19644412779452,5.568344503761097,5.424950017481403,5.429345628954441,5.429345628954441
2024-10-14 00:00:00+00:00,370,465,272,225,223,223.0,5.916202062607435,6.144185634125646,5.60947179518496,5.420534999272286,5.4116460518550396,5.4116460518550396
2024-10-15 00:00:00+00:00,396,522,297,254,255,255.0,5.983936280687191,6.259581464064923,5.697093486505405,5.541263545158426,5.545177444479562,5.545177444479562
2024-10-16 00:00:00+00:00,410,559,303,256,259,259.0,6.018593214496234,6.327936783729195,5.717027701406222,5.54907608489522,5.560681631015528,5.560681631015528
2024-10-17 00:00:00+00:00,379,494,276,230,230,230.0,5.940171252720432,6.20455776256869,5.6240175061873385,5.442417710521793,5.442417710521793,5.442417710521793
2024-10-18 00:00:00+00:00,370,477,266,224,221,221.0,5.916202062607435,6.169610732491456,5.58724865840025,5.41610040220442,5.402677381872279,5.402677381872279
2024-10-19 00:00:00+00:00,365,480,269,229,228,228.0,5.902633333401366,6.175867270105761,5.598421958998375,5.438079308923196,5.43372200355424,5.43372200355424
2024-10-20 00:00:00+00:00,379,487,278,240,243,243.0,5.940171252720432,6.1903154058531475,5.631211781821365,5.484796933490655,5.497168225293202,5.497168225293202
2024-10-21 00:00:00+00:00,383,494,291,238,238,238.0,5.950642552587727,6.20455776256869,5.676753802268282,5.476463551931511,5.476463551931511,5.476463551931511
2024-10-22 00:00:00+00:00,379,520,286,241,238,238.0,5.940171252720432,6.255750041753367,5.659482215759621,5.488937726156687,5.476463551931511,5.476463551931511
2024-10-23 00:00:00+00:00,379,519,282,245,246,246.0,5.940171252720432,6.253828811575473,5.645446897643238,5.5053315359323625,5.5093883366279774,5.5093883366279774
2024-10-24 00:00:00+00:00,388,534,297,253,257,257.0,5.963579343618446,6.282266746896006,5.697093486505405,5.537334267018537,5.552959584921617,5.552959584921617
2024-10-25 00:00:00+00:00,373,505,286,244,240,240.0,5.924255797414532,6.226536669287466,5.659482215759621,5.501258210544727,5.484796933490655,5.484796933490655
2024-10-26 00:00:00+00:00,390,501,297,254,255,255.0,5.968707559985366,6.218600119691729,5.697093486505405,5.541263545158426,5.545177444479562,5.545177444479562
2024-10-27 00:00:00+00:00,368,453,253,213,212,212.0,5.910796644040527,6.118097198041348,5.537334267018537,5.365976015021851,5.3612921657094255,5.3612921657094255
2024-10-28 00:00:00+00:00,396,518,294,245,246,246.0,5.983936280687191,6.251903883165888,5.68697535633982,5.5053315359323625,5.5093883366279774,5.5093883366279774
2024-10-29 00:00:00+00:00,369,495,283,232,231,231.0,5.91350300563827,6.206575926724928,5.648974238161206,5.4510384535657,5.44673737166631,5.44673737166631
2024-10-30 00:00:00+00:00,380,499,269,232,235,235.0,5.942799375126701,6.214608098422191,5.598421958998375,5.4510384535657,5.4638318050256105,5.4638318050256105
2024-10-31 00:00:00+00:00,374,501,279,242,239,239.0,5.926926025970411,6.218600119691729,5.634789603169249,5.493061443340548,5.480638923341991,5.480638923341991
2024-11-01 00:00:00+00:00,378,481,274,231,230,230.0,5.937536205082426,6.1779441140506,5.616771097666572,5.44673737166631,5.442417710521793,5.442417710521793
2024-11-02 00:00:00+00:00,396,523,288,242,246,246.0,5.983936280687191,6.261491684321042,5.666426688112432,5.493061443340548,5.5093883366279774,5.5093883366279774
2024-11-03 00:00:00+00:00,391,534,292,257,254,254.0,5.971261839790462,6.282266746896006,5.680172609017068,5.552959584921617,5.541263545158426,5.541263545158426
2024-11-04 00:00:00+00:00,375,486,278,239,241,241.0,5.929589143389895,6.18826412308259,5.631211781821365,5.480638923341991,5.488937726156687,5.488937726156687
2024-11-05 00:00:00+00:00,390,518,305,261,260,260.0,5.968707559985366,6.251903883165888,5.723585101952381,5.568344503761097,5.564520407322694,5.564520407322694
2024-11-06 00:00:00+00:00,394,538,296,251,249,249.0,5.978885764901122,6.289715570908998,5.6937321388027,5.529429087511423,5.521460917862246,5.521460917862246
2024-11-07 00:00:00+00:00,403,543,310,259,262,262.0,6.0014148779611505,6.298949246855942,5.739792912179234,5.560681631015528,5.572154032177765,5.572154032177765
2024-11-08 00:00:00+00:00,352,464,255,217,217,217.0,5.8664680569332965,6.142037405587356,5.545177444479562,5.384495062789089,5.384495062789089,5.384495062789089
2024-11-09 00:00:00+00:00,438,564,332,281,280,280.0,6.0844994130751715,6.336825731146441,5.808142489980444,5.641907070938114,5.638354669333745,5.638354669333745
2024-11-10 00:00:00+00:00,378,514,289,229,227,227.0,5.937536205082426,6.244166900663736,5.66988092298052,5.438079308923196,5.429345628954441,5.429345628954441
2024-11-11 00:00:00+00:00,1647,2462,1519,1472,1483,1483.0,7.4073177104694174,7.809135398120538,7.326465613840322,7.29505641646263,7.302496423727326,7.302496423727326
2024-11-12 00:00:00+00:00,424,585,341,302,291,291.0,6.052089168924417,6.373319789577012,5.834810737062605,5.713732805509369,5.676753802268282,5.676753802268282
2024-11-13 00:00:00+00:00,405,514,309,270,272,272.0,6.0063531596017325,6.244166900663736,5.736572297479192,5.602118820879701,5.60947179518496,5.60947179518496
2024-11-14 00:00:00+00:00,425,601,333,291,289,289.0,6.054439346269371,6.400257445308821,5.811140992976701,5.676753802268282,5.66988092298052,5.66988092298052
2024-11-15 00:00:00+00:00,421,554,320,274,276,276.0,6.045005314036012,6.318968113746434,5.771441123130016,5.616771097666572,5.6240175061873385,5.6240175061873385
2024-11-16 00:00:00+00:00,431,599,347,296,295,295.0,6.068425588244111,6.396929655216146,5.8522024797744745,5.6937321388027,5.69035945432406,5.69035945432406
2024-11-17 00:00:00+00:00,424,548,318,278,280,280.0,6.052089168924417,6.3080984415095305,5.765191102784844,5.631211781821365,5.638354669333745,5.638354669333745
2024-11-18 00:00:00+00:00,463,631,358,313,311,311.0,6.139884552226255,6.448889394146858,5.883322388488279,5.749392985908253,5.7430031878094825,5.7430031878094825
2024-11-19 00:00:00+00:00,428,572,326,291,295,295.0,6.061456918928017,6.35088571671474,5.7899601708972535,5.676753802268282,5.69035945432406,5.69035945432406
2024-11-20 00:00:00+00:00,450,617,351,302,299,299.0,6.111467339502679,6.42648845745769,5.863631175598097,5.713732805509369,5.703782474656201,5.703782474656201
2024-11-21 00:00:00+00:00,444,605,346,312,310,310.0,6.09807428216624,6.406879986069314,5.849324779946859,5.746203190540153,5.739792912179234,5.739792912179234
2024-11-22 00:00:00+00:00,435,594,347,310,311,311.0,6.077642243349034,6.38856140554563,5.8522024797744745,5.739792912179234,5.7430031878094825,5.7430031878094825
2024-11-23 00:00:00+00:00,435,618,354,316,317,317.0,6.077642243349034,6.428105272684596,5.872117789475416,5.75890177387728,5.762051382780177,5.762051382780177
2024-11-24 00:00:00+00:00,445,591,332,301,302,302.0,6.100318952020064,6.3835066348840055,5.808142489980444,5.71042701737487,5.713732805509369,5.713732805509369
2024-11-25 00:00:00+00:00,418,592,339,311,310,310.0,6.037870919922137,6.385194398997726,5.8289456176102075,5.7430031878094825,5.739792912179234,5.739792912179234
2024-11-26 00:00:00+00:00,402,543,315,275,276,276.0,5.998936561946683,6.298949246855942,5.755742213586912,5.62040086571715,5.6240175061873385,5.6240175061873385
2024-11-27 00:00:00+00:00,410,567,322,284,283,283.0,6.018593214496234,6.342121418721152,5.777652323222656,5.652489180268651,5.648974238161206,5.648974238161206
2024-11-28 00:00:00+00:00,475,654,381,333,331,331.0,6.16541785423142,6.484635235635252,5.945420608606575,5.811140992976701,5.805134968916488,5.805134968916488
2024-11-29 00:00:00+00:00,456,606,350,318,319,319.0,6.124683390894205,6.408528791059498,5.860786223465865,5.765191102784844,5.768320995793772,5.768320995793772
2024-11-30 00:00:00+00:00,433,590,348,304,306,306.0,6.073044534100405,6.3818160174060985,5.855071922202427,5.720311776607412,5.726847747587197,5.726847747587197
2024-12-01 00:00:00+00:00,457,651,363,326,323,323.0,6.126869184114185,6.480044561926653,5.8971538676367405,5.7899601708972535,5.780743515792329,5.780743515792329
2024-12-02 00:00:00+00:00,397,558,309,279,282,282.0,5.986452005284438,6.326149473155099,5.736572297479192,5.634789603169249,5.645446897643238,5.645446897643238
2024-12-03 00:00:00+00:00,456,603,357,310,307,307.0,6.124683390894205,6.403574197934815,5.8805329864007,5.739792912179234,5.730099782973574,5.730099782973574
2024-12-04 00:00:00+00:00,482,645,363,319,320,320.0,6.180016653652572,6.470799503782602,5.8971538676367405,5.768320995793772,5.771441123130016,5.771441123130016
2024-12-05 00:00:00+00:00,426,583,335,298,297,297.0,6.056784013228625,6.369900982828227,5.817111159963204,5.700443573390687,5.697093486505405,5.697093486505405
2024-12-06 00:00:00+00:00,461,639,371,338,343,343.0,6.135564891081739,6.461468176353717,5.918893854273146,5.82600010738045,5.840641657373398,5.840641657373398
2024-12-07 00:00:00+00:00,454,617,353,315,311,311.0,6.12029741895095,6.42648845745769,5.869296913133774,5.755742213586912,5.7430031878094825,5.7430031878094825
2024-12-08 00:00:00+00:00,492,700,398,353,354,354.0,6.20050917404269,6.55250788703459,5.988961416889864,5.869296913133774,5.872117789475416,5.872117789475416
2024-12-09 00:00:00+00:00,466,645,363,315,319,319.0,6.1463292576688975,6.470799503782602,5.8971538676367405,5.755742213586912,5.768320995793772,5.768320995793772
2024-12-10 00:00:00+00:00,456,658,365,327,322,322.0,6.124683390894205,6.490723534502507,5.902633333401366,5.793013608384144,5.777652323222656,5.777652323222656
2024-12-11 00:00:00+00:00,465,632,362,328,332,332.0,6.144185634125646,6.450470422144176,5.8944028342648505,5.796057750765372,5.808142489980444,5.808142489980444
2024-12-12 00:00:00+00:00,1911,2925,1809,1763,1770,1770.0,7.555905093611346,7.98139158158007,7.501082124259871,7.475339236566737,7.479299637782834,7.479299637782834
2024-12-13 00:00:00+00:00,518,725,437,397,389,389.0,6.251903883165888,6.587550014824796,6.082218910376446,5.986452005284438,5.966146739123692,5.966146739123692
2024-12-14 00:00:00+00:00,497,698,409,367,366,366.0,6.210600077024653,6.54965074223381,6.016157159698354,5.908082938168931,5.905361848054571,5.905361848054571
2024-12-15 00:00:00+00:00,548,776,452,401,400,400.0,6.3080984415095305,6.655440350367647,6.115892125483034,5.996452088619021,5.993961427306569,5.993961427306569
2024-12-16 00:00:00+00:00,497,709,401,360,360,360.0,6.210600077024653,6.565264970035361,5.996452088619021,5.8888779583328805,5.8888779583328805,5.8888779583328805
2024-12-17 00:00:00+00:00,520,745,431,392,392,392.0,6.255750041753367,6.61472560020376,6.068425588244111,5.973809611869261,5.973809611869261,5.973809611869261
2024-12-18 00:00:00+00:00,502,697,410,385,386,386.0,6.220590170099739,6.548219102762372,6.018593214496234,5.955837369464831,5.958424693029782,5.958424693029782
2024-12-19 00:00:00+00:00,538,741,443,399,398,398.0,6.289715570908998,6.60934924316738,6.095824562432225,5.991464547107982,5.988961416889864,5.988961416889864
2024-12-20 00:00:00+00:00,520,715,425,392,393,393.0,6.255750041753367,6.573680166960646,6.054439346269371,5.973809611869261,5.976350909297934,5.976350909297934
2024-12-21 00:00:00+00:00,563,776,469,429,428,428.0,6.335054251498059,6.655440350367647,6.152732694704104,6.063785208687608,6.061456918928017,6.061456918928017
2024-12-22 00:00:00+00:00,611,875,508,465,467,467.0,6.416732282512326,6.775366090936392,6.2324480165505225,6.144185634125646,6.148468295917647,6.148468295917647
2024-12-23 00:00:00+00:00,573,811,470,427,427,427.0,6.352629396319567,6.699500340161678,6.154858094016418,6.059123195581797,6.059123195581797,6.059123195581797
2024-12-24 00:00:00+00:00,531,692,440,400,398,398.0,6.2766434893416445,6.541029999189903,6.089044875446846,5.993961427306569,5.988961416889864,5.988961416889864
2024-12-25 00:00:00+00:00,556,776,460,412,412,412.0,6.322565239927284,6.655440350367647,6.133398042996649,6.023447592961033,6.023447592961033,6.023447592961033
2024-12-26 00:00:00+00:00,611,849,496,458,459,459.0,6.416732282512326,6.745236349484363,6.208590026096629,6.129050210060545,6.131226489483141,6.131226489483141
2024-12-27 00:00:00+00:00,579,827,487,454,456,456.0,6.363028103540465,6.71901315438526,6.1903154058531475,6.12029741895095,6.124683390894205,6.124683390894205
2024-12-28 00:00:00+00:00,605,850,508,461,461,461.0,6.406879986069314,6.7464121285733745,6.2324480165505225,6.135564891081739,6.135564891081739,6.135564891081739
2024-12-29 00:00:00+00:00,644,945,547,502,500,500.0,6.4692503167957724,6.852242569051878,6.306275286948016,6.220590170099739,6.2166061010848646,6.2166061010848646
2024-12-30 00:00:00+00:00,719,1067,615,571,575,575.0,6.579251212010101,6.97354301952014,6.423246963533519,6.349138991379798,6.3561076606958915,6.3561076606958915
2024-12-31 00:00:00+00:00,783,1155,666,627,624,624.0,6.664409020350408,7.052721049232323,6.502790045915623,6.4425401664681985,6.437751649736401,6.437751649736401
2025-01-01 00:00:00+00:00,309,399,239,200,199,199.0,5.736572297479192,5.991464547107982,5.480638923341991,5.303304908059076,5.298317366548036,5.298317366548036
2025-01-02 00:00:00+00:00,323,434,240,199,199,199.0,5.780743515792329,6.075346031088684,5.484796933490655,5.298317366548036,5.298317366548036,5.298317366548036
2025-01-03 00:00:00+00:00,315,415,222,187,186,186.0,5.755742213586912,6.030685260261263,5.407171771460119,5.236441962829949,5.231108616854587,5.231108616854587
2025-01-04 00:00:00+00:00,367,488,278,230,228,228.0,5.908082938168931,6.192362489474872,5.631211781821365,5.442417710521793,5.43372200355424,5.43372200355424
2025-01-05 00:00:00+00:00,356,491,257,223,224,224.0,5.877735781779639,6.198478716492308,5.552959584921617,5.4116460518550396,5.41610040220442,5.41610040220442
2025-01-06 00:00:00+00:00,350,464,257,216,220,220.0,5.860786223465865,6.142037405587356,5.552959584921617,5.37989735354046,5.3981627015177525,5.3981627015177525
2025-01-07 00:00:00+00:00,319,425,232,197,193,193.0,5.768320995793772,6.054439346269371,5.4510384535657,5.288267030694535,5.267858159063328,5.267858159063328
2025-01-08 00:00:00+00:00,354,460,246,203,205,205.0,5.872117789475416,6.133398042996649,5.5093883366279774,5.318119993844216,5.327876168789581,5.327876168789581
2025-01-09 00:00:00+00:00,324,420,234,197,195,195.0,5.783825182329737,6.042632833682381,5.459585514144159,5.288267030694535,5.278114659230517,5.278114659230517
2025-01-10 00:00:00+00:00,355,457,266,210,214,214.0,5.87493073085203,6.126869184114185,5.58724865840025,5.351858133476067,5.3706380281276624,5.3706380281276624
2025-01-11 00:00:00+00:00,341,426,252,212,207,207.0,5.834810737062605,6.056784013228625,5.53338948872752,5.3612921657094255,5.337538079701318,5.337538079701318
2025-01-12 00:00:00+00:00,327,405,225,185,188,188.0,5.793013608384144,6.0063531596017325,5.420534999272286,5.225746673713202,5.241747015059643,5.241747015059643
2025-01-13 00:00:00+00:00,357,452,269,232,229,229.0,5.8805329864007,6.115892125483034,5.598421958998375,5.4510384535657,5.438079308923196,5.438079308923196
2025-01-14 00:00:00+00:00,347,459,254,214,215,215.0,5.8522024797744745,6.131226489483141,5.541263545158426,5.3706380281276624,5.375278407684165,5.375278407684165
2025-01-15 00:00:00+00:00,350,441,241,209,211,211.0,5.860786223465865,6.091309882077698,5.488937726156687,5.3471075307174685,5.356586274672012,5.356586274672012
2025-01-16 00:00:00+00:00,345,459,263,213,210,210.0,5.846438775057725,6.131226489483141,5.575949103146316,5.365976015021851,5.351858133476067,5.351858133476067
2025-01-17 00:00:00+00:00,333,429,256,207,210,210.0,5.811140992976701,6.063785208687608,5.54907608489522,5.337538079701318,5.351858133476067,5.351858133476067
2025-01-18 00:00:00+00:00,349,453,243,208,205,205.0,5.857933154483459,6.118097198041348,5.497168225293202,5.342334251964811,5.327876168789581,5.327876168789581
2025-01-19 00:00:00+00:00,348,433,245,203,205,205.0,5.855071922202427,6.073044534100405,5.5053315359323625,5.318119993844216,5.327876168789581,5.327876168789581
2025-01-20 00:00:00+00:00,323,405,222,193,191,191.0,5.780743515792329,6.0063531596017325,5.407171771460119,5.267858159063328,5.2574953720277815,5.2574953720277815
2025-01-21 00:00:00+00:00,368,451,261,209,209,209.0,5.910796644040527,6.113682179832232,5.568344503761097,5.3471075307174685,5.3471075307174685,5.3471075307174685
2025-01-22 00:00:00+00:00,365,470,274,228,230,230.0,5.902633333401366,6.154858094016418,5.616771097666572,5.43372200355424,5.442417710521793,5.442417710521793
2025-01-23 00:00:00+00:00,325,396,228,196,196,196.0,5.786897381366708,5.983936280687191,5.43372200355424,5.2832037287379885,5.2832037287379885,5.2832037287379885
2025-01-24 00:00:00+00:00,359,486,267,222,222,222.0,5.886104031450156,6.18826412308259,5.5909869805108565,5.407171771460119,5.407171771460119,5.407171771460119
2025-01-25 00:00:00+00:00,364,493,283,231,230,230.0,5.8998973535824915,6.202535517187923,5.648974238161206,5.44673737166631,5.442417710521793,5.442417710521793
2025-01-26 00:00:00+00:00,332,439,251,208,208,208.0,5.808142489980444,6.0867747269123065,5.529429087511423,5.342334251964811,5.342334251964811,5.342334251964811
2025-01-27 00:00:00+00:00,344,425,252,214,214,214.0,5.84354441703136,6.054439346269371,5.53338948872752,5.3706380281276624,5.3706380281276624,5.3706380281276624
2025-01-28 00:00:00+00:00,330,423,235,199,201,201.0,5.802118375377063,6.049733455231958,5.4638318050256105,5.298317366548036,5.308267697401205,5.308267697401205
2025-01-29 00:00:00+00:00,339,459,260,215,214,214.0,5.8289456176102075,6.131226489483141,5.564520407322694,5.375278407684165,5.3706380281276624,5.3706380281276624
2025-01-30 00:00:00+00:00,352,471,255,213,213,213.0,5.8664680569332965,6.156978985585555,5.545177444479562,5.365976015021851,5.365976015021851,5.365976015021851
2025-01-31 00:00:00+00:00,351,455,254,208,208,208.0,5.863631175598097,6.1224928095143865,5.541263545158426,5.342334251964811,5.342334251964811,5.342334251964811
2025-02-01 00:00:00+00:00,360,470,274,232,230,230.0,5.8888779583328805,6.154858094016418,5.616771097666572,5.4510384535657,5.442417710521793,5.442417710521793
2025-02-02 00:00:00+00:00,374,483,268,220,223,223.0,5.926926025970411,6.182084906716632,5.594711379601839,5.3981627015177525,5.4116460518550396,5.4116460518550396
2025-02-03 00:00:00+00:00,394,517,290,240,238,238.0,5.978885764901122,6.249975242259483,5.673323267171493,5.484796933490655,5.476463551931511,5.476463551931511
2025-02-04 00:00:00+00:00,362,468,266,224,225,225.0,5.8944028342648505,6.150602768446279,5.58724865840025,5.41610040220442,5.420534999272286,5.420534999272286
2025-02-05 00:00:00+00:00,368,478,271,221,222,222.0,5.910796644040527,6.171700597410915,5.605802066295998,5.402677381872279,5.407171771460119,5.407171771460119
2025-02-06 00:00:00+00:00,388,509,295,236,233,233.0,5.963579343618446,6.234410725718371,5.69035945432406,5.4680601411351315,5.455321115357702,5.455321115357702
2025-02-07 00:00:00+00:00,348,452,264,224,226,226.0,5.855071922202427,6.115892125483034,5.579729825986222,5.41610040220442,5.424950017481403,5.424950017481403
2025-02-08 00:00:00+00:00,350,434,245,204,203,203.0,5.860786223465865,6.075346031088684,5.5053315359323625,5.3230099791384085,5.318119993844216,5.318119993844216
2025-02-09 00:00:00+00:00,314,405,236,202,201,201.0,5.752572638825633,6.0063531596017325,5.4680601411351315,5.313205979041787,5.308267697401205,5.308267697401205
2025-02-10 00:00:00+00:00,346,430,248,215,218,218.0,5.849324779946859,6.066108090103747,5.517452896464707,5.375278407684165,5.389071729816501,5.389071729816501
2025-02-11 00:00:00+00:00,331,421,252,207,206,206.0,5.805134968916488,6.045005314036012,5.53338948872752,5.337538079701318,5.332718793265369,5.332718793265369
2025-02-12 00:00:00+00:00,369,501,261,224,223,223.0,5.91350300563827,6.218600119691729,5.568344503761097,5.41610040220442,5.4116460518550396,5.4116460518550396
2025-02-13 00:00:00+00:00,386,478,286,248,249,249.0,5.958424693029782,6.171700597410915,5.659482215759621,5.517452896464707,5.521460917862246,5.521460917862246
2025-02-14 00:00:00+00:00,364,502,255,227,226,226.0,5.8998973535824915,6.220590170099739,5.545177444479562,5.429345628954441,5.424950017481403,5.424950017481403
2025-02-15 00:00:00+00:00,336,425,245,202,202,202.0,5.820082930352362,6.054439346269371,5.5053315359323625,5.313205979041787,5.313205979041787,5.313205979041787
2025-02-16 00:00:00+00:00,350,459,242,209,211,211.0,5.860786223465865,6.131226489483141,5.493061443340548,5.3471075307174685,5.356586274672012,5.356586274672012
2025-02-17 00:00:00+00:00,362,467,260,221,221,221.0,5.8944028342648505,6.148468295917647,5.564520407322694,5.402677381872279,5.402677381872279,5.402677381872279
2025-02-18 00:00:00+00:00,357,484,277,236,234,234.0,5.8805329864007,6.184148890937483,5.627621113690637,5.4680601411351315,5.459585514144159,5.459585514144159
2025-02-19 00:00:00+00:00,399,534,291,259,259,259.0,5.991464547107982,6.282266746896006,5.676753802268282,5.560681631015528,5.560681631015528,5.560681631015528
2025-02-20 00:00:00+00:00,345,457,257,203,203,203.0,5.846438775057725,6.126869184114185,5.552959584921617,5.318119993844216,5.318119993844216,5.318119993844216
2025-02-21 00:00:00+00:00,366,457,261,221,222,222.0,5.905361848054571,6.126869184114185,5.568344503761097,5.402677381872279,5.407171771460119,5.407171771460119
2025-02-22 00:00:00+00:00,343,448,258,215,217,217.0,5.840641657373398,6.1070228877422545,5.556828061699537,5.375278407684165,5.384495062789089,5.384495062789089
2025-02-23 00:00:00+00:00,371,511,291,254,250,250.0,5.918893854273146,6.238324625039508,5.676753802268282,5.541263545158426,5.5254529391317835,5.5254529391317835
2025-02-24 00:00:00+00:00,368,491,275,234,237,237.0,5.910796644040527,6.198478716492308,5.62040086571715,5.459585514144159,5.472270673671475,5.472270673671475
2025-02-25 00:00:00+00:00,348,460,253,213,214,214.0,5.855071922202427,6.133398042996649,5.537334267018537,5.365976015021851,5.3706380281276624,5.3706380281276624
2025-02-26 00:00:00+00:00,337,441,237,195,191,191.0,5.823045895483019,6.091309882077698,5.472270673671475,5.278114659230517,5.2574953720277815,5.2574953720277815
2025-02-27 00:00:00+00:00,349,456,255,209,210,210.0,5.857933154483459,6.124683390894205,5.545177444479562,5.3471075307174685,5.351858133476067,5.351858133476067
2025-02-28 00:00:00+00:00,358,479,272,226,227,227.0,5.883322388488279,6.173786103901937,5.60947179518496,5.424950017481403,5.429345628954441,5.429345628954441
2025-03-01 00:00:00+00:00,373,493,272,228,227,227.0,5.924255797414532,6.202535517187923,5.60947179518496,5.43372200355424,5.429345628954441,5.429345628954441
2025-03-02 00:00:00+00:00,368,468,274,240,240,240.0,5.910796644040527,6.150602768446279,5.616771097666572,5.484796933490655,5.484796933490655,5.484796933490655
2025-03-03 00:00:00+00:00,333,432,246,205,206,206.0,5.811140992976701,6.07073772800249,5.5093883366279774,5.327876168789581,5.332718793265369,5.332718793265369
2025-03-04 00:00:00+00:00,348,444,246,213,215,215.0,5.855071922202427,6.09807428216624,5.5093883366279774,5.365976015021851,5.375278407684165,5.375278407684165
2025-03-05 00:00:00+00:00,371,496,269,226,224,224.0,5.918893854273146,6.208590026096629,5.598421958998375,5.424950017481403,5.41610040220442,5.41610040220442
2025-03-06 00:00:00+00:00,383,499,267,225,225,225.0,5.950642552587727,6.214608098422191,5.5909869805108565,5.420534999272286,5.420534999272286,5.420534999272286
2025-03-07 00:00:00+00:00,377,522,288,249,247,247.0,5.934894195619588,6.259581464064923,5.666426688112432,5.521460917862246,5.5134287461649825,5.5134287461649825
2025-03-08 00:00:00+00:00,393,494,284,222,223,223.0,5.976350909297934,6.20455776256869,5.652489180268651,5.407171771460119,5.4116460518550396,5.4116460518550396
2025-03-09 00:00:00+00:00,382,517,281,240,242,242.0,5.948034989180646,6.249975242259483,5.641907070938114,5.484796933490655,5.493061443340548,5.493061443340548
2025-03-10 00:00:00+00:00,355,485,274,229,229,229.0,5.87493073085203,6.186208623900494,5.616771097666572,5.438079308923196,5.438079308923196,5.438079308923196
2025-03-11 00:00:00+00:00,389,508,277,233,234,234.0,5.966146739123692,6.2324480165505225,5.627621113690637,5.455321115357702,5.459585514144159,5.459585514144159
2025-03-12 00:00:00+00:00,367,486,281,238,237,237.0,5.908082938168931,6.18826412308259,5.641907070938114,5.476463551931511,5.472270673671475,5.472270673671475
2025-03-13 00:00:00+00:00,356,464,266,221,218,218.0,5.877735781779639,6.142037405587356,5.58724865840025,5.402677381872279,5.389071729816501,5.389071729816501
2025-03-14 00:00:00+00:00,342,457,247,214,218,218.0,5.8377304471659395,6.126869184114185,5.5134287461649825,5.3706380281276624,5.389071729816501,5.389071729816501
2025-03-15 00:00:00+00:00,383,500,285,249,247,247.0,5.950642552587727,6.2166061010848646,5.655991810819852,5.521460917862246,5.5134287461649825,5.5134287461649825
2025-03-16 00:00:00+00:00,406,559,311,257,258,258.0,6.008813185442595,6.327936783729195,5.7430031878094825,5.552959584921617,5.556828061699537,5.556828061699537
2025-03-17 00:00:00+00:00,359,476,265,219,218,218.0,5.886104031450156,6.1675164908883415,5.583496308781699,5.393627546352362,5.389071729816501,5.389071729816501
2025-03-18 00:00:00+00:00,364,488,272,222,220,220.0,5.8998973535824915,6.192362489474872,5.60947179518496,5.407171771460119,5.3981627015177525,5.3981627015177525
2025-03-19 00:00:00+00:00,377,510,277,236,238,238.0,5.934894195619588,6.236369590203704,5.627621113690637,5.4680601411351315,5.476463551931511,5.476463551931511
2025-03-20 00:00:00+00:00,370,482,274,239,239,239.0,5.916202062607435,6.180016653652572,5.616771097666572,5.480638923341991,5.480638923341991,5.480638923341991
2025-03-21 00:00:00+00:00,362,488,278,230,228,228.0,5.8944028342648505,6.192362489474872,5.631211781821365,5.442417710521793,5.43372200355424,5.43372200355424
2025-03-22 00:00:00+00:00,367,492,276,236,239,239.0,5.908082938168931,6.20050917404269,5.6240175061873385,5.4680601411351315,5.480638923341991,5.480638923341991
2025-03-23 00:00:00+00:00,378,491,289,246,245,245.0,5.937536205082426,6.198478716492308,5.66988092298052,5.5093883366279774,5.5053315359323625,5.5053315359323625
2025-03-24 00:00:00+00:00,367,505,272,237,235,235.0,5.908082938168931,6.226536669287466,5.60947179518496,5.472270673671475,5.4638318050256105,5.4638318050256105
2025-03-25 00:00:00+00:00,367,500,277,230,231,231.0,5.908082938168931,6.2166061010848646,5.627621113690637,5.442417710521793,5.44673737166631,5.44673737166631
2025-03-26 00:00:00+00:00,359,477,267,229,228,228.0,5.886104031450156,6.169610732491456,5.5909869805108565,5.438079308923196,5.43372200355424,5.43372200355424
2025-03-27 00:00:00+00:00,389,500,278,236,238,238.0,5.966146739123692,6.2166061010848646,5.631211781821365,5.4680601411351315,5.476463551931511,5.476463551931511
2025-03-28 00:00:00+00:00,368,464,272,225,225,225.0,5.910796644040527,6.142037405587356,5.60947179518496,5.420534999272286,5.420534999272286,5.420534999272286
2025-03-29 00:00:00+00:00,385,551,298,251,251,251.0,5.955837369464831,6.313548046277095,5.700443573390687,5.529429087511423,5.529429087511423,5.529429087511423
2025-03-30 00:00:00+00:00,424,548,314,263,262,262.0,6.052089168924417,6.3080984415095305,5.752572638825633,5.575949103146316,5.572154032177765,5.572154032177765
2025-03-31 00:00:00+00:00,400,550,303,256,256,256.0,5.993961427306569,6.311734809152915,5.717027701406222,5.54907608489522,5.54907608489522,5.54907608489522
2025-04-01 00:00:00+00:00,388,510,279,239,240,240.0,5.963579343618446,6.236369590203704,5.634789603169249,5.480638923341991,5.484796933490655,5.484796933490655
2025-04-02 00:00:00+00:00,353,489,265,219,222,222.0,5.869296913133774,6.194405391104672,5.583496308781699,5.393627546352362,5.407171771460119,5.407171771460119
2025-04-03 00:00:00+00:00,372,512,291,249,247,247.0,5.921578419643816,6.240275845170769,5.676753802268282,5.521460917862246,5.5134287461649825,5.5134287461649825
2025-04-04 00:00:00+00:00,1446,2267,1348,1291,1299,1299.0,7.277247726631484,7.7266536648476425,7.207118856207756,7.163946684342547,7.170119543449628,7.170119543449628
2025-04-05 00:00:00+00:00,428,547,326,292,281,281.0,6.061456918928017,6.306275286948016,5.7899601708972535,5.680172609017068,5.641907070938114,5.641907070938114
2025-04-06 00:00:00+00:00,397,501,313,268,268,268.0,5.986452005284438,6.218600119691729,5.749392985908253,5.594711379601839,5.594711379601839,5.594711379601839
2025-04-07 00:00:00+00:00,439,567,323,272,273,273.0,6.0867747269123065,6.342121418721152,5.780743515792329,5.60947179518496,5.6131281063880705,5.6131281063880705
2025-04-08 00:00:00+00:00,405,535,296,260,261,261.0,6.0063531596017325,6.284134161070802,5.6937321388027,5.564520407322694,5.568344503761097,5.568344503761097
2025-04-09 00:00:00+00:00,417,540,316,272,272,272.0,6.035481432524756,6.293419278846481,5.75890177387728,5.60947179518496,5.60947179518496,5.60947179518496
2025-04-10 00:00:00+00:00,395,530,290,242,243,243.0,5.981414211254481,6.274762021241939,5.673323267171493,5.493061443340548,5.497168225293202,5.497168225293202
2025-04-11 00:00:00+00:00,404,551,308,268,266,266.0,6.003887067106539,6.313548046277095,5.733341276897746,5.594711379601839,5.58724865840025,5.58724865840025
2025-04-12 00:00:00+00:00,417,537,310,266,266,266.0,6.035481432524756,6.2878585601617845,5.739792912179234,5.58724865840025,5.58724865840025,5.58724865840025
2025-04-13 00:00:00+00:00,663,975,581,543,546,546.0,6.498282149476434,6.883462586413092,6.366470447731438,6.298949246855942,6.304448802421981,6.304448802421981
2025-04-14 00:00:00+00:00,630,937,550,522,523,523.0,6.447305862541213,6.843749949006225,6.311734809152915,6.259581464064923,6.261491684321042,6.261491684321042
2025-04-15 00:00:00+00:00,671,969,584,535,534,534.0,6.51025834052315,6.877296071497429,6.371611847231857,6.284134161070802,6.282266746896006,6.282266746896006
2025-04-16 00:00:00+00:00,440,587,354,306,304,304.0,6.089044875446846,6.376726947898627,5.872117789475416,5.726847747587197,5.720311776607412,5.720311776607412
2025-04-17 00:00:00+00:00,376,505,299,258,258,258.0,5.932245187448011,6.226536669287466,5.703782474656201,5.556828061699537,5.556828061699537,5.556828061699537
2025-04-18 00:00:00+00:00,387,538,316,273,271,271.0,5.961005339623274,6.289715570908998,5.75890177387728,5.6131281063880705,5.605802066295998,5.605802066295998
2025-04-19 00:00:00+00:00,420,562,324,270,272,272.0,6.042632833682381,6.333279628139691,5.783825182329737,5.602118820879701,5.60947179518496,5.60947179518496
2025-04-20 00:00:00+00:00,419,558,335,287,287,287.0,6.040254711277414,6.326149473155099,5.817111159963204,5.662960480135946,5.662960480135946,5.662960480135946
2025-04-21 00:00:00+00:00,415,546,320,274,273,273.0,6.030685260261263,6.304448802421981,5.771441123130016,5.616771097666572,5.6131281063880705,5.6131281063880705
2025-04-22 00:00:00+00:00,400,541,318,273,272,272.0,5.993961427306569,6.295266001439646,5.765191102784844,5.6131281063880705,5.60947179518496,5.60947179518496
2025-04-23 00:00:00+00:00,429,582,332,289,290,290.0,6.063785208687608,6.368187186350492,5.808142489980444,5.66988092298052,5.673323267171493,5.673323267171493
2025-04-24 00:00:00+00:00,370,493,285,249,249,249.0,5.916202062607435,6.202535517187923,5.655991810819852,5.521460917862246,5.521460917862246,5.521460917862246
2025-04-25 00:00:00+00:00,395,552,302,266,267,267.0,5.981414211254481,6.315358001522335,5.713732805509369,5.58724865840025,5.5909869805108565,5.5909869805108565
2025-04-26 00:00:00+00:00,451,644,346,302,304,304.0,6.113682179832232,6.4692503167957724,5.849324779946859,5.713732805509369,5.720311776607412,5.720311776607412
2025-04-27 00:00:00+00:00,440,595,339,306,304,304.0,6.089044875446846,6.39024066706535,5.8289456176102075,5.726847747587197,5.720311776607412,5.720311776607412
2025-04-28 00:00:00+00:00,414,557,324,269,269,269.0,6.028278520230698,6.324358962381311,5.783825182329737,5.598421958998375,5.598421958998375,5.598421958998375
2025-04-29 00:00:00+00:00,406,513,306,259,258,258.0,6.008813185442595,6.2422232654551655,5.726847747587197,5.560681631015528,5.556828061699537,5.556828061699537
2025-04-30 00:00:00+00:00,405,567,315,274,274,274.0,6.0063531596017325,6.342121418721152,5.755742213586912,5.616771097666572,5.616771097666572,5.616771097666572
2025-05-01 00:00:00+00:00,360,499,282,253,253,253.0,5.8888779583328805,6.214608098422191,5.645446897643238,5.537334267018537,5.537334267018537,5.537334267018537
2025-05-02 00:00:00+00:00,425,554,317,273,273,273.0,6.054439346269371,6.318968113746434,5.762051382780177,5.6131281063880705,5.6131281063880705,5.6131281063880705
2025-05-03 00:00:00+00:00,417,555,326,284,283,283.0,6.035481432524756,6.320768294250582,5.7899601708972535,5.652489180268651,5.648974238161206,5.648974238161206
2025-05-04 00:00:00+00:00,426,583,333,290,290,290.0,6.056784013228625,6.369900982828227,5.811140992976701,5.673323267171493,5.673323267171493,5.673323267171493
2025-05-05 00:00:00+00:00,428,582,315,277,280,280.0,6.061456918928017,6.368187186350492,5.755742213586912,5.627621113690637,5.638354669333745,5.638354669333745
2025-05-06 00:00:00+00:00,411,555,317,282,280,280.0,6.021023349349527,6.320768294250582,5.762051382780177,5.645446897643238,5.638354669333745,5.638354669333745
2025-05-07 00:00:00+00:00,431,604,332,293,293,293.0,6.068425588244111,6.405228458030842,5.808142489980444,5.683579767338681,5.683579767338681,5.683579767338681
2025-05-08 00:00:00+00:00,451,605,351,305,306,306.0,6.113682179832232,6.406879986069314,5.863631175598097,5.723585101952381,5.726847747587197,5.726847747587197
2025-05-09 00:00:00+00:00,463,652,366,323,325,325.0,6.139884552226255,6.481577129276431,5.905361848054571,5.780743515792329,5.786897381366708,5.786897381366708
2025-05-10 00:00:00+00:00,436,601,337,293,291,291.0,6.07993319509559,6.400257445308821,5.823045895483019,5.683579767338681,5.676753802268282,5.676753802268282
2025-05-11 00:00:00+00:00,408,557,314,276,276,276.0,6.013715156042802,6.324358962381311,5.752572638825633,5.6240175061873385,5.6240175061873385,5.6240175061873385
2025-05-12 00:00:00+00:00,421,598,321,284,284,284.0,6.045005314036012,6.395261598115449,5.7745515455444085,5.652489180268651,5.652489180268651,5.652489180268651
2025-05-13 00:00:00+00:00,456,593,362,312,312,312.0,6.124683390894205,6.386879319362645,5.8944028342648505,5.746203190540153,5.746203190540153,5.746203190540153
2025-05-14 00:00:00+00:00,450,625,352,308,307,307.0,6.111467339502679,6.439350371100098,5.8664680569332965,5.733341276897746,5.730099782973574,5.730099782973574
2025-05-15 00:00:00+00:00,421,558,325,282,281,281.0,6.045005314036012,6.326149473155099,5.786897381366708,5.645446897643238,5.641907070938114,5.641907070938114
2025-05-16 00:00:00+00:00,431,571,335,295,297,297.0,6.068425588244111,6.349138991379798,5.817111159963204,5.69035945432406,5.697093486505405,5.697093486505405
2025-05-17 00:00:00+00:00,399,541,306,270,271,271.0,5.991464547107982,6.295266001439646,5.726847747587197,5.602118820879701,5.605802066295998,5.605802066295998
2025-05-18 00:00:00+00:00,391,565,307,279,279,279.0,5.971261839790462,6.338594078203183,5.730099782973574,5.634789603169249,5.634789603169249,5.634789603169249
2025-05-19 00:00:00+00:00,435,576,356,308,307,307.0,6.077642243349034,6.3578422665081,5.877735781779639,5.733341276897746,5.730099782973574,5.730099782973574
2025-05-20 00:00:00+00:00,415,552,322,284,282,282.0,6.030685260261263,6.315358001522335,5.777652323222656,5.652489180268651,5.645446897643238,5.645446897643238
2025-05-21 00:00:00+00:00,430,603,352,304,305,305.0,6.066108090103747,6.403574197934815,5.8664680569332965,5.720311776607412,5.723585101952381,5.723585101952381
2025-05-22 00:00:00+00:00,414,589,324,280,281,281.0,6.028278520230698,6.380122536899765,5.783825182329737,5.638354669333745,5.641907070938114,5.641907070938114
2025-05-23 00:00:00+00:00,483,663,384,336,336,336.0,6.182084906716632,6.498282149476434,5.953243334287785,5.820082930352362,5.820082930352362,5.820082930352362
2025-05-24 00:00:00+00:00,441,601,340,296,297,297.0,6.091309882077698,6.400257445308821,5.831882477283517,5.6937321388027,5.697093486505405,5.697093486505405
2025-05-25 00:00:00+00:00,446,596,349,316,313,313.0,6.102558594613569,6.391917113392602,5.857933154483459,5.75890177387728,5.749392985908253,5.749392985908253
2025-05-26 00:00:00+00:00,430,553,322,280,280,280.0,6.066108090103747,6.317164686747284,5.777652323222656,5.638354669333745,5.638354669333745,5.638354669333745
2025-05-27 00:00:00+00:00,442,589,338,303,306,306.0,6.093569770045136,6.380122536899765,5.82600010738045,5.717027701406222,5.726847747587197,5.726847747587197
2025-05-28 00:00:00+00:00,429,583,340,296,298,298.0,6.063785208687608,6.369900982828227,5.831882477283517,5.6937321388027,5.700443573390687,5.700443573390687
2025-05-29 00:00:00+00:00,439,622,347,302,300,300.0,6.0867747269123065,6.434546518787453,5.8522024797744745,5.713732805509369,5.707110264748875,5.707110264748875
2025-05-30 00:00:00+00:00,440,602,352,303,301,301.0,6.089044875446846,6.401917196727186,5.8664680569332965,5.717027701406222,5.71042701737487,5.71042701737487
2025-05-31 00:00:00+00:00,449,619,351,304,306,306.0,6.1092475827643655,6.429719478039138,5.863631175598097,5.720311776607412,5.726847747587197,5.726847747587197
2025-06-01 00:00:00+00:00,507,735,416,382,379,379.0,6.230481447578482,6.601230118728877,6.0330862217988015,5.948034989180646,5.940171252720432,5.940171252720432
2025-06-02 00:00:00+00:00,542,754,422,367,373,373.0,6.297109319933935,6.626717749249025,6.0473721790462776,5.908082938168931,5.924255797414532,5.924255797414532
2025-06-03 00:00:00+00:00,530,733,437,397,393,393.0,6.274762021241939,6.598509028614515,6.082218910376446,5.986452005284438,5.976350909297934,5.976350909297934
2025-06-04 00:00:00+00:00,470,668,382,342,346,346.0,6.154858094016418,6.505784060128229,5.948034989180646,5.8377304471659395,5.849324779946859,5.849324779946859
2025-06-05 00:00:00+00:00,476,656,392,348,345,345.0,6.1675164908883415,6.48768401848461,5.973809611869261,5.855071922202427,5.846438775057725,5.846438775057725
2025-06-06 00:00:00+00:00,491,667,390,342,341,341.0,6.198478716492308,6.504288173536645,5.968707559985366,5.8377304471659395,5.834810737062605,5.834810737062605
2025-06-07 00:00:00+00:00,469,664,372,332,334,334.0,6.152732694704104,6.499787040655854,5.921578419643816,5.808142489980444,5.814130531825066,5.814130531825066
2025-06-08 00:00:00+00:00,553,766,430,383,381,381.0,6.317164686747284,6.642486801367256,6.066108090103747,5.950642552587727,5.945420608606575,5.945420608606575
2025-06-09 00:00:00+00:00,495,696,399,354,353,353.0,6.206575926724928,6.546785410760524,5.991464547107982,5.872117789475416,5.869296913133774,5.869296913133774
2025-06-10 00:00:00+00:00,536,745,428,381,382,382.0,6.285998094508865,6.61472560020376,6.061456918928017,5.945420608606575,5.948034989180646,5.948034989180646
2025-06-11 00:00:00+00:00,531,754,421,375,375,375.0,6.2766434893416445,6.626717749249025,6.045005314036012,5.929589143389895,5.929589143389895,5.929589143389895
2025-06-12 00:00:00+00:00,501,688,396,353,354,354.0,6.218600119691729,6.535241271013659,5.983936280687191,5.869296913133774,5.872117789475416,5.872117789475416
2025-06-13 00:00:00+00:00,539,755,448,396,394,394.0,6.29156913955832,6.628041376179533,6.1070228877422545,5.983936280687191,5.978885764901122,5.978885764901122
2025-06-14 00:00:00+00:00,512,709,417,378,379,379.0,6.240275845170769,6.565264970035361,6.035481432524756,5.937536205082426,5.940171252720432,5.940171252720432
2025-06-15 00:00:00+00:00,514,726,411,365,364,364.0,6.244166900663736,6.588926477533519,6.021023349349527,5.902633333401366,5.8998973535824915,5.8998973535824915
2025-06-16 00:00:00+00:00,496,699,412,375,375,375.0,6.208590026096629,6.551080335043404,6.023447592961033,5.929589143389895,5.929589143389895,5.929589143389895
2025-06-17 00:00:00+00:00,521,737,427,385,389,389.0,6.257667587882639,6.6039438246004725,6.059123195581797,5.955837369464831,5.966146739123692,5.966146739123692
2025-06-18 00:00:00+00:00,548,825,459,411,408,408.0,6.3080984415095305,6.716594773520978,6.131226489483141,6.021023349349527,6.013715156042802,6.013715156042802
2025-06-19 00:00:00+00:00,518,720,417,368,370,370.0,6.251903883165888,6.580639137284949,6.035481432524756,5.910796644040527,5.916202062607435,5.916202062607435
2025-06-20 00:00:00+00:00,542,776,442,411,407,407.0,6.297109319933935,6.655440350367647,6.093569770045136,6.021023349349527,6.0112671744041615,6.0112671744041615
2025-06-21 00:00:00+00:00,513,716,416,385,386,386.0,6.2422232654551655,6.57507584059962,6.0330862217988015,5.955837369464831,5.958424693029782,5.958424693029782
2025-06-22 00:00:00+00:00,491,696,404,361,362,362.0,6.198478716492308,6.546785410760524,6.003887067106539,5.8916442118257715,5.8944028342648505,5.8944028342648505
2025-06-23 00:00:00+00:00,485,664,396,348,351,351.0,6.186208623900494,6.499787040655854,5.983936280687191,5.855071922202427,5.863631175598097,5.863631175598097
2025-06-24 00:00:00+00:00,571,761,448,406,401,401.0,6.349138991379798,6.635946555686647,6.1070228877422545,6.008813185442595,5.996452088619021,5.996452088619021
2025-06-25 00:00:00+00:00,547,766,454,417,418,418.0,6.306275286948016,6.642486801367256,6.12029741895095,6.035481432524756,6.037870919922137,6.037870919922137
2025-06-26 00:00:00+00:00,527,741,436,390,394,394.0,6.269096283706261,6.60934924316738,6.07993319509559,5.968707559985366,5.978885764901122,5.978885764901122
2025-06-27 00:00:00+00:00,537,788,448,406,401,401.0,6.2878585601617845,6.670766320845874,6.1070228877422545,6.008813185442595,5.996452088619021,5.996452088619021
2025-06-28 00:00:00+00:00,471,663,387,336,338,338.0,6.156978985585555,6.498282149476434,5.961005339623274,5.820082930352362,5.82600010738045,5.82600010738045
2025-06-29 00:00:00+00:00,506,724,408,362,363,363.0,6.2285110035911835,6.586171654854675,6.013715156042802,5.8944028342648505,5.8971538676367405,5.8971538676367405
2025-06-30 00:00:00+00:00,530,749,415,374,377,377.0,6.274762021241939,6.620073206530356,6.030685260261263,5.926926025970411,5.934894195619588,5.934894195619588
2025-07-01 00:00:00+00:00,491,672,402,359,355,355.0,6.198478716492308,6.511745329644728,5.998936561946683,5.886104031450156,5.87493073085203,5.87493073085203
2025-07-02 00:00:00+00:00,487,652,385,336,337,337.0,6.1903154058531475,6.481577129276431,5.955837369464831,5.820082930352362,5.823045895483019,5.823045895483019
2025-07-03 00:00:00+00:00,466,656,367,323,325,325.0,6.1463292576688975,6.48768401848461,5.908082938168931,5.780743515792329,5.786897381366708,5.786897381366708
2025-07-04 00:00:00+00:00,479,680,387,348,345,345.0,6.173786103901937,6.523562306149512,5.961005339623274,5.855071922202427,5.846438775057725,5.846438775057725
2025-07-05 00:00:00+00:00,487,682,383,339,337,337.0,6.1903154058531475,6.52649485957079,5.950642552587727,5.8289456176102075,5.823045895483019,5.823045895483019
2025-07-06 00:00:00+00:00,488,718,391,360,362,362.0,6.192362489474872,6.577861357721047,5.971261839790462,5.8888779583328805,5.8944028342648505,5.8944028342648505
2025-07-07 00:00:00+00:00,435,626,344,306,305,305.0,6.077642243349034,6.440946540632921,5.84354441703136,5.726847747587197,5.723585101952381,5.723585101952381
2025-07-08 00:00:00+00:00,498,664,395,355,357,357.0,6.212606095751519,6.499787040655854,5.981414211254481,5.87493073085203,5.8805329864007,5.8805329864007
2025-07-09 00:00:00+00:00,491,681,392,347,344,344.0,6.198478716492308,6.525029657843462,5.973809611869261,5.8522024797744745,5.84354441703136,5.84354441703136
2025-07-10 00:00:00+00:00,473,670,378,336,338,338.0,6.161207321695077,6.508769136971682,5.937536205082426,5.820082930352362,5.82600010738045,5.82600010738045
2025-07-11 00:00:00+00:00,462,626,355,325,324,324.0,6.137727054086234,6.440946540632921,5.87493073085203,5.786897381366708,5.783825182329737,5.783825182329737
2025-07-12 00:00:00+00:00,481,687,384,348,349,349.0,6.1779441140506,6.5337888379333435,5.953243334287785,5.855071922202427,5.857933154483459,5.857933154483459
2025-07-13 00:00:00+00:00,531,768,430,382,384,384.0,6.2766434893416445,6.645090969505644,6.066108090103747,5.948034989180646,5.953243334287785,5.953243334287785
2025-07-14 00:00:00+00:00,493,671,397,364,361,361.0,6.202535517187923,6.51025834052315,5.986452005284438,5.8998973535824915,5.8916442118257715,5.8916442118257715
2025-07-15 00:00:00+00:00,516,729,426,384,385,385.0,6.248042874508429,6.593044534142437,6.056784013228625,5.953243334287785,5.955837369464831,5.955837369464831
2025-07-16 00:00:00+00:00,509,707,410,362,362,362.0,6.234410725718371,6.56244409369372,6.018593214496234,5.8944028342648505,5.8944028342648505,5.8944028342648505
2025-07-17 00:00:00+00:00,510,729,419,371,374,374.0,6.236369590203704,6.593044534142437,6.040254711277414,5.918893854273146,5.926926025970411,5.926926025970411
2025-07-18 00:00:00+00:00,522,738,435,400,396,396.0,6.259581464064923,6.6052979209482015,6.077642243349034,5.993961427306569,5.983936280687191,5.983936280687191
2025-07-19 00:00:00+00:00,459,651,378,334,336,336.0,6.131226489483141,6.480044561926653,5.937536205082426,5.814130531825066,5.820082930352362,5.820082930352362
2025-07-20 00:00:00+00:00,470,676,384,354,354,354.0,6.154858094016418,6.517671272912275,5.953243334287785,5.872117789475416,5.872117789475416,5.872117789475416
2025-07-21 00:00:00+00:00,466,642,375,341,342,342.0,6.1463292576688975,6.466144724237619,5.929589143389895,5.834810737062605,5.8377304471659395,5.8377304471659395
2025-07-22 00:00:00+00:00,484,688,400,362,359,359.0,6.184148890937483,6.535241271013659,5.993961427306569,5.8944028342648505,5.886104031450156,5.886104031450156
2025-07-23 00:00:00+00:00,486,662,388,345,349,349.0,6.18826412308259,6.4967749901858625,5.963579343618446,5.846438775057725,5.857933154483459,5.857933154483459
2025-07-24 00:00:00+00:00,528,759,429,393,389,389.0,6.270988431858299,6.633318433280377,6.063785208687608,5.976350909297934,5.966146739123692,5.966146739123692
2025-07-25 00:00:00+00:00,486,693,402,370,370,370.0,6.18826412308259,6.542471960506805,5.998936561946683,5.916202062607435,5.916202062607435,5.916202062607435
2025-07-26 00:00:00+00:00,505,686,405,351,350,350.0,6.226536669287466,6.532334292222349,6.0063531596017325,5.863631175598097,5.860786223465865,5.860786223465865
2025-07-27 00:00:00+00:00,519,702,407,370,370,370.0,6.253828811575473,6.555356891810665,6.0112671744041615,5.916202062607435,5.916202062607435,5.916202062607435
2025-07-28 00:00:00+00:00,499,709,406,364,366,366.0,6.214608098422191,6.565264970035361,6.008813185442595,5.8998973535824915,5.905361848054571,5.905361848054571
2025-07-29 00:00:00+00:00,529,728,431,384,383,383.0,6.272877006546167,6.591673732008658,6.068425588244111,5.953243334287785,5.950642552587727,5.950642552587727
2025-07-30 00:00:00+00:00,484,661,390,346,346,346.0,6.184148890937483,6.495265555937008,5.968707559985366,5.849324779946859,5.849324779946859,5.849324779946859
2025-07-31 00:00:00+00:00,534,750,433,394,394,394.0,6.282266746896006,6.621405651764134,6.073044534100405,5.978885764901122,5.978885764901122,5.978885764901122
2025-08-01 00:00:00+00:00,532,734,450,420,421,421.0,6.278521424165844,6.5998704992128365,6.111467339502679,6.042632833682381,6.045005314036012,6.045005314036012
2025-08-02 00:00:00+00:00,565,806,483,428,431,431.0,6.338594078203183,6.693323668269949,6.182084906716632,6.061456918928017,6.068425588244111,6.068425588244111
2025-08-03 00:00:00+00:00,573,778,460,420,417,417.0,6.352629396319567,6.658011045870748,6.133398042996649,6.042632833682381,6.035481432524756,6.035481432524756
2025-08-04 00:00:00+00:00,533,788,449,396,399,399.0,6.280395838960195,6.670766320845874,6.1092475827643655,5.983936280687191,5.991464547107982,5.991464547107982
2025-08-05 00:00:00+00:00,650,925,573,512,508,508.0,6.478509642208569,6.8308742346461795,6.352629396319567,6.240275845170769,6.2324480165505225,6.2324480165505225
2025-08-06 00:00:00+00:00,602,843,510,462,464,464.0,6.401917196727186,6.738152494595957,6.236369590203704,6.137727054086234,6.142037405587356,6.142037405587356
2025-08-07 00:00:00+00:00,559,791,468,425,426,426.0,6.327936783729195,6.674561391814426,6.150602768446279,6.054439346269371,6.056784013228625,6.056784013228625
2025-08-08 00:00:00+00:00,563,819,448,415,415,415.0,6.335054251498059,6.709304340258298,6.1070228877422545,6.030685260261263,6.030685260261263,6.030685260261263
2025-08-09 00:00:00+00:00,567,807,469,430,429,429.0,6.342121418721152,6.694562058521095,6.152732694704104,6.066108090103747,6.063785208687608,6.063785208687608
2025-08-10 00:00:00+00:00,572,824,485,449,447,447.0,6.35088571671474,6.715383386334681,6.186208623900494,6.1092475827643655,6.104793232414985,6.104793232414985
2025-08-11 00:00:00+00:00,590,891,511,475,475,475.0,6.3818160174060985,6.79346613258001,6.238324625039508,6.16541785423142,6.16541785423142,6.16541785423142
2025-08-12 00:00:00+00:00,568,767,469,409,416,416.0,6.343880434126331,6.643789733147672,6.152732694704104,6.016157159698354,6.0330862217988015,6.0330862217988015
2025-08-13 00:00:00+00:00,525,704,434,390,384,384.0,6.26530121273771,6.558197802812269,6.075346031088684,5.968707559985366,5.953243334287785,5.953243334287785
2025-08-14 00:00:00+00:00,581,824,479,445,451,451.0,6.366470447731438,6.715383386334681,6.173786103901937,6.100318952020064,6.113682179832232,6.113682179832232
2025-08-15 00:00:00+00:00,555,792,466,432,426,426.0,6.320768294250582,6.675823221634848,6.1463292576688975,6.07073772800249,6.056784013228625,6.056784013228625
2025-08-16 00:00:00+00:00,651,941,562,521,524,524.0,6.480044561926653,6.848005274576363,6.333279628139691,6.257667587882639,6.263398262591624,6.263398262591624
2025-08-17 00:00:00+00:00,582,831,488,444,440,440.0,6.368187186350492,6.723832440821209,6.192362489474872,6.09807428216624,6.089044875446846,6.089044875446846
2025-08-18 00:00:00+00:00,643,922,515,468,470,470.0,6.467698726104354,6.827629234502852,6.246106765481563,6.150602768446279,6.154858094016418,6.154858094016418
2025-08-19 00:00:00+00:00,601,824,510,458,457,457.0,6.400257445308821,6.715383386334681,6.236369590203704,6.129050210060545,6.126869184114185,6.126869184114185
2025-08-20 00:00:00+00:00,595,882,505,469,470,470.0,6.39024066706535,6.78332520060396,6.226536669287466,6.152732694704104,6.154858094016418,6.154858094016418
2025-08-21 00:00:00+00:00,543,773,452,419,418,418.0,6.298949246855942,6.651571873589727,6.115892125483034,6.040254711277414,6.037870919922137,6.037870919922137
2025-08-22 00:00:00+00:00,598,837,499,455,456,456.0,6.395261598115449,6.731018100482083,6.214608098422191,6.1224928095143865,6.124683390894205,6.124683390894205
2025-08-23 00:00:00+00:00,611,849,511,470,471,471.0,6.416732282512326,6.745236349484363,6.238324625039508,6.154858094016418,6.156978985585555,6.156978985585555
2025-08-24 00:00:00+00:00,584,820,484,450,451,451.0,6.371611847231857,6.710523109452428,6.184148890937483,6.111467339502679,6.113682179832232,6.113682179832232
2025-08-25 00:00:00+00:00,608,863,501,453,453,453.0,6.411818267709897,6.761572768804055,6.218600119691729,6.118097198041348,6.118097198041348,6.118097198041348
2025-08-26 00:00:00+00:00,571,828,464,425,425,425.0,6.349138991379798,6.720220155135295,6.142037405587356,6.054439346269371,6.054439346269371,6.054439346269371
2025-08-27 00:00:00+00:00,625,886,523,488,489,489.0,6.439350371100098,6.787844982309579,6.261491684321042,6.192362489474872,6.194405391104672,6.194405391104672
2025-08-28 00:00:00+00:00,586,850,498,461,456,456.0,6.375024819828097,6.7464121285733745,6.212606095751519,6.135564891081739,6.124683390894205,6.124683390894205
2025-08-29 00:00:00+00:00,598,854,511,470,473,473.0,6.395261598115449,6.75110146893676,6.238324625039508,6.154858094016418,6.161207321695077,6.161207321695077
2025-08-30 00:00:00+00:00,611,863,512,460,459,459.0,6.416732282512326,6.761572768804055,6.240275845170769,6.133398042996649,6.131226489483141,6.131226489483141
2025-08-31 00:00:00+00:00,568,788,491,463,464,464.0,6.343880434126331,6.670766320845874,6.198478716492308,6.139884552226255,6.142037405587356,6.142037405587356
2025-09-01 00:00:00+00:00,634,939,548,503,503,503.0,6.453624998892692,6.84587987526405,6.3080984415095305,6.222576268071369,6.222576268071369,6.222576268071369
2025-09-02 00:00:00+00:00,642,883,520,480,479,479.0,6.466144724237619,6.784457062637643,6.255750041753367,6.175867270105761,6.173786103901937,6.173786103901937
2025-09-03 00:00:00+00:00,636,853,548,500,499,499.0,6.456769655572163,6.74993119378857,6.3080984415095305,6.2166061010848646,6.214608098422191,6.214608098422191
2025-09-04 00:00:00+00:00,619,912,536,494,494,494.0,6.429719478039138,6.816735880594968,6.285998094508865,6.20455776256869,6.20455776256869,6.20455776256869
2025-09-05 00:00:00+00:00,680,1004,571,532,533,533.0,6.523562306149512,6.912742820493176,6.349138991379798,6.278521424165844,6.280395838960195,6.280395838960195
2025-09-06 00:00:00+00:00,600,843,503,469,468,468.0,6.398594934535208,6.738152494595957,6.222576268071369,6.152732694704104,6.150602768446279,6.150602768446279
2025-09-07 00:00:00+00:00,636,880,545,507,509,509.0,6.456769655572163,6.78105762593618,6.302618975744905,6.230481447578482,6.234410725718371,6.234410725718371
2025-09-08 00:00:00+00:00,594,821,481,452,450,450.0,6.38856140554563,6.71174039505618,6.1779441140506,6.115892125483034,6.111467339502679,6.111467339502679
2025-09-09 00:00:00+00:00,2909,4545,2815,2771,2788,2788.0,7.975908360165538,8.422003004412488,7.943072717277933,7.927324360309794,7.933438387627489,7.933438387627489
2025-09-10 00:00:00+00:00,737,1092,650,607,592,592.0,6.6039438246004725,6.996681488176539,6.478509642208569,6.410174881966167,6.385194398997726,6.385194398997726
2025-09-11 00:00:00+00:00,712,1060,613,571,571,571.0,6.569481420414296,6.966967138613983,6.419994928147142,6.349138991379798,6.349138991379798,6.349138991379798
2025-09-12 00:00:00+00:00,661,952,562,523,523,523.0,6.495265555937008,6.859614903654202,6.333279628139691,6.261491684321042,6.261491684321042,6.261491684321042
2025-09-13 00:00:00+00:00,707,1027,616,577,576,576.0,6.56244409369372,6.93537044601511,6.424869023905388,6.359573868672378,6.3578422665081,6.3578422665081
2025-09-14 00:00:00+00:00,685,990,592,537,537,537.0,6.530877627725885,6.898714534329988,6.385194398997726,6.2878585601617845,6.2878585601617845,6.2878585601617845
2025-09-15 00:00:00+00:00,718,1060,623,578,578,578.0,6.577861357721047,6.966967138613983,6.436150368369428,6.361302477572996,6.361302477572996,6.361302477572996
2025-09-16 00:00:00+00:00,716,990,621,579,580,580.0,6.57507584059962,6.898714534329988,6.432940092739179,6.363028103540465,6.364750756851911,6.364750756851911
2025-09-17 00:00:00+00:00,691,966,592,556,555,555.0,6.539585955617669,6.874198495453294,6.385194398997726,6.322565239927284,6.320768294250582,6.320768294250582
2025-09-18 00:00:00+00:00,746,1101,649,600,600,600.0,6.616065185132817,7.004881989712859,6.476972362889683,6.398594934535208,6.398594934535208,6.398594934535208
2025-09-19 00:00:00+00:00,751,1101,659,608,607,607.0,6.62273632394984,7.004881989712859,6.492239835020471,6.411818267709897,6.410174881966167,6.410174881966167
2025-09-20 00:00:00+00:00,742,1111,660,611,613,613.0,6.610696044717759,7.013915474810528,6.493753839851686,6.416732282512326,6.419994928147142,6.419994928147142
2025-09-21 00:00:00+00:00,713,1022,621,575,573,573.0,6.570882962339584,6.930494765951626,6.432940092739179,6.3561076606958915,6.352629396319567,6.352629396319567
2025-09-22 00:00:00+00:00,725,1049,621,583,584,584.0,6.587550014824796,6.956545443151569,6.432940092739179,6.369900982828227,6.371611847231857,6.371611847231857
2025-09-23 00:00:00+00:00,736,1043,637,605,605,605.0,6.602587892189336,6.950814768442584,6.45833828334479,6.406879986069314,6.406879986069314,6.406879986069314
2025-09-24 00:00:00+00:00,700,1028,612,566,566,566.0,6.55250788703459,6.9363427358340495,6.418364935936212,6.340359303727752,6.340359303727752,6.340359303727752
2025-09-25 00:00:00+00:00,754,1118,657,615,615,615.0,6.626717749249025,7.020190708311925,6.489204931325317,6.423246963533519,6.423246963533519,6.423246963533519
2025-09-26 00:00:00+00:00,722,1058,635,587,587,587.0,6.583409222158765,6.9650803456014065,6.455198563340122,6.376726947898627,6.376726947898627,6.376726947898627
2025-09-27 00:00:00+00:00,739,1085,642,597,599,599.0,6.606650186198215,6.990256500493881,6.466144724237619,6.393590753950631,6.396929655216146,6.396929655216146
2025-09-28 00:00:00+00:00,732,1068,638,599,595,595.0,6.597145701886651,6.974478911025045,6.459904454377535,6.396929655216146,6.39024066706535,6.39024066706535
2025-09-29 00:00:00+00:00,701,1047,626,589,591,591.0,6.553933404025811,6.954638864880987,6.440946540632921,6.380122536899765,6.3835066348840055,6.3835066348840055
2025-09-30 00:00:00+00:00,753,1107,637,598,600,600.0,6.625392368007956,7.010311867307229,6.45833828334479,6.395261598115449,6.398594934535208,6.398594934535208
2025-10-01 00:00:00+00:00,609,864,520,482,479,479.0,6.413458957167357,6.762729506931879,6.255750041753367,6.180016653652572,6.173786103901937,6.173786103901937
2025-10-02 00:00:00+00:00,680,966,577,529,532,532.0,6.523562306149512,6.874198495453294,6.359573868672378,6.272877006546167,6.278521424165844,6.278521424165844
2025-10-03 00:00:00+00:00,625,885,526,491,488,488.0,6.439350371100098,6.786716950605081,6.267200548541362,6.198478716492308,6.192362489474872,6.192362489474872
2025-10-04 00:00:00+00:00,645,921,550,507,510,510.0,6.470799503782602,6.826545223556594,6.311734809152915,6.230481447578482,6.236369590203704,6.236369590203704
2025-10-05 00:00:00+00:00,667,926,575,534,533,533.0,6.504288173536645,6.831953565565855,6.3561076606958915,6.282266746896006,6.280395838960195,6.280395838960195
2025-10-06 00:00:00+00:00,689,979,577,524,522,522.0,6.536691597591305,6.887552571664617,6.359573868672378,6.263398262591624,6.259581464064923,6.259581464064923
2025-10-07 00:00:00+00:00,708,1010,599,552,553,553.0,6.5638555265321274,6.918695219020472,6.396929655216146,6.315358001522335,6.317164686747284,6.317164686747284
2025-10-08 00:00:00+00:00,656,960,571,531,532,532.0,6.48768401848461,6.8679744089702925,6.349138991379798,6.2766434893416445,6.278521424165844,6.278521424165844
2025-10-09 00:00:00+00:00,724,1103,628,572,574,574.0,6.586171654854675,7.00669522683704,6.444131256700441,6.35088571671474,6.354370040797351,6.354370040797351
2025-10-10 00:00:00+00:00,2960,4673,2846,2807,2821,2821.0,7.993282328101591,8.449770515098804,7.954021087278037,7.940227765145702,7.945201132412759,7.945201132412759
2025-10-11 00:00:00+00:00,725,1087,637,598,586,586.0,6.587550014824796,6.992096427415888,6.45833828334479,6.395261598115449,6.375024819828097,6.375024819828097
2025-10-12 00:00:00+00:00,721,1082,635,601,596,596.0,6.582025138892826,6.9874902470009905,6.455198563340122,6.400257445308821,6.391917113392602,6.391917113392602
2025-10-13 00:00:00+00:00,763,1113,664,618,624,624.0,6.638567789166521,7.01571242048723,6.499787040655854,6.428105272684596,6.437751649736401,6.437751649736401
2025-10-14 00:00:00+00:00,710,1038,607,559,554,554.0,6.566672429803241,6.946013991099227,6.410174881966167,6.327936783729195,6.318968113746434,6.318968113746434
2025-10-15 00:00:00+00:00,711,1048,616,578,576,576.0,6.568077911411976,6.955592608396297,6.424869023905388,6.361302477572996,6.3578422665081,6.3578422665081
2025-10-16 00:00:00+00:00,721,1060,608,579,580,580.0,6.582025138892826,6.966967138613983,6.411818267709897,6.363028103540465,6.364750756851911,6.364750756851911
2025-10-17 00:00:00+00:00,742,1097,634,594,593,593.0,6.610696044717759,7.001245622069476,6.453624998892692,6.38856140554563,6.386879319362645,6.386879319362645
2025-10-18 00:00:00+00:00,784,1124,686,650,654,654.0,6.665683717782408,7.025538314638521,6.532334292222349,6.478509642208569,6.484635235635252,6.484635235635252
2025-10-19 00:00:00+00:00,773,1152,669,635,633,633.0,6.651571873589727,7.050122520269059,6.507277712385012,6.455198563340122,6.452048954437226,6.452048954437226
2025-10-20 00:00:00+00:00,756,1082,645,605,606,606.0,6.6293632534374485,6.9874902470009905,6.470799503782602,6.406879986069314,6.408528791059498,6.408528791059498
2025-10-21 00:00:00+00:00,770,1192,684,648,648,648.0,6.647688373563329,7.084226422097916,6.529418838262226,6.47543271670409,6.47543271670409,6.47543271670409
2025-10-22 00:00:00+00:00,753,1089,648,620,619,619.0,6.625392368007956,6.993932975223189,6.47543271670409,6.431331081933479,6.429719478039138,6.429719478039138
2025-10-23 00:00:00+00:00,721,1033,614,575,578,578.0,6.582025138892826,6.9411900550683745,6.421622267806518,6.3561076606958915,6.361302477572996,6.361302477572996
2025-10-24 00:00:00+00:00,747,1071,650,602,597,597.0,6.617402977974478,6.977281341630747,6.478509642208569,6.401917196727186,6.393590753950631,6.393590753950631
2025-10-25 00:00:00+00:00,748,1106,661,624,628,628.0,6.618738983517219,7.009408932708637,6.495265555937008,6.437751649736401,6.444131256700441,6.444131256700441
2025-10-26 00:00:00+00:00,784,1150,682,641,643,643.0,6.665683717782408,7.048386408721883,6.52649485957079,6.464588303689961,6.467698726104354,6.467698726104354
2025-10-27 00:00:00+00:00,750,1090,660,625,621,621.0,6.621405651764134,6.994849985833071,6.493753839851686,6.439350371100098,6.432940092739179,6.432940092739179
2025-10-28 00:00:00+00:00,776,1158,688,652,651,651.0,6.655440350367647,7.055312843339752,6.535241271013659,6.481577129276431,6.480044561926653,6.480044561926653
2025-10-29 00:00:00+00:00,746,1140,654,610,614,614.0,6.616065185132817,7.039660349862076,6.484635235635252,6.415096959171596,6.421622267806518,6.421622267806518
2025-10-30 00:00:00+00:00,819,1167,712,663,661,661.0,6.709304340258298,7.0630481633881725,6.569481420414296,6.498282149476434,6.495265555937008,6.495265555937008
2025-10-31 00:00:00+00:00,745,1066,661,612,612,612.0,6.61472560020376,6.9726062513017535,6.495265555937008,6.418364935936212,6.418364935936212,6.418364935936212
2025-11-01 00:00:00+00:00,823,1232,714,669,670,670.0,6.714170529909472,7.117205503164344,6.5722825426940075,6.507277712385012,6.508769136971682,6.508769136971682
2025-11-02 00:00:00+00:00,830,1223,741,693,692,692.0,6.7226297948554485,7.1098794630722715,6.60934924316738,6.542471960506805,6.541029999189903,6.541029999189903
2025-11-03 00:00:00+00:00,746,1141,663,624,623,623.0,6.616065185132817,7.040536390215956,6.498282149476434,6.437751649736401,6.436150368369428,6.436150368369428
2025-11-04 00:00:00+00:00,801,1182,708,671,670,670.0,6.687108607866515,7.075808863978387,6.5638555265321274,6.51025834052315,6.508769136971682,6.508769136971682
2025-11-05 00:00:00+00:00,787,1195,696,659,663,663.0,6.669498089857879,7.086737934510577,6.546785410760524,6.492239835020471,6.498282149476434,6.498282149476434
2025-11-06 00:00:00+00:00,829,1251,727,687,681,681.0,6.721425700790643,7.132497551660044,6.590301048196686,6.5337888379333435,6.525029657843462,6.525029657843462
2025-11-07 00:00:00+00:00,762,1123,659,619,621,621.0,6.637258031284457,7.024649030453636,6.492239835020471,6.429719478039138,6.432940092739179,6.432940092739179
2025-11-08 00:00:00+00:00,795,1201,692,658,659,659.0,6.679599185844383,7.091742115095153,6.541029999189903,6.490723534502507,6.492239835020471,6.492239835020471
2025-11-09 00:00:00+00:00,823,1220,709,671,670,670.0,6.714170529909472,7.107425474110705,6.565264970035361,6.51025834052315,6.508769136971682,6.508769136971682
2025-11-10 00:00:00+00:00,841,1210,733,686,686,686.0,6.7357800142423265,7.099201743553092,6.598509028614515,6.532334292222349,6.532334292222349,6.532334292222349
2025-11-11 00:00:00+00:00,3741,5902,3658,3612,3627,3627.0,8.227375506834035,8.683215975240689,8.204945165019208,8.19229373114764,8.196436811235028,8.196436811235028
2025-11-12 00:00:00+00:00,864,1275,788,744,730,730.0,6.762729506931879,7.151485463904735,6.670766320845874,6.61338421837956,6.594413459749778,6.594413459749778
2025-11-13 00:00:00+00:00,895,1317,794,755,753,753.0,6.79794041297493,7.183870715062453,6.678342114654332,6.628041376179533,6.625392368007956,6.625392368007956
2025-11-14 00:00:00+00:00,855,1312,761,716,722,722.0,6.752270376141742,7.180069874302796,6.635946555686647,6.57507584059962,6.583409222158765,6.583409222158765
2025-11-15 00:00:00+00:00,872,1280,793,742,743,743.0,6.771935555839602,7.155396301896734,6.677083461247136,6.610696044717759,6.612041034833092,6.612041034833092
2025-11-16 00:00:00+00:00,843,1293,755,707,704,704.0,6.738152494595957,7.165493475060845,6.628041376179533,6.56244409369372,6.558197802812269,6.558197802812269
2025-11-17 00:00:00+00:00,899,1338,810,769,765,765.0,6.802394763324311,7.199678345691172,6.698268054115413,6.646390514847729,6.641182169740591,6.641182169740591
2025-11-18 00:00:00+00:00,843,1266,762,712,715,715.0,6.738152494595957,7.144407180321139,6.637258031284457,6.569481420414296,6.573680166960646,6.573680166960646
2025-11-19 00:00:00+00:00,937,1385,826,789,787,787.0,6.843749949006225,7.234177179749849,6.717804695023691,6.672032945461067,6.669498089857879,6.669498089857879
2025-11-20 00:00:00+00:00,905,1342,794,755,756,756.0,6.80903930604298,7.202661196523238,6.678342114654332,6.628041376179533,6.6293632534374485,6.6293632534374485
2025-11-21 00:00:00+00:00,909,1411,814,766,770,770.0,6.813444599510896,7.252762418053187,6.703188113240863,6.642486801367256,6.647688373563329,6.647688373563329
2025-11-22 00:00:00+00:00,942,1426,846,814,810,810.0,6.849066282633458,7.2633296174768365,6.741700694652055,6.703188113240863,6.698268054115413,6.698268054115413
2025-11-23 00:00:00+00:00,861,1278,771,722,722,722.0,6.759255270663693,7.153833801578843,6.648984550024776,6.583409222158765,6.583409222158765,6.583409222158765
2025-11-24 00:00:00+00:00,914,1364,830,787,790,790.0,6.818924065275521,7.21890970761906,6.7226297948554485,6.669498089857879,6.673297967767654,6.673297967767654
2025-11-25 00:00:00+00:00,951,1402,840,791,789,789.0,6.858565034791365,7.246368080102461,6.734591659972948,6.674561391814426,6.672032945461067,6.672032945461067
2025-11-26 00:00:00+00:00,974,1506,879,832,831,831.0,6.882437470997847,7.317876198626496,6.779921907472252,6.725033642166843,6.723832440821209,6.723832440821209
2025-11-27 00:00:00+00:00,947,1419,834,806,807,807.0,6.854354502255021,7.258412150595307,6.727431724850855,6.693323668269949,6.694562058521095,6.694562058521095
2025-11-28 00:00:00+00:00,879,1325,787,749,748,748.0,6.779921907472252,7.189922170745808,6.669498089857879,6.620073206530356,6.618738983517219,6.618738983517219
2025-11-29 00:00:00+00:00,965,1410,870,822,822,822.0,6.873163834212518,7.252053951852814,6.769641976852503,6.71295620067707,6.71295620067707,6.71295620067707
2025-11-30 00:00:00+00:00,962,1460,872,836,835,835.0,6.870053411798126,7.2868764117507,6.771935555839602,6.729824070489475,6.728628613084702,6.728628613084702
2025-12-01 00:00:00+00:00,890,1336,808,764,763,763.0,6.792344427470809,7.198183577101943,6.695798917058491,6.639875833826536,6.638567789166521,6.638567789166521
2025-12-02 00:00:00+00:00,888,1350,815,775,779,779.0,6.790097235513905,7.208600337960199,6.704414354964107,6.654152520183219,6.659293919683638,6.659293919683638
2025-12-03 00:00:00+00:00,942,1386,839,804,804,804.0,6.849066282633458,7.234898420314831,6.733401891837359,6.690842277418564,6.690842277418564,6.690842277418564
2025-12-04 00:00:00+00:00,952,1413,848,810,808,808.0,6.859614903654202,7.254177846456518,6.744059186311348,6.698268054115413,6.695798917058491,6.695798917058491
2025-12-05 00:00:00+00:00,981,1440,869,827,830,830.0,6.889591308354466,7.273092595999522,6.76849321164863,6.71901315438526,6.7226297948554485,6.7226297948554485
2025-12-06 00:00:00+00:00,992,1520,909,874,871,871.0,6.900730664045173,7.327123292259293,6.813444599510896,6.774223886357614,6.77078942390898,6.77078942390898
2025-12-07 00:00:00+00:00,914,1366,823,788,790,790.0,6.818924065275521,7.220373836723949,6.714170529909472,6.670766320845874,6.673297967767654,6.673297967767654
2025-12-08 00:00:00+00:00,977,1474,876,834,834,834.0,6.885509670034818,7.29641326877392,6.776506992372183,6.727431724850855,6.727431724850855,6.727431724850855
2025-12-09 00:00:00+00:00,1070,1606,971,941,937,937.0,6.976348070447749,7.382124365737512,6.879355804460439,6.848005274576363,6.843749949006225,6.843749949006225
2025-12-10 00:00:00+00:00,1014,1519,930,893,895,895.0,6.922643891475888,7.326465613840322,6.836259277277067,6.795705775173514,6.79794041297493,6.79794041297493
2025-12-11 00:00:00+00:00,976,1450,872,827,829,829.0,6.884486652042782,7.280008252884188,6.771935555839602,6.71901315438526,6.721425700790643,6.721425700790643
2025-12-12 00:00:00+00:00,5565,8673,5443,5403,5428,5428.0,8.624431942085836,9.068085324395312,8.602269363771356,8.59489469908009,8.599510233905452,8.599510233905452
2025-12-13 00:00:00+00:00,1221,1869,1155,1128,1108,1108.0,7.108244139731541,7.533693709848633,7.052721049232323,7.029087564149662,7.011213987350367,7.011213987350367
2025-12-14 00:00:00+00:00,1291,1993,1183,1148,1142,1142.0,7.163946684342547,7.597897950521784,7.076653815443951,7.046647277848756,7.04141166379481,7.04141166379481
2025-12-15 00:00:00+00:00,1187,1803,1093,1055,1056,1056.0,7.080026499922591,7.4977617006225685,6.9975959829819265,6.962243464266207,6.963189985870238,6.963189985870238
2025-12-16 00:00:00+00:00,1227,1824,1128,1080,1083,1083.0,7.113142108707088,7.509335266016592,7.029087564149662,6.985641817639208,6.988413181999592,6.988413181999592
2025-12-17 00:00:00+00:00,1295,2002,1186,1148,1150,1150.0,7.16703787691222,7.602401335665818,7.079184394609668,7.046647277848756,7.048386408721883,7.048386408721883
2025-12-18 00:00:00+00:00,1291,2020,1190,1151,1149,1149.0,7.163946684342547,7.611347717403621,7.0825485693553,7.049254841255837,7.047517221357296,7.047517221357296
2025-12-19 00:00:00+00:00,1377,2104,1285,1247,1247,1247.0,7.228388451573604,7.652070746116482,7.1592919047975645,7.129297548929373,7.129297548929373,7.129297548929373
2025-12-20 00:00:00+00:00,1335,2037,1234,1185,1189,1189.0,7.197435354096591,7.61972421378267,7.118826249062078,7.078341579557671,7.081708586105575,7.081708586105575
2025-12-21 00:00:00+00:00,1358,2106,1256,1193,1185,1185.0,7.214504414151143,7.653020413804189,7.136483208590247,7.085064293952548,7.078341579557671,7.078341579557671
2025-12-22 00:00:00+00:00,1365,2117,1268,1226,1228,1228.0,7.2196420401307355,7.658227526161352,7.1459844677143876,7.112327444710911,7.113956109566034,7.113956109566034
2025-12-23 00:00:00+00:00,1344,2054,1255,1226,1224,1224.0,7.20414929203594,7.628031126930335,7.135687347028144,7.112327444710911,7.110696122978827,7.110696122978827
2025-12-24 00:00:00+00:00,1413,2139,1316,1258,1258,1258.0,7.254177846456518,7.668561108015897,7.183111701743281,7.138073034044347,7.138073034044347,7.138073034044347
2025-12-25 00:00:00+00:00,1426,2200,1322,1285,1284,1284.0,7.2633296174768365,7.696667081526462,7.187657164114956,7.1592919047975645,7.158513997329321,7.158513997329321
2025-12-26 00:00:00+00:00,1453,2266,1351,1303,1308,1308.0,7.282073658093465,7.726212650507529,7.20934025660291,7.1731917424865985,7.1770187659099,7.1770187659099
2025-12-27 00:00:00+00:00,1457,2217,1365,1333,1335,1335.0,7.284820912568604,7.704361167910313,7.2196420401307355,7.195937226475569,7.197435354096591,7.197435354096591
2025-12-28 00:00:00+00:00,1534,2393,1433,1389,1390,1390.0,7.336285660021297,7.780720886117918,7.2682230211595655,7.237059026124737,7.237778191923443,7.237778191923443
2025-12-29 00:00:00+00:00,1583,2439,1501,1464,1459,1459.0,7.367708572374371,7.799753318287247,7.31455283232408,7.289610521451167,7.286191714702382,7.286191714702382
2025-12-30 00:00:00+00:00,1705,2614,1591,1549,1551,1551.0,7.441906728051625,7.869019376499023,7.3727463664043285,7.346010209913293,7.347299700743164,7.347299700743164
2025-12-31 00:00:00+00:00,1842,2810,1742,1693,1696,1696.0,7.519149957669823,7.941295570906532,7.463363045520021,7.434847875211999,7.436617265234227,7.436617265234227
